id|data_inversa|dia_semana|horario|uf|br|municipio|causa_acidente|tipo_acidente|classificacao_acidente|fase_dia|condicao_metereologica|pessoas|mortos|feridos_leves|feridos_graves
260545|2020-01-03|sexta-feira|04:00:00|BA|330.0|IBIRAPITANGA|Falta de Atenção à Condução|Saída de leito carroçável|Com Vítimas Fatais|Amanhecer|Céu Claro|3|1|0|1
260547|2020-01-03|sexta-feira|11:00:00|PE|101.0|JABOATAO DOS GUARARAPES|Velocidade Incompatível|Colisão lateral|Com Vítimas Feridas|Pleno dia|Céu Claro|2|0|0|1
260548|2020-01-03|sexta-feira|06:30:00|MG|365.0|JEQUITAI|Velocidade Incompatível|Colisão frontal|Com Vítimas Feridas|Pleno dia|Chuva|10|0|1|3
260550|2020-01-03|sexta-feira|10:40:00|SC|282.0|PONTE SERRADA|Falta de Atenção à Condução|Colisão transversal|Com Vítimas Feridas|Pleno dia|Céu Claro|3|0|2|0
260551|2020-01-03|sexta-feira|11:00:00|SC|470.0|BLUMENAU|Falta de Atenção à Condução|Colisão lateral|Com Vítimas Feridas|Pleno dia|Céu Claro|2|0|1|0
260552|2020-01-03|sexta-feira|11:15:00|RN|101.0|PARNAMIRIM|Avarias e/ou desgaste excessivo no pneu|Queda de ocupante de veículo|Com Vítimas Feridas|Pleno dia|Céu Claro|1|0|0|1
260554|2020-01-03|sexta-feira|07:25:00|MG|251.0|FRANCISCO SA|Velocidade Incompatível|Colisão com objeto estático|Com Vítimas Feridas|Pleno dia|Chuva|5|0|5|0
260556|2020-01-03|sexta-feira|11:00:00|SC|163.0|SAO MIGUEL DO OESTE|Desobediência às normas de trânsito pelo condutor|Colisão transversal|Com Vítimas Feridas|Pleno dia|Céu Claro|6|0|1|0
260557|2020-01-03|sexta-feira|10:50:00|SC|101.0|JOINVILLE|Não guardar distância de segurança|Engavetamento|Com Vítimas Feridas|Pleno dia|Nublado|4|0|2|0
260558|2020-01-03|sexta-feira|11:00:00|RJ|116.0|MAGE|Defeito Mecânico no Veículo|Derramamento de carga|Sem Vítimas|Pleno dia|Céu Claro|1|0|0|0
260559|2020-01-03|sexta-feira|10:30:00|PR|376.0|GUARATUBA|Não guardar distância de segurança|Colisão traseira|Com Vítimas Feridas|Pleno dia|Garoa/Chuvisco|5|0|1|0
260561|2020-01-03|sexta-feira|08:10:00|SC|116.0|MONTE CASTELO|Falta de Atenção à Condução|Tombamento|Com Vítimas Feridas|Pleno dia|Céu Claro|1|0|0|1
260562|2020-01-03|sexta-feira|12:00:00|SP|116.0|QUELUZ|Pista Escorregadia|Colisão frontal|Com Vítimas Feridas|Pleno dia|Chuva|3|0|2|0
260563|2020-01-03|sexta-feira|12:30:00|SC|101.0|ITAJAI|Falta de Atenção à Condução|Colisão lateral|Com Vítimas Feridas|Pleno dia|Céu Claro|3|0|2|0
260564|2020-01-03|sexta-feira|12:20:00|MG|381.0|OLIVEIRA|Velocidade Incompatível|Saída de leito carroçável|Com Vítimas Feridas|Pleno dia|Chuva|2|0|1|0
260565|2020-01-03|sexta-feira|12:10:00|ES|101.0|JOAO NEIVA|Falta de Atenção à Condução|Colisão transversal|Sem Vítimas|Pleno dia|Nublado|2|0|0|0
260567|2020-01-03|sexta-feira|11:05:00|SC|280.0|ARAQUARI|Não guardar distância de segurança|Colisão traseira|Com Vítimas Feridas|Pleno dia|Céu Claro|2|0|1|0
260568|2020-01-03|sexta-feira|12:15:00|SP|459.0|PIQUETE|Falta de Atenção à Condução|Colisão lateral|Com Vítimas Feridas|Pleno dia|Chuva|2|0|1|0
260569|2020-01-03|sexta-feira|11:55:00|MG|40.0|CONGONHAS|Falta de Atenção do Pedestre|Atropelamento de Pedestre|Com Vítimas Feridas|Pleno dia|Céu Claro|3|0|1|0
260570|2020-01-03|sexta-feira|12:50:00|MG|40.0|CONSELHEIRO LAFAIETE|Falta de Atenção à Condução|Colisão transversal|Com Vítimas Feridas|Pleno dia|Chuva|4|0|1|0
260571|2020-01-03|sexta-feira|10:45:00|CE|20.0|BOA VIAGEM|Defeito Mecânico no Veículo|Capotamento|Com Vítimas Feridas|Pleno dia|Céu Claro|3|0|2|0
260572|2020-01-03|sexta-feira|13:00:00|SE|235.0|NOSSA SENHORA DO SOCORRO|Falta de Atenção à Condução|Queda de ocupante de veículo|Com Vítimas Feridas|Pleno dia|Sol|2|0|2|0
260574|2020-01-03|sexta-feira|06:50:00|BA|101.0|ITAPEBI|Velocidade Incompatível|Colisão com objeto estático|Com Vítimas Feridas|Pleno dia|Céu Claro|2|0|2|0
260575|2020-01-03|sexta-feira|13:20:00|MG|50.0|UBERABA|Falta de Atenção à Condução|Colisão lateral|Com Vítimas Feridas|Pleno dia|Nublado|3|0|1|1
260576|2020-01-03|sexta-feira|13:20:00|MG|50.0|UBERABA|Falta de Atenção à Condução|Saída de leito carroçável|Com Vítimas Feridas|Pleno dia|Nublado|1|0|0|1
260577|2020-01-03|sexta-feira|12:30:00|RJ|356.0|ITAPERUNA|Falta de Atenção à Condução|Capotamento|Sem Vítimas|Pleno dia|Céu Claro|1|0|0|0
260578|2020-01-03|sexta-feira|12:54:00|GO|50.0|CATALAO|Falta de Atenção à Condução|Colisão traseira|Com Vítimas Feridas|Pleno dia|Céu Claro|4|0|1|0
260579|2020-01-03|sexta-feira|13:20:00|SP|101.0|UBATUBA|Desobediência às normas de trânsito pelo condutor|Colisão transversal|Com Vítimas Feridas|Pleno dia|Céu Claro|2|0|1|0
260581|2020-01-03|sexta-feira|13:30:00|RS|392.0|SANTA MARIA|Falta de Atenção à Condução|Colisão lateral|Com Vítimas Feridas|Pleno dia|Céu Claro|8|0|1|1
260582|2020-01-03|sexta-feira|12:30:00|SP|153.0|JACI|Defeito Mecânico no Veículo|Colisão com objeto em movimento|Com Vítimas Feridas|Pleno dia|Nublado|3|0|1|0
260583|2020-01-03|sexta-feira|11:45:00|MG|40.0|JUIZ DE FORA|Falta de Atenção à Condução|Colisão lateral|Com Vítimas Feridas|Pleno dia|Céu Claro|4|0|1|1
260584|2020-01-03|sexta-feira|13:10:00|MG|251.0|FRANCISCO SA|Pista Escorregadia|Saída de leito carroçável|Com Vítimas Feridas|Pleno dia|Chuva|2|0|1|1
260587|2020-01-03|sexta-feira|13:30:00|MG|251.0|FRANCISCO SA|Pista Escorregadia|Colisão com objeto estático|Com Vítimas Feridas|Pleno dia|Chuva|3|0|2|0
260588|2020-01-03|sexta-feira|13:55:00|RS|116.0|SAO LEOPOLDO|Desobediência às normas de trânsito pelo condutor|Saída de leito carroçável|Com Vítimas Fatais|Pleno dia|Chuva|2|1|0|0
260589|2020-01-03|sexta-feira|14:00:00|PE|101.0|IGARASSU|Ingestão de Álcool|Colisão traseira|Com Vítimas Feridas|Pleno dia|Céu Claro|3|0|1|0
260590|2020-01-03|sexta-feira|14:00:00|MG|116.0|MURIAE|Falta de Atenção à Condução|Queda de ocupante de veículo|Com Vítimas Feridas|Pleno dia|Nublado|2|0|1|0
260591|2020-01-03|sexta-feira|14:00:00|SC|101.0|BALNEARIO PICARRAS|Defeito Mecânico no Veículo|Queda de ocupante de veículo|Com Vítimas Feridas|Pleno dia|Sol|2|0|1|0
260592|2020-01-03|sexta-feira|14:20:00|MG|116.0|MURIAE|Avarias e/ou desgaste excessivo no pneu|Colisão frontal|Com Vítimas Feridas|Pleno dia|Chuva|6|0|1|2
260598|2020-01-03|sexta-feira|06:30:00|BA|116.0|MANOEL VITORINO|Velocidade Incompatível|Atropelamento de Pedestre|Com Vítimas Fatais|Pleno dia|Chuva|9|1|4|0
260599|2020-01-03|sexta-feira|14:30:00|ES|101.0|SERRA|Falta de Atenção à Condução|Colisão traseira|Com Vítimas Feridas|Pleno dia|Nublado|2|0|1|0
260600|2020-01-03|sexta-feira|08:15:00|BA|116.0|JEQUIE|Velocidade Incompatível|Colisão transversal|Com Vítimas Feridas|Pleno dia|Chuva|4|0|1|2
260603|2020-01-03|sexta-feira|14:40:00|MG|381.0|BELA VISTA DE MINAS|Velocidade Incompatível|Colisão transversal|Com Vítimas Feridas|Pleno dia|Chuva|8|0|1|7
260604|2020-01-03|sexta-feira|14:50:00|RN|101.0|NATAL|Falta de Atenção à Condução|Colisão lateral|Com Vítimas Feridas|Pleno dia|Céu Claro|2|0|1|0
260605|2020-01-03|sexta-feira|11:00:00|MG|116.0|CARATINGA|Falta de Atenção à Condução|Atropelamento de Pedestre|Com Vítimas Feridas|Pleno dia|Céu Claro|2|0|0|1
260606|2020-01-03|sexta-feira|13:20:00|BA|367.0|EUNAPOLIS|Falta de Atenção à Condução|Colisão traseira|Com Vítimas Feridas|Pleno dia|Nublado|2|0|1|0
260610|2020-01-03|sexta-feira|14:50:00|ES|101.0|IBIRACU|Falta de Atenção à Condução|Capotamento|Com Vítimas Feridas|Pleno dia|Nublado|4|0|3|0
260612|2020-01-03|sexta-feira|15:10:00|RJ|116.0|BARRA MANSA|Velocidade Incompatível|Colisão traseira|Com Vítimas Feridas|Pleno dia|Garoa/Chuvisco|6|0|1|2
260614|2020-01-03|sexta-feira|11:00:00|MG|381.0|SAO GONCALO DO RIO ABAIXO|Condutor Dormindo|Colisão traseira|Com Vítimas Feridas|Pleno dia|Chuva|5|0|1|0
260615|2020-01-03|sexta-feira|15:17:00|SC|101.0|BIGUACU|Falta de Atenção à Condução|Engavetamento|Com Vítimas Feridas|Pleno dia|Nublado|4|0|1|0
260616|2020-01-03|sexta-feira|13:40:00|MT|163.0|NOVA MUTUM|Defeito na Via|Tombamento|Com Vítimas Feridas|Pleno dia|Garoa/Chuvisco|1|0|1|0
260617|2020-01-03|sexta-feira|15:10:00|BA|324.0|SIMOES FILHO|Pista Escorregadia|Queda de ocupante de veículo|Com Vítimas Feridas|Pleno dia|Chuva|1|0|1|0
260618|2020-01-03|sexta-feira|15:50:00|PE|428.0|PETROLINA|Desobediência às normas de trânsito pelo condutor|Colisão transversal|Com Vítimas Feridas|Pleno dia|Céu Claro|3|0|2|0
260619|2020-01-03|sexta-feira|15:25:00|MG|40.0|CARANDAI|Pista Escorregadia|Colisão com objeto estático|Com Vítimas Feridas|Pleno dia|Chuva|1|0|1|0
260620|2020-01-03|sexta-feira|14:30:00|SC|280.0|MAFRA|Desobediência às normas de trânsito pelo condutor|Colisão lateral|Com Vítimas Feridas|Pleno dia|Céu Claro|2|0|1|0
260621|2020-01-03|sexta-feira|15:10:00|SP|153.0|SAO JOSE DO RIO PRETO|Desobediência às normas de trânsito pelo condutor|Colisão traseira|Com Vítimas Feridas|Pleno dia|Nublado|3|0|0|1
260622|2020-01-03|sexta-feira|13:20:00|PR|163.0|LINDOESTE|Defeito Mecânico no Veículo|Saída de leito carroçável|Com Vítimas Feridas|Pleno dia|Nublado|1|0|1|0
260623|2020-01-03|sexta-feira|13:20:00|MS|163.0|DOURADOS|Defeito Mecânico no Veículo|Tombamento|Com Vítimas Feridas|Pleno dia|Céu Claro|2|0|2|0
260624|2020-01-03|sexta-feira|15:30:00|SC|101.0|PALHOCA|Fenômenos da Natureza|Queda de ocupante de veículo|Com Vítimas Feridas|Pleno dia|Céu Claro|1|0|1|0
260627|2020-01-03|sexta-feira|15:25:00|PR|376.0|ORTIGUEIRA|Pista Escorregadia|Colisão lateral|Com Vítimas Feridas|Pleno dia|Chuva|3|0|0|2
260628|2020-01-03|sexta-feira|16:10:00|SC|101.0|SAO JOSE|Falta de Atenção à Condução|Colisão traseira|Com Vítimas Feridas|Pleno dia|Céu Claro|2|0|0|1
260629|2020-01-03|sexta-feira|16:00:00|ES|101.0|JOAO NEIVA|Pista Escorregadia|Queda de ocupante de veículo|Com Vítimas Feridas|Pleno dia|Nublado|2|0|2|0
260631|2020-01-03|sexta-feira|14:00:00|MG|251.0|FRANCISCO SA|Não guardar distância de segurança|Colisão traseira|Com Vítimas Feridas|Pleno dia|Chuva|3|0|2|0
260632|2020-01-03|sexta-feira|16:30:00|SP|381.0|ATIBAIA|Velocidade Incompatível|Tombamento|Com Vítimas Feridas|Pleno dia|Céu Claro|1|0|1|0
260633|2020-01-03|sexta-feira|12:50:00|PR|153.0|SANTO ANTONIO DA PLATINA|Mal Súbito|Colisão frontal|Com Vítimas Fatais|Pleno dia|Céu Claro|10|5|1|0
260634|2020-01-03|sexta-feira|16:35:00|MG|381.0|BRUMADINHO|Velocidade Incompatível|Colisão traseira|Com Vítimas Feridas|Pleno dia|Nublado|5|0|1|0
260635|2020-01-03|sexta-feira|16:40:00|GO|153.0|GOIANIA|Falta de Atenção à Condução|Colisão traseira|Com Vítimas Feridas|Pleno dia|Céu Claro|2|0|1|0
260636|2020-01-03|sexta-feira|17:10:00|MG|381.0|BELA VISTA DE MINAS|Velocidade Incompatível|Colisão frontal|Com Vítimas Feridas|Pleno dia|Garoa/Chuvisco|5|0|5|0
260637|2020-01-03|sexta-feira|13:00:00|BA|101.0|ARATACA|Velocidade Incompatível|Saída de leito carroçável|Com Vítimas Feridas|Pleno dia|Nublado|3|0|3|0
260639|2020-01-03|sexta-feira|14:30:00|MS|163.0|CAMPO GRANDE|Falta de Atenção à Condução|Colisão frontal|Com Vítimas Feridas|Pleno dia|Céu Claro|3|0|0|1
260640|2020-01-03|sexta-feira|17:15:00|SP|116.0|JUQUITIBA|Velocidade Incompatível|Colisão traseira|Com Vítimas Feridas|Pleno dia|Chuva|5|0|2|0
260641|2020-01-03|sexta-feira|16:00:00|BA|135.0|FORMOSA DO RIO PRETO|Falta de Atenção à Condução|Colisão frontal|Com Vítimas Feridas|Pleno dia|Céu Claro|4|0|4|0
260642|2020-01-03|sexta-feira|14:30:00|PI|135.0|BERTOLINIA|Falta de Atenção à Condução|Colisão lateral|Com Vítimas Feridas|Pleno dia|Nublado|5|0|2|0
260644|2020-01-03|sexta-feira|11:15:00|RJ|40.0|AREAL|Velocidade Incompatível|Colisão com objeto estático|Com Vítimas Feridas|Pleno dia|Céu Claro|2|0|1|0
260646|2020-01-03|sexta-feira|16:40:00|MG|40.0|RIBEIRAO DAS NEVES|Velocidade Incompatível|Saída de leito carroçável|Com Vítimas Feridas|Pleno dia|Céu Claro|2|0|0|2
260647|2020-01-03|sexta-feira|17:40:00|GO|153.0|GOIANIA|Avarias e/ou desgaste excessivo no pneu|Queda de ocupante de veículo|Com Vítimas Feridas|Pleno dia|Nublado|2|0|0|2
260648|2020-01-03|sexta-feira|16:10:00|MG|116.0|LEOPOLDINA|Falta de Atenção à Condução|Colisão transversal|Com Vítimas Feridas|Pleno dia|Nublado|3|0|1|1
260649|2020-01-03|sexta-feira|16:30:00|SP|116.0|APARECIDA|Pista Escorregadia|Tombamento|Com Vítimas Feridas|Pleno dia|Chuva|2|0|2|0
260650|2020-01-03|sexta-feira|18:00:00|GO|50.0|CAMPO ALEGRE DE GOIAS|Ingestão de Álcool|Saída de leito carroçável|Com Vítimas Feridas|Pleno dia|Céu Claro|1|0|1|0
260651|2020-01-03|sexta-feira|18:00:00|PR|277.0|MATELANDIA|Falta de Atenção à Condução|Colisão com objeto estático|Com Vítimas Feridas|Pleno dia|Céu Claro|1|0|1|0
260652|2020-01-03|sexta-feira|17:30:00|BA|101.0|RIO REAL|Velocidade Incompatível|Colisão frontal|Com Vítimas Fatais|Anoitecer|Nublado|3|1|0|1
260653|2020-01-03|sexta-feira|17:00:00|SC|101.0|PENHA|Defeito Mecânico no Veículo|Tombamento|Com Vítimas Feridas|Pleno dia|Céu Claro|2|0|2|0
260655|2020-01-03|sexta-feira|18:20:00|PR|369.0|IBIPORA|Ingestão de Álcool|Engavetamento|Com Vítimas Feridas|Anoitecer|Chuva|3|0|1|0
260656|2020-01-03|sexta-feira|18:15:00|SC|101.0|SAO JOSE|Desobediência às normas de trânsito pelo condutor|Colisão traseira|Com Vítimas Feridas|Pleno dia|Chuva|2|0|1|0
260657|2020-01-03|sexta-feira|18:30:00|SC|101.0|ITAJAI|Falta de Atenção à Condução|Colisão traseira|Com Vítimas Feridas|Anoitecer|Nublado|3|0|1|1
260658|2020-01-03|sexta-feira|17:00:00|MT|163.0|VARZEA GRANDE|Falta de Atenção à Condução|Colisão com objeto estático|Com Vítimas Feridas|Pleno dia|Nublado|1|0|1|0
260659|2020-01-03|sexta-feira|18:10:00|SC|101.0|ITAJAI|Falta de Atenção à Condução|Colisão lateral|Com Vítimas Feridas|Pleno dia|Céu Claro|2|0|1|0
260661|2020-01-03|sexta-feira|17:00:00|MG|40.0|CONSELHEIRO LAFAIETE|Defeito Mecânico no Veículo|Saída de leito carroçável|Com Vítimas Feridas|Pleno dia|Chuva|2|0|1|1
260662|2020-01-03|sexta-feira|14:00:00|PI|316.0|DOM EXPEDITO LOPES|Objeto estático sobre o leito carroçável|Saída de leito carroçável|Com Vítimas Feridas|Pleno dia|Céu Claro|3|0|1|0
260663|2020-01-03|sexta-feira|19:00:00|MG|381.0|BETIM|Velocidade Incompatível|Colisão com objeto estático|Com Vítimas Feridas|Pleno dia|Céu Claro|1|0|0|1
260665|2020-01-03|sexta-feira|19:20:00|PE|101.0|GOIANA|Falta de Atenção do Pedestre|Capotamento|Sem Vítimas|Plena Noite|Céu Claro|1|0|0|0
260666|2020-01-03|sexta-feira|15:30:00|MT|163.0|NOVA MUTUM|Ultrapassagem Indevida|Saída de leito carroçável|Com Vítimas Feridas|Pleno dia|Chuva|3|0|1|0
260667|2020-01-03|sexta-feira|19:50:00|PR|376.0|ALTO PARANA|Falta de Atenção à Condução|Colisão com objeto estático|Com Vítimas Feridas|Plena Noite|Chuva|4|0|0|1
260668|2020-01-03|sexta-feira|18:30:00|AL|316.0|MARIBONDO|Falta de Atenção à Condução|Saída de leito carroçável|Com Vítimas Feridas|Plena Noite|Céu Claro|2|0|2|0
260669|2020-01-03|sexta-feira|19:45:00|SC|282.0|PALHOCA|Falta de Atenção à Condução|Colisão transversal|Com Vítimas Feridas|Plena Noite|Chuva|3|0|1|0
260670|2020-01-03|sexta-feira|12:00:00|RJ|116.0|SAPUCAIA|Defeito Mecânico no Veículo|Colisão transversal|Com Vítimas Feridas|Pleno dia|Chuva|3|0|1|0
260672|2020-01-03|sexta-feira|18:35:00|RO|174.0|VILHENA|Restrição de Visibilidade|Colisão transversal|Com Vítimas Feridas|Anoitecer|Chuva|2|0|1|0
260673|2020-01-03|sexta-feira|18:20:00|RN|304.0|MACAIBA|Defeito na Via|Queda de ocupante de veículo|Com Vítimas Feridas|Plena Noite|Céu Claro|1|0|1|0
260674|2020-01-03|sexta-feira|20:00:00|PR|476.0|CURITIBA|Defeito Mecânico no Veículo|Queda de ocupante de veículo|Com Vítimas Feridas|Plena Noite|Nublado|2|0|2|0
260675|2020-01-03|sexta-feira|18:30:00|SC|101.0|TUBARAO|Falta de Atenção à Condução|Engavetamento|Com Vítimas Feridas|Anoitecer|Chuva|10|0|7|0
260677|2020-01-03|sexta-feira|20:25:00|PR|376.0|APUCARANA|Desobediência às normas de trânsito pelo pedestre|Atropelamento de Pedestre|Com Vítimas Fatais|Plena Noite|Chuva|7|1|0|0
260678|2020-01-03|sexta-feira|18:15:00|CE|222.0|TIANGUA|Falta de Atenção à Condução|Colisão transversal|Com Vítimas Feridas|Plena Noite|Chuva|2|0|1|0
260679|2020-01-03|sexta-feira|19:20:00|ES|482.0|GUACUI|Velocidade Incompatível|Colisão transversal|Com Vítimas Feridas|Plena Noite|Chuva|2|0|1|0
260680|2020-01-03|sexta-feira|18:00:00|MG|381.0|PERDOES|Velocidade Incompatível|Saída de leito carroçável|Com Vítimas Feridas|Anoitecer|Chuva|4|0|2|0
260681|2020-01-03|sexta-feira|19:54:00|RO|319.0|PORTO VELHO|Desobediência às normas de trânsito pelo condutor|Colisão transversal|Com Vítimas Feridas|Plena Noite|Nublado|2|0|2|0
260682|2020-01-03|sexta-feira|19:25:00|SC|101.0|PALHOCA|Velocidade Incompatível|Colisão com objeto estático|Com Vítimas Feridas|Plena Noite|Chuva|1|0|1|0
260683|2020-01-03|sexta-feira|21:20:00|BA|235.0|JUAZEIRO|Animais na Pista|Atropelamento de Animal|Com Vítimas Feridas|Plena Noite|Céu Claro|1|0|0|1
260684|2020-01-03|sexta-feira|20:30:00|MA|316.0|CAXIAS|Falta de Atenção à Condução|Colisão transversal|Com Vítimas Feridas|Plena Noite|Chuva|3|0|1|1
260685|2020-01-03|sexta-feira|21:25:00|PI|316.0|TERESINA|Animais na Pista|Atropelamento de Animal|Com Vítimas Feridas|Plena Noite|Céu Claro|1|0|1|0
260686|2020-01-03|sexta-feira|20:50:00|RJ|101.0|CAMPOS DOS GOYTACAZES|Velocidade Incompatível|Saída de leito carroçável|Sem Vítimas|Plena Noite|Chuva|2|0|0|0
260687|2020-01-03|sexta-feira|21:30:00|SP|101.0|UBATUBA|Ingestão de Álcool|Colisão frontal|Com Vítimas Feridas|Plena Noite|Céu Claro|4|0|0|1
260688|2020-01-03|sexta-feira|21:40:00|RN|101.0|SAO GONCALO DO AMARANTE|Falta de Atenção à Condução|Atropelamento de Pedestre|Com Vítimas Feridas|Plena Noite|Céu Claro|2|0|1|0
260689|2020-01-03|sexta-feira|22:10:00|PR|277.0|CURITIBA|Falta de Atenção à Condução|Atropelamento de Animal|Com Vítimas Feridas|Plena Noite|Nublado|1|0|1|0
260690|2020-01-03|sexta-feira|17:15:00|RJ|40.0|COMENDADOR LEVY GASPARIAN|Pista Escorregadia|Saída de leito carroçável|Com Vítimas Feridas|Plena Noite|Garoa/Chuvisco|4|0|3|0
260691|2020-01-02|quinta-feira|22:00:00|BA|235.0|JEREMOABO|Velocidade Incompatível|Saída de leito carroçável|Sem Vítimas|Plena Noite|Céu Claro|2|0|0|0
260692|2020-01-03|sexta-feira|20:00:00|MT|364.0|JUSCIMEIRA|Falta de Atenção à Condução|Colisão transversal|Com Vítimas Feridas|Plena Noite|Céu Claro|2|0|1|0
260693|2020-01-03|sexta-feira|21:30:00|GO|50.0|CATALAO|Falta de Atenção à Condução|Colisão transversal|Com Vítimas Feridas|Plena Noite|Céu Claro|2|0|1|0
260694|2020-01-03|sexta-feira|20:00:00|BA|242.0|OLIVEIRA DOS BREJINHOS|Falta de Atenção à Condução|Colisão com objeto em movimento|Com Vítimas Feridas|Plena Noite|Nublado|3|0|1|0
260695|2020-01-03|sexta-feira|17:50:00|MG|262.0|ARAXA|Pista Escorregadia|Tombamento|Sem Vítimas|Pleno dia|Chuva|1|0|0|0
260696|2020-01-03|sexta-feira|21:25:00|MS|262.0|CAMPO GRANDE|Falta de Atenção à Condução|Atropelamento de Pedestre|Com Vítimas Fatais|Plena Noite|Céu Claro|3|1|0|0
260697|2020-01-03|sexta-feira|22:15:00|BA|420.0|JAGUAQUARA|Desobediência às normas de trânsito pelo condutor|Colisão frontal|Com Vítimas Feridas|Plena Noite|Ignorado|2|0|0|1
260698|2020-01-03|sexta-feira|22:35:00|SC|282.0|SAO JOSE|Falta de Atenção à Condução|Tombamento|Com Vítimas Feridas|Plena Noite|Nublado|2|0|1|0
260700|2020-01-03|sexta-feira|20:30:00|SP|116.0|CAJATI|Objeto estático sobre o leito carroçável|Saída de leito carroçável|Com Vítimas Feridas|Plena Noite|Chuva|2|0|1|0
260702|2020-01-03|sexta-feira|19:00:00|PE|101.0|GOIANA|Falta de Atenção à Condução|Colisão transversal|Com Vítimas Feridas|Plena Noite|Céu Claro|2|0|0|1
260703|2020-01-03|sexta-feira|21:50:00|PR|277.0|CANTAGALO|Falta de Atenção à Condução|Saída de leito carroçável|Com Vítimas Feridas|Plena Noite|Céu Claro|2|0|1|0
260705|2020-01-04|sábado|00:20:00|SE|101.0|MURIBECA|Falta de Atenção à Condução|Capotamento|Com Vítimas Feridas|Plena Noite|Ignorado|3|0|2|0
260706|2020-01-03|sexta-feira|22:15:00|SC|280.0|BALNEARIO BARRA DO SUL|Carga excessiva e/ou mal acondicionada|Tombamento|Com Vítimas Feridas|Plena Noite|Chuva|2|0|2|0
260707|2020-01-03|sexta-feira|18:15:00|RJ|116.0|SAPUCAIA|Falta de Atenção à Condução|Capotamento|Com Vítimas Feridas|Anoitecer|Chuva|5|0|5|0
260708|2020-01-04|sábado|01:10:00|SC|101.0|BARRA VELHA|Velocidade Incompatível|Saída de leito carroçável|Com Vítimas Feridas|Plena Noite|Chuva|2|0|2|0
260710|2020-01-04|sábado|00:10:00|RS|386.0|LAJEADO|Falta de Atenção à Condução|Saída de leito carroçável|Com Vítimas Feridas|Plena Noite|Céu Claro|1|0|1|0
260711|2020-01-03|sexta-feira|23:30:00|BA|101.0|MASCOTE|Agressão Externa|Saída de leito carroçável|Sem Vítimas|Plena Noite|Céu Claro|1|0|0|0
260712|2020-01-03|sexta-feira|21:40:00|TO|242.0|FORMOSO DO ARAGUAIA|Defeito Mecânico no Veículo|Saída de leito carroçável|Sem Vítimas|Plena Noite|Céu Claro|5|0|0|0
260713|2020-01-04|sábado|00:45:00|PR|376.0|MARINGA|Ingestão de Álcool|Saída de leito carroçável|Com Vítimas Feridas|Plena Noite|Céu Claro|2|0|1|0
260714|2020-01-04|sábado|00:45:00|SC|470.0|INDAIAL|Desobediência às normas de trânsito pelo condutor|Colisão transversal|Com Vítimas Fatais|Plena Noite|Chuva|3|1|2|0
260715|2020-01-04|sábado|02:30:00|MG|381.0|TRES CORACOES|Falta de Atenção à Condução|Saída de leito carroçável|Com Vítimas Feridas|Plena Noite|Céu Claro|3|0|2|1
260716|2020-01-04|sábado|02:40:00|RS|116.0|CAXIAS DO SUL|Velocidade Incompatível|Colisão com objeto estático|Com Vítimas Feridas|Plena Noite|Céu Claro|2|0|0|1
260717|2020-01-04|sábado|02:40:00|MG|381.0|ESTIVA|Animais na Pista|Atropelamento de Animal|Com Vítimas Feridas|Plena Noite|Nublado|5|0|3|0
260718|2020-01-04|sábado|04:15:00|GO|50.0|CAMPO ALEGRE DE GOIAS|Falta de Atenção à Condução|Saída de leito carroçável|Com Vítimas Feridas|Amanhecer|Chuva|5|0|1|0
260719|2020-01-03|sexta-feira|23:40:00|MG|262.0|BOM DESPACHO|Falta de Atenção à Condução|Tombamento|Com Vítimas Feridas|Plena Noite|Chuva|1|0|1|0
260720|2020-01-04|sábado|05:40:00|RS|472.0|URUGUAIANA|Ingestão de Álcool|Colisão lateral|Com Vítimas Fatais|Amanhecer|Céu Claro|5|1|1|1
260721|2020-01-04|sábado|05:50:00|BA|116.0|TEOFILANDIA|Ultrapassagem Indevida|Colisão frontal|Com Vítimas Feridas|Amanhecer|Nublado|2|0|1|0
260723|2020-01-04|sábado|05:10:00|PR|116.0|CURITIBA|Falta de Atenção à Condução|Capotamento|Sem Vítimas|Amanhecer|Céu Claro|1|0|0|0
260724|2020-01-04|sábado|05:25:00|PR|376.0|TIJUCAS DO SUL|Velocidade Incompatível|Saída de leito carroçável|Com Vítimas Feridas|Amanhecer|Garoa/Chuvisco|2|0|1|0
260725|2020-01-04|sábado|03:20:00|RS|116.0|PELOTAS|Animais na Pista|Atropelamento de Animal|Sem Vítimas|Plena Noite|Céu Claro|1|0|0|0
260727|2020-01-03|sexta-feira|22:00:00|RS|153.0|CACHOEIRA DO SUL|Condutor Dormindo|Capotamento|Com Vítimas Feridas|Plena Noite|Céu Claro|1|0|1|0
260728|2020-01-04|sábado|04:00:00|SP|116.0|SAO LOURENCO DA SERRA|Falta de Atenção à Condução|Colisão traseira|Com Vítimas Feridas|Plena Noite|Nublado|6|0|3|0
260729|2020-01-04|sábado|06:00:00|SC|101.0|BARRA VELHA|Defeito Mecânico no Veículo|Saída de leito carroçável|Sem Vítimas|Amanhecer|Chuva|1|0|0|0
260730|2020-01-04|sábado|06:40:00|PB|101.0|JOAO PESSOA|Falta de Atenção à Condução|Colisão transversal|Com Vítimas Feridas|Pleno dia|Céu Claro|2|0|1|1
260731|2020-01-03|sexta-feira|23:20:00|SP|116.0|TABOAO DA SERRA|Velocidade Incompatível|Capotamento|Com Vítimas Feridas|Plena Noite|Céu Claro|2|0|0|2
260732|2020-01-03|sexta-feira|18:20:00|MA|316.0|NOVA OLINDA DO MARANHAO|Falta de Atenção à Condução|Colisão traseira|Com Vítimas Feridas|Anoitecer|Garoa/Chuvisco|5|0|2|0