id|data_inversa|dia_semana|horario|uf|br|municipio|causa_acidente|tipo_acidente|classificacao_acidente|fase_dia|condicao_metereologica|pessoas|mortos|feridos_leves|feridos_graves
260733|2020-01-04|sábado|06:25:00|GO|153.0|MORRINHOS|Pista Escorregadia|Capotamento|Sem Vítimas|Amanhecer|Chuva|1|0|0|0
260734|2020-01-04|sábado|03:00:00|MG|50.0|ARAGUARI|Falta de Atenção à Condução|Colisão com objeto estático|Sem Vítimas|Plena Noite|Chuva|3|0|0|0
260735|2020-01-04|sábado|05:50:00|PI|343.0|FLORIANO|Falta de Atenção à Condução|Saída de leito carroçável|Com Vítimas Feridas|Amanhecer|Nublado|5|0|2|0
260736|2020-01-04|sábado|04:40:00|MS|163.0|PEDRO GOMES|Condutor Dormindo|Saída de leito carroçável|Com Vítimas Feridas|Amanhecer|Céu Claro|2|0|2|0
260737|2020-01-04|sábado|01:15:00|RJ|116.0|NOVA IGUACU|Falta de Atenção à Condução|Colisão com objeto estático|Sem Vítimas|Plena Noite|Nublado|1|0|0|0
260738|2020-01-04|sábado|07:20:00|SC|282.0|SAO JOSE|Falta de Atenção à Condução|Colisão com objeto estático|Com Vítimas Feridas|Pleno dia|Chuva|1|0|1|0
260739|2020-01-04|sábado|08:00:00|SC|101.0|PALHOCA|Falta de Atenção à Condução|Colisão traseira|Sem Vítimas|Pleno dia|Garoa/Chuvisco|2|0|0|0
260741|2020-01-04|sábado|06:47:00|MG|381.0|EXTREMA|Velocidade Incompatível|Colisão com objeto estático|Com Vítimas Feridas|Pleno dia|Chuva|1|0|1|0
260742|2020-01-04|sábado|05:30:00|MG|251.0|GRAO MOGOL|Não guardar distância de segurança|Colisão traseira|Com Vítimas Feridas|Amanhecer|Chuva|4|0|1|0
260743|2020-01-04|sábado|03:30:00|MG|381.0|TRES CORACOES|Falta de Atenção à Condução|Colisão traseira|Com Vítimas Feridas|Plena Noite|Chuva|50|0|0|2
260745|2020-01-04|sábado|08:10:00|RN|226.0|CAMPO REDONDO|Falta de Atenção à Condução|Colisão traseira|Com Vítimas Feridas|Pleno dia|Céu Claro|8|0|3|1
260746|2020-01-04|sábado|08:15:00|GO|60.0|ACREUNA|Pista Escorregadia|Saída de leito carroçável|Com Vítimas Feridas|Pleno dia|Chuva|2|0|2|0
260747|2020-01-04|sábado|07:15:00|MG|262.0|BETIM|Falta de Atenção à Condução|Colisão traseira|Com Vítimas Feridas|Pleno dia|Garoa/Chuvisco|2|0|1|0
260748|2020-01-04|sábado|08:00:00|SP|116.0|GUARULHOS|Defeito Mecânico no Veículo|Colisão com objeto estático|Sem Vítimas|Pleno dia|Céu Claro|1|0|0|0
260749|2020-01-04|sábado|07:00:00|RS|470.0|NOVA PRATA|Velocidade Incompatível|Colisão lateral|Com Vítimas Feridas|Pleno dia|Céu Claro|6|0|1|0
260750|2020-01-04|sábado|08:30:00|PE|232.0|CUSTODIA|Falta de Atenção do Pedestre|Atropelamento de Pedestre|Com Vítimas Feridas|Pleno dia|Sol|2|0|0|1
260752|2020-01-04|sábado|07:40:00|MT|163.0|DIAMANTINO|Pista Escorregadia|Saída de leito carroçável|Com Vítimas Feridas|Pleno dia|Chuva|1|0|0|1
260753|2020-01-04|sábado|07:30:00|PR|116.0|SAO JOSE DOS PINHAIS|Ingestão de Álcool|Saída de leito carroçável|Sem Vítimas|Pleno dia|Garoa/Chuvisco|1|0|0|0
260755|2020-01-04|sábado|08:45:00|CE|116.0|FORTALEZA|Não guardar distância de segurança|Colisão traseira|Com Vítimas Feridas|Pleno dia|Nublado|4|0|1|0
260756|2020-01-04|sábado|08:50:00|ES|262.0|MARECHAL FLORIANO|Falta de Atenção à Condução|Colisão transversal|Com Vítimas Feridas|Pleno dia|Nublado|2|0|1|0
260758|2020-01-04|sábado|07:20:00|AC|364.0|SENA MADUREIRA|Desobediência às normas de trânsito pelo condutor|Colisão transversal|Com Vítimas Fatais|Pleno dia|Céu Claro|2|1|0|0
260760|2020-01-04|sábado|08:20:00|PR|116.0|CAMPINA GRANDE DO SUL|Velocidade Incompatível|Colisão com objeto estático|Com Vítimas Feridas|Pleno dia|Chuva|2|0|1|0
260761|2020-01-04|sábado|09:50:00|ES|262.0|DOMINGOS MARTINS|Pista Escorregadia|Colisão frontal|Com Vítimas Feridas|Pleno dia|Garoa/Chuvisco|3|0|1|0
260762|2020-01-04|sábado|09:57:00|SP|101.0|UBATUBA|Falta de Atenção à Condução|Colisão traseira|Sem Vítimas|Pleno dia|Céu Claro|2|0|0|0
260763|2020-01-04|sábado|09:35:00|TO|153.0|PARAISO DO TOCANTINS|Ultrapassagem Indevida|Saída de leito carroçável|Com Vítimas Feridas|Pleno dia|Nublado|2|0|0|2
260764|2020-01-04|sábado|10:10:00|PE|101.0|ABREU E LIMA|Falta de Atenção à Condução|Colisão traseira|Com Vítimas Feridas|Pleno dia|Sol|2|0|1|0
260765|2020-01-04|sábado|10:15:00|SP|116.0|BARRA DO TURVO|Falta de Atenção à Condução|Colisão com objeto estático|Com Vítimas Feridas|Pleno dia|Chuva|2|0|2|0
260766|2020-01-04|sábado|08:40:00|SP|116.0|BARRA DO TURVO|Velocidade Incompatível|Colisão com objeto estático|Com Vítimas Feridas|Pleno dia|Nublado|4|0|2|0
260768|2020-01-04|sábado|07:50:00|RS|386.0|TIO HUGO|Desobediência às normas de trânsito pelo condutor|Colisão transversal|Com Vítimas Feridas|Pleno dia|Sol|4|0|2|0
260769|2020-01-04|sábado|10:20:00|MG|40.0|BARBACENA|Velocidade Incompatível|Colisão com objeto estático|Com Vítimas Feridas|Pleno dia|Nublado|2|0|2|0
260770|2020-01-04|sábado|08:50:00|PR|277.0|BALSA NOVA|Falta de Atenção à Condução|Colisão transversal|Com Vítimas Feridas|Pleno dia|Nublado|2|0|0|1
260771|2020-01-04|sábado|10:20:00|MG|40.0|CONTAGEM|Falta de Atenção à Condução|Colisão transversal|Com Vítimas Feridas|Pleno dia|Nublado|3|0|1|0
260772|2020-01-04|sábado|08:00:00|SC|470.0|IBIRAMA|Falta de Atenção à Condução|Saída de leito carroçável|Sem Vítimas|Pleno dia|Garoa/Chuvisco|1|0|0|0
260773|2020-01-04|sábado|09:50:00|GO|60.0|CEZARINA|Falta de Atenção à Condução|Saída de leito carroçável|Com Vítimas Feridas|Pleno dia|Chuva|1|0|1|0
260774|2020-01-04|sábado|10:00:00|MG|40.0|SANTOS DUMONT|Defeito Mecânico no Veículo|Tombamento|Com Vítimas Feridas|Pleno dia|Chuva|1|0|1|0
260775|2020-01-04|sábado|09:05:00|SC|470.0|IBIRAMA|Pista Escorregadia|Colisão transversal|Com Vítimas Feridas|Pleno dia|Garoa/Chuvisco|6|0|3|2
260776|2020-01-04|sábado|10:30:00|RS|480.0|ERECHIM|Restrição de Visibilidade|Colisão transversal|Com Vítimas Feridas|Pleno dia|Céu Claro|2|0|1|0
260777|2020-01-04|sábado|10:50:00|SC|101.0|TUBARAO|Não guardar distância de segurança|Colisão com objeto estático|Com Vítimas Feridas|Pleno dia|Nublado|1|0|1|0
260778|2020-01-04|sábado|10:50:00|MG|40.0|CARANDAI|Desobediência às normas de trânsito pelo condutor|Colisão traseira|Com Vítimas Feridas|Pleno dia|Nublado|3|0|3|0
260779|2020-01-04|sábado|11:20:00|SP|116.0|ITAPECERICA DA SERRA|Velocidade Incompatível|Saída de leito carroçável|Com Vítimas Feridas|Pleno dia|Garoa/Chuvisco|3|0|3|0
260780|2020-01-04|sábado|07:45:00|RS|392.0|MORRO REDONDO|Falta de Atenção à Condução|Saída de leito carroçável|Com Vítimas Feridas|Pleno dia|Céu Claro|2|0|1|0
260781|2020-01-04|sábado|10:20:00|ES|262.0|VENDA NOVA DO IMIGRANTE|Desobediência às normas de trânsito pelo condutor|Atropelamento de Pedestre|Com Vítimas Feridas|Pleno dia|Céu Claro|2|0|0|2
260782|2020-01-04|sábado|11:00:00|MG|365.0|PIRAPORA|Pista Escorregadia|Colisão com objeto estático|Com Vítimas Feridas|Pleno dia|Chuva|2|0|1|0
260783|2020-01-04|sábado|11:34:00|ES|101.0|LINHARES|Falta de Atenção à Condução|Colisão traseira|Com Vítimas Feridas|Pleno dia|Céu Claro|2|0|1|0
260784|2020-01-04|sábado|11:30:00|MG|153.0|CENTRALINA|Falta de Atenção à Condução|Capotamento|Com Vítimas Feridas|Pleno dia|Nublado|1|0|1|0
260785|2020-01-04|sábado|10:00:00|BA|242.0|ITABERABA|Pista Escorregadia|Colisão lateral|Com Vítimas Feridas|Pleno dia|Chuva|6|0|3|2
260786|2020-01-04|sábado|12:40:00|SC|101.0|SAO JOSE|Desobediência às normas de trânsito pelo condutor|Engavetamento|Com Vítimas Feridas|Pleno dia|Chuva|4|0|1|0
260788|2020-01-04|sábado|10:20:00|SP|116.0|CAJATI|Pista Escorregadia|Colisão com objeto estático|Com Vítimas Feridas|Pleno dia|Chuva|2|0|1|0
260789|2020-01-04|sábado|11:15:00|MT|163.0|JANGADA|Falta de Atenção à Condução|Colisão transversal|Com Vítimas Feridas|Pleno dia|Céu Claro|3|0|0|1
260790|2020-01-04|sábado|12:30:00|MG|116.0|MURIAE|Avarias e/ou desgaste excessivo no pneu|Colisão frontal|Com Vítimas Fatais|Pleno dia|Chuva|5|1|1|3
260791|2020-01-04|sábado|12:20:00|PE|101.0|ABREU E LIMA|Desobediência às normas de trânsito pelo condutor|Colisão lateral|Com Vítimas Feridas|Pleno dia|Sol|2|0|1|0
260792|2020-01-04|sábado|10:40:00|SP|116.0|JUQUITIBA|Falta de Atenção à Condução|Saída de leito carroçável|Com Vítimas Feridas|Pleno dia|Garoa/Chuvisco|3|0|1|0
260793|2020-01-04|sábado|12:45:00|SP|101.0|UBATUBA|Falta de Atenção à Condução|Colisão transversal|Com Vítimas Feridas|Pleno dia|Nublado|2|0|2|0
260795|2020-01-04|sábado|13:05:00|PR|376.0|MARINGA|Desobediência às normas de trânsito pelo condutor|Colisão transversal|Sem Vítimas|Pleno dia|Céu Claro|2|0|0|0
260796|2020-01-04|sábado|10:00:00|SC|282.0|LAGES|Ultrapassagem Indevida|Colisão frontal|Com Vítimas Feridas|Pleno dia|Céu Claro|4|0|2|1
260797|2020-01-04|sábado|12:30:00|MG|365.0|MONTES CLAROS|Pista Escorregadia|Colisão traseira|Com Vítimas Feridas|Pleno dia|Chuva|1|0|1|0
260798|2020-01-04|sábado|12:40:00|MG|381.0|EXTREMA|Velocidade Incompatível|Saída de leito carroçável|Com Vítimas Feridas|Pleno dia|Chuva|1|0|1|0
260799|2020-01-04|sábado|10:40:00|MA|222.0|ACAILANDIA|Ultrapassagem Indevida|Colisão frontal|Com Vítimas Feridas|Pleno dia|Chuva|3|0|1|1
260800|2020-01-04|sábado|12:00:00|PB|230.0|CABEDELO|Condutor Dormindo|Colisão transversal|Com Vítimas Feridas|Pleno dia|Sol|1|0|1|0
260801|2020-01-04|sábado|08:30:00|PE|101.0|JABOATAO DOS GUARARAPES|Mal Súbito|Saída de leito carroçável|Com Vítimas Feridas|Pleno dia|Céu Claro|2|0|2|0
260802|2020-01-04|sábado|11:30:00|MG|262.0|BETIM|Velocidade Incompatível|Saída de leito carroçável|Sem Vítimas|Pleno dia|Céu Claro|1|0|0|0
260803|2020-01-04|sábado|13:30:00|RS|116.0|SAO LEOPOLDO|Desobediência às normas de trânsito pelo condutor|Colisão transversal|Com Vítimas Feridas|Pleno dia|Céu Claro|2|0|1|0
260804|2020-01-04|sábado|12:50:00|GO|80.0|SANTA RITA DO NOVO DESTINO|Velocidade Incompatível|Saída de leito carroçável|Com Vítimas Feridas|Pleno dia|Garoa/Chuvisco|2|0|0|1
260805|2020-01-04|sábado|13:00:00|GO|153.0|MORRINHOS|Velocidade Incompatível|Saída de leito carroçável|Com Vítimas Feridas|Pleno dia|Nublado|2|0|1|0
260806|2020-01-04|sábado|13:50:00|PR|277.0|GUARAPUAVA|Falta de Atenção à Condução|Colisão traseira|Com Vítimas Feridas|Pleno dia|Sol|3|0|2|0
260807|2020-01-04|sábado|10:30:00|SC|280.0|ARAQUARI|Falta de Atenção do Pedestre|Colisão traseira|Com Vítimas Feridas|Pleno dia|Chuva|2|0|0|1
260809|2020-01-04|sábado|10:05:00|MG|116.0|LEOPOLDINA|Falta de Atenção à Condução|Saída de leito carroçável|Com Vítimas Feridas|Pleno dia|Nublado|3|0|2|1
260810|2020-01-04|sábado|14:30:00|ES|262.0|CONCEICAO DO CASTELO|Falta de Atenção à Condução|Colisão lateral|Com Vítimas Feridas|Pleno dia|Nublado|4|0|2|0
260811|2020-01-04|sábado|14:00:00|PR|376.0|BALSA NOVA|Falta de Atenção à Condução|Saída de leito carroçável|Sem Vítimas|Pleno dia|Garoa/Chuvisco|3|0|0|0
260812|2020-01-04|sábado|10:25:00|MG|116.0|GOVERNADOR VALADARES|Falta de Atenção do Pedestre|Atropelamento de Pedestre|Com Vítimas Feridas|Pleno dia|Nublado|3|0|0|2
260813|2020-01-04|sábado|11:39:00|PB|230.0|JOAO PESSOA|Pista Escorregadia|Tombamento|Com Vítimas Feridas|Pleno dia|Sol|1|0|1|0
260814|2020-01-04|sábado|07:50:00|SC|101.0|ARAQUARI|Falta de Atenção à Condução|Queda de ocupante de veículo|Com Vítimas Feridas|Amanhecer|Chuva|1|0|1|0
260815|2020-01-04|sábado|14:30:00|RS|290.0|GRAVATAI|Falta de Atenção à Condução|Saída de leito carroçável|Com Vítimas Feridas|Pleno dia|Céu Claro|1|0|1|0
260816|2020-01-04|sábado|15:00:00|ES|101.0|SERRA|Falta de Atenção à Condução|Colisão lateral|Com Vítimas Feridas|Pleno dia|Céu Claro|3|0|1|1
260817|2020-01-04|sábado|15:00:00|MG|251.0|GRAO MOGOL|Não guardar distância de segurança|Colisão traseira|Com Vítimas Fatais|Pleno dia|Chuva|54|2|8|0
260818|2020-01-04|sábado|14:50:00|SP|101.0|UBATUBA|Falta de Atenção à Condução|Colisão transversal|Com Vítimas Feridas|Pleno dia|Nublado|3|0|2|0
260819|2020-01-04|sábado|15:10:00|RS|116.0|CAXIAS DO SUL|Desobediência às normas de trânsito pelo condutor|Colisão com objeto estático|Com Vítimas Feridas|Pleno dia|Chuva|2|0|1|0
260820|2020-01-04|sábado|11:00:00|PE|101.0|PALMARES|Falta de Atenção à Condução|Colisão traseira|Com Vítimas Feridas|Pleno dia|Céu Claro|2|0|1|0
260822|2020-01-04|sábado|07:00:00|SC|282.0|RANCHO QUEIMADO|Velocidade Incompatível|Colisão transversal|Com Vítimas Fatais|Pleno dia|Chuva|3|1|1|0
260823|2020-01-04|sábado|15:00:00|RJ|40.0|DUQUE DE CAXIAS|Agressão Externa|Colisão traseira|Sem Vítimas|Pleno dia|Nublado|4|0|0|0
260824|2020-01-04|sábado|15:55:00|GO|40.0|VALPARAISO DE GOIAS|Falta de Atenção à Condução|Colisão lateral|Com Vítimas Feridas|Pleno dia|Garoa/Chuvisco|2|0|1|0
260825|2020-01-04|sábado|15:00:00|GO|80.0|PADRE BERNARDO|Velocidade Incompatível|Saída de leito carroçável|Com Vítimas Feridas|Pleno dia|Chuva|2|0|2|0
260826|2020-01-04|sábado|15:10:00|SP|116.0|BARRA DO TURVO|Pista Escorregadia|Capotamento|Com Vítimas Feridas|Pleno dia|Chuva|4|0|1|1
260827|2020-01-04|sábado|11:50:00|RR|401.0|BOA VISTA|Falta de Atenção à Condução|Colisão lateral|Com Vítimas Feridas|Pleno dia|Céu Claro|2|0|1|0
260828|2020-01-04|sábado|12:30:00|MT|364.0|PEDRA PRETA|Falta de Atenção à Condução|Colisão traseira|Com Vítimas Feridas|Pleno dia|Sol|6|0|3|0
260829|2020-01-04|sábado|12:55:00|MG|381.0|PERDOES|Velocidade Incompatível|Saída de leito carroçável|Com Vítimas Feridas|Pleno dia|Chuva|2|0|1|1
260830|2020-01-04|sábado|15:45:00|MG|381.0|ITAPEVA|Velocidade Incompatível|Colisão com objeto estático|Com Vítimas Feridas|Pleno dia|Chuva|2|0|2|0
260831|2020-01-04|sábado|15:48:00|RJ|116.0|NOVA IGUACU|Falta de Atenção à Condução|Tombamento|Com Vítimas Feridas|Pleno dia|Nublado|1|0|1|0
260832|2020-01-04|sábado|14:00:00|SP|116.0|JUQUITIBA|Condutor Dormindo|Saída de leito carroçável|Sem Vítimas|Pleno dia|Céu Claro|3|0|0|0
260833|2020-01-04|sábado|16:00:00|MG|40.0|OLIVEIRA FORTES|Velocidade Incompatível|Colisão com objeto estático|Com Vítimas Feridas|Pleno dia|Chuva|2|0|2|0
260835|2020-01-04|sábado|16:30:00|MG|354.0|CAXAMBU|Velocidade Incompatível|Tombamento|Com Vítimas Feridas|Pleno dia|Nublado|1|0|0|1
260836|2020-01-04|sábado|16:10:00|RJ|101.0|PARATY|Velocidade Incompatível|Engavetamento|Com Vítimas Feridas|Pleno dia|Chuva|5|0|1|0
260837|2020-01-04|sábado|16:05:00|TO|153.0|GURUPI|Falta de Atenção à Condução|Colisão lateral|Com Vítimas Feridas|Pleno dia|Céu Claro|2|0|0|1
260838|2020-01-04|sábado|16:30:00|PR|116.0|FAZENDA RIO GRANDE|Velocidade Incompatível|Saída de leito carroçável|Sem Vítimas|Pleno dia|Chuva|1|0|0|0
260840|2020-01-04|sábado|16:50:00|MG|40.0|OLIVEIRA FORTES|Velocidade Incompatível|Saída de leito carroçável|Com Vítimas Feridas|Pleno dia|Chuva|4|0|3|0
260841|2020-01-04|sábado|11:50:00|SC|282.0|SANTO AMARO DA IMPERATRIZ|Velocidade Incompatível|Capotamento|Com Vítimas Feridas|Pleno dia|Chuva|5|0|2|0
260842|2020-01-04|sábado|15:40:00|PR|469.0|FOZ DO IGUACU|Desobediência às normas de trânsito pelo condutor|Colisão transversal|Com Vítimas Feridas|Pleno dia|Céu Claro|2|0|1|0
260843|2020-01-04|sábado|17:00:00|PR|376.0|MARILANDIA DO SUL|Falta de Atenção à Condução|Colisão frontal|Com Vítimas Fatais|Pleno dia|Sol|4|2|1|1
260844|2020-01-04|sábado|17:10:00|TO|153.0|ALIANCA DO TOCANTINS|Agressão Externa|Saída de leito carroçável|Com Vítimas Feridas|Pleno dia|Nublado|1|0|0|1
260845|2020-01-04|sábado|16:50:00|PR|369.0|UBIRATA|Desobediência às normas de trânsito pelo condutor|Colisão transversal|Com Vítimas Feridas|Pleno dia|Céu Claro|2|0|0|1
260846|2020-01-04|sábado|17:15:00|RJ|101.0|PARATY|Desobediência às normas de trânsito pelo condutor|Colisão traseira|Sem Vítimas|Pleno dia|Chuva|5|0|0|0
260848|2020-01-04|sábado|10:00:00|RJ|101.0|SILVA JARDIM|Defeito Mecânico no Veículo|Queda de ocupante de veículo|Com Vítimas Feridas|Pleno dia|Nublado|1|0|1|0
260849|2020-01-04|sábado|08:00:00|GO|20.0|FORMOSA|Falta de Atenção à Condução|Colisão lateral|Com Vítimas Feridas|Pleno dia|Céu Claro|5|0|3|0
260850|2020-01-04|sábado|17:40:00|PR|376.0|NOVA ESPERANCA|Avarias e/ou desgaste excessivo no pneu|Saída de leito carroçável|Com Vítimas Feridas|Pleno dia|Nublado|1|0|1|0
260851|2020-01-04|sábado|15:00:00|RO|364.0|JARU|Desobediência às normas de trânsito pelo condutor|Colisão lateral|Com Vítimas Feridas|Pleno dia|Nublado|4|0|2|0
260853|2020-01-04|sábado|14:20:00|PA|163.0|BELTERRA|Defeito Mecânico no Veículo|Capotamento|Com Vítimas Feridas|Pleno dia|Sol|1|0|1|0
260854|2020-01-04|sábado|15:20:00|SC|282.0|AGUAS MORNAS|Velocidade Incompatível|Colisão transversal|Com Vítimas Feridas|Pleno dia|Chuva|3|0|1|0
260855|2020-01-04|sábado|13:15:00|MG|381.0|SANTO ANTONIO DO AMPARO|Pista Escorregadia|Capotamento|Com Vítimas Feridas|Pleno dia|Chuva|3|0|3|0
260856|2020-01-04|sábado|18:00:00|RJ|101.0|MANGARATIBA|Velocidade Incompatível|Saída de leito carroçável|Sem Vítimas|Pleno dia|Chuva|2|0|0|0
260857|2020-01-04|sábado|15:50:00|SC|280.0|ARAQUARI|Falta de Atenção à Condução|Colisão transversal|Com Vítimas Feridas|Pleno dia|Nublado|4|0|1|0
260858|2020-01-04|sábado|18:00:00|PE|232.0|BEZERROS|Deficiência ou não Acionamento do Sistema de Iluminação/Sinalização do Veículo|Colisão transversal|Sem Vítimas|Plena Noite|Céu Claro|2|0|0|0
260859|2020-01-04|sábado|18:10:00|ES|101.0|LINHARES|Falta de Atenção à Condução|Colisão traseira|Com Vítimas Feridas|Plena Noite|Chuva|2|0|1|0
260860|2020-01-04|sábado|17:30:00|MG|116.0|LEOPOLDINA|Falta de Atenção à Condução|Saída de leito carroçável|Com Vítimas Feridas|Pleno dia|Garoa/Chuvisco|2|0|2|0
260861|2020-01-04|sábado|18:35:00|RN|406.0|CEARA-MIRIM|Falta de Atenção do Pedestre|Atropelamento de Pedestre|Com Vítimas Feridas|Plena Noite|Céu Claro|3|0|2|0
260862|2020-01-04|sábado|17:00:00|SC|282.0|MARAVILHA|Desobediência às normas de trânsito pelo condutor|Colisão frontal|Com Vítimas Feridas|Pleno dia|Céu Claro|3|0|0|2
260864|2020-01-04|sábado|19:00:00|MG|40.0|PARACATU|Defeito Mecânico no Veículo|Saída de leito carroçável|Com Vítimas Feridas|Plena Noite|Chuva|5|0|4|1
260865|2020-01-04|sábado|16:20:00|BA|101.0|SAO JOSE DA VITORIA|Velocidade Incompatível|Colisão lateral|Com Vítimas Feridas|Pleno dia|Chuva|2|0|1|0
260866|2020-01-04|sábado|18:40:00|RJ|101.0|MANGARATIBA|Velocidade Incompatível|Colisão transversal|Com Vítimas Feridas|Plena Noite|Garoa/Chuvisco|7|0|5|1
260867|2020-01-04|sábado|18:45:00|PI|135.0|BOM JESUS|Defeito na Via|Saída de leito carroçável|Com Vítimas Feridas|Plena Noite|Chuva|4|0|1|0
260868|2020-01-04|sábado|19:30:00|RS|101.0|TORRES|Falta de Atenção à Condução|Colisão transversal|Com Vítimas Feridas|Plena Noite|Nublado|6|0|2|0
260869|2020-01-04|sábado|18:30:00|SC|101.0|ARAQUARI|Falta de Atenção à Condução|Queda de ocupante de veículo|Com Vítimas Feridas|Anoitecer|Nublado|1|0|1|0
260870|2020-01-04|sábado|19:30:00|SP|381.0|SAO PAULO|Falta de Atenção do Pedestre|Atropelamento de Pedestre|Com Vítimas Fatais|Plena Noite|Nublado|2|1|0|0
260871|2020-01-04|sábado|18:25:00|SC|282.0|VARGEM|Velocidade Incompatível|Saída de leito carroçável|Com Vítimas Feridas|Pleno dia|Chuva|1|0|1|0
260874|2020-01-04|sábado|15:35:00|SC|280.0|CORUPA|Velocidade Incompatível|Saída de leito carroçável|Com Vítimas Feridas|Pleno dia|Chuva|2|0|2|0
260875|2020-01-04|sábado|20:00:00|ES|101.0|ANCHIETA|Velocidade Incompatível|Tombamento|Com Vítimas Feridas|Plena Noite|Chuva|1|0|1|0
260877|2020-01-04|sábado|11:13:00|MT|174.0|NOVA LACERDA|Fenômenos da Natureza|Colisão com objeto estático|Sem Vítimas|Pleno dia|Chuva|1|0|0|0
260878|2020-01-04|sábado|15:30:00|MG|116.0|UBAPORANGA|Defeito Mecânico no Veículo|Colisão traseira|Com Vítimas Feridas|Pleno dia|Céu Claro|5|0|1|0
260879|2020-01-04|sábado|15:00:00|SC|280.0|CORUPA|Pista Escorregadia|Tombamento|Com Vítimas Feridas|Pleno dia|Chuva|1|0|1|0
260880|2020-01-04|sábado|20:40:00|PE|101.0|RECIFE|Falta de Atenção à Condução|Colisão transversal|Com Vítimas Feridas|Plena Noite|Céu Claro|2|0|1|0
260881|2020-01-04|sábado|20:40:00|BA|116.0|FEIRA DE SANTANA|Velocidade Incompatível|Saída de leito carroçável|Com Vítimas Feridas|Plena Noite|Chuva|1|0|1|0
260882|2020-01-04|sábado|17:30:00|PI|343.0|PARNAIBA|Ingestão de Álcool|Colisão traseira|Sem Vítimas|Plena Noite|Chuva|2|0|0|0
260883|2020-01-04|sábado|17:55:00|SC|280.0|CORUPA|Pista Escorregadia|Saída de leito carroçável|Sem Vítimas|Pleno dia|Garoa/Chuvisco|1|0|0|0
260884|2020-01-04|sábado|19:40:00|BA|116.0|SANTO ESTEVAO|Não guardar distância de segurança|Colisão traseira|Com Vítimas Feridas|Plena Noite|Nublado|2|0|0|1
260886|2020-01-04|sábado|20:30:00|RS|290.0|GRAVATAI|Velocidade Incompatível|Saída de leito carroçável|Com Vítimas Feridas|Plena Noite|Céu Claro|3|0|2|1
260887|2020-01-04|sábado|20:40:00|PE|104.0|CARUARU|Ingestão de Álcool|Colisão traseira|Sem Vítimas|Plena Noite|Céu Claro|2|0|0|0
260888|2020-01-04|sábado|21:00:00|RS|116.0|CANOAS|Ingestão de Álcool|Colisão com objeto estático|Com Vítimas Feridas|Anoitecer|Céu Claro|1|0|1|0
260889|2020-01-04|sábado|14:40:00|MG|116.0|FERVEDOURO|Desobediência às normas de trânsito pelo condutor|Colisão transversal|Com Vítimas Feridas|Pleno dia|Nublado|3|0|1|0
260890|2020-01-04|sábado|19:40:00|MS|163.0|CAMPO GRANDE|Ingestão de Álcool|Colisão transversal|Sem Vítimas|Plena Noite|Céu Claro|3|0|0|0
260891|2020-01-04|sábado|20:40:00|RJ|101.0|CAMPOS DOS GOYTACAZES|Falta de Atenção à Condução|Colisão frontal|Com Vítimas Feridas|Plena Noite|Céu Claro|2|0|0|1
260892|2020-01-04|sábado|21:20:00|DF|70.0|BRASILIA|Velocidade Incompatível|Saída de leito carroçável|Com Vítimas Feridas|Plena Noite|Chuva|2|0|1|0
260893|2020-01-04|sábado|21:30:00|BA|324.0|FEIRA DE SANTANA|Desobediência às normas de trânsito pelo condutor|Colisão lateral|Com Vítimas Feridas|Plena Noite|Nublado|2|0|0|1
260894|2020-01-04|sábado|21:00:00|GO|153.0|ANAPOLIS|Velocidade Incompatível|Saída de leito carroçável|Com Vítimas Feridas|Plena Noite|Chuva|3|0|2|1
260895|2020-01-04|sábado|20:25:00|PR|277.0|CASCAVEL|Falta de Atenção à Condução|Colisão com objeto estático|Com Vítimas Feridas|Plena Noite|Céu Claro|4|0|4|0
260896|2020-01-04|sábado|21:25:00|CE|116.0|PACAJUS|Ingestão de Álcool|Colisão com objeto estático|Com Vítimas Feridas|Plena Noite|Céu Claro|2|0|1|0
260897|2020-01-04|sábado|19:30:00|PI|343.0|CAPITAO DE CAMPOS|Avarias e/ou desgaste excessivo no pneu|Saída de leito carroçável|Sem Vítimas|Plena Noite|Chuva|2|0|0|0
260898|2020-01-04|sábado|20:30:00|BA|101.0|EUNAPOLIS|Ingestão de Álcool|Colisão frontal|Sem Vítimas|Pleno dia|Garoa/Chuvisco|2|0|0|0
260899|2020-01-04|sábado|19:17:00|MA|230.0|SAO JOAO DOS PATOS|Não guardar distância de segurança|Colisão traseira|Sem Vítimas|Plena Noite|Céu Claro|2|0|0|0
260900|2020-01-04|sábado|23:45:00|PB|101.0|BAYEUX|Animais na Pista|Atropelamento de Animal|Sem Vítimas|Plena Noite|Céu Claro|2|0|0|0
260901|2020-01-04|sábado|23:05:00|SP|153.0|PROMISSAO|Animais na Pista|Saída de leito carroçável|Com Vítimas Feridas|Plena Noite|Céu Claro|2|0|2|0
260902|2020-01-04|sábado|21:20:00|SC|101.0|MARACAJA|Falta de Atenção à Condução|Tombamento|Com Vítimas Fatais|Plena Noite|Nublado|4|1|1|0
260903|2020-01-04|sábado|23:20:00|RJ|40.0|DUQUE DE CAXIAS|Falta de Atenção à Condução|Capotamento|Com Vítimas Feridas|Plena Noite|Garoa/Chuvisco|1|0|1|0
260904|2020-01-04|sábado|22:45:00|ES|101.0|GUARAPARI|Ingestão de Álcool|Colisão traseira|Sem Vítimas|Plena Noite|Nublado|3|0|0|0