id|data_inversa|dia_semana|horario|uf|br|municipio|causa_acidente|tipo_acidente|classificacao_acidente|fase_dia|condicao_metereologica|pessoas|mortos|feridos_leves|feridos_graves
261088|2020-01-05|domingo|21:00:00|SC|101.0|LAGUNA|Falta de Atenção à Condução|Colisão traseira|Com Vítimas Feridas|Plena Noite|Nublado|3|0|2|0
261089|2020-01-05|domingo|22:15:00|PR|369.0|BANDEIRANTES|Velocidade Incompatível|Saída de leito carroçável|Com Vítimas Feridas|Plena Noite|Céu Claro|1|0|0|1
261090|2020-01-05|domingo|21:20:00|MS|163.0|SAO GABRIEL DO OESTE|Falta de Atenção à Condução|Colisão traseira|Com Vítimas Feridas|Plena Noite|Céu Claro|6|0|1|3
261091|2020-01-05|domingo|22:00:00|PR|277.0|SAO JOSE DOS PINHAIS|Falta de Atenção à Condução|Colisão com objeto estático|Com Vítimas Feridas|Plena Noite|Nublado|1|0|1|0
261092|2020-01-05|domingo|20:35:00|SC|101.0|IMBITUBA|Defeito Mecânico no Veículo|Incêndio|Sem Vítimas|Plena Noite|Nublado|2|0|0|0
261094|2020-01-05|domingo|21:20:00|MS|267.0|GUIA LOPES DA LAGUNA|Falta de Atenção à Condução|Tombamento|Com Vítimas Feridas|Plena Noite|Céu Claro|2|0|2|0
261095|2020-01-05|domingo|21:50:00|CE|116.0|HORIZONTE|Ingestão de Álcool|Colisão com objeto estático|Com Vítimas Fatais|Plena Noite|Céu Claro|1|1|0|0
261096|2020-01-05|domingo|21:40:00|PE|101.0|PAULISTA|Objeto estático sobre o leito carroçável|Tombamento|Com Vítimas Feridas|Plena Noite|Vento|1|0|1|0
261098|2020-01-05|domingo|22:40:00|ES|101.0|RIO NOVO DO SUL|Não guardar distância de segurança|Saída de leito carroçável|Com Vítimas Feridas|Plena Noite|Chuva|4|0|4|0
261099|2020-01-05|domingo|20:50:00|MT|70.0|VARZEA GRANDE|Falta de Atenção à Condução|Colisão frontal|Sem Vítimas|Plena Noite|Céu Claro|2|0|0|0
261100|2020-01-05|domingo|20:10:00|RS|158.0|PANAMBI|Velocidade Incompatível|Colisão com objeto estático|Sem Vítimas|Plena Noite|Céu Claro|1|0|0|0
261101|2020-01-05|domingo|20:45:00|MT|70.0|CUIABA|Ingestão de Álcool|Colisão traseira|Sem Vítimas|Plena Noite|Céu Claro|4|0|0|0
261102|2020-01-05|domingo|21:55:00|SC|282.0|SAUDADES|Falta de Atenção à Condução|Capotamento|Com Vítimas Feridas|Plena Noite|Nublado|5|0|1|0
261103|2020-01-05|domingo|20:30:00|RJ|393.0|VOLTA REDONDA|Falta de Atenção à Condução|Atropelamento de Pedestre|Com Vítimas Feridas|Plena Noite|Nublado|3|0|1|1
261104|2020-01-05|domingo|19:50:00|BA|116.0|TEOFILANDIA|Animais na Pista|Atropelamento de Animal|Com Vítimas Feridas|Plena Noite|Céu Claro|2|0|0|2
261105|2020-01-05|domingo|23:15:00|MG|381.0|SABARA|Falta de Atenção à Condução|Colisão transversal|Com Vítimas Feridas|Plena Noite|Chuva|6|0|0|5
261106|2020-01-05|domingo|16:10:00|AC|364.0|SENA MADUREIRA|Falta de Atenção à Condução|Colisão lateral|Com Vítimas Feridas|Pleno dia|Céu Claro|3|0|0|2
261107|2020-01-05|domingo|22:15:00|RR|174.0|CARACARAI|Falta de Atenção à Condução|Colisão transversal|Com Vítimas Fatais|Plena Noite|Céu Claro|2|1|0|0
261108|2020-01-06|segunda-feira|00:10:00|MT|163.0|SINOP|Velocidade Incompatível|Colisão com objeto estático|Com Vítimas Fatais|Plena Noite|Céu Claro|1|1|0|0
261109|2020-01-05|domingo|22:15:00|CE|222.0|TIANGUA|Ingestão de Álcool|Colisão traseira|Com Vítimas Feridas|Plena Noite|Garoa/Chuvisco|4|0|1|2
261110|2020-01-06|segunda-feira|01:05:00|RJ|101.0|NITEROI|Falta de Atenção à Condução|Colisão com objeto estático|Sem Vítimas|Plena Noite|Garoa/Chuvisco|1|0|0|0
261111|2020-01-06|segunda-feira|03:10:00|MS|158.0|TRES LAGOAS|Animais na Pista|Atropelamento de Animal|Sem Vítimas|Plena Noite|Céu Claro|1|0|0|0
261112|2020-01-05|domingo|05:00:00|BA|110.0|JEREMOABO|Velocidade Incompatível|Tombamento|Com Vítimas Feridas|Pleno dia|Céu Claro|1|0|0|1
261113|2020-01-06|segunda-feira|05:25:00|MG|381.0|LAVRAS|Condutor Dormindo|Saída de leito carroçável|Com Vítimas Feridas|Amanhecer|Céu Claro|2|0|1|0
261114|2020-01-06|segunda-feira|05:00:00|CE|116.0|FORTALEZA|Condutor Dormindo|Colisão com objeto estático|Com Vítimas Feridas|Amanhecer|Nublado|2|0|1|0
261117|2020-01-06|segunda-feira|06:00:00|PR|277.0|PARANAGUA|Agressão Externa|Queda de ocupante de veículo|Com Vítimas Feridas|Pleno dia|Céu Claro|2|0|1|0
261118|2020-01-05|domingo|22:00:00|MT|364.0|CUIABA|Defeito na Via|Queda de ocupante de veículo|Com Vítimas Feridas|Plena Noite|Céu Claro|1|0|1|0
261119|2020-01-06|segunda-feira|05:35:00|SP|116.0|GUARAREMA|Condutor Dormindo|Engavetamento|Com Vítimas Feridas|Amanhecer|Céu Claro|4|0|1|0
261120|2020-01-05|domingo|20:00:00|MG|381.0|GOVERNADOR VALADARES|Velocidade Incompatível|Colisão com objeto estático|Sem Vítimas|Plena Noite|Céu Claro|1|0|0|0
261121|2020-01-06|segunda-feira|04:40:00|PB|230.0|SOUSA|Não guardar distância de segurança|Colisão traseira|Com Vítimas Feridas|Amanhecer|Chuva|3|0|0|2
261122|2020-01-06|segunda-feira|06:20:00|PE|408.0|SAO LOURENCO DA MATA|Velocidade Incompatível|Colisão traseira|Com Vítimas Feridas|Pleno dia|Céu Claro|2|0|1|0
261123|2020-01-06|segunda-feira|06:10:00|SC|280.0|IRINEOPOLIS|Condutor Dormindo|Capotamento|Com Vítimas Feridas|Amanhecer|Céu Claro|3|0|2|0
261124|2020-01-05|domingo|22:00:00|MG|381.0|CAMBUI|Velocidade Incompatível|Colisão com objeto estático|Com Vítimas Feridas|Plena Noite|Chuva|2|0|1|0
261125|2020-01-06|segunda-feira|05:20:00|BA|116.0|VITORIA DA CONQUISTA|Falta de Atenção à Condução|Colisão frontal|Com Vítimas Feridas|Pleno dia|Nublado|4|0|3|0
261126|2020-01-06|segunda-feira|07:00:00|MG|153.0|PRATA|Velocidade Incompatível|Saída de leito carroçável|Com Vítimas Feridas|Pleno dia|Chuva|2|0|1|0
261127|2020-01-06|segunda-feira|07:20:00|DF|20.0|BRASILIA|Velocidade Incompatível|Colisão transversal|Com Vítimas Feridas|Pleno dia|Garoa/Chuvisco|2|0|1|0
261128|2020-01-06|segunda-feira|06:30:00|ES|101.0|PEDRO CANARIO|Falta de Atenção à Condução|Tombamento|Com Vítimas Feridas|Pleno dia|Céu Claro|2|0|1|0
261129|2020-01-06|segunda-feira|07:15:00|RS|116.0|CANOAS|Não guardar distância de segurança|Colisão traseira|Com Vítimas Feridas|Pleno dia|Céu Claro|2|0|1|0
261130|2020-01-06|segunda-feira|07:10:00|MG|381.0|BETIM|Falta de Atenção à Condução|Tombamento|Com Vítimas Feridas|Pleno dia|Céu Claro|2|0|2|0
261131|2020-01-06|segunda-feira|06:50:00|GO|70.0|COCALZINHO DE GOIAS|Ingestão de Álcool|Saída de leito carroçável|Com Vítimas Feridas|Amanhecer|Nevoeiro/Neblina|6|0|2|0
261132|2020-01-06|segunda-feira|06:58:00|MG|50.0|UBERABA|Defeito Mecânico no Veículo|Tombamento|Com Vítimas Feridas|Pleno dia|Céu Claro|2|0|1|0
261133|2020-01-06|segunda-feira|07:39:00|SC|101.0|ITAPEMA|Não guardar distância de segurança|Colisão traseira|Com Vítimas Feridas|Pleno dia|Céu Claro|6|0|2|0
261134|2020-01-06|segunda-feira|07:25:00|RS|470.0|BENTO GONCALVES|Desobediência às normas de trânsito pelo condutor|Colisão transversal|Com Vítimas Feridas|Pleno dia|Céu Claro|2|0|1|1
261135|2020-01-06|segunda-feira|07:30:00|BA|116.0|FEIRA DE SANTANA|Falta de Atenção à Condução|Colisão frontal|Com Vítimas Feridas|Pleno dia|Céu Claro|2|0|1|0
261136|2020-01-06|segunda-feira|07:45:00|RJ|40.0|DUQUE DE CAXIAS|Defeito Mecânico no Veículo|Tombamento|Com Vítimas Feridas|Pleno dia|Céu Claro|1|0|1|0
261137|2020-01-06|segunda-feira|08:10:00|GO|153.0|GOIANIA|Falta de Atenção à Condução|Colisão traseira|Com Vítimas Feridas|Pleno dia|Chuva|2|0|1|0
261138|2020-01-06|segunda-feira|07:30:00|SC|101.0|SOMBRIO|Falta de Atenção à Condução|Colisão lateral|Com Vítimas Feridas|Pleno dia|Céu Claro|2|0|0|1
261139|2020-01-06|segunda-feira|07:53:00|PR|369.0|ARAPONGAS|Animais na Pista|Atropelamento de Animal|Com Vítimas Feridas|Pleno dia|Céu Claro|1|0|1|0
261140|2020-01-06|segunda-feira|08:05:00|MG|381.0|SAO SEBASTIAO DA BELA VISTA|Condutor Dormindo|Colisão com objeto estático|Com Vítimas Feridas|Pleno dia|Nublado|2|0|0|2
261141|2020-01-06|segunda-feira|07:20:00|PR|476.0|CURITIBA|Falta de Atenção do Pedestre|Atropelamento de Pedestre|Com Vítimas Feridas|Pleno dia|Nublado|3|0|1|0
261142|2020-01-06|segunda-feira|08:45:00|PE|101.0|GOIANA|Condutor Dormindo|Saída de leito carroçável|Com Vítimas Feridas|Pleno dia|Céu Claro|2|0|2|0
261143|2020-01-06|segunda-feira|07:00:00|BA|116.0|MANOEL VITORINO|Defeito Mecânico no Veículo|Tombamento|Com Vítimas Feridas|Pleno dia|Céu Claro|3|0|2|0
261144|2020-01-06|segunda-feira|07:40:00|RJ|116.0|RIO DE JANEIRO|Falta de Atenção à Condução|Derramamento de carga|Sem Vítimas|Pleno dia|Céu Claro|2|0|0|0
261145|2020-01-06|segunda-feira|08:00:00|SE|101.0|JAPARATUBA|Falta de Atenção à Condução|Colisão transversal|Com Vítimas Feridas|Pleno dia|Céu Claro|4|0|4|0
261146|2020-01-06|segunda-feira|08:50:00|SP|116.0|PINDAMONHANGABA|Defeito Mecânico no Veículo|Tombamento|Com Vítimas Feridas|Pleno dia|Céu Claro|1|0|1|0
261147|2020-01-06|segunda-feira|06:50:00|MT|163.0|SINOP|Falta de Atenção à Condução|Colisão transversal|Com Vítimas Feridas|Amanhecer|Nublado|2|0|0|1
261148|2020-01-06|segunda-feira|07:00:00|MG|381.0|ITATIAIUCU|Pista Escorregadia|Saída de leito carroçável|Sem Vítimas|Pleno dia|Chuva|2|0|0|0
261149|2020-01-06|segunda-feira|09:20:00|RN|226.0|PATU|Falta de Atenção à Condução|Colisão lateral|Com Vítimas Feridas|Pleno dia|Céu Claro|2|0|1|0
261150|2020-01-06|segunda-feira|09:05:00|SC|101.0|ITAJAI|Avarias e/ou desgaste excessivo no pneu|Tombamento|Com Vítimas Feridas|Pleno dia|Sol|2|0|1|1
261154|2020-01-06|segunda-feira|10:10:00|RS|386.0|SOLEDADE|Falta de Atenção à Condução|Colisão transversal|Com Vítimas Feridas|Pleno dia|Sol|7|0|1|1
261155|2020-01-06|segunda-feira|09:20:00|MS|163.0|ELDORADO|Falta de Atenção à Condução|Colisão transversal|Com Vítimas Feridas|Pleno dia|Céu Claro|4|0|1|0
261156|2020-01-06|segunda-feira|10:50:00|SC|101.0|ARARANGUA|Desobediência às normas de trânsito pelo condutor|Colisão frontal|Com Vítimas Feridas|Pleno dia|Sol|2|0|0|1
261157|2020-01-06|segunda-feira|10:30:00|SC|101.0|SAO JOSE|Falta de Atenção à Condução|Colisão lateral|Com Vítimas Feridas|Pleno dia|Céu Claro|2|0|1|0
261158|2020-01-06|segunda-feira|10:30:00|SC|101.0|PALHOCA|Falta de Atenção à Condução|Colisão traseira|Com Vítimas Feridas|Pleno dia|Sol|3|0|3|0
261160|2020-01-06|segunda-feira|11:15:00|PE|101.0|IGARASSU|Não guardar distância de segurança|Colisão traseira|Sem Vítimas|Pleno dia|Sol|3|0|0|0
261161|2020-01-06|segunda-feira|11:20:00|SC|101.0|SAO JOSE|Desobediência às normas de trânsito pelo condutor|Colisão lateral|Com Vítimas Feridas|Pleno dia|Céu Claro|1|0|0|1
261165|2020-01-06|segunda-feira|10:30:00|MS|60.0|CHAPADAO DO SUL|Condutor Dormindo|Saída de leito carroçável|Com Vítimas Feridas|Pleno dia|Nublado|6|0|3|2
261167|2020-01-06|segunda-feira|09:20:00|RR|174.0|BOA VISTA|Falta de Atenção à Condução|Colisão transversal|Com Vítimas Fatais|Pleno dia|Céu Claro|3|1|0|0
261168|2020-01-06|segunda-feira|10:30:00|PA|316.0|SANTA IZABEL DO PARA|Avarias e/ou desgaste excessivo no pneu|Saída de leito carroçável|Com Vítimas Feridas|Pleno dia|Chuva|1|0|1|0
261169|2020-01-06|segunda-feira|12:08:00|RJ|116.0|QUEIMADOS|Defeito Mecânico no Veículo|Capotamento|Com Vítimas Feridas|Pleno dia|Céu Claro|4|0|4|0
261170|2020-01-06|segunda-feira|11:45:00|MG|251.0|MONTES CLAROS|Não guardar distância de segurança|Engavetamento|Com Vítimas Feridas|Pleno dia|Céu Claro|9|0|3|0
261171|2020-01-06|segunda-feira|11:20:00|MG|381.0|NOVA ERA|Velocidade Incompatível|Saída de leito carroçável|Com Vítimas Feridas|Pleno dia|Céu Claro|2|0|1|0
261172|2020-01-06|segunda-feira|12:20:00|TO|153.0|MIRANORTE|Desobediência às normas de trânsito pelo condutor|Queda de ocupante de veículo|Com Vítimas Feridas|Pleno dia|Nublado|2|0|1|0
261173|2020-01-06|segunda-feira|12:15:00|RS|153.0|ERECHIM|Desobediência às normas de trânsito pelo condutor|Colisão traseira|Com Vítimas Feridas|Pleno dia|Céu Claro|3|0|1|0
261174|2020-01-06|segunda-feira|12:35:00|MG|262.0|SAO DOMINGOS DO PRATA|Falta de Atenção à Condução|Colisão transversal|Com Vítimas Feridas|Pleno dia|Céu Claro|3|0|1|1
261175|2020-01-06|segunda-feira|12:40:00|MG|381.0|OLIVEIRA|Velocidade Incompatível|Saída de leito carroçável|Com Vítimas Feridas|Pleno dia|Garoa/Chuvisco|3|0|2|1
261176|2020-01-06|segunda-feira|11:30:00|RS|470.0|NOVA PRATA|Desobediência às normas de trânsito pelo condutor|Colisão transversal|Com Vítimas Feridas|Pleno dia|Céu Claro|3|0|1|0
261177|2020-01-06|segunda-feira|08:20:00|GO|153.0|JARAGUA|Defeito na Via|Colisão frontal|Com Vítimas Feridas|Pleno dia|Nublado|7|0|4|0
261178|2020-01-06|segunda-feira|12:10:00|SP|116.0|PINDAMONHANGABA|Não guardar distância de segurança|Colisão traseira|Com Vítimas Feridas|Pleno dia|Chuva|5|0|2|0
261179|2020-01-06|segunda-feira|12:30:00|MG|116.0|LEOPOLDINA|Desobediência às normas de trânsito pelo condutor|Colisão transversal|Com Vítimas Feridas|Pleno dia|Sol|3|0|1|0
261181|2020-01-06|segunda-feira|12:20:00|RJ|116.0|NOVA IGUACU|Desobediência às normas de trânsito pelo condutor|Colisão traseira|Com Vítimas Feridas|Pleno dia|Sol|2|0|1|0
261182|2020-01-06|segunda-feira|12:50:00|PB|101.0|SANTA RITA|Falta de Atenção à Condução|Colisão traseira|Com Vítimas Feridas|Pleno dia|Céu Claro|3|0|1|1
261183|2020-01-06|segunda-feira|13:25:00|PR|158.0|CORONEL VIVIDA|Falta de Atenção à Condução|Capotamento|Com Vítimas Feridas|Pleno dia|Céu Claro|1|0|1|0
261184|2020-01-06|segunda-feira|12:40:00|MS|158.0|PARANAIBA|Pista Escorregadia|Colisão lateral|Com Vítimas Fatais|Pleno dia|Chuva|7|1|3|0
261185|2020-01-06|segunda-feira|13:20:00|SC|282.0|FLORIANOPOLIS|Falta de Atenção à Condução|Colisão transversal|Com Vítimas Feridas|Pleno dia|Céu Claro|2|0|0|1
261186|2020-01-06|segunda-feira|14:00:00|RS|116.0|PELOTAS|Falta de Atenção à Condução|Colisão transversal|Com Vítimas Feridas|Pleno dia|Nublado|5|0|1|0
261187|2020-01-06|segunda-feira|14:00:00|PE|232.0|BELO JARDIM|Mal Súbito|Colisão frontal|Com Vítimas Feridas|Pleno dia|Sol|2|0|0|1
261188|2020-01-06|segunda-feira|11:00:00|PR|376.0|IMBAU|Velocidade Incompatível|Saída de leito carroçável|Com Vítimas Feridas|Pleno dia|Céu Claro|1|0|1|0
261189|2020-01-06|segunda-feira|14:15:00|PR|476.0|CURITIBA|Falta de Atenção à Condução|Colisão lateral|Com Vítimas Feridas|Pleno dia|Céu Claro|2|0|0|1
261190|2020-01-06|segunda-feira|13:30:00|RS|285.0|SAO LUIZ GONZAGA|Falta de Atenção à Condução|Colisão lateral|Com Vítimas Feridas|Pleno dia|Céu Claro|2|0|1|0
261191|2020-01-06|segunda-feira|13:00:00|MG|459.0|POUSO ALEGRE|Desobediência às normas de trânsito pelo condutor|Colisão traseira|Com Vítimas Feridas|Pleno dia|Chuva|3|0|1|0
261192|2020-01-06|segunda-feira|12:13:00|MG|381.0|SAO SEBASTIAO DA BELA VISTA|Falta de Atenção à Condução|Saída de leito carroçável|Com Vítimas Feridas|Pleno dia|Chuva|3|0|3|0
261193|2020-01-06|segunda-feira|14:30:00|SP|116.0|JACAREI|Objeto estático sobre o leito carroçável|Colisão com objeto em movimento|Com Vítimas Feridas|Pleno dia|Céu Claro|1|0|1|0
261194|2020-01-06|segunda-feira|13:35:00|PR|163.0|SANTO ANTONIO DO SUDOESTE|Desobediência às normas de trânsito pelo condutor|Colisão transversal|Com Vítimas Feridas|Pleno dia|Céu Claro|3|0|2|0
261195|2020-01-06|segunda-feira|12:05:00|MG|381.0|POUSO ALEGRE|Falta de Atenção do Pedestre|Atropelamento de Pedestre|Com Vítimas Feridas|Pleno dia|Sol|2|0|1|0
261196|2020-01-06|segunda-feira|14:20:00|SC|101.0|LAGUNA|Defeito Mecânico no Veículo|Saída de leito carroçável|Com Vítimas Feridas|Pleno dia|Céu Claro|5|0|1|0
261197|2020-01-06|segunda-feira|14:30:00|MG|40.0|CURVELO|Condutor Dormindo|Colisão frontal|Com Vítimas Fatais|Pleno dia|Céu Claro|5|1|2|2
261198|2020-01-06|segunda-feira|14:00:00|RJ|116.0|QUEIMADOS|Falta de Atenção à Condução|Colisão transversal|Com Vítimas Fatais|Pleno dia|Céu Claro|2|1|0|0
261199|2020-01-06|segunda-feira|12:30:00|RJ|101.0|RIO DE JANEIRO|Falta de Atenção à Condução|Colisão traseira|Com Vítimas Feridas|Pleno dia|Nublado|3|0|2|0
261200|2020-01-06|segunda-feira|14:20:00|SP|381.0|ATIBAIA|Falta de Atenção à Condução|Colisão com objeto estático|Sem Vítimas|Pleno dia|Céu Claro|1|0|0|0
261201|2020-01-06|segunda-feira|15:00:00|SC|101.0|JOINVILLE|Não guardar distância de segurança|Colisão traseira|Com Vítimas Feridas|Pleno dia|Céu Claro|3|0|2|0
261202|2020-01-06|segunda-feira|09:30:00|SC|280.0|IRINEOPOLIS|Mal Súbito|Capotamento|Com Vítimas Feridas|Pleno dia|Sol|5|0|2|1
261203|2020-01-06|segunda-feira|12:20:00|RJ|493.0|MAGE|Falta de Atenção à Condução|Colisão transversal|Com Vítimas Feridas|Pleno dia|Sol|5|0|5|0
261204|2020-01-06|segunda-feira|14:00:00|RS|386.0|TRIUNFO|Falta de Atenção à Condução|Saída de leito carroçável|Com Vítimas Fatais|Pleno dia|Nublado|4|2|1|1
261207|2020-01-06|segunda-feira|14:50:00|RN|101.0|PARNAMIRIM|Não guardar distância de segurança|Colisão traseira|Com Vítimas Feridas|Pleno dia|Céu Claro|3|0|1|0
261208|2020-01-06|segunda-feira|15:00:00|SP|381.0|SAO PAULO|Não guardar distância de segurança|Engavetamento|Sem Vítimas|Pleno dia|Céu Claro|5|0|0|0
261209|2020-01-06|segunda-feira|13:50:00|BA|324.0|AMELIA RODRIGUES|Defeito Mecânico no Veículo|Saída de leito carroçável|Sem Vítimas|Pleno dia|Céu Claro|1|0|0|0
261210|2020-01-06|segunda-feira|15:20:00|ES|101.0|VIANA|Desobediência às normas de trânsito pelo condutor|Colisão lateral|Com Vítimas Feridas|Pleno dia|Céu Claro|2|0|1|0
261211|2020-01-06|segunda-feira|14:10:00|MG|153.0|PRATA|Velocidade Incompatível|Saída de leito carroçável|Com Vítimas Feridas|Pleno dia|Chuva|2|0|1|0
261212|2020-01-06|segunda-feira|13:45:00|MT|70.0|NOSSA SENHORA DO LIVRAMENTO|Velocidade Incompatível|Saída de leito carroçável|Sem Vítimas|Pleno dia|Chuva|3|0|0|0
261213|2020-01-06|segunda-feira|15:50:00|TO|153.0|ALVORADA|Defeito Mecânico no Veículo|Colisão frontal|Com Vítimas Fatais|Pleno dia|Céu Claro|3|1|0|2
261214|2020-01-06|segunda-feira|15:45:00|SP|153.0|SAO JOSE DO RIO PRETO|Não guardar distância de segurança|Colisão traseira|Com Vítimas Feridas|Pleno dia|Céu Claro|3|0|2|0
261215|2020-01-06|segunda-feira|16:05:00|RS|116.0|CANOAS|Falta de Atenção à Condução|Colisão transversal|Com Vítimas Feridas|Pleno dia|Sol|2|0|0|1
261216|2020-01-06|segunda-feira|15:25:00|MG|146.0|POCOS DE CALDAS|Desobediência às normas de trânsito pelo condutor|Colisão transversal|Com Vítimas Feridas|Pleno dia|Céu Claro|4|0|2|0
261218|2020-01-06|segunda-feira|16:10:00|RJ|40.0|TRES RIOS|Pista Escorregadia|Colisão com objeto estático|Com Vítimas Feridas|Pleno dia|Chuva|4|0|1|0
261219|2020-01-06|segunda-feira|14:30:00|MS|163.0|CAMPO GRANDE|Falta de Atenção à Condução|Engavetamento|Sem Vítimas|Pleno dia|Chuva|5|0|0|0
261220|2020-01-06|segunda-feira|16:40:00|MG|365.0|PATOS DE MINAS|Falta de Atenção à Condução|Colisão lateral|Com Vítimas Feridas|Pleno dia|Céu Claro|4|0|3|0
261221|2020-01-06|segunda-feira|16:30:00|SP|116.0|EMBU DAS ARTES|Desobediência às normas de trânsito pelo condutor|Colisão com objeto estático|Com Vítimas Feridas|Pleno dia|Sol|2|0|2|0
261223|2020-01-06|segunda-feira|11:30:00|SC|101.0|BARRA VELHA|Condutor Dormindo|Colisão com objeto estático|Com Vítimas Feridas|Pleno dia|Céu Claro|2|0|2|0
261224|2020-01-06|segunda-feira|16:20:00|MG|365.0|ARAGUARI|Não guardar distância de segurança|Colisão traseira|Com Vítimas Feridas|Pleno dia|Nublado|3|0|2|0
261225|2020-01-06|segunda-feira|15:00:00|RO|364.0|PRESIDENTE MEDICI|Falta de Atenção à Condução|Saída de leito carroçável|Com Vítimas Feridas|Pleno dia|Céu Claro|1|0|1|0
261226|2020-01-06|segunda-feira|16:50:00|ES|101.0|SERRA|Falta de Atenção à Condução|Colisão traseira|Com Vítimas Feridas|Pleno dia|Nublado|3|0|2|0
261227|2020-01-06|segunda-feira|17:00:00|MG|40.0|SANTOS DUMONT|Pista Escorregadia|Saída de leito carroçável|Com Vítimas Feridas|Pleno dia|Chuva|3|0|1|0
261228|2020-01-06|segunda-feira|17:25:00|PR|376.0|MARINGA|Defeito na Via|Colisão lateral|Com Vítimas Feridas|Pleno dia|Céu Claro|2|0|1|0
261229|2020-01-06|segunda-feira|17:00:00|SC|163.0|GUARACIABA|Falta de Atenção à Condução|Colisão traseira|Sem Vítimas|Pleno dia|Céu Claro|2|0|0|0
261232|2020-01-06|segunda-feira|18:00:00|GO|60.0|ALEXANIA|Falta de Atenção à Condução|Colisão transversal|Com Vítimas Feridas|Pleno dia|Céu Claro|3|0|1|0
261233|2020-01-06|segunda-feira|16:50:00|MT|163.0|DIAMANTINO|Falta de Atenção à Condução|Colisão frontal|Com Vítimas Feridas|Pleno dia|Nublado|6|0|3|0
261234|2020-01-06|segunda-feira|18:30:00|PE|232.0|JABOATAO DOS GUARARAPES|Não guardar distância de segurança|Colisão traseira|Com Vítimas Feridas|Plena Noite|Céu Claro|2|0|1|0
261235|2020-01-06|segunda-feira|15:20:00|CE|116.0|ICO|Velocidade Incompatível|Queda de ocupante de veículo|Com Vítimas Feridas|Pleno dia|Céu Claro|1|0|0|1
261236|2020-01-06|segunda-feira|18:05:00|RS|470.0|BENTO GONCALVES|Falta de Atenção à Condução|Colisão frontal|Com Vítimas Feridas|Pleno dia|Céu Claro|7|0|4|2
261237|2020-01-06|segunda-feira|18:35:00|CE|116.0|EUSEBIO|Defeito Mecânico no Veículo|Queda de ocupante de veículo|Com Vítimas Feridas|Plena Noite|Céu Claro|2|0|2|0
261238|2020-01-06|segunda-feira|16:40:00|SC|101.0|BALNEARIO CAMBORIU|Não guardar distância de segurança|Colisão lateral|Com Vítimas Feridas|Pleno dia|Nublado|2|0|1|0
261240|2020-01-06|segunda-feira|18:15:00|SP|116.0|SAO JOSE DOS CAMPOS|Falta de Atenção à Condução|Colisão lateral|Com Vítimas Feridas|Anoitecer|Céu Claro|2|0|1|0
261241|2020-01-06|segunda-feira|16:00:00|GO|60.0|JATAI|Falta de Atenção à Condução|Saída de leito carroçável|Com Vítimas Feridas|Pleno dia|Céu Claro|2|0|1|0
261242|2020-01-06|segunda-feira|18:35:00|PB|230.0|SANTA RITA|Falta de Atenção do Pedestre|Atropelamento de Pedestre|Com Vítimas Feridas|Plena Noite|Céu Claro|1|0|0|1
261243|2020-01-06|segunda-feira|17:50:00|PR|376.0|CURITIBA|Desobediência às normas de trânsito pelo condutor|Colisão transversal|Com Vítimas Feridas|Anoitecer|Céu Claro|3|0|1|0
261244|2020-01-06|segunda-feira|17:30:00|MT|364.0|PEDRA PRETA|Falta de Atenção à Condução|Tombamento|Com Vítimas Feridas|Anoitecer|Nublado|3|0|2|0
261245|2020-01-06|segunda-feira|14:30:00|MG|262.0|CAMPOS ALTOS|Velocidade Incompatível|Saída de leito carroçável|Com Vítimas Feridas|Pleno dia|Sol|4|0|1|0
261246|2020-01-06|segunda-feira|18:05:00|MS|163.0|ELDORADO|Desobediência às normas de trânsito pelo condutor|Colisão frontal|Sem Vítimas|Anoitecer|Céu Claro|2|0|0|0
261247|2020-01-06|segunda-feira|19:00:00|PR|376.0|TIBAGI|Falta de Atenção à Condução|Queda de ocupante de veículo|Com Vítimas Feridas|Anoitecer|Céu Claro|1|0|1|0
261248|2020-01-06|segunda-feira|16:55:00|MS|163.0|ITAQUIRAI|Defeito Mecânico no Veículo|Saída de leito carroçável|Com Vítimas Feridas|Pleno dia|Céu Claro|2|0|1|0
261249|2020-01-06|segunda-feira|18:30:00|PR|153.0|JACAREZINHO|Falta de Atenção à Condução|Colisão traseira|Com Vítimas Feridas|Pleno dia|Céu Claro|3|0|1|1
261250|2020-01-06|segunda-feira|19:50:00|PE|232.0|BEZERROS|Objeto estático sobre o leito carroçável|Colisão com objeto estático|Com Vítimas Feridas|Plena Noite|Céu Claro|4|0|2|0
261251|2020-01-06|segunda-feira|11:20:00|AM|174.0|PRESIDENTE FIGUEIREDO|Ingestão de Álcool|Queda de ocupante de veículo|Com Vítimas Feridas|Pleno dia|Céu Claro|2|0|2|0
261252|2020-01-06|segunda-feira|11:55:00|RJ|116.0|SAPUCAIA|Defeito Mecânico no Veículo|Colisão frontal|Com Vítimas Feridas|Pleno dia|Céu Claro|6|0|1|1
261253|2020-01-06|segunda-feira|11:30:00|MA|316.0|CAXIAS|Falta de Atenção à Condução|Colisão traseira|Com Vítimas Feridas|Pleno dia|Céu Claro|2|0|1|0