id|data_inversa|dia_semana|horario|uf|br|municipio|causa_acidente|tipo_acidente|classificacao_acidente|fase_dia|condicao_metereologica|pessoas|mortos|feridos_leves|feridos_graves
261588|2020-01-08|quarta-feira|20:00:00|PR|277.0|MORRETES|Defeito Mecânico no Veículo|Incêndio|Sem Vítimas|Plena Noite|Chuva|1|0|0|0
261589|2020-01-08|quarta-feira|13:30:00|MG|116.0|ITAOBIM|Velocidade Incompatível|Tombamento|Sem Vítimas|Pleno dia|Sol|1|0|0|0
261590|2020-01-08|quarta-feira|20:00:00|MT|364.0|RONDONOPOLIS|Ingestão de Álcool|Colisão traseira|Com Vítimas Feridas|Plena Noite|Céu Claro|2|0|1|0
261591|2020-01-08|quarta-feira|16:30:00|RJ|40.0|PETROPOLIS|Velocidade Incompatível|Tombamento|Com Vítimas Feridas|Pleno dia|Chuva|1|0|1|0
261592|2020-01-08|quarta-feira|21:30:00|PE|101.0|RECIFE|Mal Súbito|Colisão com objeto estático|Com Vítimas Feridas|Plena Noite|Céu Claro|1|0|1|0
261593|2020-01-08|quarta-feira|21:40:00|ES|101.0|SERRA|Falta de Atenção à Condução|Colisão lateral|Com Vítimas Feridas|Plena Noite|Céu Claro|2|0|0|1
261594|2020-01-08|quarta-feira|21:40:00|SP|153.0|SAO JOSE DO RIO PRETO|Objeto estático sobre o leito carroçável|Tombamento|Com Vítimas Feridas|Plena Noite|Chuva|2|0|2|0
261595|2020-01-08|quarta-feira|22:00:00|PE|101.0|RECIFE|Mal Súbito|Saída de leito carroçável|Com Vítimas Feridas|Plena Noite|Céu Claro|1|0|1|0
261597|2020-01-08|quarta-feira|19:30:00|SC|470.0|POUSO REDONDO|Falta de Atenção à Condução|Colisão com objeto estático|Sem Vítimas|Plena Noite|Nublado|1|0|0|0
261598|2020-01-08|quarta-feira|21:25:00|CE|116.0|LIMOEIRO DO NORTE|Animais na Pista|Atropelamento de Animal|Com Vítimas Feridas|Plena Noite|Nublado|1|0|0|1
261600|2020-01-08|quarta-feira|22:15:00|SC|470.0|NAVEGANTES|Restrição de Visibilidade|Atropelamento de Pedestre|Com Vítimas Feridas|Plena Noite|Nublado|2|0|2|0
261601|2020-01-08|quarta-feira|18:00:00|TO|153.0|RIO DOS BOIS|Avarias e/ou desgaste excessivo no pneu|Tombamento|Com Vítimas Feridas|Anoitecer|Sol|1|0|1|0
261602|2020-01-08|quarta-feira|18:30:00|PR|277.0|BALSA NOVA|Defeito Mecânico no Veículo|Incêndio|Sem Vítimas|Plena Noite|Nublado|1|0|0|0
261603|2020-01-08|quarta-feira|19:30:00|RS|290.0|SANTA MARGARIDA DO SUL|Velocidade Incompatível|Colisão com objeto estático|Com Vítimas Feridas|Plena Noite|Céu Claro|1|0|0|1
261604|2020-01-08|quarta-feira|23:35:00|PE|428.0|PETROLINA|Ingestão de álcool e/ou substâncias psicoativas pelo pedestre|Atropelamento de Pedestre|Com Vítimas Feridas|Pleno dia|Céu Claro|2|0|0|1
261605|2020-01-08|quarta-feira|23:00:00|PR|116.0|CAMPINA GRANDE DO SUL|Pista Escorregadia|Saída de leito carroçável|Com Vítimas Feridas|Plena Noite|Garoa/Chuvisco|3|0|2|0
261606|2020-01-08|quarta-feira|23:50:00|CE|222.0|CAUCAIA|Falta de Atenção à Condução|Saída de leito carroçável|Sem Vítimas|Plena Noite|Céu Claro|1|0|0|0
261607|2020-01-09|quinta-feira|00:00:00|PR|369.0|APUCARANA|Ingestão de Álcool|Saída de leito carroçável|Com Vítimas Feridas|Plena Noite|Céu Claro|1|0|1|0
261609|2020-01-09|quinta-feira|00:15:00|RS|287.0|SANTA MARIA|Falta de Atenção à Condução|Colisão com objeto estático|Com Vítimas Feridas|Plena Noite|Céu Claro|1|0|1|0
261610|2020-01-08|quarta-feira|22:30:00|MT|70.0|BARRA DO GARCAS|Animais na Pista|Atropelamento de Animal|Sem Vítimas|Plena Noite|Céu Claro|1|0|0|0
261611|2020-01-08|quarta-feira|16:55:00|MG|116.0|ITAOBIM|Falta de Atenção à Condução|Colisão traseira|Com Vítimas Feridas|Pleno dia|Sol|2|0|1|0
261612|2020-01-09|quinta-feira|01:50:00|SP|116.0|ITAPECERICA DA SERRA|Falta de Atenção do Pedestre|Atropelamento de Pedestre|Com Vítimas Fatais|Plena Noite|Nublado|2|1|0|0
261613|2020-01-09|quinta-feira|01:50:00|PR|376.0|TIJUCAS DO SUL|Falta de Atenção à Condução|Tombamento|Com Vítimas Feridas|Plena Noite|Nublado|2|0|1|0
261614|2020-01-09|quinta-feira|02:30:00|MG|40.0|SETE LAGOAS|Condutor Dormindo|Colisão traseira|Com Vítimas Feridas|Plena Noite|Céu Claro|3|0|1|0
261615|2020-01-09|quinta-feira|03:00:00|MG|40.0|PARAOPEBA|Carga excessiva e/ou mal acondicionada|Derramamento de carga|Sem Vítimas|Plena Noite|Céu Claro|1|0|0|0
261617|2020-01-09|quinta-feira|04:00:00|RS|116.0|CAXIAS DO SUL|Condutor Dormindo|Colisão com objeto estático|Com Vítimas Feridas|Plena Noite|Céu Claro|1|0|1|0
261618|2020-01-09|quinta-feira|04:30:00|RN|304.0|PARNAMIRIM|Desobediência às normas de trânsito pelo condutor|Colisão traseira|Com Vítimas Feridas|Plena Noite|Chuva|2|0|0|1
261619|2020-01-09|quinta-feira|04:10:00|GO|20.0|FORMOSA|Velocidade Incompatível|Tombamento|Com Vítimas Feridas|Plena Noite|Céu Claro|9|0|8|0
261620|2020-01-09|quinta-feira|05:50:00|SC|101.0|NAVEGANTES|Restrição de Visibilidade|Colisão lateral|Com Vítimas Feridas|Pleno dia|Nevoeiro/Neblina|2|0|1|0
261621|2020-01-09|quinta-feira|02:10:00|SP|116.0|CAJATI|Velocidade Incompatível|Colisão com objeto estático|Com Vítimas Feridas|Plena Noite|Chuva|1|0|1|0
261622|2020-01-09|quinta-feira|06:15:00|SC|101.0|PALHOCA|Não guardar distância de segurança|Colisão traseira|Com Vítimas Feridas|Pleno dia|Céu Claro|7|0|5|0
261623|2020-01-09|quinta-feira|05:10:00|MT|364.0|SANTO ANTONIO DO LEVERGER|Falta de Atenção à Condução|Colisão traseira|Sem Vítimas|Amanhecer|Céu Claro|2|0|0|0
261624|2020-01-09|quinta-feira|01:00:00|MG|262.0|BETIM|Velocidade Incompatível|Saída de leito carroçável|Sem Vítimas|Plena Noite|Céu Claro|1|0|0|0
261625|2020-01-09|quinta-feira|07:00:00|DF|70.0|BRASILIA|Ingestão de Álcool|Colisão lateral|Com Vítimas Feridas|Pleno dia|Sol|3|0|1|0
261626|2020-01-07|terça-feira|19:00:00|RS|392.0|SAO SEPE|Defeito Mecânico no Veículo|Saída de leito carroçável|Com Vítimas Feridas|Anoitecer|Céu Claro|2|0|2|0
261627|2020-01-09|quinta-feira|07:00:00|SC|101.0|PALHOCA|Desobediência às normas de trânsito pelo condutor|Colisão traseira|Com Vítimas Feridas|Pleno dia|Sol|2|0|0|1
261628|2020-01-09|quinta-feira|07:15:00|MG|40.0|SETE LAGOAS|Falta de Atenção à Condução|Colisão traseira|Com Vítimas Feridas|Pleno dia|Céu Claro|4|0|3|0
261631|2020-01-09|quinta-feira|07:05:00|PE|101.0|JABOATAO DOS GUARARAPES|Não guardar distância de segurança|Engavetamento|Sem Vítimas|Pleno dia|Nublado|5|0|0|0
261632|2020-01-09|quinta-feira|06:30:00|SC|280.0|CORUPA|Velocidade Incompatível|Saída de leito carroçável|Com Vítimas Feridas|Amanhecer|Nevoeiro/Neblina|2|0|0|1
261633|2020-01-09|quinta-feira|08:00:00|SC|101.0|PALHOCA|Falta de Atenção à Condução|Colisão traseira|Com Vítimas Feridas|Pleno dia|Sol|2|0|1|0
261635|2020-01-09|quinta-feira|08:30:00|PR|272.0|JANIOPOLIS|Falta de Atenção à Condução|Colisão traseira|Sem Vítimas|Pleno dia|Nublado|4|0|0|0
261636|2020-01-09|quinta-feira|06:45:00|RO|364.0|JI-PARANA|Desobediência às normas de trânsito pelo condutor|Colisão transversal|Com Vítimas Feridas|Pleno dia|Nublado|2|0|1|0
261639|2020-01-09|quinta-feira|07:50:00|PR|277.0|BALSA NOVA|Falta de Atenção à Condução|Saída de leito carroçável|Com Vítimas Feridas|Pleno dia|Nublado|1|0|1|0
261640|2020-01-09|quinta-feira|08:25:00|SC|101.0|SAO JOAO DO SUL|Condutor Dormindo|Colisão com objeto estático|Com Vítimas Feridas|Pleno dia|Céu Claro|2|0|2|0
261641|2020-01-09|quinta-feira|07:50:00|GO|60.0|GOIANIA|Defeito Mecânico no Veículo|Queda de ocupante de veículo|Com Vítimas Feridas|Pleno dia|Céu Claro|1|0|1|0
261642|2020-01-09|quinta-feira|07:40:00|MG|381.0|EXTREMA|Velocidade Incompatível|Tombamento|Com Vítimas Feridas|Pleno dia|Nublado|1|0|1|0
261647|2020-01-09|quinta-feira|08:50:00|RJ|116.0|DUQUE DE CAXIAS|Falta de Atenção à Condução|Colisão lateral|Com Vítimas Feridas|Pleno dia|Céu Claro|5|0|1|0
261648|2020-01-09|quinta-feira|07:00:00|RJ|101.0|SAO GONCALO|Falta de Atenção à Condução|Colisão lateral|Com Vítimas Feridas|Pleno dia|Céu Claro|5|0|1|0
261649|2020-01-09|quinta-feira|07:20:00|MG|381.0|NOVA UNIAO|Falta de Atenção à Condução|Colisão lateral|Com Vítimas Feridas|Pleno dia|Céu Claro|2|0|0|1
261650|2020-01-09|quinta-feira|09:20:00|PE|101.0|JABOATAO DOS GUARARAPES|Falta de Atenção à Condução|Colisão lateral|Com Vítimas Feridas|Pleno dia|Céu Claro|2|0|1|0
261652|2020-01-09|quinta-feira|07:30:00|RO|364.0|JI-PARANA|Desobediência às normas de trânsito pelo condutor|Colisão transversal|Com Vítimas Feridas|Pleno dia|Céu Claro|3|0|1|1
261653|2020-01-09|quinta-feira|09:25:00|PB|230.0|JOAO PESSOA|Defeito Mecânico no Veículo|Colisão traseira|Com Vítimas Feridas|Pleno dia|Céu Claro|2|0|0|1
261654|2020-01-09|quinta-feira|08:00:00|AL|101.0|RIO LARGO|Pista Escorregadia|Saída de leito carroçável|Com Vítimas Feridas|Pleno dia|Céu Claro|4|0|2|0
261655|2020-01-09|quinta-feira|10:30:00|GO|153.0|CAMPINORTE|Velocidade Incompatível|Atropelamento de Pedestre|Com Vítimas Feridas|Pleno dia|Céu Claro|2|0|0|1
261656|2020-01-09|quinta-feira|10:00:00|CE|116.0|PACAJUS|Velocidade Incompatível|Capotamento|Com Vítimas Feridas|Pleno dia|Céu Claro|4|0|1|2
261657|2020-01-09|quinta-feira|10:45:00|PR|376.0|APUCARANA|Desobediência às normas de trânsito pelo condutor|Colisão transversal|Sem Vítimas|Pleno dia|Céu Claro|2|0|0|0
261660|2020-01-09|quinta-feira|10:50:00|SP|101.0|UBATUBA|Falta de Atenção à Condução|Colisão traseira|Com Vítimas Feridas|Pleno dia|Nublado|5|0|2|0
261661|2020-01-09|quinta-feira|10:30:00|RS|386.0|POUSO NOVO|Falta de Atenção à Condução|Colisão traseira|Com Vítimas Feridas|Pleno dia|Céu Claro|7|0|1|0
261662|2020-01-08|quarta-feira|15:00:00|PI|135.0|MONTE ALEGRE DO PIAUI|Falta de Atenção do Pedestre|Atropelamento de Pedestre|Com Vítimas Feridas|Pleno dia|Ignorado|2|0|0|1
261663|2020-01-09|quinta-feira|10:45:00|GO|60.0|ANAPOLIS|Desobediência às normas de trânsito pelo condutor|Colisão lateral|Com Vítimas Feridas|Pleno dia|Céu Claro|2|0|1|0
261664|2020-01-09|quinta-feira|10:28:00|SP|153.0|SAO JOSE DO RIO PRETO|Defeito Mecânico no Veículo|Colisão com objeto estático|Com Vítimas Feridas|Pleno dia|Sol|1|0|1|0
261665|2020-01-09|quinta-feira|11:25:00|GO|364.0|MINEIROS|Desobediência às normas de trânsito pelo condutor|Colisão frontal|Com Vítimas Feridas|Pleno dia|Sol|4|0|3|0
261666|2020-01-09|quinta-feira|11:00:00|RS|116.0|SAO LOURENCO DO SUL|Mal Súbito|Tombamento|Com Vítimas Feridas|Pleno dia|Céu Claro|1|0|1|0
261667|2020-01-09|quinta-feira|08:20:00|BA|367.0|PORTO SEGURO|Falta de Atenção à Condução|Colisão transversal|Com Vítimas Feridas|Pleno dia|Céu Claro|3|0|0|1
261668|2020-01-09|quinta-feira|11:35:00|SC|101.0|BIGUACU|Falta de Atenção à Condução|Colisão traseira|Com Vítimas Feridas|Pleno dia|Sol|2|0|1|0
261669|2020-01-09|quinta-feira|11:30:00|PR|376.0|MARINGA|Não guardar distância de segurança|Colisão traseira|Com Vítimas Feridas|Pleno dia|Nublado|2|0|1|0
261670|2020-01-09|quinta-feira|11:55:00|PB|230.0|CAJAZEIRAS|Desobediência às normas de trânsito pelo condutor|Colisão transversal|Com Vítimas Feridas|Pleno dia|Céu Claro|2|0|0|1
261671|2020-01-09|quinta-feira|11:45:00|SP|101.0|UBATUBA|Falta de Atenção à Condução|Colisão lateral|Com Vítimas Feridas|Pleno dia|Sol|4|0|1|0
261672|2020-01-09|quinta-feira|11:30:00|RN|101.0|PARNAMIRIM|Defeito Mecânico no Veículo|Colisão com objeto estático|Sem Vítimas|Pleno dia|Nublado|1|0|0|0
261673|2020-01-09|quinta-feira|11:00:00|RS|101.0|TORRES|Falta de Atenção à Condução|Colisão traseira|Com Vítimas Feridas|Pleno dia|Sol|3|0|2|0
261675|2020-01-09|quinta-feira|12:20:00|TO|153.0|MIRACEMA DO TOCANTINS|Objeto estático sobre o leito carroçável|Colisão frontal|Sem Vítimas|Pleno dia|Garoa/Chuvisco|3|0|0|0
261677|2020-01-09|quinta-feira|10:50:00|MA|222.0|ACAILANDIA|Ingestão de Álcool|Colisão traseira|Com Vítimas Feridas|Pleno dia|Sol|3|0|0|1
261678|2020-01-09|quinta-feira|12:23:00|PR|116.0|MANDIRITUBA|Não guardar distância de segurança|Colisão traseira|Com Vítimas Feridas|Pleno dia|Sol|2|0|1|0
261679|2020-01-09|quinta-feira|11:15:00|MT|364.0|SAO PEDRO DA CIPA|Ultrapassagem Indevida|Colisão frontal|Com Vítimas Feridas|Pleno dia|Céu Claro|2|0|2|0
261680|2020-01-09|quinta-feira|12:40:00|RJ|101.0|CAMPOS DOS GOYTACAZES|Falta de Atenção à Condução|Colisão frontal|Com Vítimas Feridas|Pleno dia|Céu Claro|2|0|1|0
261681|2020-01-09|quinta-feira|10:30:00|BA|101.0|ITABUNA|Velocidade Incompatível|Colisão traseira|Com Vítimas Feridas|Pleno dia|Sol|2|0|0|1
261682|2020-01-09|quinta-feira|12:39:00|PE|232.0|GRAVATA|Falta de Atenção à Condução|Saída de leito carroçável|Sem Vítimas|Pleno dia|Sol|6|0|0|0
261685|2020-01-09|quinta-feira|13:20:00|PR|116.0|MANDIRITUBA|Falta de Atenção à Condução|Queda de ocupante de veículo|Com Vítimas Feridas|Pleno dia|Sol|2|0|2|0
261686|2020-01-09|quinta-feira|11:50:00|GO|364.0|JATAI|Pista Escorregadia|Saída de leito carroçável|Com Vítimas Feridas|Pleno dia|Chuva|5|0|2|0
261687|2020-01-05|domingo|20:30:00|BA|110.0|ALAGOINHAS|Falta de Atenção do Pedestre|Atropelamento de Pedestre|Com Vítimas Fatais|Plena Noite|Céu Claro|2|1|0|0
261688|2020-01-09|quinta-feira|12:10:00|RO|319.0|PORTO VELHO|Não guardar distância de segurança|Colisão traseira|Com Vítimas Feridas|Pleno dia|Céu Claro|3|0|1|0
261689|2020-01-09|quinta-feira|13:40:00|RS|285.0|BOM JESUS|Desobediência às normas de trânsito pelo condutor|Colisão transversal|Com Vítimas Feridas|Pleno dia|Céu Claro|3|0|2|0
261690|2020-01-09|quinta-feira|13:20:00|MG|153.0|MONTE ALEGRE DE MINAS|Velocidade Incompatível|Colisão lateral|Com Vítimas Feridas|Pleno dia|Chuva|4|0|1|0
261692|2020-01-09|quinta-feira|13:45:00|SE|235.0|NOSSA SENHORA DO SOCORRO|Ingestão de Álcool|Colisão traseira|Com Vítimas Feridas|Pleno dia|Céu Claro|2|0|1|0
261693|2020-01-09|quinta-feira|13:50:00|MG|153.0|CANAPOLIS|Velocidade Incompatível|Colisão frontal|Com Vítimas Fatais|Pleno dia|Chuva|6|2|0|2
261694|2020-01-09|quinta-feira|13:01:00|SC|282.0|CAMPOS NOVOS|Ultrapassagem Indevida|Tombamento|Com Vítimas Feridas|Pleno dia|Céu Claro|3|0|1|0
261695|2020-01-09|quinta-feira|10:30:00|MG|381.0|BETIM|Defeito Mecânico no Veículo|Tombamento|Com Vítimas Feridas|Pleno dia|Céu Claro|1|0|1|0
261696|2020-01-09|quinta-feira|11:40:00|SC|101.0|PORTO BELO|Desobediência às normas de trânsito pelo condutor|Colisão lateral|Com Vítimas Feridas|Pleno dia|Céu Claro|3|0|2|0
261697|2020-01-09|quinta-feira|12:20:00|SC|101.0|ITAJAI|Não guardar distância de segurança|Colisão traseira|Com Vítimas Feridas|Pleno dia|Sol|2|0|1|0
261698|2020-01-09|quinta-feira|14:00:00|SC|101.0|SAO JOSE|Falta de Atenção à Condução|Colisão lateral|Com Vítimas Feridas|Pleno dia|Céu Claro|2|0|1|0
261699|2020-01-09|quinta-feira|14:30:00|ES|101.0|GUARAPARI|Falta de Atenção à Condução|Colisão traseira|Com Vítimas Feridas|Pleno dia|Céu Claro|2|0|1|0
261700|2020-01-09|quinta-feira|14:00:00|MG|381.0|OLIVEIRA|Condutor Dormindo|Saída de leito carroçável|Com Vítimas Feridas|Pleno dia|Sol|4|0|1|0
261701|2020-01-09|quinta-feira|14:00:00|PE|428.0|PETROLINA|Desobediência às normas de trânsito pelo condutor|Colisão transversal|Sem Vítimas|Pleno dia|Nublado|3|0|0|0
261702|2020-01-09|quinta-feira|14:00:00|RS|386.0|FAZENDA VILANOVA|Velocidade Incompatível|Tombamento|Com Vítimas Feridas|Pleno dia|Céu Claro|1|0|1|0
261703|2020-01-09|quinta-feira|15:00:00|PE|232.0|RECIFE|Falta de Atenção à Condução|Engavetamento|Sem Vítimas|Pleno dia|Sol|3|0|0|0
261704|2020-01-09|quinta-feira|14:00:00|MT|163.0|RONDONOPOLIS|Falta de Atenção à Condução|Colisão lateral|Com Vítimas Feridas|Pleno dia|Sol|2|0|1|0
261705|2020-01-09|quinta-feira|14:45:00|AP|210.0|MACAPA|Pista Escorregadia|Tombamento|Com Vítimas Feridas|Pleno dia|Chuva|1|0|1|0
261706|2020-01-09|quinta-feira|13:35:00|MT|163.0|NOVA MUTUM|Defeito na Via|Capotamento|Com Vítimas Feridas|Pleno dia|Nublado|1|0|1|0
261707|2020-01-09|quinta-feira|08:00:00|MG|40.0|PARACATU|Condutor Dormindo|Saída de leito carroçável|Com Vítimas Feridas|Pleno dia|Sol|4|0|4|0
261708|2020-01-09|quinta-feira|13:50:00|MT|364.0|RONDONOPOLIS|Defeito Mecânico no Veículo|Incêndio|Sem Vítimas|Pleno dia|Nublado|5|0|0|0
261709|2020-01-09|quinta-feira|15:25:00|SC|280.0|ARAQUARI|Falta de Atenção à Condução|Colisão transversal|Com Vítimas Feridas|Pleno dia|Céu Claro|2|0|0|1
261711|2020-01-09|quinta-feira|15:40:00|MG|40.0|CONTAGEM|Condutor Dormindo|Colisão com objeto estático|Com Vítimas Feridas|Pleno dia|Nublado|1|0|0|1
261715|2020-01-09|quinta-feira|15:40:00|MG|381.0|BETIM|Falta de Atenção à Condução|Colisão traseira|Com Vítimas Feridas|Pleno dia|Céu Claro|2|0|1|0
261717|2020-01-09|quinta-feira|14:00:00|SC|101.0|SANGAO|Falta de Atenção à Condução|Saída de leito carroçável|Sem Vítimas|Pleno dia|Céu Claro|1|0|0|0
261718|2020-01-09|quinta-feira|15:00:00|BA|324.0|CANDEIAS|Velocidade Incompatível|Saída de leito carroçável|Com Vítimas Feridas|Pleno dia|Sol|2|0|2|0
261720|2020-01-09|quinta-feira|16:15:00|PR|476.0|ARAUCARIA|Falta de Atenção à Condução|Colisão traseira|Com Vítimas Feridas|Pleno dia|Céu Claro|2|0|1|0
261721|2020-01-09|quinta-feira|16:05:00|ES|101.0|LINHARES|Falta de Atenção à Condução|Colisão traseira|Com Vítimas Feridas|Pleno dia|Sol|2|0|1|0
261724|2020-01-09|quinta-feira|17:30:00|SP|116.0|SAO PAULO|Não guardar distância de segurança|Colisão traseira|Sem Vítimas|Anoitecer|Nublado|2|0|0|0
261726|2020-01-09|quinta-feira|17:20:00|ES|101.0|SERRA|Falta de Atenção à Condução|Colisão traseira|Com Vítimas Feridas|Pleno dia|Céu Claro|2|0|1|0
261727|2020-01-09|quinta-feira|16:30:00|MT|364.0|CUIABA|Falta de Atenção à Condução|Colisão transversal|Com Vítimas Feridas|Pleno dia|Nublado|2|0|1|0
261728|2020-01-09|quinta-feira|17:20:00|CE|116.0|MILAGRES|Avarias e/ou desgaste excessivo no pneu|Colisão com objeto estático|Com Vítimas Feridas|Anoitecer|Céu Claro|1|0|1|0
261730|2020-01-09|quinta-feira|17:50:00|RS|386.0|SEBERI|Desobediência às normas de trânsito pelo condutor|Colisão transversal|Com Vítimas Feridas|Pleno dia|Céu Claro|2|0|1|1
261731|2020-01-09|quinta-feira|17:20:00|SP|116.0|CAJATI|Pista Escorregadia|Queda de ocupante de veículo|Com Vítimas Feridas|Pleno dia|Garoa/Chuvisco|5|0|1|0
261732|2020-01-09|quinta-feira|18:00:00|SC|101.0|SAO JOSE|Falta de Atenção à Condução|Colisão traseira|Com Vítimas Feridas|Pleno dia|Sol|2|0|1|0
261733|2020-01-09|quinta-feira|17:10:00|SP|116.0|CAJATI|Falta de Atenção à Condução|Colisão com objeto estático|Com Vítimas Feridas|Pleno dia|Céu Claro|1|0|1|0
261734|2020-01-09|quinta-feira|18:00:00|ES|101.0|LINHARES|Desobediência às normas de trânsito pelo condutor|Colisão transversal|Com Vítimas Feridas|Pleno dia|Céu Claro|2|0|1|0
261735|2020-01-09|quinta-feira|18:10:00|PI|343.0|TERESINA|Desobediência às normas de trânsito pelo condutor|Colisão frontal|Com Vítimas Feridas|Plena Noite|Céu Claro|2|0|0|1
261736|2020-01-09|quinta-feira|18:40:00|SC|470.0|NAVEGANTES|Desobediência às normas de trânsito pelo condutor|Colisão lateral|Com Vítimas Feridas|Anoitecer|Céu Claro|2|0|1|0
261737|2020-01-09|quinta-feira|16:00:00|SP|116.0|BARRA DO TURVO|Velocidade Incompatível|Saída de leito carroçável|Com Vítimas Fatais|Pleno dia|Chuva|1|1|0|0
261738|2020-01-09|quinta-feira|18:30:00|SE|101.0|SAO CRISTOVAO|Animais na Pista|Atropelamento de Animal|Com Vítimas Feridas|Plena Noite|Céu Claro|1|0|1|0
261739|2020-01-09|quinta-feira|17:55:00|PR|116.0|CAMPINA GRANDE DO SUL|Pista Escorregadia|Capotamento|Com Vítimas Feridas|Pleno dia|Chuva|1|0|1|0
261740|2020-01-09|quinta-feira|18:30:00|PE|101.0|RECIFE|Ingestão de Álcool|Atropelamento de Pedestre|Com Vítimas Feridas|Plena Noite|Nublado|3|0|0|1
261741|2020-01-09|quinta-feira|17:30:00|PB|101.0|MAMANGUAPE|Defeito Mecânico no Veículo|Tombamento|Com Vítimas Feridas|Anoitecer|Céu Claro|2|0|1|1
261742|2020-01-09|quinta-feira|18:23:00|SP|153.0|SAO JOSE DO RIO PRETO|Pista Escorregadia|Tombamento|Com Vítimas Feridas|Anoitecer|Chuva|1|0|1|0
261743|2020-01-09|quinta-feira|18:10:00|CE|116.0|FORTALEZA|Falta de Atenção à Condução|Colisão traseira|Com Vítimas Feridas|Anoitecer|Nublado|2|0|1|0
261744|2020-01-09|quinta-feira|15:50:00|MG|116.0|MURIAE|Velocidade Incompatível|Colisão frontal|Com Vítimas Feridas|Pleno dia|Chuva|5|0|5|0
261745|2020-01-09|quinta-feira|18:00:00|MG|40.0|SETE LAGOAS|Fenômenos da Natureza|Saída de leito carroçável|Com Vítimas Feridas|Plena Noite|Chuva|1|0|1|0
261746|2020-01-09|quinta-feira|18:30:00|ES|101.0|SERRA|Desobediência às normas de trânsito pelo pedestre|Atropelamento de Pedestre|Com Vítimas Feridas|Anoitecer|Céu Claro|2|0|1|0
261747|2020-01-09|quinta-feira|18:00:00|PI|343.0|FLORIANO|Falta de Atenção à Condução|Saída de leito carroçável|Com Vítimas Feridas|Pleno dia|Sol|4|0|1|0
261748|2020-01-09|quinta-feira|17:40:00|PE|423.0|CACHOEIRINHA|Desobediência às normas de trânsito pelo condutor|Colisão frontal|Com Vítimas Feridas|Anoitecer|Céu Claro|5|0|1|1
261749|2020-01-09|quinta-feira|18:30:00|RJ|465.0|SEROPEDICA|Desobediência às normas de trânsito pelo condutor|Colisão transversal|Com Vítimas Feridas|Plena Noite|Céu Claro|3|0|1|0
261750|2020-01-09|quinta-feira|17:00:00|PR|277.0|CURITIBA|Fenômenos da Natureza|Queda de ocupante de veículo|Com Vítimas Feridas|Pleno dia|Chuva|2|0|1|0
261751|2020-01-09|quinta-feira|18:40:00|MG|381.0|TRES CORACOES|Velocidade Incompatível|Capotamento|Com Vítimas Feridas|Plena Noite|Chuva|2|0|2|0
261752|2020-01-09|quinta-feira|15:00:00|MG|267.0|GUARARA|Desobediência às normas de trânsito pelo condutor|Saída de leito carroçável|Com Vítimas Feridas|Pleno dia|Céu Claro|1|0|1|0
261753|2020-01-09|quinta-feira|18:42:00|MG|40.0|CONTAGEM|Falta de Atenção à Condução|Colisão lateral|Com Vítimas Feridas|Plena Noite|Chuva|2|0|0|1
261754|2020-01-07|terça-feira|19:00:00|GO|153.0|GOIANIA|Avarias e/ou desgaste excessivo no pneu|Colisão com objeto estático|Com Vítimas Feridas|Plena Noite|Céu Claro|1|0|1|0
261756|2020-01-09|quinta-feira|16:45:00|MG|381.0|ITATIAIUCU|Velocidade Incompatível|Saída de leito carroçável|Com Vítimas Feridas|Pleno dia|Chuva|3|0|1|0
261758|2020-01-09|quinta-feira|16:45:00|MG|381.0|ITATIAIUCU|Velocidade Incompatível|Saída de leito carroçável|Sem Vítimas|Pleno dia|Chuva|1|0|0|0
261759|2020-01-09|quinta-feira|16:30:00|MG|251.0|FRANCISCO SA|Falta de Atenção à Condução|Colisão lateral|Sem Vítimas|Pleno dia|Céu Claro|6|0|0|0
261760|2020-01-09|quinta-feira|20:35:00|SP|101.0|UBATUBA|Não guardar distância de segurança|Colisão traseira|Com Vítimas Feridas|Plena Noite|Céu Claro|2|0|1|0
261761|2020-01-09|quinta-feira|20:15:00|TO|153.0|FATIMA|Falta de Atenção à Condução|Colisão traseira|Com Vítimas Feridas|Plena Noite|Céu Claro|2|0|0|1
261763|2020-01-09|quinta-feira|19:00:00|PE|232.0|MORENO|Objeto estático sobre o leito carroçável|Colisão com objeto estático|Com Vítimas Feridas|Plena Noite|Céu Claro|2|0|0|2
261764|2020-01-09|quinta-feira|20:14:00|MG|153.0|FRUTAL|Ingestão de álcool e/ou substâncias psicoativas pelo pedestre|Colisão com objeto estático|Com Vítimas Feridas|Plena Noite|Chuva|1|0|1|0
261765|2020-01-09|quinta-feira|20:15:00|GO|158.0|JATAI|Desobediência às normas de trânsito pelo condutor|Colisão transversal|Com Vítimas Feridas|Plena Noite|Céu Claro|3|0|1|0
261766|2020-01-09|quinta-feira|20:50:00|DF|20.0|BRASILIA|Ingestão de Álcool|Saída de leito carroçável|Com Vítimas Feridas|Plena Noite|Nublado|1|0|1|0
261767|2020-01-09|quinta-feira|20:30:00|SC|101.0|SAO JOSE|Defeito Mecânico no Veículo|Queda de ocupante de veículo|Com Vítimas Feridas|Plena Noite|Céu Claro|2|0|2|0
261768|2020-01-09|quinta-feira|16:00:00|MS|163.0|ITAQUIRAI|Defeito Mecânico no Veículo|Incêndio|Sem Vítimas|Pleno dia|Céu Claro|1|0|0|0