id|data_inversa|dia_semana|horario|uf|br|municipio|causa_acidente|tipo_acidente|classificacao_acidente|fase_dia|condicao_metereologica|pessoas|mortos|feridos_leves|feridos_graves
261769|2020-01-09|quinta-feira|20:00:00|TO||PARAISO DO TOCANTINS|Restrição de Visibilidade|Capotamento|Com Vítimas Feridas|Plena Noite|Nublado|4|0|1|0
261770|2020-01-09|quinta-feira|18:45:00|CE|116.0|RUSSAS|Desobediência às normas de trânsito pelo condutor|Colisão frontal|Com Vítimas Feridas|Plena Noite|Garoa/Chuvisco|3|0|2|0
261771|2020-01-09|quinta-feira|20:30:00|RS||LAJEADO|Restrição de Visibilidade|Colisão lateral|Sem Vítimas|Plena Noite|Chuva|6|0|0|0
261772|2020-01-09|quinta-feira|21:10:00|RS|471.0|SANTA VITORIA DO PALMAR|Restrição de Visibilidade|Colisão transversal|Com Vítimas Feridas|Plena Noite|Garoa/Chuvisco|2|0|1|0
261773|2020-01-09|quinta-feira|20:30:00|SC|101.0|ITAJAI|Falta de Atenção à Condução|Colisão traseira|Com Vítimas Feridas|Plena Noite|Céu Claro|3|0|1|1
261774|2020-01-09|quinta-feira|20:55:00|RN|101.0|NATAL|Desobediência às normas de trânsito pelo condutor|Colisão transversal|Com Vítimas Feridas|Plena Noite|Ignorado|3|0|1|0
261775|2020-01-09|quinta-feira|15:25:00|MG|381.0|ANTONIO DIAS|Falta de Atenção à Condução|Colisão com objeto estático|Com Vítimas Feridas|Pleno dia|Céu Claro|1|0|1|0
261776|2020-01-09|quinta-feira|17:20:00|MG|116.0|TEOFILO OTONI|Agressão Externa|Tombamento|Sem Vítimas|Pleno dia|Céu Claro|1|0|0|0
261777|2020-01-09|quinta-feira|20:39:00|MG|381.0|TRES CORACOES|Falta de Atenção à Condução|Colisão lateral|Com Vítimas Feridas|Plena Noite|Nublado|3|0|1|0
261778|2020-01-09|quinta-feira|21:50:00|DF|80.0|BRASILIA|Ingestão de Álcool|Colisão traseira|Sem Vítimas|Plena Noite|Céu Claro|2|0|0|0
261779|2020-01-09|quinta-feira|22:20:00|ES|101.0|SAO MATEUS|Desobediência às normas de trânsito pelo condutor|Colisão frontal|Com Vítimas Fatais|Plena Noite|Céu Claro|2|1|0|1
261780|2020-01-09|quinta-feira|21:30:00|MG|40.0|RIBEIRAO DAS NEVES|Falta de Atenção à Condução|Saída de leito carroçável|Com Vítimas Feridas|Plena Noite|Chuva|2|0|2|0
261781|2020-01-09|quinta-feira|21:30:00|MA|316.0|BELA VISTA DO MARANHAO|Falta de Atenção à Condução|Colisão traseira|Com Vítimas Feridas|Plena Noite|Chuva|3|0|0|3
261782|2020-01-09|quinta-feira|19:20:00|BA|116.0|VITORIA DA CONQUISTA|Ingestão de álcool e/ou substâncias psicoativas pelo pedestre|Saída de leito carroçável|Sem Vítimas|Plena Noite|Céu Claro|1|0|0|0
261783|2020-01-09|quinta-feira|21:45:00|PB|230.0|CABEDELO|Falta de Atenção à Condução|Queda de ocupante de veículo|Com Vítimas Feridas|Plena Noite|Céu Claro|1|0|1|0
261784|2020-01-09|quinta-feira|22:10:00|GO|153.0|GOIANIA|Falta de Atenção à Condução|Colisão com objeto estático|Com Vítimas Feridas|Plena Noite|Nublado|2|0|1|0
261785|2020-01-09|quinta-feira|21:00:00|PR|277.0|MATELANDIA|Mal Súbito|Queda de ocupante de veículo|Com Vítimas Feridas|Plena Noite|Céu Claro|1|0|1|0
261786|2020-01-09|quinta-feira|22:27:00|PR|158.0|PATO BRANCO|Agressão Externa|Colisão traseira|Sem Vítimas|Plena Noite|Nublado|3|0|0|0
261787|2020-01-09|quinta-feira|21:00:00|SP|381.0|ATIBAIA|Falta de Atenção do Pedestre|Atropelamento de Pedestre|Com Vítimas Fatais|Plena Noite|Céu Claro|2|1|0|0
261788|2020-01-09|quinta-feira|21:50:00|GO|60.0|ALEXANIA|Falta de Atenção à Condução|Colisão traseira|Sem Vítimas|Plena Noite|Nublado|2|0|0|0
261789|2020-01-09|quinta-feira|22:30:00|ES|101.0|CACHOEIRO DE ITAPEMIRIM|Falta de Atenção à Condução|Saída de leito carroçável|Com Vítimas Feridas|Plena Noite|Céu Claro|1|0|0|1
261791|2020-01-09|quinta-feira|22:40:00|DF|70.0|BRASILIA|Ingestão de Álcool|Colisão lateral|Sem Vítimas|Plena Noite|Céu Claro|2|0|0|0
261792|2020-01-09|quinta-feira|21:45:00|GO|153.0|APARECIDA DE GOIANIA|Falta de Atenção à Condução|Colisão traseira|Com Vítimas Feridas|Plena Noite|Ignorado|2|0|0|1
261795|2020-01-09|quinta-feira|23:00:00|SP|381.0|GUARULHOS|Falta de Atenção à Condução|Colisão com objeto em movimento|Com Vítimas Feridas|Plena Noite|Céu Claro|2|0|1|0
261796|2020-01-09|quinta-feira|22:00:00|RN|101.0|CANGUARETAMA|Desobediência às normas de trânsito pelo condutor|Capotamento|Com Vítimas Feridas|Plena Noite|Nublado|1|0|0|1
261797|2020-01-09|quinta-feira|23:00:00|SP|116.0|TABOAO DA SERRA|Falta de Atenção à Condução|Queda de ocupante de veículo|Com Vítimas Feridas|Plena Noite|Nublado|1|0|1|0
261798|2020-01-09|quinta-feira|23:00:00|MG|381.0|OLIVEIRA|Velocidade Incompatível|Colisão com objeto estático|Com Vítimas Feridas|Plena Noite|Céu Claro|1|0|1|0
261799|2020-01-10|sexta-feira|00:05:00|SP|116.0|GUARULHOS|Defeito Mecânico no Veículo|Incêndio|Sem Vítimas|Plena Noite|Céu Claro|1|0|0|0
261800|2020-01-09|quinta-feira|22:40:00|RJ|40.0|PETROPOLIS|Agressão Externa|Colisão com objeto estático|Com Vítimas Feridas|Plena Noite|Céu Claro|1|0|1|0
261801|2020-01-09|quinta-feira|23:30:00|CE|116.0|ITAITINGA|Animais na Pista|Atropelamento de Animal|Com Vítimas Feridas|Plena Noite|Céu Claro|1|0|1|0
261802|2020-01-09|quinta-feira|22:50:00|PR|277.0|SANTA TEREZA DO OESTE|Falta de Atenção à Condução|Colisão traseira|Com Vítimas Feridas|Plena Noite|Céu Claro|2|0|1|0
261803|2020-01-10|sexta-feira|00:30:00|RJ|101.0|CAMPOS DOS GOYTACAZES|Defeito na Via|Queda de ocupante de veículo|Com Vítimas Feridas|Plena Noite|Céu Claro|1|0|1|0
261804|2020-01-09|quinta-feira|23:40:00|PR|277.0|SAO JOSE DOS PINHAIS|Falta de Atenção à Condução|Queda de ocupante de veículo|Com Vítimas Feridas|Plena Noite|Nublado|1|0|1|0
261805|2020-01-09|quinta-feira|22:30:00|RJ|101.0|ANGRA DOS REIS|Ultrapassagem Indevida|Colisão frontal|Com Vítimas Feridas|Plena Noite|Céu Claro|2|0|2|0
261806|2020-01-10|sexta-feira|01:00:00|PE|101.0|ABREU E LIMA|Animais na Pista|Atropelamento de Animal|Sem Vítimas|Plena Noite|Céu Claro|2|0|0|0
261807|2020-01-09|quinta-feira|21:30:00|PR|163.0|SANTO ANTONIO DO SUDOESTE|Ingestão de Álcool|Saída de leito carroçável|Com Vítimas Feridas|Plena Noite|Nublado|3|0|1|0
261808|2020-01-10|sexta-feira|01:30:00|MG|262.0|SAO DOMINGOS DO PRATA|Velocidade Incompatível|Tombamento|Com Vítimas Fatais|Plena Noite|Céu Claro|2|1|0|1
261809|2020-01-09|quinta-feira|23:30:00|RJ|101.0|SAO GONCALO|Agressão Externa|Colisão com objeto estático|Com Vítimas Feridas|Plena Noite|Céu Claro|2|0|0|1
261810|2020-01-10|sexta-feira|00:07:00|RJ|101.0|SAO GONCALO|Falta de Atenção do Pedestre|Atropelamento de Pedestre|Com Vítimas Fatais|Plena Noite|Céu Claro|2|1|0|0
261811|2020-01-10|sexta-feira|01:10:00|RO|319.0|PORTO VELHO|Falta de Atenção à Condução|Colisão com objeto estático|Com Vítimas Feridas|Plena Noite|Nublado|1|0|1|0
261812|2020-01-10|sexta-feira|02:30:00|PR|277.0|SAO MIGUEL DO IGUACU|Falta de Atenção à Condução|Colisão com objeto estático|Com Vítimas Feridas|Plena Noite|Céu Claro|3|0|1|0
261813|2020-01-10|sexta-feira|03:00:00|BA|116.0|VITORIA DA CONQUISTA|Condutor Dormindo|Saída de leito carroçável|Sem Vítimas|Plena Noite|Céu Claro|1|0|0|0
261814|2020-01-10|sexta-feira|03:00:00|SC|116.0|LAGES|Falta de Atenção à Condução|Colisão traseira|Com Vítimas Feridas|Plena Noite|Céu Claro|3|0|1|0
261815|2020-01-09|quinta-feira|23:30:00|RS|285.0|VACARIA|Pista Escorregadia|Saída de leito carroçável|Com Vítimas Feridas|Plena Noite|Chuva|2|0|0|1
261817|2020-01-10|sexta-feira|04:05:00|GO|20.0|FORMOSA|Animais na Pista|Atropelamento de Animal|Sem Vítimas|Plena Noite|Céu Claro|1|0|0|0
261818|2020-01-10|sexta-feira|03:50:00|SC|280.0|GUARAMIRIM|Falta de Atenção à Condução|Saída de leito carroçável|Com Vítimas Feridas|Plena Noite|Céu Claro|2|0|0|1
261820|2020-01-10|sexta-feira|04:50:00|SP|116.0|EMBU DAS ARTES|Ingestão de Álcool|Saída de leito carroçável|Sem Vítimas|Amanhecer|Ignorado|1|0|0|0
261821|2020-01-09|quinta-feira|13:00:00|PA|230.0|MARABA|Animais na Pista|Colisão traseira|Sem Vítimas|Pleno dia|Céu Claro|4|0|0|0
261822|2020-01-10|sexta-feira|05:00:00|SP|153.0|GETULINA|Ingestão de Álcool|Saída de leito carroçável|Sem Vítimas|Plena Noite|Nublado|1|0|0|0
261823|2020-01-10|sexta-feira|05:30:00|GO|153.0|APARECIDA DE GOIANIA|Falta de Atenção à Condução|Colisão traseira|Com Vítimas Feridas|Amanhecer|Nublado|1|0|1|0
261824|2020-01-10|sexta-feira|06:10:00|GO|60.0|INDIARA|Falta de Atenção à Condução|Colisão transversal|Com Vítimas Fatais|Pleno dia|Céu Claro|3|2|0|0
261825|2020-01-10|sexta-feira|05:40:00|SP|116.0|CACHOEIRA PAULISTA|Falta de Atenção à Condução|Tombamento|Sem Vítimas|Amanhecer|Nublado|1|0|0|0
261826|2020-01-09|quinta-feira|22:30:00|PA|230.0|MARABA|Desobediência às normas de trânsito pelo condutor|Colisão transversal|Com Vítimas Feridas|Plena Noite|Nublado|3|0|3|0
261827|2020-01-10|sexta-feira|02:50:00|PR|373.0|PRUDENTOPOLIS|Ingestão de Álcool|Saída de leito carroçável|Sem Vítimas|Plena Noite|Céu Claro|1|0|0|0
261828|2020-01-09|quinta-feira|18:40:00|MT|174.0|PORTO ESPERIDIAO|Não guardar distância de segurança|Colisão lateral|Sem Vítimas|Anoitecer|Céu Claro|2|0|0|0
261829|2020-01-10|sexta-feira|05:30:00|SC|282.0|PONTE SERRADA|Falta de Atenção à Condução|Colisão lateral|Com Vítimas Feridas|Amanhecer|Céu Claro|3|0|1|0
261830|2020-01-10|sexta-feira|06:25:00|SC|282.0|AGUAS MORNAS|Falta de Atenção à Condução|Colisão transversal|Com Vítimas Feridas|Pleno dia|Céu Claro|2|0|1|0
261831|2020-01-10|sexta-feira|07:00:00|DF|20.0|BRASILIA|Não guardar distância de segurança|Engavetamento|Com Vítimas Feridas|Pleno dia|Céu Claro|8|0|1|0
261832|2020-01-10|sexta-feira|06:40:00|PR|116.0|CURITIBA|Falta de Atenção à Condução|Colisão lateral|Com Vítimas Feridas|Pleno dia|Nublado|2|0|1|0
261833|2020-01-10|sexta-feira|06:20:00|MA|316.0|SANTA INES|Ingestão de Álcool|Colisão lateral|Com Vítimas Feridas|Pleno dia|Sol|3|0|1|0
261835|2020-01-10|sexta-feira|07:00:00|ES|101.0|LINHARES|Falta de Atenção à Condução|Colisão frontal|Com Vítimas Feridas|Pleno dia|Sol|2|0|1|0
261836|2020-01-10|sexta-feira|07:15:00|RS|290.0|PORTO ALEGRE|Falta de Atenção à Condução|Colisão traseira|Com Vítimas Feridas|Pleno dia|Céu Claro|3|0|1|0
261837|2020-01-10|sexta-feira|06:10:00|MG|354.0|CAXAMBU|Velocidade Incompatível|Tombamento|Com Vítimas Feridas|Pleno dia|Céu Claro|1|0|1|0
261838|2020-01-10|sexta-feira|06:30:00|MT|364.0|RONDONOPOLIS|Falta de Atenção à Condução|Colisão traseira|Com Vítimas Feridas|Pleno dia|Céu Claro|2|0|1|0
261839|2020-01-10|sexta-feira|07:25:00|SE|235.0|NOSSA SENHORA DO SOCORRO|Animais na Pista|Tombamento|Com Vítimas Feridas|Pleno dia|Céu Claro|1|0|1|0
261842|2020-01-10|sexta-feira|07:10:00|BA|242.0|RAFAEL JAMBEIRO|Falta de Atenção à Condução|Tombamento|Com Vítimas Feridas|Pleno dia|Céu Claro|1|0|0|1
261843|2020-01-10|sexta-feira|07:40:00|SP|116.0|GUARULHOS|Desobediência às normas de trânsito pelo condutor|Colisão traseira|Com Vítimas Feridas|Pleno dia|Nublado|2|0|1|0
261844|2020-01-10|sexta-feira|07:45:00|SP|116.0|CAJATI|Falta de Atenção à Condução|Saída de leito carroçável|Com Vítimas Feridas|Pleno dia|Céu Claro|3|0|1|0
261845|2020-01-10|sexta-feira|03:30:00|BA|324.0|FEIRA DE SANTANA|Desobediência às normas de trânsito pelo condutor|Colisão lateral|Com Vítimas Feridas|Plena Noite|Céu Claro|3|0|2|0
261846|2020-01-10|sexta-feira|07:30:00|MG|381.0|CAMANDUCAIA|Falta de Atenção à Condução|Capotamento|Com Vítimas Feridas|Pleno dia|Nublado|1|0|1|0
261847|2020-01-10|sexta-feira|08:00:00|CE|116.0|EUSEBIO|Pista Escorregadia|Tombamento|Com Vítimas Feridas|Pleno dia|Chuva|2|0|1|0
261849|2020-01-10|sexta-feira|08:20:00|SP|153.0|SAO JOSE DO RIO PRETO|Defeito na Via|Tombamento|Com Vítimas Feridas|Pleno dia|Céu Claro|1|0|1|0
261850|2020-01-10|sexta-feira|07:40:00|PI|343.0|TERESINA|Desobediência às normas de trânsito pelo condutor|Colisão lateral|Com Vítimas Feridas|Pleno dia|Sol|2|0|1|0
261851|2020-01-10|sexta-feira|08:00:00|PB|101.0|BAYEUX|Falta de Atenção à Condução|Queda de ocupante de veículo|Com Vítimas Feridas|Pleno dia|Céu Claro|1|0|1|0
261852|2020-01-10|sexta-feira|08:00:00|ES|101.0|SERRA|Falta de Atenção à Condução|Colisão traseira|Com Vítimas Feridas|Pleno dia|Céu Claro|6|0|1|0
261853|2020-01-10|sexta-feira|07:45:00|PR|376.0|CURITIBA|Não guardar distância de segurança|Colisão traseira|Com Vítimas Feridas|Pleno dia|Céu Claro|2|0|1|0
261855|2020-01-10|sexta-feira|08:45:00|PR|376.0|MARINGA|Falta de Atenção à Condução|Atropelamento de Pedestre|Com Vítimas Feridas|Pleno dia|Nublado|2|0|1|0
261856|2020-01-10|sexta-feira|08:50:00|PB|230.0|JOAO PESSOA|Falta de Atenção do Pedestre|Atropelamento de Pedestre|Com Vítimas Feridas|Pleno dia|Sol|3|0|0|1
261858|2020-01-10|sexta-feira|07:50:00|SC|280.0|MAFRA|Velocidade Incompatível|Saída de leito carroçável|Com Vítimas Feridas|Pleno dia|Céu Claro|3|0|3|0
261859|2020-01-10|sexta-feira|07:15:00|PR|277.0|FOZ DO IGUACU|Falta de Atenção à Condução|Saída de leito carroçável|Com Vítimas Feridas|Pleno dia|Céu Claro|1|0|1|0
261860|2020-01-10|sexta-feira|07:00:00|MG|40.0|RIBEIRAO DAS NEVES|Falta de Atenção à Condução|Tombamento|Com Vítimas Feridas|Pleno dia|Céu Claro|1|0|1|0
261861|2020-01-06|segunda-feira|14:55:00|GO|50.0|CATALAO|Pista Escorregadia|Saída de leito carroçável|Com Vítimas Feridas|Pleno dia|Chuva|2|0|1|0
261862|2020-01-05|domingo|16:30:00|BA|242.0|SEABRA|Objeto estático sobre o leito carroçável|Colisão com objeto estático|Com Vítimas Feridas|Pleno dia|Chuva|1|0|0|1
261863|2020-01-10|sexta-feira|09:10:00|SC|101.0|SAO JOSE|Falta de Atenção à Condução|Colisão traseira|Sem Vítimas|Pleno dia|Céu Claro|2|0|0|0
261864|2020-01-10|sexta-feira|05:45:00|RJ|40.0|RIO DE JANEIRO|Carga excessiva e/ou mal acondicionada|Tombamento|Sem Vítimas|Amanhecer|Céu Claro|1|0|0|0
261865|2020-01-10|sexta-feira|09:40:00|PE|104.0|CARUARU|Desobediência às normas de trânsito pelo condutor|Saída de leito carroçável|Com Vítimas Feridas|Pleno dia|Nublado|1|0|1|0
261868|2020-01-10|sexta-feira|08:00:00|RJ|101.0|SAO GONCALO|Avarias e/ou desgaste excessivo no pneu|Queda de ocupante de veículo|Com Vítimas Feridas|Pleno dia|Céu Claro|2|0|2|0
261869|2020-01-10|sexta-feira|07:30:00|MA|316.0|PIO XII|Defeito na Via|Colisão frontal|Com Vítimas Feridas|Pleno dia|Nublado|2|0|0|1
261870|2020-01-10|sexta-feira|08:55:00|RJ|116.0|NOVA IGUACU|Defeito Mecânico no Veículo|Incêndio|Sem Vítimas|Pleno dia|Céu Claro|1|0|0|0
261871|2020-01-10|sexta-feira|09:50:00|MG|40.0|BARBACENA|Condutor Dormindo|Saída de leito carroçável|Com Vítimas Feridas|Pleno dia|Céu Claro|3|0|2|0
261872|2020-01-10|sexta-feira|10:15:00|SP|101.0|UBATUBA|Condutor Dormindo|Colisão traseira|Com Vítimas Feridas|Pleno dia|Céu Claro|4|0|2|0
261874|2020-01-10|sexta-feira|10:20:00|SC|101.0|SAO JOSE|Falta de Atenção à Condução|Colisão lateral|Com Vítimas Feridas|Pleno dia|Céu Claro|2|0|1|0
261875|2020-01-10|sexta-feira|09:40:00|BA|116.0|VITORIA DA CONQUISTA|Desobediência às normas de trânsito pelo condutor|Colisão transversal|Com Vítimas Fatais|Pleno dia|Céu Claro|4|1|0|2
261876|2020-01-10|sexta-feira|08:00:00|AP|156.0|OIAPOQUE|Falta de Atenção à Condução|Colisão transversal|Com Vítimas Feridas|Pleno dia|Sol|3|0|2|0
261877|2020-01-10|sexta-feira|10:05:00|SC|101.0|ITAJAI|Não guardar distância de segurança|Engavetamento|Com Vítimas Feridas|Pleno dia|Nublado|4|0|1|0
261878|2020-01-10|sexta-feira|08:00:00|BA|101.0|MUCURI|Falta de Atenção à Condução|Engavetamento|Com Vítimas Feridas|Pleno dia|Céu Claro|6|0|0|1
261879|2020-01-10|sexta-feira|10:45:00|MG|40.0|RIBEIRAO DAS NEVES|Não guardar distância de segurança|Colisão traseira|Com Vítimas Feridas|Pleno dia|Céu Claro|2|0|1|0
261880|2020-01-10|sexta-feira|10:40:00|PE|101.0|RIBEIRAO|Velocidade Incompatível|Capotamento|Com Vítimas Feridas|Pleno dia|Céu Claro|2|0|1|1
261881|2020-01-10|sexta-feira|11:00:00|BA||SALVADOR|Falta de Atenção à Condução|Colisão traseira|Sem Vítimas|Pleno dia|Céu Claro|2|0|0|0
261882|2020-01-10|sexta-feira|06:00:00|MT|163.0|SORRISO|Defeito Mecânico no Veículo|Incêndio|Sem Vítimas|Pleno dia|Céu Claro|1|0|0|0
261883|2020-01-10|sexta-feira|11:05:00|PE|232.0|RECIFE|Falta de Atenção à Condução|Colisão lateral|Sem Vítimas|Pleno dia|Céu Claro|3|0|0|0
261884|2020-01-10|sexta-feira|10:50:00|MG|40.0|RIBEIRAO DAS NEVES|Falta de Atenção à Condução|Colisão transversal|Com Vítimas Feridas|Pleno dia|Céu Claro|2|0|1|0
261885|2020-01-10|sexta-feira|08:00:00|RO|319.0|PORTO VELHO|Ingestão de Álcool|Saída de leito carroçável|Com Vítimas Feridas|Amanhecer|Sol|1|0|1|0
261887|2020-01-10|sexta-feira|09:50:00|SP|116.0|SAO PAULO|Não guardar distância de segurança|Engavetamento|Com Vítimas Feridas|Pleno dia|Nublado|7|0|2|0
261888|2020-01-10|sexta-feira|11:30:00|SP|116.0|SAO JOSE DOS CAMPOS|Não guardar distância de segurança|Colisão traseira|Com Vítimas Feridas|Pleno dia|Céu Claro|2|0|1|0
261889|2020-01-10|sexta-feira|08:35:00|PI|343.0|CAMPO MAIOR|Ingestão de Álcool|Atropelamento de Pedestre|Com Vítimas Feridas|Pleno dia|Céu Claro|2|0|2|0
261891|2020-01-10|sexta-feira|12:00:00|PR|476.0|CURITIBA|Desobediência às normas de trânsito pelo pedestre|Atropelamento de Pedestre|Com Vítimas Feridas|Pleno dia|Céu Claro|2|0|0|1
261892|2020-01-10|sexta-feira|12:25:00|SP|101.0|UBATUBA|Falta de Atenção à Condução|Colisão transversal|Com Vítimas Feridas|Pleno dia|Céu Claro|2|0|0|1
261893|2020-01-10|sexta-feira|10:08:00|MT|70.0|BARRA DO GARCAS|Falta de Atenção à Condução|Colisão lateral|Com Vítimas Feridas|Pleno dia|Céu Claro|2|0|1|0
261894|2020-01-10|sexta-feira|13:11:00|RJ|101.0|NITEROI|Não guardar distância de segurança|Colisão traseira|Com Vítimas Feridas|Pleno dia|Sol|3|0|0|1
261895|2020-01-10|sexta-feira|12:10:00|MT|163.0|SINOP|Desobediência às normas de trânsito pelo condutor|Colisão lateral|Com Vítimas Feridas|Pleno dia|Céu Claro|2|0|1|0
261897|2020-01-10|sexta-feira|13:20:00|CE|222.0|CAUCAIA|Falta de Atenção à Condução|Colisão transversal|Com Vítimas Feridas|Pleno dia|Nublado|4|0|2|0
261898|2020-01-10|sexta-feira|13:20:00|RJ|493.0|SEROPEDICA|Velocidade Incompatível|Capotamento|Com Vítimas Feridas|Pleno dia|Céu Claro|1|0|0|1
261900|2020-01-10|sexta-feira|10:30:00|SC|282.0|PONTE SERRADA|Falta de Atenção à Condução|Saída de leito carroçável|Com Vítimas Feridas|Pleno dia|Garoa/Chuvisco|1|0|1|0
261901|2020-01-10|sexta-feira|13:50:00|RS|116.0|CANOAS|Falta de Atenção à Condução|Colisão com objeto estático|Com Vítimas Feridas|Pleno dia|Céu Claro|1|0|1|0
261902|2020-01-10|sexta-feira|14:00:00|RS|285.0|ENTRE-IJUIS|Falta de Atenção à Condução|Colisão lateral|Com Vítimas Feridas|Pleno dia|Nublado|4|0|2|1
261903|2020-01-10|sexta-feira|13:40:00|RJ|493.0|JAPERI|Condutor Dormindo|Saída de leito carroçável|Com Vítimas Fatais|Pleno dia|Céu Claro|2|1|0|0
261904|2020-01-10|sexta-feira|12:35:00|PI|343.0|CAMPO MAIOR|Avarias e/ou desgaste excessivo no pneu|Saída de leito carroçável|Com Vítimas Feridas|Pleno dia|Chuva|1|0|1|0
261905|2020-01-10|sexta-feira|14:30:00|ES|101.0|SERRA|Desobediência às normas de trânsito pelo condutor|Colisão transversal|Com Vítimas Feridas|Pleno dia|Céu Claro|2|0|1|0
261906|2020-01-10|sexta-feira|14:40:00|SP|116.0|GUARULHOS|Não guardar distância de segurança|Capotamento|Com Vítimas Feridas|Pleno dia|Céu Claro|1|0|1|0
261907|2020-01-10|sexta-feira|14:00:00|MT|163.0|SINOP|Falta de Atenção à Condução|Saída de leito carroçável|Com Vítimas Feridas|Pleno dia|Céu Claro|2|0|2|0
261908|2020-01-10|sexta-feira|14:00:00|MG|381.0|CAMBUI|Ingestão de Álcool|Saída de leito carroçável|Com Vítimas Feridas|Pleno dia|Nublado|1|0|1|0
261910|2020-01-10|sexta-feira|15:15:00|PB|230.0|JOAO PESSOA|Ingestão de Álcool|Queda de ocupante de veículo|Com Vítimas Feridas|Pleno dia|Céu Claro|1|0|1|0
261911|2020-01-10|sexta-feira|15:00:00|SP|116.0|REGISTRO|Defeito Mecânico no Veículo|Colisão traseira|Com Vítimas Feridas|Pleno dia|Céu Claro|3|0|1|0
261914|2020-01-10|sexta-feira|15:00:00|RJ|101.0|CAMPOS DOS GOYTACAZES|Defeito Mecânico no Veículo|Incêndio|Sem Vítimas|Pleno dia|Céu Claro|2|0|0|0
261915|2020-01-10|sexta-feira|10:50:00|PA|155.0|ELDORADO DO CARAJAS|Defeito na Via|Colisão traseira|Sem Vítimas|Pleno dia|Chuva|2|0|0|0
261916|2020-01-10|sexta-feira|15:38:00|GO|414.0|ANAPOLIS|Desobediência às normas de trânsito pelo condutor|Colisão transversal|Com Vítimas Feridas|Pleno dia|Céu Claro|2|0|1|0
261917|2020-01-10|sexta-feira|15:00:00|SP|116.0|GUARULHOS|Não guardar distância de segurança|Colisão traseira|Com Vítimas Feridas|Pleno dia|Sol|2|0|1|0
261918|2020-01-10|sexta-feira|14:50:00|RS|290.0|MINAS DO LEAO|Falta de Atenção à Condução|Colisão frontal|Com Vítimas Fatais|Pleno dia|Chuva|7|3|2|2
261919|2020-01-10|sexta-feira|15:10:00|CE|116.0|JAGUARIBARA|Defeito na Via|Saída de leito carroçável|Com Vítimas Feridas|Pleno dia|Céu Claro|4|0|2|2
261920|2020-01-10|sexta-feira|15:40:00|BA|116.0|JAGUAQUARA|Falta de Atenção do Pedestre|Atropelamento de Pedestre|Com Vítimas Feridas|Pleno dia|Sol|2|0|0|1
261921|2020-01-10|sexta-feira|16:00:00|PE|101.0|RECIFE|Mal Súbito|Tombamento|Com Vítimas Feridas|Pleno dia|Céu Claro|1|0|0|1
261922|2020-01-10|sexta-feira|15:55:00|PB|230.0|JOAO PESSOA|Falta de Atenção à Condução|Colisão traseira|Com Vítimas Feridas|Pleno dia|Céu Claro|5|0|2|0
261923|2020-01-10|sexta-feira|15:20:00|SC|116.0|CORREIA PINTO|Defeito Mecânico no Veículo|Danos eventuais|Com Vítimas Feridas|Pleno dia|Céu Claro|1|0|1|0
261924|2020-01-04|sábado|14:30:00|RR|174.0|RORAINOPOLIS|Mal Súbito|Saída de leito carroçável|Com Vítimas Feridas|Pleno dia|Céu Claro|5|0|2|0
261925|2020-01-10|sexta-feira|15:40:00|RJ|116.0|RIO DE JANEIRO|Não guardar distância de segurança|Colisão lateral|Com Vítimas Fatais|Pleno dia|Sol|4|1|0|0
261926|2020-01-10|sexta-feira|16:40:00|PI|316.0|GEMINIANO|Não guardar distância de segurança|Colisão traseira|Com Vítimas Feridas|Anoitecer|Sol|6|0|3|1
261927|2020-01-10|sexta-feira|16:30:00|MG|365.0|BURITIZEIRO|Condutor Dormindo|Saída de leito carroçável|Com Vítimas Feridas|Pleno dia|Céu Claro|5|0|1|4
261928|2020-01-10|sexta-feira|16:15:00|SP|381.0|ATIBAIA|Falta de Atenção à Condução|Colisão lateral|Com Vítimas Feridas|Pleno dia|Céu Claro|2|0|1|0
261929|2020-01-10|sexta-feira|16:40:00|AL|424.0|MARECHAL DEODORO|Falta de Atenção à Condução|Colisão traseira|Com Vítimas Feridas|Pleno dia|Céu Claro|4|0|1|0
261931|2020-01-10|sexta-feira|15:45:00|MG|459.0|POUSO ALEGRE|Falta de Atenção à Condução|Colisão transversal|Com Vítimas Feridas|Pleno dia|Céu Claro|2|0|1|0
261932|2020-01-10|sexta-feira|16:20:00|SC|101.0|SAO JOSE|Defeito Mecânico no Veículo|Incêndio|Sem Vítimas|Pleno dia|Céu Claro|1|0|0|0
261933|2020-01-10|sexta-feira|17:10:00|ES|101.0|LINHARES|Desobediência às normas de trânsito pelo condutor|Colisão traseira|Com Vítimas Feridas|Pleno dia|Céu Claro|2|0|1|0
261934|2020-01-10|sexta-feira|17:15:00|RS|392.0|SANTA MARIA|Não guardar distância de segurança|Colisão lateral|Com Vítimas Feridas|Pleno dia|Chuva|2|0|1|0
261935|2020-01-10|sexta-feira|17:20:00|SP|116.0|GUARULHOS|Não guardar distância de segurança|Colisão traseira|Sem Vítimas|Pleno dia|Céu Claro|3|0|0|0
261936|2020-01-10|sexta-feira|17:00:00|MG|364.0|PLANURA|Falta de Atenção à Condução|Colisão frontal|Com Vítimas Feridas|Pleno dia|Nublado|4|0|1|0
261937|2020-01-10|sexta-feira|17:35:00|RN|304.0|MOSSORO|Falta de Atenção à Condução|Tombamento|Com Vítimas Feridas|Pleno dia|Céu Claro|2|0|2|0