id|data_inversa|dia_semana|horario|uf|br|municipio|causa_acidente|tipo_acidente|classificacao_acidente|fase_dia|condicao_metereologica|pessoas|mortos|feridos_leves|feridos_graves
262280|2020-01-12|domingo|07:15:00|PR|376.0|TIJUCAS DO SUL|Defeito Mecânico no Veículo|Colisão lateral|Com Vítimas Feridas|Pleno dia|Céu Claro|3|0|1|0
262281|2020-01-12|domingo|02:00:00|BA|110.0|JEREMOABO|Ingestão de álcool e/ou substâncias psicoativas pelo pedestre|Colisão frontal|Com Vítimas Feridas|Plena Noite|Céu Claro|3|0|0|1
262282|2020-01-12|domingo|05:00:00|RS|386.0|SAO JOSE DO HERVAL|Velocidade Incompatível|Saída de leito carroçável|Sem Vítimas|Plena Noite|Céu Claro|1|0|0|0
262283|2020-01-12|domingo|05:59:00|RJ|101.0|SAO GONCALO|Condutor Dormindo|Saída de leito carroçável|Com Vítimas Feridas|Amanhecer|Céu Claro|1|0|1|0
262284|2020-01-12|domingo|06:50:00|RJ|116.0|RIO DE JANEIRO|Falta de Atenção à Condução|Colisão traseira|Com Vítimas Feridas|Amanhecer|Céu Claro|2|0|1|0
262285|2020-01-12|domingo|06:56:00|RJ|116.0|RIO DE JANEIRO|Falta de Atenção à Condução|Colisão traseira|Sem Vítimas|Pleno dia|Céu Claro|2|0|0|0
262286|2020-01-12|domingo|07:15:00|PR|277.0|SANTA TEREZINHA DE ITAIPU|Ingestão de álcool e/ou substâncias psicoativas pelo pedestre|Saída de leito carroçável|Com Vítimas Feridas|Pleno dia|Céu Claro|1|0|1|0
262287|2020-01-12|domingo|06:00:00|PR|163.0|CAPANEMA|Ingestão de Álcool|Saída de leito carroçável|Sem Vítimas|Amanhecer|Céu Claro|1|0|0|0
262288|2020-01-12|domingo|07:00:00|ES|101.0|GUARAPARI|Falta de Atenção à Condução|Colisão lateral|Sem Vítimas|Pleno dia|Céu Claro|2|0|0|0
262289|2020-01-12|domingo|05:50:00|SP|116.0|TABOAO DA SERRA|Ingestão de Álcool|Saída de leito carroçável|Sem Vítimas|Amanhecer|Céu Claro|2|0|0|0
262290|2020-01-12|domingo|07:00:00|SC|282.0|SAO MIGUEL DO OESTE|Ingestão de álcool e/ou substâncias psicoativas pelo pedestre|Saída de leito carroçável|Com Vítimas Feridas|Pleno dia|Céu Claro|1|0|1|0
262291|2020-01-12|domingo|05:00:00|BA|101.0|ARATACA|Falta de Atenção do Pedestre|Atropelamento de Pedestre|Com Vítimas Fatais|Amanhecer|Céu Claro|2|1|0|0
262293|2020-01-12|domingo|08:40:00|RS|392.0|RIO GRANDE|Velocidade Incompatível|Colisão traseira|Com Vítimas Feridas|Pleno dia|Sol|8|0|2|0
262294|2020-01-12|domingo|06:20:00|MG|381.0|BELO HORIZONTE|Não guardar distância de segurança|Colisão traseira|Com Vítimas Feridas|Pleno dia|Céu Claro|3|0|2|0
262295|2020-01-12|domingo|08:20:00|BA|110.0|PAULO AFONSO|Velocidade Incompatível|Saída de leito carroçável|Com Vítimas Feridas|Pleno dia|Sol|5|0|4|1
262297|2020-01-12|domingo|10:30:00|MG|365.0|PATROCINIO|Não guardar distância de segurança|Colisão traseira|Com Vítimas Feridas|Pleno dia|Céu Claro|3|0|1|0
262298|2020-01-12|domingo|10:30:00|PE|232.0|SALGUEIRO|Desobediência às normas de trânsito pelo condutor|Colisão transversal|Com Vítimas Feridas|Pleno dia|Céu Claro|2|0|0|1
262299|2020-01-12|domingo|10:40:00|MG|40.0|CAETANOPOLIS|Velocidade Incompatível|Tombamento|Com Vítimas Feridas|Pleno dia|Céu Claro|1|0|1|0
262301|2020-01-12|domingo|10:50:00|PB|101.0|JOAO PESSOA|Não guardar distância de segurança|Colisão traseira|Com Vítimas Feridas|Pleno dia|Céu Claro|3|0|0|1
262302|2020-01-12|domingo|04:55:00|MG|116.0|ITAOBIM|Condutor Dormindo|Colisão frontal|Com Vítimas Fatais|Amanhecer|Céu Claro|6|3|0|2
262303|2020-01-12|domingo|10:40:00|CE|20.0|MARACANAU|Desobediência às normas de trânsito pelo condutor|Colisão transversal|Com Vítimas Feridas|Pleno dia|Céu Claro|3|0|0|2
262304|2020-01-12|domingo|10:30:00|RS|386.0|TABAI|Falta de Atenção à Condução|Saída de leito carroçável|Com Vítimas Feridas|Pleno dia|Céu Claro|3|0|3|0
262305|2020-01-12|domingo|10:00:00|PB|230.0|SOLEDADE|Defeito Mecânico no Veículo|Capotamento|Com Vítimas Feridas|Pleno dia|Sol|4|0|1|1
262306|2020-01-12|domingo|11:05:00|SC|101.0|JOINVILLE|Falta de Atenção à Condução|Colisão traseira|Com Vítimas Feridas|Pleno dia|Nublado|3|0|0|1
262307|2020-01-12|domingo|11:20:00|SP|101.0|UBATUBA|Falta de Atenção à Condução|Tombamento|Com Vítimas Feridas|Pleno dia|Nublado|1|0|1|0
262308|2020-01-12|domingo|07:50:00|MT|70.0|CAMPO VERDE|Desobediência às normas de trânsito pelo condutor|Colisão lateral|Com Vítimas Feridas|Pleno dia|Céu Claro|3|0|0|1
262309|2020-01-12|domingo|11:15:00|SC|470.0|RIO DO SUL|Falta de Atenção à Condução|Tombamento|Com Vítimas Feridas|Pleno dia|Céu Claro|2|0|1|0
262310|2020-01-12|domingo|11:30:00|GO|50.0|CATALAO|Falta de Atenção à Condução|Colisão lateral|Sem Vítimas|Pleno dia|Céu Claro|3|0|0|0
262311|2020-01-12|domingo|11:30:00|MG|50.0|ARAGUARI|Defeito Mecânico no Veículo|Queda de ocupante de veículo|Com Vítimas Feridas|Pleno dia|Céu Claro|1|0|1|0
262312|2020-01-12|domingo|11:40:00|RJ|101.0|PARATY|Desobediência às normas de trânsito pelo condutor|Colisão transversal|Com Vítimas Feridas|Pleno dia|Céu Claro|5|0|0|1
262313|2020-01-12|domingo|09:05:00|PE|423.0|AGUAS BELAS|Falta de Atenção à Condução|Colisão traseira|Com Vítimas Feridas|Pleno dia|Céu Claro|2|0|1|0
262314|2020-01-12|domingo|10:00:00|RR|401.0|BONFIM|Falta de Atenção à Condução|Saída de leito carroçável|Sem Vítimas|Pleno dia|Céu Claro|2|0|0|0
262315|2020-01-12|domingo|12:25:00|PE|232.0|CARUARU|Falta de Atenção à Condução|Saída de leito carroçável|Com Vítimas Feridas|Pleno dia|Céu Claro|2|0|1|0
262316|2020-01-12|domingo|10:30:00|AL|104.0|UNIAO DOS PALMARES|Falta de Atenção à Condução|Saída de leito carroçável|Com Vítimas Feridas|Pleno dia|Céu Claro|2|0|0|1
262317|2020-01-12|domingo|13:20:00|PE|232.0|MIRANDIBA|Desobediência às normas de trânsito pelo condutor|Colisão frontal|Com Vítimas Fatais|Pleno dia|Céu Claro|2|1|0|1
262319|2020-01-12|domingo|12:40:00|PR|116.0|CAMPINA GRANDE DO SUL|Falta de Atenção à Condução|Colisão com objeto estático|Com Vítimas Feridas|Pleno dia|Sol|1|0|1|0
262320|2020-01-12|domingo|13:00:00|RN|304.0|CAICARA DO RIO DO VENTO|Defeito Mecânico no Veículo|Saída de leito carroçável|Com Vítimas Feridas|Pleno dia|Nublado|1|0|1|0
262321|2020-01-12|domingo|11:20:00|MG|251.0|FRUTA DE LEITE|Velocidade Incompatível|Tombamento|Com Vítimas Feridas|Pleno dia|Sol|2|0|0|1
262324|2020-01-12|domingo|13:15:00|SP|116.0|ARUJA|Não guardar distância de segurança|Colisão traseira|Com Vítimas Feridas|Pleno dia|Garoa/Chuvisco|7|0|4|0
262325|2020-01-12|domingo|12:39:00|SP|116.0|ITAPECERICA DA SERRA|Ingestão de Álcool|Colisão lateral|Sem Vítimas|Pleno dia|Céu Claro|2|0|0|0
262326|2020-01-12|domingo|13:14:00|SP|101.0|UBATUBA|Falta de Atenção à Condução|Colisão transversal|Com Vítimas Feridas|Pleno dia|Nublado|3|0|2|0
262327|2020-01-12|domingo|12:50:00|SP|381.0|SAO PAULO|Pista Escorregadia|Saída de leito carroçável|Com Vítimas Feridas|Pleno dia|Chuva|4|0|2|0
262328|2020-01-12|domingo|13:20:00|SP|381.0|MAIRIPORA|Falta de Atenção à Condução|Colisão com objeto estático|Com Vítimas Feridas|Pleno dia|Chuva|2|0|2|0
262329|2020-01-12|domingo|14:00:00|SP|116.0|CAJATI|Velocidade Incompatível|Saída de leito carroçável|Com Vítimas Feridas|Pleno dia|Chuva|2|0|1|0
262332|2020-01-12|domingo|08:00:00|MG|262.0|NOVA SERRANA|Avarias e/ou desgaste excessivo no pneu|Tombamento|Com Vítimas Feridas|Pleno dia|Sol|2|0|2|0
262333|2020-01-12|domingo|13:20:00|SC|101.0|PAULO LOPES|Falta de Atenção à Condução|Colisão lateral|Com Vítimas Feridas|Pleno dia|Sol|4|0|1|1
262334|2020-01-12|domingo|11:15:00|MG|116.0|ENGENHEIRO CALDAS|Desobediência às normas de trânsito pelo condutor|Colisão transversal|Com Vítimas Feridas|Pleno dia|Céu Claro|2|0|1|0
262336|2020-01-12|domingo|14:30:00|RS|392.0|GUARANI DAS MISSOES|Ingestão de Álcool|Engavetamento|Sem Vítimas|Pleno dia|Sol|5|0|0|0
262337|2020-01-12|domingo|13:30:00|RS|386.0|FREDERICO WESTPHALEN|Desobediência às normas de trânsito pelo condutor|Colisão transversal|Com Vítimas Feridas|Pleno dia|Céu Claro|2|0|0|1
262338|2020-01-12|domingo|14:00:00|SC|470.0|RIO DO SUL|Falta de Atenção à Condução|Colisão transversal|Com Vítimas Feridas|Pleno dia|Céu Claro|2|0|0|1
262339|2020-01-12|domingo|13:00:00|MG|116.0|SANTA BARBARA DO LESTE|Falta de Atenção à Condução|Colisão transversal|Com Vítimas Feridas|Pleno dia|Céu Claro|4|0|2|0
262340|2020-01-12|domingo|14:10:00|RJ|116.0|QUEIMADOS|Falta de Atenção do Pedestre|Atropelamento de Pedestre|Com Vítimas Fatais|Pleno dia|Nublado|2|1|0|0
262341|2020-01-12|domingo|02:30:00|MG|381.0|CARMO DA CACHOEIRA|Velocidade Incompatível|Tombamento|Com Vítimas Feridas|Pleno dia|Nublado|1|0|1|0
262343|2020-01-12|domingo|15:00:00|RJ|116.0|PIRAI|Pista Escorregadia|Colisão transversal|Com Vítimas Feridas|Pleno dia|Chuva|4|0|2|0
262344|2020-01-12|domingo|13:50:00|RJ|40.0|DUQUE DE CAXIAS|Falta de Atenção à Condução|Colisão lateral|Com Vítimas Feridas|Pleno dia|Nublado|21|0|10|3
262345|2020-01-12|domingo|15:10:00|ES|101.0|MIMOSO DO SUL|Condutor Dormindo|Saída de leito carroçável|Com Vítimas Feridas|Pleno dia|Céu Claro|4|0|0|1
262346|2020-01-12|domingo|15:15:00|PI|343.0|PARNAIBA|Ingestão de Álcool|Colisão transversal|Sem Vítimas|Pleno dia|Céu Claro|2|0|0|0
262347|2020-01-12|domingo|15:15:00|ES|101.0|SERRA|Desobediência às normas de trânsito pelo condutor|Queda de ocupante de veículo|Com Vítimas Feridas|Pleno dia|Céu Claro|2|0|1|0
262348|2020-01-12|domingo|15:00:00|MG|381.0|BETIM|Defeito Mecânico no Veículo|Incêndio|Com Vítimas Feridas|Pleno dia|Céu Claro|1|0|1|0
262349|2020-01-12|domingo|13:00:00|MT|70.0|CUIABA|Ultrapassagem Indevida|Colisão frontal|Com Vítimas Feridas|Pleno dia|Céu Claro|3|0|2|0
262350|2020-01-12|domingo|15:20:00|SP|116.0|TAUBATE|Falta de Atenção à Condução|Colisão lateral|Com Vítimas Feridas|Pleno dia|Chuva|2|0|1|0
262351|2020-01-12|domingo|14:50:00|PR|277.0|NOVA LARANJEIRAS|Objeto estático sobre o leito carroçável|Queda de ocupante de veículo|Com Vítimas Feridas|Pleno dia|Nublado|1|0|0|1
262353|2020-01-12|domingo|15:45:00|DF|70.0|BRASILIA|Falta de Atenção à Condução|Colisão traseira|Com Vítimas Feridas|Pleno dia|Céu Claro|2|0|1|0
262354|2020-01-12|domingo|15:42:00|PE|428.0|PETROLINA|Desobediência às normas de trânsito pelo condutor|Colisão traseira|Com Vítimas Feridas|Pleno dia|Céu Claro|3|0|1|1
262355|2020-01-12|domingo|15:00:00|MG|262.0|UBERABA|Falta de Atenção à Condução|Colisão lateral|Com Vítimas Feridas|Pleno dia|Céu Claro|2|0|1|0
262356|2020-01-12|domingo|12:30:00|MT|70.0|CAMPO VERDE|Falta de Atenção à Condução|Colisão transversal|Com Vítimas Feridas|Pleno dia|Céu Claro|2|0|1|0
262357|2020-01-12|domingo|16:10:00|GO|153.0|ANAPOLIS|Ingestão de Álcool|Tombamento|Com Vítimas Feridas|Pleno dia|Céu Claro|1|0|1|0
262358|2020-01-12|domingo|16:00:00|ES|262.0|MARECHAL FLORIANO|Condutor Dormindo|Colisão frontal|Com Vítimas Feridas|Pleno dia|Sol|6|0|0|5
262359|2020-01-12|domingo|16:00:00|PR|277.0|MATELANDIA|Falta de Atenção à Condução|Queda de ocupante de veículo|Com Vítimas Feridas|Pleno dia|Nublado|1|0|1|0
262361|2020-01-12|domingo|16:50:00|GO|153.0|ANAPOLIS|Falta de Atenção à Condução|Colisão traseira|Sem Vítimas|Pleno dia|Céu Claro|3|0|0|0
262362|2020-01-12|domingo|16:20:00|RJ|101.0|TANGUA|Pista Escorregadia|Colisão com objeto estático|Com Vítimas Feridas|Pleno dia|Chuva|21|0|7|13
262363|2020-01-12|domingo|16:40:00|RJ|101.0|ITABORAI|Agressão Externa|Colisão com objeto estático|Com Vítimas Feridas|Anoitecer|Céu Claro|1|0|1|0
262365|2020-01-12|domingo|17:10:00|PE|101.0|RECIFE|Falta de Atenção à Condução|Colisão com objeto estático|Com Vítimas Feridas|Anoitecer|Céu Claro|1|0|1|0
262366|2020-01-12|domingo|16:45:00|MG|365.0|UBERLANDIA|Falta de Atenção à Condução|Capotamento|Com Vítimas Feridas|Pleno dia|Nublado|1|0|1|0
262367|2020-01-12|domingo|17:20:00|SP|101.0|UBATUBA|Desobediência às normas de trânsito pelo condutor|Colisão transversal|Sem Vítimas|Pleno dia|Chuva|2|0|0|0
262368|2020-01-12|domingo|17:00:00|RN|304.0|PARNAMIRIM|Desobediência às normas de trânsito pelo condutor|Colisão traseira|Com Vítimas Feridas|Anoitecer|Céu Claro|3|0|2|0
262369|2020-01-12|domingo|17:20:00|RN|101.0|PARNAMIRIM|Não guardar distância de segurança|Colisão traseira|Com Vítimas Feridas|Anoitecer|Nublado|3|0|2|0
262370|2020-01-12|domingo|17:20:00|TO|242.0|FORMOSO DO ARAGUAIA|Falta de Atenção à Condução|Saída de leito carroçável|Com Vítimas Feridas|Pleno dia|Céu Claro|1|0|1|0
262371|2020-01-12|domingo|15:10:00|PE|408.0|PAUDALHO|Falta de Atenção à Condução|Saída de leito carroçável|Com Vítimas Fatais|Pleno dia|Ignorado|1|1|0|0
262372|2020-01-12|domingo|17:10:00|ES|262.0|CARIACICA|Falta de Atenção do Pedestre|Atropelamento de Pedestre|Com Vítimas Feridas|Pleno dia|Sol|3|0|3|0
262373|2020-01-12|domingo|16:20:00|MT|364.0|JANGADA|Defeito Mecânico no Veículo|Colisão com objeto em movimento|Com Vítimas Feridas|Pleno dia|Sol|4|0|1|0
262376|2020-01-07|terça-feira|07:15:00|SC|280.0|TRES BARRAS|Velocidade Incompatível|Tombamento|Sem Vítimas|Pleno dia|Sol|1|0|0|0
262377|2020-01-12|domingo|17:41:00|RJ|40.0|PETROPOLIS|Falta de Atenção à Condução|Saída de leito carroçável|Com Vítimas Feridas|Pleno dia|Chuva|3|0|1|0
262378|2020-01-12|domingo|16:40:00|GO|60.0|ANAPOLIS|Ingestão de Álcool|Saída de leito carroçável|Sem Vítimas|Pleno dia|Céu Claro|1|0|0|0
262379|2020-01-12|domingo|17:30:00|SP|153.0|SAO JOSE DO RIO PRETO|Falta de Atenção à Condução|Colisão traseira|Com Vítimas Feridas|Pleno dia|Céu Claro|3|0|1|0
262380|2020-01-12|domingo|17:00:00|MG|381.0|ANTONIO DIAS|Velocidade Incompatível|Colisão frontal|Com Vítimas Feridas|Pleno dia|Céu Claro|2|0|0|1
262382|2020-01-12|domingo|17:40:00|SC|101.0|BARRA VELHA|Não guardar distância de segurança|Engavetamento|Com Vítimas Feridas|Pleno dia|Céu Claro|4|0|1|0
262383|2020-01-12|domingo|17:20:00|ES|101.0|FUNDAO|Falta de Atenção à Condução|Capotamento|Com Vítimas Feridas|Pleno dia|Céu Claro|1|0|0|1
262384|2020-01-12|domingo|18:10:00|PE|101.0|PAULISTA|Falta de Atenção do Pedestre|Atropelamento de Pedestre|Com Vítimas Fatais|Plena Noite|Nublado|3|1|0|0
262385|2020-01-12|domingo|16:50:00|SC|101.0|PORTO BELO|Carga excessiva e/ou mal acondicionada|Colisão com objeto estático|Sem Vítimas|Pleno dia|Sol|1|0|0|0
262386|2020-01-12|domingo|16:25:00|RR|401.0|CANTA|Avarias e/ou desgaste excessivo no pneu|Danos eventuais|Com Vítimas Feridas|Pleno dia|Céu Claro|2|0|1|0
262387|2020-01-12|domingo|17:45:00|RJ|116.0|DUQUE DE CAXIAS|Falta de Atenção à Condução|Colisão traseira|Sem Vítimas|Anoitecer|Chuva|2|0|0|0
262388|2020-01-12|domingo|17:00:00|MT|163.0|SORRISO|Avarias e/ou desgaste excessivo no pneu|Queda de ocupante de veículo|Com Vítimas Feridas|Anoitecer|Céu Claro|2|0|2|0
262389|2020-01-12|domingo|18:30:00|ES|262.0|CARIACICA|Falta de Atenção do Pedestre|Atropelamento de Pedestre|Com Vítimas Feridas|Plena Noite|Céu Claro|2|0|1|0
262390|2020-01-12|domingo|18:15:00|RS|472.0|SANTA ROSA|Não guardar distância de segurança|Colisão traseira|Com Vítimas Feridas|Pleno dia|Sol|3|0|1|1
262391|2020-01-12|domingo|18:40:00|MG|381.0|ITAPEVA|Falta de Atenção à Condução|Colisão com objeto estático|Com Vítimas Feridas|Anoitecer|Nublado|2|0|2|0
262392|2020-01-12|domingo|18:05:00|PR|476.0|ARAUCARIA|Ingestão de Álcool|Colisão traseira|Com Vítimas Feridas|Plena Noite|Céu Claro|2|0|1|0
262393|2020-01-12|domingo|13:30:00|MG|116.0|CARATINGA|Desobediência às normas de trânsito pelo condutor|Colisão frontal|Com Vítimas Feridas|Pleno dia|Sol|2|0|0|1
262394|2020-01-12|domingo|15:00:00|MG|116.0|ENGENHEIRO CALDAS|Avarias e/ou desgaste excessivo no pneu|Saída de leito carroçável|Com Vítimas Feridas|Pleno dia|Céu Claro|1|0|1|0
262395|2020-01-12|domingo|18:45:00|DF|70.0|BRASILIA|Ingestão de Álcool|Colisão traseira|Com Vítimas Feridas|Pleno dia|Céu Claro|4|0|2|0
262397|2020-01-12|domingo|18:00:00|DF|70.0|BRASILIA|Falta de Atenção à Condução|Capotamento|Com Vítimas Feridas|Anoitecer|Céu Claro|6|0|4|0
262399|2020-01-12|domingo|16:45:00|MG|40.0|JUIZ DE FORA|Falta de Atenção à Condução|Colisão lateral|Com Vítimas Feridas|Pleno dia|Nublado|3|0|1|0
262400|2020-01-12|domingo|19:00:00|PA|155.0|MARABA|Desobediência às normas de trânsito pelo condutor|Colisão frontal|Com Vítimas Fatais|Anoitecer|Chuva|20|1|0|0
262401|2020-01-12|domingo|18:30:00|SP|116.0|JACAREI|Ingestão de Álcool|Colisão traseira|Com Vítimas Feridas|Anoitecer|Nublado|4|0|1|0
262402|2020-01-12|domingo|18:00:00|PE|423.0|SAO JOAO|Falta de Atenção à Condução|Capotamento|Sem Vítimas|Anoitecer|Céu Claro|1|0|0|0
262403|2020-01-12|domingo|19:35:00|RJ|101.0|CAMPOS DOS GOYTACAZES|Animais na Pista|Atropelamento de Animal|Com Vítimas Feridas|Plena Noite|Céu Claro|6|0|5|0
262405|2020-01-12|domingo|09:00:00|MA|222.0|BOM JESUS DAS SELVAS|Velocidade Incompatível|Colisão frontal|Com Vítimas Fatais|Pleno dia|Sol|2|1|0|0
262407|2020-01-12|domingo|19:00:00|PR|277.0|CASCAVEL|Ingestão de Álcool|Colisão transversal|Sem Vítimas|Anoitecer|Céu Claro|10|0|0|0
262408|2020-01-12|domingo|14:55:00|PR|476.0|ADRIANOPOLIS|Desobediência às normas de trânsito pelo condutor|Colisão lateral|Com Vítimas Fatais|Pleno dia|Nublado|3|1|0|1
262409|2020-01-12|domingo|19:35:00|PR|163.0|TOLEDO|Pista Escorregadia|Saída de leito carroçável|Com Vítimas Fatais|Plena Noite|Nublado|3|1|0|1
262411|2020-01-12|domingo|17:00:00|BA|116.0|VITORIA DA CONQUISTA|Desobediência às normas de trânsito pelo condutor|Colisão traseira|Com Vítimas Feridas|Pleno dia|Céu Claro|2|0|1|0
262412|2020-01-12|domingo|19:20:00|BA|101.0|ALAGOINHAS|Ingestão de Álcool|Colisão transversal|Com Vítimas Feridas|Plena Noite|Céu Claro|4|0|1|0
262413|2020-01-12|domingo|18:30:00|DF|251.0|BRASILIA|Desobediência às normas de trânsito pelo condutor|Colisão traseira|Com Vítimas Feridas|Anoitecer|Céu Claro|4|0|3|0
262414|2020-01-12|domingo|19:50:00|SE|235.0|NOSSA SENHORA DO SOCORRO|Desobediência às normas de trânsito pelo condutor|Colisão lateral|Sem Vítimas|Plena Noite|Céu Claro|2|0|0|0
262415|2020-01-12|domingo|19:30:00|ES|101.0|SERRA|Velocidade Incompatível|Tombamento|Com Vítimas Feridas|Plena Noite|Céu Claro|1|0|1|0
262416|2020-01-12|domingo|10:07:00|MG|40.0|JOAO PINHEIRO|Falta de Atenção à Condução|Saída de leito carroçável|Com Vítimas Feridas|Pleno dia|Céu Claro|4|0|1|0
262417|2020-01-12|domingo|17:15:00|MG|40.0|SIMAO PEREIRA|Condutor Dormindo|Colisão traseira|Com Vítimas Feridas|Pleno dia|Nublado|4|0|3|0
262418|2020-01-12|domingo|16:30:00|MA|316.0|BACABAL|Desobediência às normas de trânsito pelo condutor|Colisão frontal|Com Vítimas Fatais|Pleno dia|Céu Claro|2|1|0|0
262420|2020-01-12|domingo|20:10:00|SP|116.0|ARUJA|Falta de Atenção do Pedestre|Atropelamento de Pedestre|Com Vítimas Feridas|Plena Noite|Chuva|3|0|1|0
262422|2020-01-12|domingo|20:22:00|RN|101.0|CEARA-MIRIM|Desobediência às normas de trânsito pelo condutor|Colisão transversal|Com Vítimas Feridas|Plena Noite|Céu Claro|7|0|2|0
262423|2020-01-12|domingo|16:30:00|BA|367.0|PORTO SEGURO|Falta de Atenção à Condução|Saída de leito carroçável|Com Vítimas Feridas|Pleno dia|Sol|3|0|2|0
262424|2020-01-12|domingo|17:00:00|ES|262.0|DOMINGOS MARTINS|Falta de Atenção à Condução|Colisão com objeto estático|Sem Vítimas|Plena Noite|Nublado|1|0|0|0
262425|2020-01-12|domingo|19:40:00|PR|467.0|TOLEDO|Desobediência às normas de trânsito pelo condutor|Colisão transversal|Com Vítimas Feridas|Plena Noite|Céu Claro|3|0|0|2
262426|2020-01-12|domingo|18:35:00|MT|163.0|GUARANTA DO NORTE|Velocidade Incompatível|Capotamento|Com Vítimas Feridas|Plena Noite|Garoa/Chuvisco|1|0|0|1
262427|2020-01-12|domingo|19:15:00|GO|414.0|CORUMBA DE GOIAS|Defeito Mecânico no Veículo|Saída de leito carroçável|Com Vítimas Feridas|Plena Noite|Céu Claro|2|0|1|0
262428|2020-01-12|domingo|20:55:00|SE|101.0|JAPARATUBA|Desobediência às normas de trânsito pelo condutor|Colisão transversal|Com Vítimas Feridas|Plena Noite|Céu Claro|6|0|0|2
262429|2020-01-12|domingo|15:00:00|BA|116.0|VITORIA DA CONQUISTA|Desobediência às normas de trânsito pelo condutor|Colisão traseira|Sem Vítimas|Pleno dia|Céu Claro|2|0|0|0
262430|2020-01-12|domingo|16:40:00|SP|116.0|REGISTRO|Ingestão de Álcool|Colisão transversal|Com Vítimas Feridas|Pleno dia|Nublado|2|0|1|0
262431|2020-01-12|domingo|18:50:00|MG|381.0|BETIM|Velocidade Incompatível|Colisão traseira|Sem Vítimas|Anoitecer|Céu Claro|2|0|0|0
262432|2020-01-12|domingo|14:30:00|RO|364.0|PORTO VELHO|Fenômenos da Natureza|Capotamento|Com Vítimas Feridas|Pleno dia|Chuva|3|0|1|0
262433|2020-01-12|domingo|18:50:00|RJ|493.0|MAGE|Falta de Atenção à Condução|Colisão lateral|Sem Vítimas|Plena Noite|Nublado|2|0|0|0
262435|2020-01-12|domingo|22:00:00|SC|101.0|PALHOCA|Desobediência às normas de trânsito pelo condutor|Saída de leito carroçável|Com Vítimas Feridas|Plena Noite|Céu Claro|1|0|1|0
262436|2020-01-12|domingo|21:30:00|CE|222.0|CAUCAIA|Desobediência às normas de trânsito pelo condutor|Colisão transversal|Com Vítimas Feridas|Plena Noite|Céu Claro|2|0|1|0
262437|2020-01-12|domingo|19:30:00|RO|364.0|JARU|Desobediência às normas de trânsito pelo condutor|Colisão frontal|Com Vítimas Feridas|Plena Noite|Céu Claro|2|0|1|0
262438|2020-01-12|domingo|21:15:00|RS|386.0|NOVA SANTA RITA|Falta de Atenção à Condução|Colisão frontal|Sem Vítimas|Plena Noite|Céu Claro|6|0|0|0
262439|2020-01-12|domingo|19:30:00|ES|101.0|CARIACICA|Falta de Atenção à Condução|Colisão transversal|Com Vítimas Feridas|Plena Noite|Céu Claro|2|0|1|0
262440|2020-01-12|domingo|19:20:00|TO|230.0|NAZARE|Desobediência às normas de trânsito pelo condutor|Colisão frontal|Com Vítimas Fatais|Plena Noite|Céu Claro|4|2|0|0
262442|2020-01-12|domingo|21:30:00|PI|316.0|TERESINA|Falta de Atenção à Condução|Saída de leito carroçável|Com Vítimas Feridas|Pleno dia|Céu Claro|1|0|1|0
262443|2020-01-12|domingo|22:35:00|SC|101.0|BIGUACU|Objeto estático sobre o leito carroçável|Colisão com objeto estático|Sem Vítimas|Plena Noite|Céu Claro|1|0|0|0
262444|2020-01-12|domingo|21:35:00|RS|392.0|RIO GRANDE|Ingestão de Álcool|Atropelamento de Pedestre|Com Vítimas Feridas|Plena Noite|Céu Claro|5|0|0|1
262445|2020-01-12|domingo|22:20:00|BA|116.0|VITORIA DA CONQUISTA|Desobediência às normas de trânsito pelo condutor|Colisão transversal|Com Vítimas Feridas|Plena Noite|Céu Claro|3|0|2|0
262446|2020-01-12|domingo|20:05:00|RJ|116.0|TERESOPOLIS|Desobediência às normas de trânsito pelo condutor|Colisão transversal|Com Vítimas Feridas|Plena Noite|Nublado|2|0|2|0
262447|2020-01-12|domingo|22:00:00|PB|230.0|CABEDELO|Sinalização da via insuficiente ou inadequada|Colisão com objeto estático|Com Vítimas Feridas|Plena Noite|Céu Claro|1|0|0|1
262448|2020-01-12|domingo|18:00:00|MG|40.0|ESMERALDAS|Desobediência às normas de trânsito pelo condutor|Saída de leito carroçável|Com Vítimas Feridas|Pleno dia|Céu Claro|3|0|3|0
262449|2020-01-12|domingo|22:00:00|SE|101.0|LARANJEIRAS|Ingestão de Álcool|Colisão traseira|Com Vítimas Feridas|Plena Noite|Céu Claro|2|0|1|0
262450|2020-01-12|domingo|23:15:00|PR|277.0|CEU AZUL|Ingestão de Álcool|Colisão lateral|Com Vítimas Feridas|Plena Noite|Céu Claro|3|0|1|0
262451|2020-01-12|domingo|22:30:00|BA|116.0|FEIRA DE SANTANA|Falta de Atenção à Condução|Colisão traseira|Com Vítimas Fatais|Plena Noite|Céu Claro|2|1|0|0
262452|2020-01-12|domingo|19:40:00|PE|316.0|FLORESTA|Ingestão de Álcool|Atropelamento de Pedestre|Com Vítimas Fatais|Plena Noite|Céu Claro|3|1|0|0