id|data_inversa|dia_semana|horario|uf|br|municipio|causa_acidente|tipo_acidente|classificacao_acidente|fase_dia|condicao_metereologica|pessoas|mortos|feridos_leves|feridos_graves
262453|2020-01-12|domingo|21:30:00|MG|262.0|UBERABA|Velocidade Incompatível|Saída de leito carroçável|Com Vítimas Feridas|Plena Noite|Nublado|2|0|1|1
262454|2020-01-12|domingo|18:00:00|MT|364.0|ROSARIO OESTE|Falta de Atenção à Condução|Saída de leito carroçável|Com Vítimas Feridas|Anoitecer|Nublado|1|0|1|0
262456|2020-01-12|domingo|22:30:00|MG|381.0|CONTAGEM|Falta de Atenção à Condução|Colisão traseira|Com Vítimas Feridas|Plena Noite|Céu Claro|2|0|1|0
262457|2020-01-12|domingo|23:30:00|SC|470.0|RODEIO|Falta de Atenção do Pedestre|Atropelamento de Pedestre|Com Vítimas Fatais|Plena Noite|Céu Claro|2|1|0|0
262458|2020-01-12|domingo|21:50:00|PI|343.0|AGUA BRANCA|Falta de Atenção à Condução|Colisão traseira|Com Vítimas Fatais|Plena Noite|Nublado|3|1|1|1
262459|2020-01-12|domingo|18:50:00|MA|135.0|ITAPECURU MIRIM|Falta de Atenção à Condução|Colisão transversal|Com Vítimas Fatais|Plena Noite|Nublado|4|2|0|1
262460|2020-01-12|domingo|23:00:00|SP|116.0|CAJATI|Pista Escorregadia|Saída de leito carroçável|Com Vítimas Feridas|Plena Noite|Garoa/Chuvisco|3|0|1|0
262461|2020-01-12|domingo|22:50:00|PI|343.0|FLORIANO|Ingestão de Álcool|Atropelamento de Pedestre|Com Vítimas Feridas|Plena Noite|Céu Claro|2|0|1|0
262462|2020-01-12|domingo|20:30:00|SP|116.0|SANTA ISABEL|Falta de Atenção à Condução|Tombamento|Com Vítimas Feridas|Plena Noite|Chuva|1|0|1|0
262463|2020-01-12|domingo|23:10:00|PR|277.0|FOZ DO IGUACU|Falta de Atenção à Condução|Saída de leito carroçável|Sem Vítimas|Plena Noite|Céu Claro|1|0|0|0
262464|2020-01-12|domingo|20:20:00|MA|316.0|PERITORO|Ultrapassagem Indevida|Colisão frontal|Sem Vítimas|Plena Noite|Céu Claro|3|0|0|0
262465|2020-01-12|domingo|22:20:00|RJ|101.0|RIO DE JANEIRO|Ingestão de Álcool|Colisão lateral|Sem Vítimas|Plena Noite|Céu Claro|2|0|0|0
262466|2020-01-13|segunda-feira|00:10:00|GO|50.0|CATALAO|Animais na Pista|Atropelamento de Animal|Sem Vítimas|Plena Noite|Céu Claro|4|0|0|0
262467|2020-01-13|segunda-feira|00:10:00|PA|155.0|MARABA|Ingestão de Álcool|Saída de leito carroçável|Sem Vítimas|Plena Noite|Céu Claro|3|0|0|0
262468|2020-01-13|segunda-feira|00:30:00|MG|381.0|BRUMADINHO|Falta de Atenção à Condução|Capotamento|Com Vítimas Fatais|Plena Noite|Céu Claro|1|1|0|0
262469|2020-01-12|domingo|20:30:00|RS|392.0|CANGUCU|Velocidade Incompatível|Saída de leito carroçável|Sem Vítimas|Plena Noite|Céu Claro|1|0|0|0
262470|2020-01-12|domingo|23:00:00|PI|343.0|CAMPO MAIOR|Animais na Pista|Atropelamento de Animal|Com Vítimas Feridas|Plena Noite|Nublado|1|0|1|0
262471|2020-01-13|segunda-feira|01:30:00|PE|232.0|SANHARO|Ingestão de Álcool|Colisão traseira|Com Vítimas Feridas|Plena Noite|Céu Claro|5|0|3|0
262472|2020-01-13|segunda-feira|01:10:00|MG|381.0|EXTREMA|Falta de Atenção do Pedestre|Atropelamento de Pedestre|Com Vítimas Feridas|Plena Noite|Céu Claro|2|0|1|0
262473|2020-01-12|domingo|23:00:00|PA|308.0|CAPANEMA|Falta de Atenção à Condução|Colisão com objeto estático|Com Vítimas Feridas|Plena Noite|Céu Claro|1|0|0|1
262474|2020-01-12|domingo|21:40:00|PR|476.0|PAULO FRONTIN|Falta de Atenção à Condução|Saída de leito carroçável|Com Vítimas Feridas|Plena Noite|Céu Claro|1|0|0|1
262475|2020-01-12|domingo|21:15:00|SP|116.0|APARECIDA|Mal Súbito|Tombamento|Sem Vítimas|Plena Noite|Chuva|1|0|0|0
262476|2020-01-13|segunda-feira|03:30:00|SP|116.0|REGISTRO|Falta de Atenção à Condução|Queda de ocupante de veículo|Com Vítimas Feridas|Plena Noite|Chuva|1|0|1|0
262477|2020-01-13|segunda-feira|03:20:00|PR|158.0|CAMPO MOURAO|Velocidade Incompatível|Saída de leito carroçável|Com Vítimas Feridas|Plena Noite|Nublado|3|0|3|0
262478|2020-01-13|segunda-feira|02:20:00|CE|116.0|MILAGRES|Falta de Atenção à Condução|Colisão lateral|Com Vítimas Feridas|Plena Noite|Nublado|4|0|2|0
262479|2020-01-13|segunda-feira|02:20:00|BA|324.0|SALVADOR|Desobediência às normas de trânsito pelo condutor|Colisão traseira|Com Vítimas Feridas|Plena Noite|Céu Claro|2|0|1|0
262480|2020-01-13|segunda-feira|02:00:00|PB|230.0|SANTA LUZIA|Condutor Dormindo|Saída de leito carroçável|Sem Vítimas|Plena Noite|Céu Claro|1|0|0|0
262481|2020-01-13|segunda-feira|03:50:00|ES|101.0|VIANA|Desobediência às normas de trânsito pelo pedestre|Atropelamento de Pedestre|Com Vítimas Fatais|Plena Noite|Céu Claro|3|1|0|0
262482|2020-01-13|segunda-feira|02:56:00|ES|101.0|ANCHIETA|Condutor Dormindo|Saída de leito carroçável|Sem Vítimas|Plena Noite|Céu Claro|1|0|0|0
262483|2020-01-12|domingo|19:50:00|MT|70.0|NOSSA SENHORA DO LIVRAMENTO|Desobediência às normas de trânsito pelo condutor|Colisão frontal|Com Vítimas Fatais|Plena Noite|Céu Claro|6|1|0|3
262485|2020-01-13|segunda-feira|05:30:00|CE|222.0|SOBRAL|Falta de Atenção à Condução|Colisão traseira|Com Vítimas Feridas|Amanhecer|Nublado|2|0|0|1
262486|2020-01-13|segunda-feira|05:20:00|PR|476.0|ARAUCARIA|Ingestão de Álcool|Colisão com objeto estático|Com Vítimas Feridas|Amanhecer|Nublado|1|0|1|0
262487|2020-01-13|segunda-feira|03:55:00|RO|364.0|OURO PRETO DO OESTE|Animais na Pista|Atropelamento de Animal|Sem Vítimas|Amanhecer|Céu Claro|1|0|0|0
262488|2020-01-13|segunda-feira|06:30:00|PE|101.0|RECIFE|Falta de Atenção à Condução|Colisão lateral|Com Vítimas Feridas|Pleno dia|Sol|3|0|2|0
262489|2020-01-13|segunda-feira|06:30:00|ES|101.0|SOORETAMA|Desobediência às normas de trânsito pelo condutor|Colisão traseira|Com Vítimas Feridas|Pleno dia|Sol|3|0|1|2
262490|2020-01-13|segunda-feira|06:50:00|CE|116.0|FORTALEZA|Falta de Atenção à Condução|Colisão transversal|Com Vítimas Feridas|Pleno dia|Céu Claro|2|0|1|0
262492|2020-01-13|segunda-feira|07:15:00|RS|158.0|SANTA MARIA|Falta de Atenção à Condução|Atropelamento de Pedestre|Com Vítimas Feridas|Pleno dia|Céu Claro|2|0|1|0
262493|2020-01-13|segunda-feira|07:00:00|SC|101.0|PALHOCA|Falta de Atenção à Condução|Colisão transversal|Com Vítimas Feridas|Pleno dia|Céu Claro|2|0|1|0
262494|2020-01-13|segunda-feira|07:15:00|SP|153.0|SAO JOSE DO RIO PRETO|Pista Escorregadia|Tombamento|Com Vítimas Feridas|Pleno dia|Nublado|1|0|1|0
262495|2020-01-13|segunda-feira|06:30:00|RJ|116.0|NOVA IGUACU|Não guardar distância de segurança|Queda de ocupante de veículo|Com Vítimas Feridas|Amanhecer|Nublado|1|0|0|1
262496|2020-01-12|domingo|22:15:00|BA|242.0|LENCOIS|Velocidade Incompatível|Saída de leito carroçável|Com Vítimas Feridas|Plena Noite|Nublado|1|0|1|0
262497|2020-01-13|segunda-feira|07:50:00|MG|146.0|POCOS DE CALDAS|Animais na Pista|Tombamento|Com Vítimas Feridas|Pleno dia|Céu Claro|2|0|1|0
262498|2020-01-12|domingo|19:10:00|PA|163.0|SANTAREM|Ingestão de Álcool|Atropelamento de Pedestre|Com Vítimas Feridas|Plena Noite|Céu Claro|3|0|2|1
262499|2020-01-13|segunda-feira|07:05:00|PR|277.0|PARANAGUA|Falta de Atenção à Condução|Queda de ocupante de veículo|Com Vítimas Feridas|Pleno dia|Céu Claro|1|0|1|0
262500|2020-01-12|domingo|19:00:00|MG|116.0|GOVERNADOR VALADARES|Velocidade Incompatível|Colisão traseira|Com Vítimas Feridas|Plena Noite|Céu Claro|3|0|3|0
262501|2020-01-13|segunda-feira|08:01:00|SC|280.0|ARAQUARI|Desobediência às normas de trânsito pelo condutor|Colisão transversal|Com Vítimas Feridas|Pleno dia|Sol|3|0|2|0
262502|2020-01-13|segunda-feira|07:50:00|SC|282.0|PALHOCA|Falta de Atenção do Pedestre|Colisão traseira|Sem Vítimas|Pleno dia|Céu Claro|2|0|0|0
262503|2020-01-13|segunda-feira|08:00:00|PB|230.0|CAJAZEIRAS|Desobediência às normas de trânsito pelo condutor|Colisão traseira|Com Vítimas Feridas|Pleno dia|Céu Claro|2|0|0|1
262504|2020-01-13|segunda-feira|07:50:00|RN|101.0|NATAL|Falta de Atenção à Condução|Colisão lateral|Com Vítimas Feridas|Pleno dia|Céu Claro|3|0|2|0
262505|2020-01-13|segunda-feira|07:10:00|MG|40.0|EWBANK DA CAMARA|Velocidade Incompatível|Colisão com objeto estático|Com Vítimas Feridas|Pleno dia|Céu Claro|4|0|4|0
262516|2020-01-13|segunda-feira|08:04:00|SC|101.0|ITAPEMA|Falta de Atenção à Condução|Colisão lateral|Com Vítimas Feridas|Pleno dia|Sol|2|0|1|0
262530|2020-01-10|sexta-feira|06:40:00|PA|222.0|MARABA|Desobediência às normas de trânsito pelo condutor|Colisão transversal|Com Vítimas Feridas|Pleno dia|Céu Claro|3|0|1|1
262531|2020-01-13|segunda-feira|06:00:00|GO|153.0|RIALMA|Defeito na Via|Tombamento|Com Vítimas Feridas|Amanhecer|Céu Claro|2|0|1|0
262532|2020-01-13|segunda-feira|08:35:00|PE|101.0|ABREU E LIMA|Falta de Atenção à Condução|Colisão traseira|Com Vítimas Feridas|Pleno dia|Sol|2|0|1|0
262533|2020-01-13|segunda-feira|08:00:00|GO|153.0|CAMPINORTE|Velocidade Incompatível|Saída de leito carroçável|Com Vítimas Feridas|Pleno dia|Chuva|1|0|1|0
262534|2020-01-13|segunda-feira|07:15:00|RJ|116.0|TERESOPOLIS|Condutor Dormindo|Colisão lateral|Com Vítimas Feridas|Pleno dia|Nublado|2|0|0|1
262535|2020-01-13|segunda-feira|08:10:00|MG|354.0|CAXAMBU|Velocidade Incompatível|Queda de ocupante de veículo|Com Vítimas Feridas|Pleno dia|Nublado|1|0|1|0
262536|2020-01-13|segunda-feira|08:44:00|MG|381.0|JOAO MONLEVADE|Falta de Atenção à Condução|Colisão traseira|Com Vítimas Feridas|Pleno dia|Céu Claro|2|0|1|0
262537|2020-01-13|segunda-feira|09:00:00|SC|101.0|SAO JOSE|Falta de Atenção do Pedestre|Atropelamento de Pedestre|Com Vítimas Feridas|Pleno dia|Céu Claro|2|0|1|0
262538|2020-01-11|sábado|22:00:00|MT|163.0|ITAUBA|Ingestão de Substâncias Psicoativas|Saída de leito carroçável|Com Vítimas Feridas|Plena Noite|Ignorado|1|0|1|0
262539|2020-01-13|segunda-feira|07:45:00|SC|282.0|CAMPOS NOVOS|Desobediência às normas de trânsito pelo condutor|Saída de leito carroçável|Sem Vítimas|Pleno dia|Céu Claro|6|0|0|0
262540|2020-01-13|segunda-feira|06:20:00|CE|20.0|BOA VIAGEM|Condutor Dormindo|Colisão com objeto estático|Com Vítimas Feridas|Pleno dia|Céu Claro|3|0|2|1
262541|2020-01-13|segunda-feira|08:50:00|PI|343.0|PIRIPIRI|Falta de Atenção à Condução|Colisão transversal|Sem Vítimas|Pleno dia|Céu Claro|2|0|0|0
262543|2020-01-13|segunda-feira|08:40:00|MG|381.0|BELA VISTA DE MINAS|Velocidade Incompatível|Tombamento|Com Vítimas Feridas|Pleno dia|Céu Claro|3|0|2|0
262544|2020-01-13|segunda-feira|06:30:00|RJ|101.0|ANGRA DOS REIS|Desobediência às normas de trânsito pelo condutor|Colisão frontal|Com Vítimas Feridas|Amanhecer|Chuva|2|0|1|1
262545|2020-01-13|segunda-feira|07:05:00|SP|116.0|SAO JOSE DOS CAMPOS|Falta de Atenção à Condução|Colisão lateral|Com Vítimas Feridas|Pleno dia|Nublado|2|0|1|0
262546|2020-01-13|segunda-feira|09:45:00|PR|116.0|CURITIBA|Falta de Atenção à Condução|Colisão lateral|Com Vítimas Feridas|Pleno dia|Sol|2|0|1|0
262547|2020-01-13|segunda-feira|09:45:00|SP|116.0|GUARULHOS|Não guardar distância de segurança|Engavetamento|Com Vítimas Feridas|Pleno dia|Céu Claro|5|0|2|0
262548|2020-01-13|segunda-feira|09:40:00|PR|376.0|SAO JOSE DOS PINHAIS|Velocidade Incompatível|Colisão lateral|Com Vítimas Feridas|Pleno dia|Sol|2|0|1|0
262550|2020-01-09|quinta-feira|10:20:00|RJ|40.0|DUQUE DE CAXIAS|Carga excessiva e/ou mal acondicionada|Derramamento de carga|Sem Vítimas|Pleno dia|Céu Claro|1|0|0|0
262551|2020-01-13|segunda-feira|09:45:00|SC|282.0|SAO JOSE|Não guardar distância de segurança|Colisão lateral|Com Vítimas Feridas|Pleno dia|Céu Claro|2|0|1|0
262553|2020-01-13|segunda-feira|07:00:00|MG|116.0|TEOFILO OTONI|Não guardar distância de segurança|Colisão traseira|Com Vítimas Feridas|Pleno dia|Céu Claro|2|0|1|0
262554|2020-01-04|sábado|18:15:00|RJ|116.0|BARRA MANSA|Pista Escorregadia|Colisão com objeto estático|Com Vítimas Feridas|Pleno dia|Chuva|1|0|1|0
262555|2020-01-13|segunda-feira|08:40:00|MT|163.0|SORRISO|Ingestão de Álcool|Colisão transversal|Sem Vítimas|Pleno dia|Céu Claro|2|0|0|0
262556|2020-01-13|segunda-feira|10:25:00|ES|101.0|CARIACICA|Falta de Atenção à Condução|Colisão lateral|Com Vítimas Feridas|Pleno dia|Céu Claro|3|0|1|0
262557|2020-01-13|segunda-feira|10:45:00|SC|280.0|TRES BARRAS|Falta de Atenção à Condução|Colisão traseira|Com Vítimas Feridas|Pleno dia|Céu Claro|3|0|1|0
262558|2020-01-13|segunda-feira|10:32:00|PE|232.0|PESQUEIRA|Falta de Atenção à Condução|Capotamento|Sem Vítimas|Pleno dia|Céu Claro|3|0|0|0
262559|2020-01-13|segunda-feira|10:10:00|RJ|101.0|NITEROI|Pista Escorregadia|Queda de ocupante de veículo|Com Vítimas Feridas|Pleno dia|Nublado|2|0|2|0
262560|2020-01-13|segunda-feira|11:03:00|MG|116.0|CARATINGA|Falta de Atenção à Condução|Colisão traseira|Com Vítimas Feridas|Pleno dia|Sol|3|0|1|0
262561|2020-01-02|quinta-feira|11:15:00|ES|259.0|JOAO NEIVA|Condutor Dormindo|Saída de leito carroçável|Com Vítimas Feridas|Pleno dia|Sol|1|0|1|0
262563|2020-01-13|segunda-feira|11:00:00|SP|116.0|GUARULHOS|Velocidade Incompatível|Engavetamento|Com Vítimas Feridas|Pleno dia|Nublado|5|0|1|0
262564|2020-01-13|segunda-feira|10:00:00|PE|423.0|GARANHUNS|Desobediência às normas de trânsito pelo condutor|Colisão lateral|Com Vítimas Feridas|Pleno dia|Céu Claro|3|0|2|0
262565|2020-01-13|segunda-feira|11:05:00|PE|101.0|RECIFE|Falta de Atenção à Condução|Colisão lateral|Com Vítimas Feridas|Pleno dia|Sol|2|0|1|0
262566|2020-01-13|segunda-feira|11:00:00|MG|262.0|MANHUACU|Mal Súbito|Colisão lateral|Com Vítimas Feridas|Pleno dia|Céu Claro|4|0|0|1
262568|2020-01-13|segunda-feira|09:00:00|MT|364.0|JUSCIMEIRA|Ultrapassagem Indevida|Colisão lateral|Com Vítimas Feridas|Pleno dia|Sol|2|0|1|0
262569|2020-01-13|segunda-feira|10:00:00|MT|364.0|RONDONOPOLIS|Falta de Atenção à Condução|Queda de ocupante de veículo|Com Vítimas Feridas|Pleno dia|Nublado|1|0|1|0
262570|2020-01-13|segunda-feira|11:26:00|MG|381.0|ITAGUARA|Mal Súbito|Tombamento|Com Vítimas Feridas|Pleno dia|Sol|1|0|1|0
262571|2020-01-13|segunda-feira|07:30:00|MG||FELIXLANDIA|Ingestão de Álcool|Colisão com objeto estático|Sem Vítimas|Pleno dia|Céu Claro|1|0|0|0
262572|2020-01-13|segunda-feira|11:20:00|SC|101.0|BIGUACU|Defeito Mecânico no Veículo|Tombamento|Com Vítimas Feridas|Pleno dia|Sol|2|0|1|0
262573|2020-01-13|segunda-feira|11:50:00|SE|101.0|CARMOPOLIS|Falta de Atenção à Condução|Saída de leito carroçável|Com Vítimas Feridas|Pleno dia|Céu Claro|2|0|2|0
262575|2020-01-13|segunda-feira|11:00:00|MT|70.0|CUIABA|Falta de Atenção à Condução|Colisão traseira|Com Vítimas Feridas|Pleno dia|Céu Claro|2|0|1|0
262576|2020-01-13|segunda-feira|11:10:00|MG|40.0|ESMERALDAS|Defeito Mecânico no Veículo|Queda de ocupante de veículo|Com Vítimas Feridas|Pleno dia|Céu Claro|1|0|1|0
262577|2020-01-13|segunda-feira|10:45:00|BA|116.0|ENCRUZILHADA|Defeito Mecânico no Veículo|Incêndio|Sem Vítimas|Pleno dia|Céu Claro|1|0|0|0
262578|2020-01-13|segunda-feira|11:40:00|BA|242.0|CRISTOPOLIS|Desobediência às normas de trânsito pelo condutor|Colisão transversal|Com Vítimas Fatais|Pleno dia|Sol|4|1|1|0
262579|2020-01-13|segunda-feira|11:15:00|SC|470.0|NAVEGANTES|Falta de Atenção do Pedestre|Colisão transversal|Com Vítimas Feridas|Pleno dia|Céu Claro|3|0|0|3
262580|2020-01-13|segunda-feira|11:20:00|MG|381.0|BETIM|Falta de Atenção à Condução|Colisão transversal|Com Vítimas Feridas|Pleno dia|Sol|6|0|1|0
262582|2020-01-13|segunda-feira|12:20:00|PR|153.0|RIO AZUL|Velocidade Incompatível|Colisão transversal|Com Vítimas Feridas|Pleno dia|Céu Claro|2|0|1|0
262583|2020-01-13|segunda-feira|12:30:00|MG|267.0|BAEPENDI|Falta de Atenção à Condução|Colisão com objeto estático|Com Vítimas Feridas|Pleno dia|Nublado|1|0|1|0
262584|2020-01-13|segunda-feira|12:00:00|BA|407.0|CAPIM GROSSO|Falta de Atenção à Condução|Colisão lateral|Com Vítimas Feridas|Pleno dia|Céu Claro|2|0|1|0
262585|2020-01-13|segunda-feira|12:10:00|RS|101.0|DOM PEDRO DE ALCANTARA|Condutor Dormindo|Saída de leito carroçável|Com Vítimas Feridas|Pleno dia|Sol|1|0|1|0
262586|2020-01-13|segunda-feira|12:40:00|MG|381.0|BETIM|Mal Súbito|Tombamento|Com Vítimas Feridas|Pleno dia|Céu Claro|1|0|1|0
262589|2020-01-13|segunda-feira|11:00:00|SC|470.0|APIUNA|Falta de Atenção à Condução|Engavetamento|Com Vítimas Feridas|Pleno dia|Céu Claro|5|0|1|0
262590|2020-01-13|segunda-feira|12:55:00|MG|381.0|PERDOES|Condutor Dormindo|Saída de leito carroçável|Com Vítimas Feridas|Pleno dia|Céu Claro|1|0|1|0
262591|2020-01-13|segunda-feira|11:10:00|SC|470.0|LONTRAS|Falta de Atenção à Condução|Colisão traseira|Com Vítimas Feridas|Pleno dia|Sol|2|0|1|0
262592|2020-01-13|segunda-feira|11:15:00|PE|232.0|MORENO|Defeito Mecânico no Veículo|Capotamento|Com Vítimas Feridas|Pleno dia|Sol|2|0|2|0
262593|2020-01-13|segunda-feira|12:40:00|MG|381.0|SAO SEBASTIAO DA BELA VISTA|Falta de Atenção à Condução|Colisão traseira|Com Vítimas Feridas|Pleno dia|Nublado|5|0|2|0
262594|2020-01-13|segunda-feira|14:00:00|PE|408.0|SAO LOURENCO DA MATA|Velocidade Incompatível|Saída de leito carroçável|Com Vítimas Fatais|Pleno dia|Céu Claro|2|1|0|1
262596|2020-01-13|segunda-feira|13:30:00|MG|459.0|CONGONHAL|Velocidade Incompatível|Saída de leito carroçável|Com Vítimas Feridas|Pleno dia|Chuva|1|0|1|0
262597|2020-01-13|segunda-feira|13:30:00|RJ|40.0|TRES RIOS|Falta de Atenção à Condução|Colisão com objeto estático|Com Vítimas Feridas|Pleno dia|Chuva|5|0|2|2
262598|2020-01-13|segunda-feira|14:30:00|RJ|116.0|GUAPIMIRIM|Avarias e/ou desgaste excessivo no pneu|Atropelamento de Pedestre|Com Vítimas Feridas|Pleno dia|Chuva|2|0|0|1
262600|2020-01-13|segunda-feira|14:37:00|PR|469.0|FOZ DO IGUACU|Falta de Atenção à Condução|Colisão transversal|Com Vítimas Feridas|Pleno dia|Sol|2|0|0|1
262601|2020-01-13|segunda-feira|14:10:00|RJ|101.0|CAMPOS DOS GOYTACAZES|Falta de Atenção à Condução|Colisão transversal|Com Vítimas Feridas|Pleno dia|Céu Claro|6|0|2|2
262602|2020-01-13|segunda-feira|14:00:00|MG|40.0|SANTOS DUMONT|Velocidade Incompatível|Saída de leito carroçável|Com Vítimas Feridas|Pleno dia|Chuva|1|0|1|0
262603|2020-01-13|segunda-feira|14:40:00|RJ|101.0|CAMPOS DOS GOYTACAZES|Velocidade Incompatível|Colisão com objeto estático|Com Vítimas Feridas|Pleno dia|Chuva|2|0|0|2
262604|2020-01-13|segunda-feira|14:10:00|MG|116.0|ALEM PARAIBA|Pista Escorregadia|Saída de leito carroçável|Com Vítimas Feridas|Pleno dia|Chuva|2|0|1|0
262605|2020-01-13|segunda-feira|14:25:00|SC|101.0|PALHOCA|Falta de Atenção à Condução|Engavetamento|Com Vítimas Feridas|Pleno dia|Sol|5|0|1|0
262606|2020-01-13|segunda-feira|13:10:00|ES|101.0|CARIACICA|Não guardar distância de segurança|Colisão traseira|Com Vítimas Feridas|Pleno dia|Céu Claro|2|0|0|1
262607|2020-01-05|domingo|14:45:00|MT|174.0|MIRASSOL DOESTE|Falta de Atenção à Condução|Colisão lateral|Com Vítimas Feridas|Pleno dia|Sol|3|0|0|2
262608|2020-01-13|segunda-feira|12:10:00|SC|163.0|SAO MIGUEL DO OESTE|Falta de Atenção à Condução|Colisão frontal|Com Vítimas Feridas|Pleno dia|Céu Claro|7|0|0|2
262611|2020-01-13|segunda-feira|15:30:00|PB|230.0|PATOS|Falta de Atenção do Pedestre|Atropelamento de Pedestre|Com Vítimas Fatais|Pleno dia|Céu Claro|2|1|0|0
262612|2020-01-13|segunda-feira|14:30:00|PI|316.0|TERESINA|Desobediência às normas de trânsito pelo condutor|Colisão lateral|Com Vítimas Feridas|Pleno dia|Céu Claro|2|0|0|1
262613|2020-01-13|segunda-feira|09:45:00|SC|282.0|BOM RETIRO|Velocidade Incompatível|Saída de leito carroçável|Com Vítimas Feridas|Pleno dia|Céu Claro|3|0|1|1
262614|2020-01-13|segunda-feira|14:20:00|RS|116.0|CAMAQUA|Desobediência às normas de trânsito pelo condutor|Colisão lateral|Com Vítimas Feridas|Pleno dia|Céu Claro|2|0|2|0
262616|2020-01-13|segunda-feira|14:50:00|MG|251.0|FRANCISCO SA|Velocidade Incompatível|Colisão traseira|Com Vítimas Fatais|Pleno dia|Céu Claro|9|1|5|1
262617|2020-01-12|domingo|05:00:00|SC|282.0|SAUDADES|Ingestão de Álcool|Colisão com objeto estático|Com Vítimas Feridas|Amanhecer|Nublado|2|0|1|0
262619|2020-01-13|segunda-feira|11:30:00|SC|282.0|SAO MIGUEL DO OESTE|Ultrapassagem Indevida|Colisão frontal|Com Vítimas Fatais|Pleno dia|Sol|3|1|0|1
262620|2020-01-13|segunda-feira|16:00:00|RS|386.0|CARAZINHO|Desobediência às normas de trânsito pelo condutor|Colisão traseira|Com Vítimas Feridas|Pleno dia|Céu Claro|2|0|0|1
262621|2020-01-13|segunda-feira|14:20:00|PB|230.0|JUAZEIRINHO|Falta de Atenção à Condução|Saída de leito carroçável|Com Vítimas Feridas|Pleno dia|Céu Claro|1|0|1|0
262622|2020-01-13|segunda-feira|15:20:00|MG|40.0|RIBEIRAO DAS NEVES|Defeito Mecânico no Veículo|Queda de ocupante de veículo|Com Vítimas Feridas|Pleno dia|Sol|2|0|1|1
262623|2020-01-13|segunda-feira|16:15:00|SC|280.0|GUARAMIRIM|Falta de Atenção à Condução|Colisão traseira|Com Vítimas Feridas|Pleno dia|Céu Claro|2|0|1|0
262624|2020-01-13|segunda-feira|14:40:00|PR|277.0|GUARANIACU|Ingestão de Álcool|Colisão transversal|Com Vítimas Feridas|Pleno dia|Céu Claro|1|0|0|1
262625|2020-01-13|segunda-feira|15:30:00|SP|116.0|PINDAMONHANGABA|Não guardar distância de segurança|Engavetamento|Com Vítimas Feridas|Pleno dia|Chuva|5|0|0|1
262626|2020-01-13|segunda-feira|15:00:00|BA|110.0|CICERO DANTAS|Avarias e/ou desgaste excessivo no pneu|Tombamento|Com Vítimas Feridas|Pleno dia|Céu Claro|1|0|0|1
262627|2020-01-13|segunda-feira|15:08:00|SP|116.0|JACAREI|Carga excessiva e/ou mal acondicionada|Derramamento de carga|Sem Vítimas|Pleno dia|Nublado|1|0|0|0
262628|2020-01-13|segunda-feira|16:45:00|RN|405.0|MOSSORO|Ingestão de Álcool|Colisão frontal|Com Vítimas Fatais|Pleno dia|Céu Claro|3|1|1|0
262629|2020-01-13|segunda-feira|16:45:00|BA|330.0|JEQUIE|Falta de Atenção à Condução|Tombamento|Com Vítimas Feridas|Pleno dia|Céu Claro|1|0|1|0
262630|2020-01-13|segunda-feira|17:00:00|RS|116.0|CAXIAS DO SUL|Desobediência às normas de trânsito pelo condutor|Colisão transversal|Com Vítimas Feridas|Pleno dia|Sol|4|0|3|0
262631|2020-01-13|segunda-feira|04:15:00|MG|251.0|SALINAS|Falta de Atenção à Condução|Colisão frontal|Com Vítimas Feridas|Plena Noite|Céu Claro|6|0|1|0
262632|2020-01-13|segunda-feira|14:20:00|GO|153.0|MORRINHOS|Condutor Dormindo|Saída de leito carroçável|Sem Vítimas|Pleno dia|Céu Claro|1|0|0|0
262633|2020-01-13|segunda-feira|16:45:00|SP|116.0|PINDAMONHANGABA|Falta de Atenção à Condução|Colisão traseira|Com Vítimas Feridas|Pleno dia|Chuva|3|0|1|0
262634|2020-01-13|segunda-feira|15:20:00|ES|101.0|LINHARES|Desobediência às normas de trânsito pelo condutor|Colisão transversal|Com Vítimas Feridas|Pleno dia|Céu Claro|6|0|0|1
262636|2020-01-13|segunda-feira|17:00:00|SC|282.0|PALHOCA|Falta de Atenção à Condução|Colisão transversal|Com Vítimas Feridas|Pleno dia|Sol|2|0|1|0
262637|2020-01-13|segunda-feira|15:09:00|PR|369.0|ARAPONGAS|Desobediência às normas de trânsito pelo condutor|Colisão transversal|Com Vítimas Feridas|Pleno dia|Céu Claro|7|0|2|1
262638|2020-01-13|segunda-feira|17:30:00|PE|101.0|CABO DE SANTO AGOSTINHO|Sinalização da via insuficiente ou inadequada|Colisão traseira|Com Vítimas Feridas|Plena Noite|Ignorado|3|0|3|0
262639|2020-01-13|segunda-feira|15:00:00|MT|364.0|RONDONOPOLIS|Ingestão de Álcool|Colisão transversal|Sem Vítimas|Pleno dia|Céu Claro|2|0|0|0
262640|2020-01-13|segunda-feira|16:30:00|RR|174.0|BOA VISTA|Defeito Mecânico no Veículo|Saída de leito carroçável|Com Vítimas Feridas|Pleno dia|Céu Claro|2|0|2|0
262641|2020-01-13|segunda-feira|17:00:00|BA|324.0|FEIRA DE SANTANA|Desobediência às normas de trânsito pelo condutor|Colisão lateral|Com Vítimas Feridas|Pleno dia|Céu Claro|2|0|1|0