id|data_inversa|dia_semana|horario|uf|br|municipio|causa_acidente|tipo_acidente|classificacao_acidente|fase_dia|condicao_metereologica|pessoas|mortos|feridos_leves|feridos_graves
262642|2020-01-13|segunda-feira|18:10:00|SP|381.0|SAO PAULO|Falta de Atenção à Condução|Colisão traseira|Com Vítimas Feridas|Anoitecer|Nublado|2|0|1|0
262643|2020-01-13|segunda-feira|18:10:00|DF|70.0|BRASILIA|Velocidade Incompatível|Colisão traseira|Com Vítimas Fatais|Pleno dia|Céu Claro|3|1|0|0
262644|2020-01-13|segunda-feira|17:50:00|GO|60.0|ANAPOLIS|Desobediência às normas de trânsito pelo condutor|Colisão transversal|Com Vítimas Feridas|Pleno dia|Céu Claro|2|0|1|0
262645|2020-01-13|segunda-feira|16:30:00|SP|116.0|CAJATI|Defeito Mecânico no Veículo|Incêndio|Sem Vítimas|Pleno dia|Nublado|1|0|0|0
262646|2020-01-13|segunda-feira|18:15:00|MG|381.0|BETIM|Falta de Atenção à Condução|Colisão traseira|Com Vítimas Feridas|Anoitecer|Sol|2|0|1|0
262647|2020-01-13|segunda-feira|16:20:00|SC|282.0|SANTO AMARO DA IMPERATRIZ|Velocidade Incompatível|Tombamento|Com Vítimas Feridas|Pleno dia|Céu Claro|4|0|2|0
262648|2020-01-13|segunda-feira|18:00:00|RS|290.0|ELDORADO DO SUL|Não guardar distância de segurança|Tombamento|Com Vítimas Feridas|Pleno dia|Céu Claro|4|0|0|1
262649|2020-01-13|segunda-feira|07:20:00|SC|101.0|CAPIVARI DE BAIXO|Falta de Atenção à Condução|Saída de leito carroçável|Com Vítimas Feridas|Pleno dia|Céu Claro|1|0|1|0
262650|2020-01-13|segunda-feira|17:00:00|MT|163.0|SORRISO|Falta de Atenção à Condução|Saída de leito carroçável|Com Vítimas Feridas|Pleno dia|Céu Claro|1|0|0|1
262651|2020-01-13|segunda-feira|18:00:00|RS|290.0|PORTO ALEGRE|Falta de Atenção à Condução|Colisão traseira|Com Vítimas Feridas|Pleno dia|Céu Claro|2|0|1|0
262652|2020-01-13|segunda-feira|16:55:00|PR|476.0|PAULA FREITAS|Não guardar distância de segurança|Colisão traseira|Com Vítimas Feridas|Pleno dia|Céu Claro|3|0|1|0
262653|2020-01-13|segunda-feira|18:40:00|CE|222.0|CAUCAIA|Desobediência às normas de trânsito pelo condutor|Colisão frontal|Com Vítimas Fatais|Plena Noite|Céu Claro|3|1|0|1
262654|2020-01-13|segunda-feira|19:00:00|RS|116.0|CAXIAS DO SUL|Desobediência às normas de trânsito pelo condutor|Colisão transversal|Com Vítimas Feridas|Pleno dia|Céu Claro|2|0|1|0
262655|2020-01-13|segunda-feira|18:25:00|PR|373.0|PONTA GROSSA|Falta de Atenção à Condução|Colisão transversal|Com Vítimas Feridas|Pleno dia|Céu Claro|4|0|2|0
262657|2020-01-13|segunda-feira|17:30:00|MG|262.0|BOM DESPACHO|Falta de Atenção à Condução|Colisão traseira|Com Vítimas Feridas|Pleno dia|Céu Claro|3|0|1|0
262658|2020-01-13|segunda-feira|18:50:00|PE|428.0|SANTA MARIA DA BOA VISTA|Animais na Pista|Atropelamento de Animal|Com Vítimas Feridas|Plena Noite|Céu Claro|2|0|1|0
262659|2020-01-13|segunda-feira|18:30:00|MG|262.0|MANHUACU|Falta de Atenção à Condução|Colisão traseira|Com Vítimas Feridas|Plena Noite|Céu Claro|2|0|1|0
262660|2020-01-13|segunda-feira|17:45:00|RJ|101.0|SILVA JARDIM|Desobediência às normas de trânsito pelo condutor|Colisão traseira|Sem Vítimas|Anoitecer|Nublado|2|0|0|0
262661|2020-01-13|segunda-feira|19:20:00|GO|40.0|CRISTALINA|Falta de Atenção à Condução|Colisão transversal|Com Vítimas Feridas|Plena Noite|Céu Claro|4|0|2|0
262663|2020-01-13|segunda-feira|17:30:00|SC|470.0|INDAIAL|Desobediência às normas de trânsito pelo condutor|Colisão transversal|Com Vítimas Feridas|Pleno dia|Sol|3|0|2|0
262664|2020-01-13|segunda-feira|17:00:00|SC|470.0|POUSO REDONDO|Falta de Atenção à Condução|Colisão transversal|Com Vítimas Feridas|Pleno dia|Sol|3|0|2|0
262665|2020-01-13|segunda-feira|18:20:00|SP|381.0|MAIRIPORA|Pista Escorregadia|Capotamento|Com Vítimas Feridas|Plena Noite|Garoa/Chuvisco|3|0|3|0
262666|2020-01-13|segunda-feira|19:40:00|RN|406.0|JOAO CAMARA|Falta de Atenção à Condução|Colisão traseira|Sem Vítimas|Plena Noite|Céu Claro|2|0|0|0
262667|2020-01-13|segunda-feira|19:20:00|MG|381.0|BETIM|Falta de Atenção do Pedestre|Atropelamento de Pedestre|Com Vítimas Fatais|Plena Noite|Nublado|2|1|1|0
262668|2020-01-13|segunda-feira|14:00:00|BA|116.0|NOVA ITARANA|Falta de Atenção à Condução|Colisão traseira|Com Vítimas Feridas|Pleno dia|Céu Claro|2|0|1|0
262669|2020-01-13|segunda-feira|19:15:00|GO|60.0|GOIANIA|Falta de Atenção à Condução|Colisão frontal|Com Vítimas Feridas|Anoitecer|Céu Claro|2|0|1|0
262670|2020-01-13|segunda-feira|15:30:00|MG|116.0|GOVERNADOR VALADARES|Falta de Atenção à Condução|Colisão lateral|Com Vítimas Feridas|Pleno dia|Céu Claro|3|0|1|0
262671|2020-01-13|segunda-feira|14:40:00|RO|364.0|JARU|Falta de Atenção à Condução|Colisão frontal|Com Vítimas Feridas|Pleno dia|Nublado|2|0|1|0
262672|2020-01-13|segunda-feira|19:20:00|RS|290.0|BUTIA|Defeito Mecânico no Veículo|Incêndio|Sem Vítimas|Pleno dia|Sol|1|0|0|0
262673|2020-01-13|segunda-feira|17:00:00|PR|153.0|SANTO ANTONIO DA PLATINA|Defeito Mecânico no Veículo|Colisão transversal|Com Vítimas Feridas|Pleno dia|Céu Claro|2|0|1|0
262674|2020-01-13|segunda-feira|18:00:00|MG|116.0|INHAPIM|Falta de Atenção à Condução|Colisão transversal|Com Vítimas Feridas|Plena Noite|Nublado|2|0|0|1
262675|2020-01-13|segunda-feira|19:50:00|SC|101.0|ITAJAI|Falta de Atenção à Condução|Tombamento|Com Vítimas Feridas|Plena Noite|Céu Claro|2|0|2|0
262676|2020-01-13|segunda-feira|20:20:00|TO|242.0|PEIXE|Defeito Mecânico no Veículo|Colisão lateral|Com Vítimas Feridas|Plena Noite|Céu Claro|5|0|4|0
262677|2020-01-13|segunda-feira|16:00:00|BA|242.0|SEABRA|Velocidade Incompatível|Saída de leito carroçável|Com Vítimas Feridas|Pleno dia|Céu Claro|2|0|2|0
262678|2020-01-13|segunda-feira|17:30:00|MT|70.0|CACERES|Pista Escorregadia|Saída de leito carroçável|Sem Vítimas|Pleno dia|Chuva|2|0|0|0
262679|2020-01-13|segunda-feira|19:45:00|SC|101.0|ITAPEMA|Falta de Atenção do Pedestre|Atropelamento de Pedestre|Com Vítimas Fatais|Anoitecer|Céu Claro|2|1|0|0
262681|2020-01-13|segunda-feira|21:55:00|SP|116.0|LAVRINHAS|Velocidade Incompatível|Colisão com objeto estático|Com Vítimas Feridas|Plena Noite|Chuva|4|0|3|0
262683|2020-01-13|segunda-feira|07:20:00|RO|364.0|OURO PRETO DO OESTE|Ingestão de Álcool|Queda de ocupante de veículo|Com Vítimas Feridas|Plena Noite|Céu Claro|1|0|0|1
262685|2020-01-13|segunda-feira|22:20:00|SE|101.0|CEDRO DE SAO JOAO|Falta de Atenção à Condução|Colisão frontal|Com Vítimas Fatais|Plena Noite|Céu Claro|2|1|0|0
262686|2020-01-13|segunda-feira|22:15:00|SC|101.0|PALHOCA|Falta de Atenção à Condução|Colisão lateral|Com Vítimas Feridas|Plena Noite|Céu Claro|2|0|1|0
262687|2020-01-13|segunda-feira|22:00:00|PB|230.0|JOAO PESSOA|Falta de Atenção à Condução|Colisão traseira|Com Vítimas Feridas|Plena Noite|Céu Claro|3|0|0|2
262688|2020-01-13|segunda-feira|22:45:00|SC|101.0|SAO JOSE|Falta de Atenção à Condução|Colisão lateral|Com Vítimas Feridas|Plena Noite|Nublado|2|0|2|0
262689|2020-01-13|segunda-feira|22:30:00|PA|230.0|MARABA|Não guardar distância de segurança|Colisão lateral|Com Vítimas Feridas|Plena Noite|Garoa/Chuvisco|2|0|1|0
262690|2020-01-13|segunda-feira|19:00:00|MT|70.0|CAMPO VERDE|Falta de Atenção do Pedestre|Atropelamento de Pedestre|Com Vítimas Feridas|Plena Noite|Céu Claro|2|0|2|0
262691|2020-01-13|segunda-feira|22:25:00|RJ|101.0|ANGRA DOS REIS|Desobediência às normas de trânsito pelo condutor|Colisão traseira|Sem Vítimas|Plena Noite|Garoa/Chuvisco|2|0|0|0
262692|2020-01-13|segunda-feira|23:30:00|RS|471.0|RIO GRANDE|Condutor Dormindo|Colisão traseira|Com Vítimas Feridas|Plena Noite|Céu Claro|3|0|2|0
262693|2020-01-13|segunda-feira|23:30:00|GO|70.0|AGUAS LINDAS DE GOIAS|Ingestão de Álcool|Saída de leito carroçável|Com Vítimas Feridas|Plena Noite|Nublado|3|0|1|0
262694|2020-01-13|segunda-feira|22:30:00|MG|262.0|ARAXA|Não guardar distância de segurança|Colisão traseira|Com Vítimas Feridas|Plena Noite|Céu Claro|2|0|2|0
262696|2020-01-13|segunda-feira|23:30:00|SC|101.0|SAO JOSE|Desobediência às normas de trânsito pelo condutor|Colisão traseira|Sem Vítimas|Plena Noite|Céu Claro|2|0|0|0
262697|2020-01-13|segunda-feira|22:50:00|PI|230.0|NAZARE DO PIAUI|Animais na Pista|Colisão com objeto estático|Com Vítimas Feridas|Plena Noite|Céu Claro|1|0|0|1
262698|2020-01-14|terça-feira|00:40:00|SP|153.0|GETULINA|Animais na Pista|Atropelamento de Animal|Sem Vítimas|Plena Noite|Nublado|3|0|0|0
262699|2020-01-14|terça-feira|01:10:00|SP|381.0|GUARULHOS|Falta de Atenção à Condução|Tombamento|Com Vítimas Feridas|Plena Noite|Céu Claro|1|0|1|0
262700|2020-01-13|segunda-feira|21:00:00|SP|116.0|TABOAO DA SERRA|Ingestão de Álcool|Colisão lateral|Sem Vítimas|Plena Noite|Céu Claro|2|0|0|0
262701|2020-01-13|segunda-feira|22:00:00|SP|381.0|GUARULHOS|Falta de Atenção à Condução|Colisão lateral|Sem Vítimas|Plena Noite|Céu Claro|1|0|0|0
262702|2020-01-13|segunda-feira|23:50:00|RJ|101.0|CAMPOS DOS GOYTACAZES|Falta de Atenção do Pedestre|Atropelamento de Pedestre|Com Vítimas Fatais|Plena Noite|Céu Claro|2|1|0|0
262703|2020-01-13|segunda-feira|23:40:00|MA|316.0|BELA VISTA DO MARANHAO|Falta de Atenção à Condução|Saída de leito carroçável|Com Vítimas Feridas|Plena Noite|Nublado|1|0|1|0
262704|2020-01-14|terça-feira|04:05:00|MG|381.0|BETIM|Falta de Atenção à Condução|Colisão traseira|Com Vítimas Feridas|Plena Noite|Céu Claro|2|0|1|0
262705|2020-01-14|terça-feira|01:50:00|RJ|116.0|MAGE|Mal Súbito|Danos eventuais|Com Vítimas Feridas|Plena Noite|Nublado|1|0|1|0
262706|2020-01-14|terça-feira|05:10:00|ES|101.0|SERRA|Desobediência às normas de trânsito pelo condutor|Colisão transversal|Com Vítimas Feridas|Amanhecer|Céu Claro|5|0|4|0
262715|2020-01-14|terça-feira|04:50:00|SC|101.0|SAO JOSE|Ingestão de Álcool|Colisão com objeto estático|Com Vítimas Feridas|Amanhecer|Nublado|1|0|1|0
262720|2020-01-14|terça-feira|02:04:00|PA|316.0|CASTANHAL|Ingestão de Álcool|Colisão com objeto estático|Sem Vítimas|Plena Noite|Céu Claro|1|0|0|0
262721|2020-01-14|terça-feira|05:50:00|SC|101.0|ITAJAI|Desobediência às normas de trânsito pelo condutor|Colisão transversal|Com Vítimas Feridas|Pleno dia|Céu Claro|2|0|0|1
262722|2020-01-14|terça-feira|04:00:00|MG|381.0|BETIM|Agressão Externa|Incêndio|Sem Vítimas|Plena Noite|Céu Claro|1|0|0|0
262723|2020-01-13|segunda-feira|20:50:00|RO|319.0|PORTO VELHO|Falta de Atenção à Condução|Colisão traseira|Sem Vítimas|Plena Noite|Nublado|6|0|0|0
262724|2020-01-14|terça-feira|06:30:00|MG|381.0|BELA VISTA DE MINAS|Velocidade Incompatível|Saída de leito carroçável|Com Vítimas Feridas|Pleno dia|Chuva|2|0|2|0
262725|2020-01-14|terça-feira|06:55:00|RS|285.0|PASSO FUNDO|Desobediência às normas de trânsito pelo condutor|Colisão transversal|Com Vítimas Feridas|Pleno dia|Sol|3|0|1|0
262726|2020-01-14|terça-feira|06:30:00|SP|116.0|MIRACATU|Falta de Atenção à Condução|Tombamento|Sem Vítimas|Amanhecer|Céu Claro|1|0|0|0
262727|2020-01-14|terça-feira|05:45:00|RJ|40.0|PETROPOLIS|Condutor Dormindo|Colisão com objeto estático|Com Vítimas Feridas|Amanhecer|Chuva|3|0|3|0
262728|2020-01-14|terça-feira|07:00:00|ES|101.0|SERRA|Falta de Atenção do Pedestre|Atropelamento de Pedestre|Com Vítimas Feridas|Pleno dia|Céu Claro|2|0|1|0
262729|2020-01-14|terça-feira|06:55:00|MG|381.0|NEPOMUCENO|Falta de Atenção à Condução|Colisão lateral|Com Vítimas Feridas|Pleno dia|Céu Claro|3|0|1|0
262730|2020-01-14|terça-feira|07:30:00|SC|101.0|PALHOCA|Falta de Atenção à Condução|Colisão traseira|Com Vítimas Feridas|Pleno dia|Sol|2|0|1|0
262731|2020-01-14|terça-feira|07:10:00|DF|40.0|BRASILIA|Desobediência às normas de trânsito pelo condutor|Colisão traseira|Com Vítimas Feridas|Pleno dia|Céu Claro|2|0|1|0
262733|2020-01-14|terça-feira|07:30:00|PR|277.0|CURITIBA|Desobediência às normas de trânsito pelo condutor|Colisão traseira|Com Vítimas Feridas|Pleno dia|Céu Claro|3|0|2|0
262734|2020-01-14|terça-feira|07:40:00|BA|324.0|SALVADOR|Não guardar distância de segurança|Colisão lateral|Sem Vítimas|Pleno dia|Céu Claro|4|0|0|0
262735|2020-01-14|terça-feira|07:00:00|BA|101.0|CONCEICAO DO JACUIPE|Falta de Atenção à Condução|Capotamento|Com Vítimas Feridas|Pleno dia|Céu Claro|4|0|3|0
262736|2020-01-14|terça-feira|07:50:00|DF|70.0|BRASILIA|Falta de Atenção à Condução|Atropelamento de Pedestre|Com Vítimas Feridas|Pleno dia|Céu Claro|3|0|1|0
262737|2020-01-14|terça-feira|08:05:00|GO|153.0|GOIANIA|Desobediência às normas de trânsito pelo condutor|Queda de ocupante de veículo|Com Vítimas Feridas|Pleno dia|Céu Claro|1|0|1|0
262739|2020-01-14|terça-feira|06:10:00|SE|101.0|CEDRO DE SAO JOAO|Defeito Mecânico no Veículo|Incêndio|Sem Vítimas|Pleno dia|Céu Claro|1|0|0|0
262740|2020-01-14|terça-feira|08:10:00|RN|101.0|NATAL|Falta de Atenção à Condução|Colisão traseira|Com Vítimas Feridas|Pleno dia|Céu Claro|3|0|1|0
262741|2020-01-14|terça-feira|07:00:00|RJ|465.0|SEROPEDICA|Desobediência às normas de trânsito pelo condutor|Colisão frontal|Com Vítimas Feridas|Pleno dia|Nublado|3|0|0|2
262742|2020-01-14|terça-feira|08:15:00|MA|230.0|BARAO DE GRAJAU|Não guardar distância de segurança|Colisão traseira|Com Vítimas Feridas|Pleno dia|Nublado|6|0|0|1
262743|2020-01-14|terça-feira|08:20:00|PR|277.0|PALMEIRA|Condutor Dormindo|Saída de leito carroçável|Com Vítimas Feridas|Pleno dia|Nublado|1|0|0|1
262744|2020-01-14|terça-feira|08:10:00|BA|415.0|ITABUNA|Velocidade Incompatível|Tombamento|Com Vítimas Fatais|Pleno dia|Céu Claro|1|1|0|0
262745|2020-01-14|terça-feira|08:00:00|PR|116.0|CURITIBA|Falta de Atenção à Condução|Colisão traseira|Sem Vítimas|Pleno dia|Nublado|4|0|0|0
262746|2020-01-14|terça-feira|06:50:00|PI|343.0|TERESINA|Pista Escorregadia|Capotamento|Com Vítimas Feridas|Pleno dia|Nublado|4|0|3|0
262747|2020-01-14|terça-feira|09:40:00|SC|470.0|BLUMENAU|Desobediência às normas de trânsito pelo condutor|Colisão transversal|Com Vítimas Feridas|Pleno dia|Céu Claro|2|0|1|0
262748|2020-01-14|terça-feira|08:50:00|PI|316.0|TERESINA|Falta de Atenção à Condução|Colisão lateral|Com Vítimas Feridas|Pleno dia|Céu Claro|3|0|2|0
262750|2020-01-14|terça-feira|09:35:00|MA|316.0|CAXIAS|Falta de Atenção à Condução|Colisão transversal|Sem Vítimas|Pleno dia|Nublado|2|0|0|0
262751|2020-01-14|terça-feira|09:50:00|RN|101.0|NATAL|Não guardar distância de segurança|Colisão traseira|Com Vítimas Feridas|Pleno dia|Céu Claro|2|0|1|0
262752|2020-01-14|terça-feira|09:10:00|MG|262.0|JUATUBA|Falta de Atenção do Pedestre|Atropelamento de Pedestre|Com Vítimas Fatais|Pleno dia|Céu Claro|3|1|1|1
262754|2020-01-14|terça-feira|09:30:00|SP|116.0|CANAS|Defeito Mecânico no Veículo|Colisão com objeto em movimento|Sem Vítimas|Pleno dia|Nublado|4|0|0|0
262755|2020-01-06|segunda-feira|12:35:00|SC|282.0|FLORIANOPOLIS|Falta de Atenção à Condução|Colisão lateral|Com Vítimas Feridas|Pleno dia|Céu Claro|2|0|1|0
262757|2020-01-14|terça-feira|10:00:00|SC|282.0|FLORIANOPOLIS|Desobediência às normas de trânsito pelo condutor|Colisão lateral|Com Vítimas Feridas|Pleno dia|Sol|2|0|1|0
262758|2020-01-14|terça-feira|08:50:00|RS|386.0|SOLEDADE|Falta de Atenção à Condução|Saída de leito carroçável|Com Vítimas Feridas|Pleno dia|Céu Claro|2|0|2|0
262759|2020-01-14|terça-feira|10:00:00|RS|448.0|CANOAS|Velocidade Incompatível|Tombamento|Com Vítimas Feridas|Pleno dia|Sol|3|0|2|0
262760|2020-01-14|terça-feira|09:35:00|RS|392.0|PELOTAS|Falta de Atenção à Condução|Colisão transversal|Com Vítimas Feridas|Pleno dia|Céu Claro|3|0|1|0
262761|2020-01-14|terça-feira|10:40:00|ES|101.0|VILA VELHA|Falta de Atenção à Condução|Tombamento|Com Vítimas Feridas|Pleno dia|Nublado|1|0|1|0
262762|2020-01-14|terça-feira|10:10:00|CE|20.0|ITATIRA|Pista Escorregadia|Saída de leito carroçável|Com Vítimas Feridas|Pleno dia|Chuva|2|0|2|0
262764|2020-01-02|quinta-feira|20:00:00|GO|60.0|ALEXANIA|Defeito na Via|Saída de leito carroçável|Com Vítimas Fatais|Plena Noite|Chuva|3|1|2|0
262766|2020-01-14|terça-feira|11:00:00|BA|101.0|EUNAPOLIS|Ultrapassagem Indevida|Colisão frontal|Com Vítimas Feridas|Pleno dia|Céu Claro|5|0|3|2
262768|2020-01-14|terça-feira|11:00:00|BA|242.0|BARREIRAS|Mal Súbito|Colisão com objeto estático|Com Vítimas Fatais|Pleno dia|Céu Claro|5|1|2|2
262769|2020-01-14|terça-feira|10:20:00|BA|101.0|CAMACAN|Falta de Atenção à Condução|Colisão lateral|Com Vítimas Feridas|Pleno dia|Céu Claro|5|0|1|1
262770|2020-01-14|terça-feira|11:25:00|PI|316.0|TERESINA|Desobediência às normas de trânsito pelo condutor|Colisão transversal|Com Vítimas Feridas|Pleno dia|Sol|2|0|0|1
262771|2020-01-14|terça-feira|10:00:00|PE|101.0|PAULISTA|Falta de Atenção à Condução|Colisão transversal|Com Vítimas Feridas|Pleno dia|Sol|4|0|2|0
262772|2020-01-14|terça-feira|10:50:00|PE|232.0|MORENO|Falta de Atenção à Condução|Saída de leito carroçável|Com Vítimas Feridas|Pleno dia|Sol|3|0|1|1
262773|2020-01-14|terça-feira|10:15:00|MG|116.0|TEOFILO OTONI|Falta de Atenção à Condução|Colisão traseira|Sem Vítimas|Pleno dia|Sol|2|0|0|0
262774|2020-01-14|terça-feira|11:49:00|RN|406.0|SAO GONCALO DO AMARANTE|Falta de Atenção à Condução|Colisão transversal|Com Vítimas Feridas|Pleno dia|Céu Claro|2|0|1|0
262775|2020-01-14|terça-feira|11:45:00|CE|116.0|ITAITINGA|Falta de Atenção do Pedestre|Atropelamento de Pedestre|Com Vítimas Feridas|Pleno dia|Céu Claro|2|0|0|1
262776|2020-01-14|terça-feira|10:20:00|RJ|393.0|TRES RIOS|Velocidade Incompatível|Tombamento|Com Vítimas Feridas|Pleno dia|Céu Claro|1|0|1|0
262777|2020-01-14|terça-feira|12:20:00|MG|381.0|EXTREMA|Ingestão de álcool e/ou substâncias psicoativas pelo pedestre|Colisão traseira|Com Vítimas Feridas|Pleno dia|Céu Claro|3|0|2|0
262779|2020-01-14|terça-feira|12:40:00|PE|232.0|RECIFE|Não guardar distância de segurança|Colisão traseira|Com Vítimas Feridas|Pleno dia|Sol|7|0|1|0
262780|2020-01-14|terça-feira|12:45:00|SC|282.0|BOM RETIRO|Falta de Atenção à Condução|Saída de leito carroçável|Com Vítimas Feridas|Pleno dia|Céu Claro|1|0|1|0
262781|2020-01-14|terça-feira|09:30:00|RJ|493.0|DUQUE DE CAXIAS|Falta de Atenção à Condução|Colisão traseira|Com Vítimas Fatais|Pleno dia|Sol|2|1|0|0
262782|2020-01-14|terça-feira|10:20:00|SC|101.0|IMBITUBA|Falta de Atenção à Condução|Colisão traseira|Com Vítimas Feridas|Pleno dia|Céu Claro|2|0|0|1
262783|2020-01-14|terça-feira|11:40:00|SC|282.0|CAMPOS NOVOS|Não guardar distância de segurança|Colisão traseira|Com Vítimas Feridas|Pleno dia|Sol|2|0|1|0
262784|2020-01-13|segunda-feira|10:00:00|CE|116.0|BARRO|Falta de Atenção à Condução|Colisão traseira|Com Vítimas Feridas|Pleno dia|Céu Claro|4|0|1|1
262785|2020-01-14|terça-feira|13:00:00|RS|392.0|RIO GRANDE|Avarias e/ou desgaste excessivo no pneu|Saída de leito carroçável|Com Vítimas Feridas|Pleno dia|Céu Claro|3|0|3|0
262786|2020-01-14|terça-feira|13:00:00|PR|476.0|CURITIBA|Defeito na Via|Queda de ocupante de veículo|Com Vítimas Feridas|Pleno dia|Céu Claro|3|0|2|0
262788|2020-01-14|terça-feira|13:05:00|SC|101.0|SANGAO|Velocidade Incompatível|Saída de leito carroçável|Com Vítimas Feridas|Pleno dia|Céu Claro|6|0|2|0
262789|2020-01-14|terça-feira|13:10:00|MT|70.0|BARRA DO GARCAS|Falta de Atenção à Condução|Colisão lateral|Com Vítimas Feridas|Pleno dia|Céu Claro|8|0|3|0
262791|2020-01-14|terça-feira|14:30:00|PR|376.0|MANDAGUARI|Desobediência às normas de trânsito pelo condutor|Colisão transversal|Com Vítimas Feridas|Pleno dia|Nublado|2|0|1|0
262792|2020-01-14|terça-feira|12:50:00|RO|364.0|JI-PARANA|Não guardar distância de segurança|Colisão traseira|Com Vítimas Feridas|Pleno dia|Céu Claro|2|0|0|1
262793|2020-01-14|terça-feira|14:40:00|PR|116.0|MANDIRITUBA|Falta de Atenção à Condução|Colisão lateral|Com Vítimas Feridas|Pleno dia|Céu Claro|2|0|0|1
262794|2020-01-14|terça-feira|14:50:00|ES|262.0|CARIACICA|Falta de Atenção à Condução|Colisão traseira|Com Vítimas Feridas|Pleno dia|Céu Claro|3|0|1|0
262795|2020-01-14|terça-feira|14:50:00|TO|153.0|PUGMIL|Ultrapassagem Indevida|Colisão frontal|Com Vítimas Feridas|Pleno dia|Sol|9|0|3|0
262797|2020-01-14|terça-feira|14:40:00|SC|101.0|ITAPEMA|Falta de Atenção à Condução|Colisão traseira|Com Vítimas Feridas|Pleno dia|Céu Claro|3|0|2|0
262798|2020-01-10|sexta-feira|09:00:00|MS|463.0|DOURADOS|Avarias e/ou desgaste excessivo no pneu|Colisão traseira|Com Vítimas Feridas|Pleno dia|Céu Claro|2|0|1|0
262799|2020-01-10|sexta-feira|16:10:00|MT|364.0|ALTO GARCAS|Ultrapassagem Indevida|Colisão frontal|Com Vítimas Feridas|Pleno dia|Céu Claro|4|0|1|2
262800|2020-01-14|terça-feira|15:30:00|ES|101.0|SERRA|Defeito Mecânico no Veículo|Queda de ocupante de veículo|Com Vítimas Feridas|Pleno dia|Céu Claro|2|0|2|0
262801|2020-01-14|terça-feira|06:15:00|MA|230.0|LORETO|Falta de Atenção à Condução|Saída de leito carroçável|Com Vítimas Feridas|Pleno dia|Céu Claro|4|0|1|0
262802|2020-01-14|terça-feira|15:20:00|ES|101.0|SERRA|Falta de Atenção à Condução|Colisão lateral|Com Vítimas Feridas|Pleno dia|Nublado|3|0|2|0
262803|2020-01-14|terça-feira|15:00:00|MG||JUIZ DE FORA|Desobediência às normas de trânsito pelo condutor|Colisão com objeto em movimento|Sem Vítimas|Pleno dia|Nublado|4|0|0|0
262804|2020-01-14|terça-feira|16:00:00|PE|407.0|PETROLINA|Desobediência às normas de trânsito pelo condutor|Colisão transversal|Com Vítimas Feridas|Pleno dia|Céu Claro|2|0|1|0
262805|2020-01-14|terça-feira|15:00:00|RJ|40.0|AREAL|Pista Escorregadia|Colisão com objeto estático|Sem Vítimas|Pleno dia|Chuva|1|0|0|0
262806|2020-01-14|terça-feira|16:30:00|MG|381.0|OLIVEIRA|Defeito Mecânico no Veículo|Tombamento|Com Vítimas Feridas|Pleno dia|Nublado|2|0|2|0
262808|2020-01-14|terça-feira|16:45:00|PB|361.0|PATOS|Desobediência às normas de trânsito pelo condutor|Atropelamento de Pedestre|Com Vítimas Feridas|Pleno dia|Céu Claro|4|0|1|1
262809|2020-01-14|terça-feira|17:20:00|PE|101.0|CABO DE SANTO AGOSTINHO|Falta de Atenção à Condução|Colisão traseira|Com Vítimas Feridas|Anoitecer|Céu Claro|2|0|1|0
262810|2020-01-14|terça-feira|17:00:00|SP|116.0|EMBU DAS ARTES|Ingestão de Álcool|Colisão lateral|Com Vítimas Feridas|Pleno dia|Nublado|2|0|1|0
262811|2020-01-14|terça-feira|16:55:00|ES|101.0|CARIACICA|Defeito Mecânico no Veículo|Colisão com objeto estático|Com Vítimas Feridas|Pleno dia|Céu Claro|3|0|1|0
262812|2020-01-14|terça-feira|16:40:00|RS|386.0|CARAZINHO|Ingestão de Álcool|Saída de leito carroçável|Sem Vítimas|Pleno dia|Céu Claro|1|0|0|0
262813|2020-01-14|terça-feira|17:30:00|ES|482.0|ALEGRE|Desobediência às normas de trânsito pelo condutor|Colisão transversal|Com Vítimas Feridas|Pleno dia|Céu Claro|3|0|1|2
262814|2020-01-14|terça-feira|17:45:00|MG|50.0|UBERLANDIA|Falta de Atenção à Condução|Tombamento|Com Vítimas Feridas|Pleno dia|Nublado|1|0|1|0
262815|2020-01-14|terça-feira|17:15:00|BA|324.0|SAO SEBASTIAO DO PASSE|Falta de Atenção à Condução|Capotamento|Com Vítimas Feridas|Pleno dia|Céu Claro|2|0|1|0
262816|2020-01-14|terça-feira|17:50:00|GO|40.0|VALPARAISO DE GOIAS|Falta de Atenção à Condução|Colisão transversal|Com Vítimas Feridas|Pleno dia|Céu Claro|2|0|2|0
262817|2020-01-14|terça-feira|16:40:00|SC|101.0|ARARANGUA|Desobediência às normas de trânsito pelo condutor|Colisão transversal|Sem Vítimas|Pleno dia|Céu Claro|2|0|0|0
262818|2020-01-14|terça-feira|17:10:00|MG|40.0|CONTAGEM|Mal Súbito|Queda de ocupante de veículo|Com Vítimas Feridas|Pleno dia|Céu Claro|1|0|0|1
262819|2020-01-14|terça-feira|18:20:00|PR|116.0|MANDIRITUBA|Falta de Atenção à Condução|Colisão traseira|Com Vítimas Feridas|Anoitecer|Nublado|2|0|0|1