id|data_inversa|dia_semana|horario|uf|br|municipio|causa_acidente|tipo_acidente|classificacao_acidente|fase_dia|condicao_metereologica|pessoas|mortos|feridos_leves|feridos_graves
262820|2020-01-14|terça-feira|18:00:00|RN|101.0|NATAL|Não guardar distância de segurança|Colisão traseira|Sem Vítimas|Plena Noite|Nublado|3|0|0|0
262821|2020-01-14|terça-feira|18:42:00|SP|116.0|SAO PAULO|Não guardar distância de segurança|Colisão lateral|Com Vítimas Feridas|Anoitecer|Céu Claro|2|0|1|0
262822|2020-01-14|terça-feira|18:40:00|BA|324.0|SIMOES FILHO|Falta de Atenção à Condução|Queda de ocupante de veículo|Com Vítimas Feridas|Plena Noite|Céu Claro|2|0|0|2
262823|2020-01-14|terça-feira|17:50:00|BA|407.0|CAPIM GROSSO|Falta de Atenção à Condução|Colisão traseira|Com Vítimas Feridas|Anoitecer|Céu Claro|3|0|2|0
262824|2020-01-14|terça-feira|13:40:00|MG|262.0|MANHUACU|Falta de Atenção à Condução|Saída de leito carroçável|Com Vítimas Feridas|Pleno dia|Céu Claro|7|0|4|1
262825|2020-01-14|terça-feira|14:30:00|MT|364.0|NOBRES|Pista Escorregadia|Saída de leito carroçável|Com Vítimas Feridas|Pleno dia|Garoa/Chuvisco|4|0|1|0
262827|2020-01-14|terça-feira|19:10:00|RN|101.0|NATAL|Defeito Mecânico no Veículo|Queda de ocupante de veículo|Com Vítimas Feridas|Plena Noite|Céu Claro|1|0|1|0
262828|2020-01-14|terça-feira|18:40:00|RN|304.0|ITAJA|Desobediência às normas de trânsito pelo condutor|Colisão transversal|Com Vítimas Feridas|Anoitecer|Céu Claro|2|0|0|1
262829|2020-01-14|terça-feira|17:00:00|PR|376.0|SARANDI|Mal Súbito|Colisão com objeto estático|Com Vítimas Feridas|Pleno dia|Céu Claro|1|0|0|1
262831|2020-01-14|terça-feira|17:50:00|RO|319.0|PORTO VELHO|Desobediência às normas de trânsito pelo condutor|Colisão transversal|Com Vítimas Feridas|Pleno dia|Céu Claro|3|0|1|0
262832|2020-01-14|terça-feira|17:30:00|MA|316.0|TIMON|Falta de Atenção à Condução|Colisão lateral|Sem Vítimas|Anoitecer|Céu Claro|2|0|0|0
262833|2020-01-10|sexta-feira|17:30:00|MS|267.0|MARACAJU|Ingestão de Álcool|Colisão lateral|Sem Vítimas|Pleno dia|Céu Claro|2|0|0|0
262834|2020-01-14|terça-feira|19:00:00|BA|116.0|VITORIA DA CONQUISTA|Não guardar distância de segurança|Colisão traseira|Com Vítimas Feridas|Plena Noite|Céu Claro|3|0|2|0
262835|2020-01-14|terça-feira|18:20:00|SC|101.0|BARRA VELHA|Falta de Atenção à Condução|Queda de ocupante de veículo|Com Vítimas Feridas|Pleno dia|Céu Claro|2|0|2|0
262836|2020-01-14|terça-feira|19:45:00|TO|153.0|PARAISO DO TOCANTINS|Falta de Atenção do Pedestre|Atropelamento de Pedestre|Com Vítimas Fatais|Plena Noite|Céu Claro|2|1|0|0
262837|2020-01-14|terça-feira|19:40:00|SC|101.0|ITAPEMA|Desobediência às normas de trânsito pelo condutor|Colisão transversal|Com Vítimas Feridas|Plena Noite|Céu Claro|10|0|10|0
262838|2020-01-14|terça-feira|16:00:00|MG|116.0|MANHUACU|Falta de Atenção à Condução|Colisão lateral|Com Vítimas Feridas|Pleno dia|Chuva|4|0|1|2
262839|2020-01-14|terça-feira|19:30:00|BA|116.0|SANTA BARBARA|Defeito Mecânico no Veículo|Incêndio|Sem Vítimas|Plena Noite|Céu Claro|1|0|0|0
262840|2020-01-14|terça-feira|20:00:00|SC|101.0|BIGUACU|Falta de Atenção à Condução|Colisão com objeto estático|Com Vítimas Feridas|Plena Noite|Céu Claro|2|0|1|0
262841|2020-01-14|terça-feira|18:50:00|MT|163.0|SINOP|Ingestão de Álcool|Colisão traseira|Com Vítimas Feridas|Plena Noite|Nublado|2|0|0|1
262842|2020-01-14|terça-feira|19:30:00|DF|60.0|BRASILIA|Falta de Atenção à Condução|Colisão traseira|Com Vítimas Feridas|Plena Noite|Céu Claro|2|0|1|0
262843|2020-01-14|terça-feira|16:15:00|MG|116.0|INHAPIM|Falta de Atenção do Pedestre|Atropelamento de Pedestre|Com Vítimas Feridas|Pleno dia|Céu Claro|2|0|1|0
262844|2020-01-14|terça-feira|18:50:00|MG|116.0|UBAPORANGA|Falta de Atenção à Condução|Colisão transversal|Com Vítimas Feridas|Plena Noite|Céu Claro|3|0|1|1
262845|2020-01-14|terça-feira|20:35:00|SP|101.0|UBATUBA|Desobediência às normas de trânsito pelo condutor|Colisão lateral|Com Vítimas Feridas|Plena Noite|Nublado|2|0|1|0
262846|2020-01-14|terça-feira|19:40:00|AL|101.0|JUNQUEIRO|Desobediência às normas de trânsito pelo condutor|Colisão frontal|Com Vítimas Feridas|Plena Noite|Céu Claro|2|0|0|1
262847|2020-01-14|terça-feira|19:40:00|MS|163.0|ITAQUIRAI|Falta de Atenção à Condução|Saída de leito carroçável|Com Vítimas Feridas|Plena Noite|Nublado|1|0|0|1
262849|2020-01-14|terça-feira|20:00:00|PA|222.0|MARABA|Falta de Atenção à Condução|Colisão frontal|Com Vítimas Fatais|Plena Noite|Céu Claro|2|1|0|0
262850|2020-01-14|terça-feira|20:10:00|BA|116.0|VITORIA DA CONQUISTA|Desobediência às normas de trânsito pelo pedestre|Atropelamento de Pedestre|Com Vítimas Feridas|Plena Noite|Céu Claro|2|0|1|0
262851|2020-01-14|terça-feira|21:00:00|RS|287.0|SANTA MARIA|Falta de Atenção à Condução|Colisão lateral|Com Vítimas Feridas|Plena Noite|Garoa/Chuvisco|2|0|1|0
262852|2020-01-14|terça-feira|21:20:00|SP|116.0|CACHOEIRA PAULISTA|Falta de Atenção à Condução|Colisão lateral|Com Vítimas Feridas|Plena Noite|Céu Claro|1|0|1|0
262853|2020-01-14|terça-feira|20:00:00|MG|40.0|CONTAGEM|Falta de Atenção do Pedestre|Atropelamento de Pedestre|Com Vítimas Feridas|Plena Noite|Céu Claro|2|0|1|0
262854|2020-01-14|terça-feira|21:35:00|MG|262.0|CAMPO FLORIDO|Animais na Pista|Atropelamento de Animal|Sem Vítimas|Plena Noite|Nublado|1|0|0|0
262855|2020-01-14|terça-feira|21:15:00|RS|392.0|ROQUE GONZALES|Velocidade Incompatível|Saída de leito carroçável|Com Vítimas Fatais|Plena Noite|Nublado|1|1|0|0
262856|2020-01-14|terça-feira|21:40:00|PE|101.0|PALMARES|Carga excessiva e/ou mal acondicionada|Derramamento de carga|Com Vítimas Feridas|Plena Noite|Céu Claro|2|0|1|0
262857|2020-01-14|terça-feira|12:30:00|BA|101.0|VALENCA|Falta de Atenção à Condução|Tombamento|Sem Vítimas|Pleno dia|Céu Claro|1|0|0|0
262858|2020-01-14|terça-feira|19:00:00|RN|304.0|ACU|Falta de Atenção do Pedestre|Atropelamento de Pedestre|Com Vítimas Fatais|Plena Noite|Céu Claro|3|1|0|0
262859|2020-01-14|terça-feira|21:15:00|MG|262.0|CAMPOS ALTOS|Condutor Dormindo|Saída de leito carroçável|Com Vítimas Feridas|Plena Noite|Céu Claro|1|0|1|0
262860|2020-01-14|terça-feira|21:20:00|MS|163.0|CAMPO GRANDE|Desobediência às normas de trânsito pelo condutor|Colisão transversal|Com Vítimas Feridas|Plena Noite|Nublado|4|0|2|0
262861|2020-01-14|terça-feira|23:00:00|MG|381.0|SAO GONCALO DO RIO ABAIXO|Desobediência às normas de trânsito pelo condutor|Colisão frontal|Com Vítimas Feridas|Plena Noite|Chuva|2|0|0|1
262862|2020-01-14|terça-feira|22:45:00|PR|272.0|ARARUNA|Velocidade Incompatível|Saída de leito carroçável|Sem Vítimas|Plena Noite|Nublado|1|0|0|0
262863|2020-01-14|terça-feira|23:00:00|PR|373.0|PONTA GROSSA|Defeito Mecânico no Veículo|Colisão com objeto em movimento|Com Vítimas Feridas|Plena Noite|Nublado|5|0|1|0
262864|2020-01-14|terça-feira|17:40:00|SC|480.0|CHAPECO|Falta de Atenção à Condução|Colisão transversal|Com Vítimas Feridas|Pleno dia|Sol|2|0|0|1
262865|2020-01-14|terça-feira|22:00:00|GO|153.0|APARECIDA DE GOIANIA|Falta de Atenção à Condução|Colisão transversal|Com Vítimas Feridas|Plena Noite|Céu Claro|5|0|1|0
262866|2020-01-14|terça-feira|22:05:00|MG|153.0|MONTE ALEGRE DE MINAS|Velocidade Incompatível|Capotamento|Com Vítimas Feridas|Plena Noite|Céu Claro|1|0|1|0
262867|2020-01-14|terça-feira|23:00:00|CE|20.0|CAUCAIA|Falta de Atenção à Condução|Saída de leito carroçável|Sem Vítimas|Plena Noite|Garoa/Chuvisco|1|0|0|0
262868|2020-01-14|terça-feira|22:45:00|SP|116.0|CANAS|Desobediência às normas de trânsito pelo condutor|Colisão traseira|Sem Vítimas|Plena Noite|Nublado|2|0|0|0
262869|2020-01-15|quarta-feira|00:00:00|DF|20.0|BRASILIA|Falta de Atenção à Condução|Colisão traseira|Com Vítimas Feridas|Plena Noite|Céu Claro|2|0|1|0
262870|2020-01-14|terça-feira|23:35:00|PR|373.0|PONTA GROSSA|Falta de Atenção à Condução|Colisão transversal|Com Vítimas Feridas|Plena Noite|Céu Claro|3|0|0|2
262871|2020-01-14|terça-feira|20:00:00|SC|101.0|BALNEARIO CAMBORIU|Não guardar distância de segurança|Colisão lateral|Com Vítimas Feridas|Plena Noite|Nublado|2|0|1|0
262872|2020-01-14|terça-feira|19:30:00|PB|230.0|SOUSA|Desobediência às normas de trânsito pelo condutor|Tombamento|Com Vítimas Feridas|Plena Noite|Céu Claro|1|0|1|0
262873|2020-01-14|terça-feira|00:15:00|PR|369.0|LONDRINA|Desobediência às normas de trânsito pelo condutor|Colisão transversal|Com Vítimas Feridas|Pleno dia|Nublado|3|0|1|0
262874|2020-01-14|terça-feira|21:50:00|PR|163.0|MARECHAL CANDIDO RONDON|Desobediência às normas de trânsito pelo condutor|Saída de leito carroçável|Com Vítimas Feridas|Plena Noite|Chuva|1|0|1|0
262875|2020-01-14|terça-feira|18:30:00|PE|423.0|GARANHUNS|Falta de Atenção à Condução|Colisão lateral|Com Vítimas Feridas|Plena Noite|Céu Claro|3|0|1|0
262876|2020-01-15|quarta-feira|01:30:00|RJ|116.0|BARRA MANSA|Defeito Mecânico no Veículo|Colisão com objeto estático|Sem Vítimas|Plena Noite|Nublado|1|0|0|0
262877|2020-01-15|quarta-feira|01:30:00|PR|277.0|BALSA NOVA|Condutor Dormindo|Saída de leito carroçável|Com Vítimas Feridas|Plena Noite|Nublado|1|0|1|0
262878|2020-01-15|quarta-feira|01:00:00|PR|153.0|MALLET|Falta de Atenção à Condução|Saída de leito carroçável|Com Vítimas Fatais|Plena Noite|Céu Claro|1|1|0|0
262879|2020-01-14|terça-feira|22:02:00|PR|153.0|GENERAL CARNEIRO|Condutor Dormindo|Tombamento|Sem Vítimas|Plena Noite|Céu Claro|1|0|0|0
262880|2020-01-15|quarta-feira|01:40:00|PR|467.0|CASCAVEL|Não guardar distância de segurança|Colisão traseira|Com Vítimas Feridas|Plena Noite|Nublado|4|0|1|0
262881|2020-01-15|quarta-feira|03:10:00|CE|222.0|SAO GONCALO DO AMARANTE|Agressão Externa|Colisão frontal|Com Vítimas Fatais|Plena Noite|Chuva|6|3|1|2
262882|2020-01-15|quarta-feira|04:00:00|MS|163.0|JUTI|Condutor Dormindo|Saída de leito carroçável|Com Vítimas Feridas|Amanhecer|Céu Claro|1|0|1|0
262883|2020-01-15|quarta-feira|06:10:00|CE|222.0|FORTALEZA|Desobediência às normas de trânsito pelo condutor|Atropelamento de Pedestre|Com Vítimas Feridas|Pleno dia|Nublado|2|0|1|1
262884|2020-01-15|quarta-feira|05:10:00|MS|163.0|NAVIRAI|Condutor Dormindo|Colisão com objeto estático|Com Vítimas Feridas|Amanhecer|Céu Claro|1|0|1|0
262885|2020-01-15|quarta-feira|06:30:00|CE|222.0|CAUCAIA|Falta de Atenção à Condução|Colisão lateral|Com Vítimas Feridas|Pleno dia|Nublado|2|0|1|0
262886|2020-01-15|quarta-feira|06:35:00|PB|101.0|BAYEUX|Não guardar distância de segurança|Colisão traseira|Com Vítimas Feridas|Pleno dia|Céu Claro|2|0|1|0
262887|2020-01-15|quarta-feira|06:20:00|PR|116.0|CURITIBA|Falta de Atenção à Condução|Colisão traseira|Com Vítimas Feridas|Pleno dia|Céu Claro|5|0|2|1
262888|2020-01-15|quarta-feira|07:00:00|SE|101.0|ESTANCIA|Falta de Atenção à Condução|Colisão traseira|Com Vítimas Feridas|Pleno dia|Céu Claro|12|0|0|2
262890|2020-01-14|terça-feira|22:15:00|MG|116.0|SAO JOAO DO MANHUACU|Desobediência às normas de trânsito pelo condutor|Colisão lateral|Sem Vítimas|Plena Noite|Céu Claro|2|0|0|0
262891|2020-01-15|quarta-feira|07:30:00|SP|116.0|GUARULHOS|Desobediência às normas de trânsito pelo condutor|Colisão frontal|Com Vítimas Feridas|Pleno dia|Sol|4|0|0|1
262892|2020-01-15|quarta-feira|05:20:00|SC|116.0|CORREIA PINTO|Velocidade Incompatível|Saída de leito carroçável|Com Vítimas Feridas|Amanhecer|Nublado|1|0|1|0
262893|2020-01-15|quarta-feira|06:40:00|PR|116.0|SAO JOSE DOS PINHAIS|Falta de Atenção à Condução|Colisão traseira|Com Vítimas Feridas|Pleno dia|Nublado|4|0|2|0
262894|2020-01-14|terça-feira|22:00:00|RO|174.0|VILHENA|Falta de Atenção à Condução|Colisão traseira|Com Vítimas Feridas|Plena Noite|Céu Claro|4|0|1|0
262895|2020-01-15|quarta-feira|06:55:00|SC|101.0|TUBARAO|Falta de Atenção à Condução|Incêndio|Sem Vítimas|Pleno dia|Céu Claro|1|0|0|0
262896|2020-01-15|quarta-feira|07:00:00|SC|280.0|RIO NEGRINHO|Falta de Atenção à Condução|Colisão transversal|Com Vítimas Feridas|Pleno dia|Céu Claro|2|0|1|0
262897|2020-01-15|quarta-feira|07:10:00|RJ|101.0|ANGRA DOS REIS|Desobediência às normas de trânsito pelo condutor|Colisão lateral|Com Vítimas Feridas|Pleno dia|Céu Claro|3|0|2|0
262898|2020-01-15|quarta-feira|06:00:00|GO|20.0|FORMOSA|Ingestão de Álcool|Colisão com objeto estático|Sem Vítimas|Pleno dia|Ignorado|1|0|0|0
262899|2020-01-15|quarta-feira|07:00:00|BA|418.0|NOVA VICOSA|Falta de Atenção à Condução|Colisão lateral|Com Vítimas Feridas|Pleno dia|Nublado|2|0|0|1
262901|2020-01-15|quarta-feira|08:10:00|RS|116.0|SAO LEOPOLDO|Desobediência às normas de trânsito pelo condutor|Colisão traseira|Com Vítimas Feridas|Pleno dia|Céu Claro|2|0|1|0
262902|2020-01-15|quarta-feira|08:05:00|RN|101.0|NATAL|Falta de Atenção à Condução|Colisão traseira|Com Vítimas Feridas|Pleno dia|Sol|4|0|1|0
262903|2020-01-15|quarta-feira|05:25:00|SC|470.0|IBIRAMA|Defeito Mecânico no Veículo|Tombamento|Sem Vítimas|Pleno dia|Céu Claro|1|0|0|0
262904|2020-01-15|quarta-feira|07:10:00|MS|163.0|DOURADOS|Desobediência às normas de trânsito pelo condutor|Danos eventuais|Com Vítimas Feridas|Pleno dia|Céu Claro|2|0|1|0
262905|2020-01-15|quarta-feira|08:20:00|RS|290.0|ALEGRETE|Falta de Atenção à Condução|Colisão traseira|Sem Vítimas|Pleno dia|Céu Claro|2|0|0|0
262906|2020-01-15|quarta-feira|06:26:00|PR|476.0|COLOMBO|Falta de Atenção à Condução|Colisão transversal|Com Vítimas Feridas|Pleno dia|Céu Claro|2|0|1|0
262907|2020-01-15|quarta-feira|08:50:00|RN|101.0|NATAL|Sinalização da via insuficiente ou inadequada|Colisão traseira|Com Vítimas Feridas|Pleno dia|Sol|3|0|2|0
262908|2020-01-15|quarta-feira|06:45:00|MG|50.0|UBERLANDIA|Falta de Atenção à Condução|Colisão transversal|Com Vítimas Feridas|Amanhecer|Céu Claro|2|0|0|1
262909|2020-01-15|quarta-feira|08:00:00|BA|20.0|SAO DESIDERIO|Falta de Atenção à Condução|Saída de leito carroçável|Com Vítimas Feridas|Pleno dia|Céu Claro|4|0|1|0
262910|2020-01-15|quarta-feira|08:30:00|PE|101.0|CABO DE SANTO AGOSTINHO|Condutor Dormindo|Saída de leito carroçável|Com Vítimas Feridas|Pleno dia|Céu Claro|1|0|1|0
262911|2020-01-15|quarta-feira|09:15:00|RJ|393.0|VOLTA REDONDA|Defeito Mecânico no Veículo|Colisão frontal|Sem Vítimas|Pleno dia|Sol|3|0|0|0
262913|2020-01-15|quarta-feira|08:20:00|RJ|116.0|PORTO REAL|Defeito Mecânico no Veículo|Incêndio|Sem Vítimas|Pleno dia|Céu Claro|1|0|0|0
262916|2020-01-15|quarta-feira|08:45:00|CE|222.0|CAUCAIA|Não guardar distância de segurança|Engavetamento|Com Vítimas Feridas|Pleno dia|Chuva|6|0|3|0
262919|2020-01-15|quarta-feira|09:05:00|SP|116.0|CAJATI|Não guardar distância de segurança|Colisão traseira|Sem Vítimas|Pleno dia|Céu Claro|2|0|0|0
262920|2020-01-15|quarta-feira|07:30:00|SC|101.0|TIJUCAS|Falta de Atenção à Condução|Colisão lateral|Com Vítimas Feridas|Pleno dia|Céu Claro|2|0|1|0
262921|2020-01-15|quarta-feira|08:30:00|PR|277.0|CAMPO LARGO|Desobediência às normas de trânsito pelo condutor|Colisão lateral|Com Vítimas Feridas|Pleno dia|Céu Claro|2|0|1|0
262922|2020-01-11|sábado|05:30:00|BA|101.0|PRESIDENTE TANCREDO NEVES|Falta de Atenção à Condução|Saída de leito carroçável|Com Vítimas Feridas|Pleno dia|Sol|1|0|1|0
262923|2020-01-15|quarta-feira|09:30:00|MG|50.0|UBERABA|Mal Súbito|Tombamento|Com Vítimas Feridas|Pleno dia|Céu Claro|2|0|1|0
262925|2020-01-15|quarta-feira|10:00:00|PE|101.0|RECIFE|Mal Súbito|Capotamento|Com Vítimas Feridas|Pleno dia|Céu Claro|2|0|2|0
262926|2020-01-15|quarta-feira|10:20:00|PR|369.0|LONDRINA|Falta de Atenção à Condução|Colisão lateral|Com Vítimas Feridas|Pleno dia|Céu Claro|2|0|1|0
262929|2020-01-15|quarta-feira|09:00:00|RS|116.0|GUAIBA|Falta de Atenção do Pedestre|Danos eventuais|Sem Vítimas|Pleno dia|Céu Claro|1|0|0|0
262930|2020-01-15|quarta-feira|11:10:00|MG|354.0|POUSO ALTO|Defeito Mecânico no Veículo|Colisão lateral|Com Vítimas Feridas|Pleno dia|Céu Claro|2|0|1|0
262932|2020-01-15|quarta-feira|10:30:00|MG|381.0|SABARA|Defeito Mecânico no Veículo|Colisão frontal|Com Vítimas Feridas|Pleno dia|Céu Claro|11|0|7|0
262933|2020-01-15|quarta-feira|11:10:00|PE|101.0|PAULISTA|Desobediência às normas de trânsito pelo condutor|Colisão lateral|Com Vítimas Feridas|Pleno dia|Céu Claro|2|0|1|0
262934|2020-01-15|quarta-feira|04:20:00|MS|267.0|NOVA ANDRADINA|Falta de Atenção à Condução|Saída de leito carroçável|Sem Vítimas|Plena Noite|Céu Claro|1|0|0|0
262935|2020-01-15|quarta-feira|10:20:00|RR|174.0|BOA VISTA|Falta de Atenção à Condução|Colisão traseira|Sem Vítimas|Pleno dia|Céu Claro|2|0|0|0
262937|2020-01-15|quarta-feira|10:00:00|MG|381.0|CONTAGEM|Falta de Atenção à Condução|Tombamento|Com Vítimas Feridas|Pleno dia|Sol|1|0|1|0
262938|2020-01-15|quarta-feira|10:50:00|SC|101.0|BALNEARIO CAMBORIU|Pista Escorregadia|Tombamento|Com Vítimas Feridas|Pleno dia|Céu Claro|1|0|1|0
262941|2020-01-15|quarta-feira|11:20:00|SC|101.0|ITAJAI|Falta de Atenção à Condução|Colisão lateral|Com Vítimas Feridas|Pleno dia|Céu Claro|2|0|0|1
262942|2020-01-15|quarta-feira|11:30:00|PR|116.0|CURITIBA|Falta de Atenção à Condução|Colisão lateral|Com Vítimas Feridas|Pleno dia|Nublado|3|0|1|0
262943|2020-01-15|quarta-feira|12:25:00|PR|376.0|MARIALVA|Falta de Atenção à Condução|Saída de leito carroçável|Com Vítimas Feridas|Pleno dia|Céu Claro|1|0|1|0
262944|2020-01-15|quarta-feira|12:15:00|SP|381.0|BRAGANCA PAULISTA|Condutor Dormindo|Capotamento|Com Vítimas Feridas|Pleno dia|Céu Claro|2|0|2|0
262946|2020-01-15|quarta-feira|10:20:00|PB|104.0|REMIGIO|Velocidade Incompatível|Engavetamento|Sem Vítimas|Pleno dia|Céu Claro|3|0|0|0
262948|2020-01-15|quarta-feira|10:37:00|PR|272.0|GUAIRA|Ultrapassagem Indevida|Colisão frontal|Com Vítimas Feridas|Pleno dia|Céu Claro|4|0|2|1
262949|2020-01-15|quarta-feira|08:15:00|MS|463.0|DOURADOS|Avarias e/ou desgaste excessivo no pneu|Tombamento|Com Vítimas Feridas|Pleno dia|Céu Claro|2|0|0|2
262951|2020-01-15|quarta-feira|11:00:00|AM|174.0|MANAUS|Falta de Atenção à Condução|Saída de leito carroçável|Com Vítimas Fatais|Pleno dia|Céu Claro|2|1|0|0
262952|2020-01-15|quarta-feira|12:50:00|BA|407.0|SENHOR DO BONFIM|Não guardar distância de segurança|Colisão traseira|Com Vítimas Feridas|Pleno dia|Céu Claro|4|0|1|0
262954|2020-01-15|quarta-feira|09:45:00|MG|381.0|SANTO ANTONIO DO AMPARO|Falta de Atenção à Condução|Saída de leito carroçável|Sem Vítimas|Pleno dia|Sol|2|0|0|0
262955|2020-01-15|quarta-feira|12:00:00|BA|415.0|ITABUNA|Falta de Atenção à Condução|Colisão lateral|Com Vítimas Feridas|Pleno dia|Sol|2|0|1|0
262956|2020-01-15|quarta-feira|13:30:00|SC|101.0|SAO JOSE|Não guardar distância de segurança|Colisão traseira|Com Vítimas Feridas|Pleno dia|Sol|3|0|0|1
262957|2020-01-15|quarta-feira|10:00:00|MG|262.0|MANHUACU|Falta de Atenção à Condução|Colisão traseira|Com Vítimas Feridas|Pleno dia|Céu Claro|4|0|1|0
262958|2020-01-15|quarta-feira|14:30:00|SP|116.0|GUARULHOS|Não guardar distância de segurança|Colisão lateral|Com Vítimas Feridas|Pleno dia|Céu Claro|2|0|1|0
262959|2020-01-15|quarta-feira|13:35:00|SC|282.0|XANXERE|Falta de Atenção à Condução|Colisão lateral|Com Vítimas Feridas|Pleno dia|Nublado|4|0|1|0
262960|2020-01-15|quarta-feira|14:20:00|PR|476.0|CURITIBA|Não guardar distância de segurança|Colisão traseira|Com Vítimas Feridas|Pleno dia|Céu Claro|2|0|1|0
262961|2020-01-15|quarta-feira|13:30:00|RS|290.0|SAO GABRIEL|Falta de Atenção à Condução|Colisão transversal|Com Vítimas Feridas|Pleno dia|Chuva|3|0|3|0
262962|2020-01-15|quarta-feira|10:10:00|MG|153.0|MONTE ALEGRE DE MINAS|Falta de Atenção à Condução|Saída de leito carroçável|Com Vítimas Feridas|Pleno dia|Céu Claro|1|0|0|1
262963|2020-01-15|quarta-feira|14:50:00|SE|101.0|SANTA LUZIA DO ITANHY|Desobediência às normas de trânsito pelo condutor|Colisão transversal|Com Vítimas Feridas|Pleno dia|Céu Claro|6|0|2|0
262964|2020-01-15|quarta-feira|15:00:00|PR|369.0|CAMBARA|Defeito Mecânico no Veículo|Saída de leito carroçável|Com Vítimas Feridas|Pleno dia|Céu Claro|2|0|2|0
262965|2020-01-15|quarta-feira|14:40:00|PI|316.0|PICOS|Ingestão de Álcool|Tombamento|Com Vítimas Feridas|Pleno dia|Sol|1|0|1|0
262967|2020-01-15|quarta-feira|14:50:00|PR|476.0|SAO MATEUS DO SUL|Fenômenos da Natureza|Colisão frontal|Com Vítimas Feridas|Pleno dia|Chuva|3|0|2|0
262968|2020-01-15|quarta-feira|14:20:00|SC|101.0|BARRA VELHA|Falta de Atenção à Condução|Colisão traseira|Com Vítimas Feridas|Pleno dia|Sol|1|0|1|0
262969|2020-01-15|quarta-feira|15:30:00|PR|376.0|SAO JOSE DOS PINHAIS|Desobediência às normas de trânsito pelo condutor|Colisão traseira|Sem Vítimas|Pleno dia|Nublado|2|0|0|0
262970|2020-01-15|quarta-feira|14:10:00|MS|163.0|COXIM|Falta de Atenção à Condução|Colisão traseira|Com Vítimas Fatais|Pleno dia|Céu Claro|3|1|1|0
262971|2020-01-15|quarta-feira|15:00:00|SC|282.0|PALHOCA|Falta de Atenção à Condução|Colisão transversal|Sem Vítimas|Pleno dia|Céu Claro|2|0|0|0
262973|2020-01-15|quarta-feira|15:50:00|MT|364.0|CUIABA|Pista Escorregadia|Saída de leito carroçável|Com Vítimas Feridas|Pleno dia|Garoa/Chuvisco|2|0|1|0
262974|2020-01-15|quarta-feira|15:15:00|PE|101.0|IGARASSU|Falta de Atenção do Pedestre|Saída de leito carroçável|Com Vítimas Feridas|Pleno dia|Céu Claro|2|0|1|0
262976|2020-01-15|quarta-feira|15:00:00|MG|381.0|ITAGUARA|Falta de Atenção à Condução|Queda de ocupante de veículo|Com Vítimas Feridas|Pleno dia|Nublado|1|0|1|0
262977|2020-01-15|quarta-feira|15:20:00|RS|116.0|CANOAS|Falta de Atenção à Condução|Colisão traseira|Com Vítimas Feridas|Pleno dia|Céu Claro|2|0|1|0
262979|2020-01-15|quarta-feira|14:25:00|MT|163.0|DIAMANTINO|Defeito Mecânico no Veículo|Incêndio|Sem Vítimas|Pleno dia|Céu Claro|1|0|0|0
262980|2020-01-15|quarta-feira|16:10:00|MG|267.0|BOM JARDIM DE MINAS|Falta de Atenção à Condução|Incêndio|Com Vítimas Feridas|Pleno dia|Céu Claro|1|0|1|0
262981|2020-01-15|quarta-feira|14:30:00|SP|101.0|UBATUBA|Falta de Atenção à Condução|Colisão transversal|Com Vítimas Feridas|Pleno dia|Céu Claro|2|0|1|0
262982|2020-01-15|quarta-feira|16:20:00|RS|116.0|CAXIAS DO SUL|Desobediência às normas de trânsito pelo condutor|Colisão transversal|Com Vítimas Feridas|Pleno dia|Nublado|2|0|0|1
262983|2020-01-15|quarta-feira|16:00:00|MG|381.0|SAO GONCALO DO RIO ABAIXO|Velocidade Incompatível|Tombamento|Com Vítimas Feridas|Pleno dia|Céu Claro|1|0|1|0
262984|2020-01-15|quarta-feira|15:50:00|SC|282.0|PALHOCA|Falta de Atenção à Condução|Colisão traseira|Com Vítimas Feridas|Pleno dia|Céu Claro|2|0|0|1
262985|2020-01-15|quarta-feira|16:00:00|SP|153.0|SAO JOSE DO RIO PRETO|Defeito na Via|Colisão com objeto estático|Sem Vítimas|Pleno dia|Céu Claro|1|0|0|0
262986|2020-01-15|quarta-feira|16:50:00|PR|469.0|FOZ DO IGUACU|Avarias e/ou desgaste excessivo no pneu|Colisão lateral|Sem Vítimas|Pleno dia|Chuva|3|0|0|0
262987|2020-01-15|quarta-feira|13:17:00|GO|251.0|CRISTALINA|Desobediência às normas de trânsito pelo condutor|Colisão transversal|Com Vítimas Feridas|Pleno dia|Céu Claro|2|0|1|0
262989|2020-01-15|quarta-feira|16:35:00|RN|101.0|PARNAMIRIM|Não guardar distância de segurança|Colisão traseira|Com Vítimas Feridas|Pleno dia|Céu Claro|2|0|1|0
262990|2020-01-15|quarta-feira|17:00:00|PR|280.0|BARRACAO|Velocidade Incompatível|Saída de leito carroçável|Com Vítimas Feridas|Pleno dia|Chuva|1|0|1|0
262991|2020-01-15|quarta-feira|15:00:00|MT|163.0|NOVA MUTUM|Não guardar distância de segurança|Tombamento|Com Vítimas Feridas|Pleno dia|Chuva|2|0|1|0