id|data_inversa|dia_semana|horario|uf|br|municipio|causa_acidente|tipo_acidente|classificacao_acidente|fase_dia|condicao_metereologica|pessoas|mortos|feridos_leves|feridos_graves
262993|2020-01-15|quarta-feira|16:15:00|RS|285.0|PASSO FUNDO|Avarias e/ou desgaste excessivo no pneu|Saída de leito carroçável|Com Vítimas Feridas|Pleno dia|Chuva|1|0|1|0
262994|2020-01-15|quarta-feira|15:00:00|BA|101.0|ITACARE|Falta de Atenção à Condução|Colisão transversal|Com Vítimas Feridas|Pleno dia|Sol|6|0|4|0
262995|2020-01-15|quarta-feira|17:20:00|DF|20.0|BRASILIA|Falta de Atenção à Condução|Colisão traseira|Com Vítimas Feridas|Pleno dia|Céu Claro|2|0|1|0
262996|2020-01-15|quarta-feira|13:00:00|SC|282.0|VARGEM BONITA|Falta de Atenção à Condução|Colisão lateral|Com Vítimas Feridas|Pleno dia|Céu Claro|3|0|1|0
262997|2020-01-15|quarta-feira|13:00:00|MG|262.0|CAMPOS ALTOS|Defeito Mecânico no Veículo|Colisão traseira|Sem Vítimas|Pleno dia|Chuva|2|0|0|0
262998|2020-01-15|quarta-feira|16:20:00|MG|262.0|CORREGO DANTA|Falta de Atenção à Condução|Saída de leito carroçável|Com Vítimas Feridas|Pleno dia|Sol|2|0|1|0
262999|2020-01-15|quarta-feira|18:05:00|PR|376.0|MARINGA|Desobediência às normas de trânsito pelo condutor|Colisão traseira|Com Vítimas Feridas|Pleno dia|Céu Claro|3|0|1|0
263000|2020-01-15|quarta-feira|17:00:00|MG|381.0|BETIM|Falta de Atenção à Condução|Colisão traseira|Com Vítimas Feridas|Pleno dia|Céu Claro|3|0|1|0
263001|2020-01-15|quarta-feira|17:30:00|BA|116.0|ARACI|Desobediência às normas de trânsito pelo condutor|Colisão transversal|Com Vítimas Feridas|Pleno dia|Sol|3|0|3|0
263002|2020-01-15|quarta-feira|17:40:00|RS|386.0|TRIUNFO|Pista Escorregadia|Colisão frontal|Com Vítimas Fatais|Pleno dia|Chuva|3|2|0|1
263003|2020-01-15|quarta-feira|17:00:00|PI|316.0|TERESINA|Objeto estático sobre o leito carroçável|Colisão traseira|Com Vítimas Feridas|Pleno dia|Nublado|2|0|1|0
263005|2020-01-15|quarta-feira|18:15:00|ES|101.0|LINHARES|Não guardar distância de segurança|Colisão traseira|Com Vítimas Feridas|Pleno dia|Nublado|5|0|1|0
263006|2020-01-15|quarta-feira|18:20:00|RS|116.0|SAPUCAIA DO SUL|Falta de Atenção à Condução|Queda de ocupante de veículo|Com Vítimas Feridas|Pleno dia|Chuva|1|0|1|0
263007|2020-01-15|quarta-feira|17:00:00|SC|282.0|JOACABA|Desobediência às normas de trânsito pelo condutor|Colisão lateral|Com Vítimas Feridas|Pleno dia|Céu Claro|2|0|2|0
263010|2020-01-15|quarta-feira|18:15:00|RN|101.0|NATAL|Falta de Atenção à Condução|Colisão lateral|Com Vítimas Feridas|Plena Noite|Céu Claro|2|0|0|1
263011|2020-01-15|quarta-feira|16:30:00|PE|232.0|CARUARU|Velocidade Incompatível|Capotamento|Com Vítimas Feridas|Pleno dia|Céu Claro|1|0|1|0
263012|2020-01-15|quarta-feira|18:35:00|CE|20.0|MARACANAU|Falta de Atenção à Condução|Colisão lateral|Com Vítimas Feridas|Plena Noite|Céu Claro|3|0|1|1
263013|2020-01-15|quarta-feira|17:50:00|MS|163.0|DOURADOS|Restrição de Visibilidade|Colisão traseira|Com Vítimas Feridas|Anoitecer|Sol|2|0|1|0
263014|2020-01-15|quarta-feira|18:30:00|SP|116.0|LAVRINHAS|Falta de Atenção à Condução|Saída de leito carroçável|Com Vítimas Feridas|Anoitecer|Nublado|2|0|0|2
263015|2020-01-15|quarta-feira|18:55:00|BA|242.0|BARREIRAS|Animais na Pista|Atropelamento de Animal|Com Vítimas Feridas|Plena Noite|Céu Claro|2|0|2|0
263016|2020-01-02|quinta-feira|18:30:00|MG|40.0|SANTOS DUMONT|Velocidade Incompatível|Colisão frontal|Com Vítimas Feridas|Plena Noite|Garoa/Chuvisco|2|0|0|1
263017|2020-01-15|quarta-feira|19:20:00|PA|316.0|SANTA MARIA DO PARA|Falta de Atenção do Pedestre|Atropelamento de Pedestre|Com Vítimas Fatais|Plena Noite|Céu Claro|3|1|0|0
263018|2020-01-15|quarta-feira|17:20:00|RJ|465.0|NOVA IGUACU|Não guardar distância de segurança|Colisão traseira|Com Vítimas Feridas|Pleno dia|Céu Claro|2|0|1|0
263019|2020-01-15|quarta-feira|18:30:00|RO|364.0|PORTO VELHO|Falta de Atenção do Pedestre|Atropelamento de Pedestre|Com Vítimas Feridas|Anoitecer|Céu Claro|2|0|1|0
263020|2020-01-15|quarta-feira|19:50:00|PR|277.0|PARANAGUA|Defeito Mecânico no Veículo|Colisão traseira|Com Vítimas Feridas|Plena Noite|Céu Claro|3|0|2|0
263021|2020-01-15|quarta-feira|19:05:00|MG|40.0|SETE LAGOAS|Avarias e/ou desgaste excessivo no pneu|Saída de leito carroçável|Com Vítimas Feridas|Plena Noite|Chuva|1|0|1|0
263022|2020-01-15|quarta-feira|19:10:00|ES|101.0|SAO MATEUS|Restrição de Visibilidade|Atropelamento de Pedestre|Com Vítimas Feridas|Plena Noite|Céu Claro|2|0|0|1
263023|2020-01-15|quarta-feira|20:20:00|ES|101.0|SERRA|Animais na Pista|Atropelamento de Animal|Com Vítimas Feridas|Plena Noite|Céu Claro|1|0|1|0
263024|2020-01-15|quarta-feira|20:30:00|MG|381.0|BRUMADINHO|Falta de Atenção do Pedestre|Atropelamento de Pedestre|Com Vítimas Fatais|Plena Noite|Chuva|2|1|0|0
263025|2020-01-15|quarta-feira|18:20:00|PE|232.0|BEZERROS|Falta de Atenção do Pedestre|Atropelamento de Pedestre|Com Vítimas Fatais|Plena Noite|Céu Claro|3|1|0|0
263027|2020-01-15|quarta-feira|21:20:00|PR|376.0|MARINGA|Falta de Atenção à Condução|Colisão traseira|Com Vítimas Feridas|Plena Noite|Céu Claro|2|0|1|0
263029|2020-01-15|quarta-feira|21:30:00|PR|376.0|MARINGA|Velocidade Incompatível|Saída de leito carroçável|Sem Vítimas|Plena Noite|Céu Claro|1|0|0|0
263030|2020-01-15|quarta-feira|21:25:00|MG|40.0|RIBEIRAO DAS NEVES|Ingestão de Álcool|Atropelamento de Pedestre|Com Vítimas Fatais|Plena Noite|Chuva|2|1|1|0
263031|2020-01-15|quarta-feira|16:15:00|BA|101.0|CONCEICAO DA FEIRA|Falta de Atenção à Condução|Colisão lateral|Com Vítimas Feridas|Pleno dia|Céu Claro|2|0|1|0
263032|2020-01-15|quarta-feira|21:35:00|PR|369.0|CORNELIO PROCOPIO|Restrição de Visibilidade|Queda de ocupante de veículo|Com Vítimas Feridas|Plena Noite|Céu Claro|1|0|1|0
263033|2020-01-15|quarta-feira|14:30:00|MG|251.0|AGUAS VERMELHAS|Ultrapassagem Indevida|Colisão lateral|Sem Vítimas|Pleno dia|Sol|2|0|0|0
263034|2020-01-15|quarta-feira|19:30:00|BA|242.0|BARREIRAS|Ingestão de Álcool|Colisão traseira|Sem Vítimas|Plena Noite|Céu Claro|2|0|0|0
263035|2020-01-15|quarta-feira|20:30:00|PE|232.0|GRAVATA|Falta de Atenção à Condução|Colisão lateral|Sem Vítimas|Plena Noite|Céu Claro|2|0|0|0
263036|2020-01-15|quarta-feira|22:00:00|SC|101.0|SAO JOSE|Falta de Atenção à Condução|Tombamento|Com Vítimas Feridas|Plena Noite|Nublado|1|0|1|0
263037|2020-01-15|quarta-feira|18:00:00|RJ|116.0|NOVA IGUACU|Falta de Atenção à Condução|Colisão traseira|Com Vítimas Feridas|Pleno dia|Sol|3|0|2|0
263038|2020-01-15|quarta-feira|23:10:00|SC|101.0|SAO JOSE|Falta de Atenção à Condução|Tombamento|Com Vítimas Feridas|Plena Noite|Nublado|2|0|2|0
263039|2020-01-15|quarta-feira|23:10:00|MG|381.0|CARMOPOLIS DE MINAS|Falta de Atenção à Condução|Colisão com objeto estático|Com Vítimas Feridas|Plena Noite|Céu Claro|1|0|1|0
263041|2020-01-15|quarta-feira|18:00:00|MG|262.0|LUZ|Desobediência às normas de trânsito pelo condutor|Colisão frontal|Com Vítimas Fatais|Anoitecer|Céu Claro|2|1|0|0
263042|2020-01-16|quinta-feira|00:25:00|SP|116.0|TAUBATE|Falta de Atenção à Condução|Colisão traseira|Com Vítimas Fatais|Plena Noite|Céu Claro|8|4|2|0
263043|2020-01-15|quarta-feira|23:50:00|MG|381.0|CAREACU|Velocidade Incompatível|Saída de leito carroçável|Com Vítimas Fatais|Pleno dia|Céu Claro|1|1|0|0
263044|2020-01-15|quarta-feira|22:50:00|MG|116.0|ITAMBACURI|Defeito Mecânico no Veículo|Saída de leito carroçável|Com Vítimas Feridas|Plena Noite|Céu Claro|3|0|2|0
263045|2020-01-15|quarta-feira|22:50:00|PR|153.0|REBOUCAS|Ingestão de Álcool|Colisão frontal|Com Vítimas Feridas|Plena Noite|Nublado|3|0|3|0
263046|2020-01-16|quinta-feira|04:50:00|SP|116.0|SAO LOURENCO DA SERRA|Condutor Dormindo|Saída de leito carroçável|Com Vítimas Feridas|Amanhecer|Céu Claro|47|0|14|1
263047|2020-01-16|quinta-feira|03:00:00|SP|381.0|MAIRIPORA|Velocidade Incompatível|Colisão traseira|Com Vítimas Feridas|Plena Noite|Céu Claro|3|0|2|0
263049|2020-01-16|quinta-feira|05:20:00|RN|406.0|CEARA-MIRIM|Falta de Atenção à Condução|Colisão frontal|Com Vítimas Feridas|Pleno dia|Céu Claro|2|0|0|2
263050|2020-01-16|quinta-feira|05:35:00|SC|470.0|ASCURRA|Velocidade Incompatível|Tombamento|Com Vítimas Feridas|Amanhecer|Nublado|1|0|1|0
263051|2020-01-16|quinta-feira|04:40:00|BA|116.0|JEQUIE|Falta de Atenção à Condução|Saída de leito carroçável|Com Vítimas Feridas|Amanhecer|Céu Claro|2|0|2|0
263052|2020-01-16|quinta-feira|04:55:00|PB|230.0|SAO MAMEDE|Animais na Pista|Atropelamento de Animal|Com Vítimas Feridas|Amanhecer|Céu Claro|4|0|2|1
263054|2020-01-16|quinta-feira|04:50:00|MG|40.0|CONTAGEM|Falta de Atenção do Pedestre|Atropelamento de Pedestre|Com Vítimas Fatais|Amanhecer|Céu Claro|2|1|0|0
263055|2020-01-16|quinta-feira|05:40:00|SC|101.0|SAO JOSE|Falta de Atenção à Condução|Tombamento|Com Vítimas Feridas|Pleno dia|Nublado|1|0|0|1
263056|2020-01-16|quinta-feira|05:54:00|PB|101.0|JOAO PESSOA|Pista Escorregadia|Tombamento|Com Vítimas Feridas|Pleno dia|Céu Claro|2|0|2|0
263057|2020-01-16|quinta-feira|02:40:00|MG|381.0|CAMPANHA|Velocidade Incompatível|Derramamento de carga|Com Vítimas Feridas|Plena Noite|Nublado|1|0|1|0
263058|2020-01-16|quinta-feira|05:40:00|SC|101.0|GAROPABA|Velocidade Incompatível|Saída de leito carroçável|Com Vítimas Feridas|Amanhecer|Chuva|2|0|1|1
263060|2020-01-16|quinta-feira|03:50:00|BA|116.0|VITORIA DA CONQUISTA|Defeito Mecânico no Veículo|Colisão traseira|Sem Vítimas|Plena Noite|Céu Claro|2|0|0|0
263061|2020-01-16|quinta-feira|06:00:00|MG|381.0|CAMBUI|Animais na Pista|Colisão traseira|Com Vítimas Feridas|Pleno dia|Sol|4|0|4|0
263063|2020-01-16|quinta-feira|01:00:00|PR|163.0|MARECHAL CANDIDO RONDON|Ingestão de Álcool|Saída de leito carroçável|Com Vítimas Feridas|Plena Noite|Ignorado|2|0|0|2
263064|2020-01-16|quinta-feira|03:26:00|SP|116.0|GUARULHOS|Falta de Atenção à Condução|Colisão traseira|Sem Vítimas|Plena Noite|Céu Claro|2|0|0|0
263065|2020-01-16|quinta-feira|04:00:00|MG|116.0|ITAMBACURI|Condutor Dormindo|Saída de leito carroçável|Sem Vítimas|Plena Noite|Céu Claro|1|0|0|0
263066|2020-01-16|quinta-feira|06:50:00|CE|116.0|EUSEBIO|Ingestão de Álcool|Colisão traseira|Com Vítimas Feridas|Pleno dia|Garoa/Chuvisco|7|0|1|0
263067|2020-01-16|quinta-feira|07:00:00|DF|40.0|BRASILIA|Falta de Atenção à Condução|Colisão lateral|Com Vítimas Feridas|Pleno dia|Céu Claro|3|0|2|0
263068|2020-01-16|quinta-feira|05:00:00|MS|163.0|CAMPO GRANDE|Falta de Atenção à Condução|Tombamento|Com Vítimas Feridas|Pleno dia|Céu Claro|1|0|1|0
263069|2020-01-16|quinta-feira|07:10:00|PE|101.0|JABOATAO DOS GUARARAPES|Falta de Atenção à Condução|Colisão traseira|Sem Vítimas|Pleno dia|Sol|3|0|0|0
263070|2020-01-16|quinta-feira|08:00:00|SC|101.0|SAO JOSE|Desobediência às normas de trânsito pelo condutor|Colisão traseira|Com Vítimas Feridas|Pleno dia|Nublado|2|0|1|0
263071|2020-01-16|quinta-feira|07:20:00|GO|40.0|LUZIANIA|Desobediência às normas de trânsito pelo condutor|Colisão frontal|Com Vítimas Feridas|Pleno dia|Céu Claro|2|0|0|1
263072|2020-01-16|quinta-feira|07:40:00|PB|230.0|SOUSA|Não guardar distância de segurança|Colisão traseira|Com Vítimas Feridas|Pleno dia|Céu Claro|4|0|1|0
263073|2020-01-16|quinta-feira|06:45:00|SP|116.0|TABOAO DA SERRA|Falta de Atenção à Condução|Colisão traseira|Sem Vítimas|Pleno dia|Céu Claro|3|0|0|0
263074|2020-01-16|quinta-feira|06:45:00|MG|153.0|PRATA|Falta de Atenção à Condução|Saída de leito carroçável|Com Vítimas Feridas|Pleno dia|Céu Claro|1|0|1|0
263075|2020-01-15|quarta-feira|17:30:00|BA|367.0|PORTO SEGURO|Falta de Atenção à Condução|Colisão lateral|Com Vítimas Feridas|Anoitecer|Céu Claro|3|0|1|0
263078|2020-01-15|quarta-feira|20:30:00|MS|60.0|CHAPADAO DO SUL|Falta de Atenção à Condução|Colisão traseira|Com Vítimas Feridas|Plena Noite|Céu Claro|3|0|2|0
263079|2020-01-16|quinta-feira|06:00:00|RO|364.0|OURO PRETO DO OESTE|Falta de Atenção do Pedestre|Atropelamento de Pedestre|Com Vítimas Feridas|Amanhecer|Garoa/Chuvisco|2|0|0|1
263080|2020-01-15|quarta-feira|10:30:00|SC|116.0|SANTA CECILIA|Velocidade Incompatível|Saída de leito carroçável|Sem Vítimas|Pleno dia|Céu Claro|1|0|0|0
263081|2020-01-16|quinta-feira|07:40:00|RN|110.0|MOSSORO|Desobediência às normas de trânsito pelo condutor|Colisão transversal|Com Vítimas Feridas|Pleno dia|Sol|3|0|2|0
263082|2020-01-16|quinta-feira|06:10:00|MG|146.0|CABO VERDE|Falta de Atenção à Condução|Colisão lateral|Com Vítimas Feridas|Pleno dia|Céu Claro|2|0|2|0
263083|2020-01-16|quinta-feira|06:50:00|MG|50.0|UBERABA|Desobediência às normas de trânsito pelo condutor|Colisão lateral|Sem Vítimas|Amanhecer|Céu Claro|2|0|0|0
263084|2020-01-16|quinta-feira|07:40:00|SC|101.0|PAULO LOPES|Falta de Atenção à Condução|Colisão transversal|Com Vítimas Feridas|Pleno dia|Nublado|2|0|0|1
263085|2020-01-16|quinta-feira|07:20:00|PR|376.0|PONTA GROSSA|Condutor Dormindo|Colisão traseira|Com Vítimas Feridas|Pleno dia|Céu Claro|2|0|0|1
263086|2020-01-16|quinta-feira|07:10:00|DF|60.0|BRASILIA|Não guardar distância de segurança|Colisão traseira|Com Vítimas Feridas|Pleno dia|Céu Claro|2|0|0|1
263087|2020-01-16|quinta-feira|07:10:00|MG|40.0|BELO HORIZONTE|Falta de Atenção do Pedestre|Atropelamento de Pedestre|Com Vítimas Feridas|Pleno dia|Céu Claro|2|0|2|0
263088|2020-01-16|quinta-feira|07:30:00|PI|343.0|TERESINA|Desobediência às normas de trânsito pelo condutor|Colisão transversal|Com Vítimas Feridas|Pleno dia|Nublado|2|0|0|1
263089|2020-01-16|quinta-feira|08:15:00|RN|304.0|PARNAMIRIM|Não guardar distância de segurança|Colisão traseira|Com Vítimas Feridas|Pleno dia|Sol|2|0|1|0
263090|2020-01-16|quinta-feira|08:10:00|GO|40.0|VALPARAISO DE GOIAS|Pista Escorregadia|Tombamento|Com Vítimas Feridas|Pleno dia|Céu Claro|2|0|2|0
263091|2020-01-16|quinta-feira|08:00:00|PR|376.0|NOVA ESPERANCA|Velocidade Incompatível|Queda de ocupante de veículo|Com Vítimas Feridas|Pleno dia|Céu Claro|1|0|0|1
263092|2020-01-16|quinta-feira|07:30:00|SC|101.0|SAO JOSE|Não guardar distância de segurança|Colisão transversal|Com Vítimas Feridas|Pleno dia|Céu Claro|2|0|1|0
263093|2020-01-16|quinta-feira|08:10:00|SC|101.0|BALNEARIO CAMBORIU|Falta de Atenção à Condução|Colisão traseira|Com Vítimas Feridas|Pleno dia|Sol|4|0|0|1
263094|2020-01-16|quinta-feira|08:20:00|SC|101.0|PALHOCA|Não guardar distância de segurança|Colisão lateral|Com Vítimas Feridas|Pleno dia|Nublado|3|0|1|0
263095|2020-01-16|quinta-feira|07:40:00|RJ|101.0|NITEROI|Não guardar distância de segurança|Colisão traseira|Sem Vítimas|Pleno dia|Céu Claro|3|0|0|0
263096|2020-01-16|quinta-feira|01:00:00|MG|381.0|BETIM|Defeito Mecânico no Veículo|Incêndio|Sem Vítimas|Plena Noite|Céu Claro|1|0|0|0
263097|2020-01-16|quinta-feira|07:45:00|RS|116.0|PELOTAS|Falta de Atenção à Condução|Colisão transversal|Com Vítimas Feridas|Pleno dia|Céu Claro|2|0|0|1
263098|2020-01-16|quinta-feira|07:20:00|BA|324.0|SALVADOR|Falta de Atenção à Condução|Colisão traseira|Com Vítimas Feridas|Pleno dia|Céu Claro|3|0|0|1
263099|2020-01-16|quinta-feira|08:50:00|RS|287.0|SANTA MARIA|Fenômenos da Natureza|Tombamento|Com Vítimas Feridas|Pleno dia|Chuva|1|0|1|0
263100|2020-01-16|quinta-feira|05:50:00|MG|381.0|PERDOES|Falta de Atenção à Condução|Tombamento|Sem Vítimas|Amanhecer|Ignorado|1|0|0|0
263101|2020-01-15|quarta-feira|22:30:00|RO|364.0|JI-PARANA|Desobediência às normas de trânsito pelo condutor|Colisão transversal|Sem Vítimas|Plena Noite|Nublado|2|0|0|0
263102|2020-01-16|quinta-feira|09:05:00|PE|104.0|CARUARU|Falta de Atenção à Condução|Colisão lateral|Com Vítimas Feridas|Pleno dia|Sol|2|0|0|1
263104|2020-01-16|quinta-feira|08:50:00|MG|381.0|OLIVEIRA|Condutor Dormindo|Saída de leito carroçável|Com Vítimas Feridas|Pleno dia|Nublado|3|0|2|0
263105|2020-01-15|quarta-feira|22:10:00|RS||VILA FLORES|Pista Escorregadia|Colisão com objeto estático|Sem Vítimas|Plena Noite|Garoa/Chuvisco|3|0|0|0
263106|2020-01-16|quinta-feira|09:15:00|PB|230.0|JOAO PESSOA|Não guardar distância de segurança|Engavetamento|Com Vítimas Feridas|Pleno dia|Céu Claro|4|0|1|0
263108|2020-01-16|quinta-feira|08:55:00|PI|343.0|TERESINA|Falta de Atenção à Condução|Colisão traseira|Com Vítimas Feridas|Pleno dia|Céu Claro|2|0|1|0
263109|2020-01-16|quinta-feira|08:50:00|RS|116.0|GUAIBA|Falta de Atenção à Condução|Colisão transversal|Com Vítimas Feridas|Pleno dia|Nublado|3|0|2|0
263110|2020-01-16|quinta-feira|08:30:00|SC|101.0|PAULO LOPES|Agressão Externa|Tombamento|Com Vítimas Feridas|Pleno dia|Garoa/Chuvisco|1|0|1|0
263111|2020-01-16|quinta-feira|09:20:00|SP|153.0|OCAUCU|Defeito Mecânico no Veículo|Colisão com objeto estático|Com Vítimas Feridas|Pleno dia|Céu Claro|1|0|1|0
263113|2020-01-16|quinta-feira|07:00:00|MG|381.0|BETIM|Falta de Atenção à Condução|Colisão traseira|Com Vítimas Feridas|Amanhecer|Céu Claro|2|0|1|0
263114|2020-01-16|quinta-feira|09:00:00|SP|116.0|SAO JOSE DOS CAMPOS|Não guardar distância de segurança|Colisão traseira|Com Vítimas Feridas|Pleno dia|Nublado|3|0|1|0
263116|2020-01-16|quinta-feira|09:20:00|RJ|116.0|MAGE|Desobediência às normas de trânsito pelo condutor|Colisão transversal|Com Vítimas Feridas|Pleno dia|Sol|2|0|1|0
263117|2020-01-16|quinta-feira|09:30:00|MG|381.0|JOAO MONLEVADE|Velocidade Incompatível|Colisão frontal|Com Vítimas Feridas|Pleno dia|Céu Claro|4|0|0|3
263119|2020-01-16|quinta-feira|08:50:00|TO|153.0|FATIMA|Falta de Atenção à Condução|Colisão traseira|Com Vítimas Feridas|Pleno dia|Céu Claro|5|0|2|0
263120|2020-01-16|quinta-feira|09:15:00|MS|163.0|RIO VERDE DE MATO GROSSO|Falta de Atenção à Condução|Colisão transversal|Com Vítimas Feridas|Pleno dia|Céu Claro|2|0|1|0
263121|2020-01-16|quinta-feira|07:50:00|MG|381.0|BETIM|Falta de Atenção à Condução|Colisão lateral|Com Vítimas Feridas|Pleno dia|Sol|3|0|0|1
263122|2020-01-16|quinta-feira|06:50:00|BA|407.0|SENHOR DO BONFIM|Não guardar distância de segurança|Colisão traseira|Com Vítimas Fatais|Pleno dia|Céu Claro|3|1|0|0
263123|2020-01-16|quinta-feira|09:50:00|SP|381.0|BRAGANCA PAULISTA|Defeito Mecânico no Veículo|Queda de ocupante de veículo|Com Vítimas Feridas|Pleno dia|Céu Claro|2|0|2|0
263124|2020-01-16|quinta-feira|10:15:00|SC|101.0|BARRA VELHA|Falta de Atenção à Condução|Colisão traseira|Com Vítimas Feridas|Pleno dia|Nublado|2|0|1|0
263127|2020-01-16|quinta-feira|09:20:00|MT|70.0|CAMPO VERDE|Desobediência às normas de trânsito pelo condutor|Colisão frontal|Com Vítimas Fatais|Pleno dia|Sol|2|1|1|0
263129|2020-01-16|quinta-feira|11:30:00|PR|376.0|GUARATUBA|Mal Súbito|Colisão com objeto estático|Sem Vítimas|Pleno dia|Céu Claro|1|0|0|0
263131|2020-01-16|quinta-feira|12:30:00|RJ|116.0|NOVA IGUACU|Falta de Atenção à Condução|Colisão com objeto estático|Com Vítimas Feridas|Pleno dia|Céu Claro|1|0|1|0
263133|2020-01-05|domingo|22:30:00|SC|470.0|NAVEGANTES|Falta de Atenção à Condução|Atropelamento de Pedestre|Com Vítimas Feridas|Plena Noite|Ignorado|2|0|1|1
263134|2020-01-16|quinta-feira|11:30:00|RS|116.0|CAXIAS DO SUL|Pista Escorregadia|Colisão transversal|Com Vítimas Feridas|Pleno dia|Chuva|4|0|2|2
263135|2020-01-16|quinta-feira|12:55:00|RN|101.0|NATAL|Ingestão de álcool e/ou substâncias psicoativas pelo pedestre|Atropelamento de Pedestre|Com Vítimas Feridas|Pleno dia|Sol|3|0|1|2
263136|2020-01-16|quinta-feira|13:00:00|RN|101.0|EXTREMOZ|Falta de Atenção à Condução|Colisão lateral|Sem Vítimas|Pleno dia|Céu Claro|1|0|0|0
263137|2020-01-16|quinta-feira|13:10:00|ES|482.0|DORES DO RIO PRETO|Falta de Atenção à Condução|Colisão com objeto estático|Com Vítimas Feridas|Pleno dia|Céu Claro|1|0|1|0
263138|2020-01-16|quinta-feira|13:35:00|SC|101.0|PALHOCA|Não guardar distância de segurança|Colisão traseira|Com Vítimas Feridas|Pleno dia|Céu Claro|2|0|1|0
263139|2020-01-16|quinta-feira|13:15:00|BA|242.0|BARREIRAS|Defeito Mecânico no Veículo|Incêndio|Sem Vítimas|Pleno dia|Céu Claro|1|0|0|0
263140|2020-01-16|quinta-feira|13:25:00|SC|282.0|RANCHO QUEIMADO|Velocidade Incompatível|Colisão frontal|Com Vítimas Feridas|Pleno dia|Chuva|2|0|1|0
263142|2020-01-16|quinta-feira|13:45:00|RJ|40.0|TRES RIOS|Velocidade Incompatível|Derramamento de carga|Sem Vítimas|Pleno dia|Céu Claro|2|0|0|0
263143|2020-01-16|quinta-feira|13:45:00|CE|20.0|MADALENA|Falta de Atenção à Condução|Colisão transversal|Com Vítimas Feridas|Pleno dia|Céu Claro|4|0|1|0
263144|2020-01-16|quinta-feira|13:20:00|RJ|101.0|SAO GONCALO|Falta de Atenção do Pedestre|Atropelamento de Pedestre|Com Vítimas Feridas|Pleno dia|Céu Claro|3|0|0|1
263145|2020-01-16|quinta-feira|14:00:00|SP|116.0|BARRA DO TURVO|Pista Escorregadia|Saída de leito carroçável|Com Vítimas Fatais|Pleno dia|Chuva|7|4|0|3
263146|2020-01-16|quinta-feira|13:00:00|PR|277.0|IRATI|Pista Escorregadia|Saída de leito carroçável|Com Vítimas Feridas|Pleno dia|Chuva|1|0|0|1
263147|2020-01-16|quinta-feira|11:30:00|MG|262.0|CAMPOS ALTOS|Velocidade Incompatível|Saída de leito carroçável|Com Vítimas Feridas|Pleno dia|Céu Claro|3|0|2|0
263148|2020-01-16|quinta-feira|14:00:00|PR|277.0|PALMEIRA|Avarias e/ou desgaste excessivo no pneu|Colisão frontal|Com Vítimas Fatais|Pleno dia|Chuva|6|5|0|0
263149|2020-01-16|quinta-feira|13:30:00|MG|40.0|NOVA LIMA|Falta de Atenção à Condução|Saída de leito carroçável|Com Vítimas Feridas|Pleno dia|Nublado|4|0|1|0
263151|2020-01-16|quinta-feira|08:30:00|RO|364.0|OURO PRETO DO OESTE|Não guardar distância de segurança|Colisão frontal|Com Vítimas Feridas|Pleno dia|Céu Claro|6|0|5|0
263152|2020-01-16|quinta-feira|11:20:00|MG|116.0|MANHUACU|Carga excessiva e/ou mal acondicionada|Saída de leito carroçável|Com Vítimas Feridas|Pleno dia|Céu Claro|1|0|0|1
263153|2020-01-16|quinta-feira|14:00:00|PB|230.0|PATOS|Não guardar distância de segurança|Colisão traseira|Sem Vítimas|Pleno dia|Sol|2|0|0|0
263154|2020-01-16|quinta-feira|14:10:00|SC|282.0|PALHOCA|Desobediência às normas de trânsito pelo condutor|Colisão transversal|Com Vítimas Feridas|Pleno dia|Nublado|6|0|3|3
263155|2020-01-16|quinta-feira|10:45:00|SC|470.0|APIUNA|Avarias e/ou desgaste excessivo no pneu|Saída de leito carroçável|Com Vítimas Fatais|Pleno dia|Chuva|1|1|0|0
263156|2020-01-16|quinta-feira|12:35:00|GO|153.0|ITUMBIARA|Condutor Dormindo|Saída de leito carroçável|Com Vítimas Feridas|Pleno dia|Céu Claro|2|0|2|0
263157|2020-01-16|quinta-feira|12:40:00|RS|285.0|PASSO FUNDO|Velocidade Incompatível|Saída de leito carroçável|Com Vítimas Feridas|Pleno dia|Chuva|1|0|0|1
263160|2020-01-16|quinta-feira|13:10:00|SP|116.0|GUARULHOS|Não guardar distância de segurança|Engavetamento|Com Vítimas Feridas|Pleno dia|Céu Claro|3|0|1|0
263162|2020-01-16|quinta-feira|14:01:00|SP|116.0|BARRA DO TURVO|Não guardar distância de segurança|Colisão traseira|Com Vítimas Feridas|Pleno dia|Chuva|2|0|1|0
263163|2020-01-16|quinta-feira|12:50:00|SC|101.0|ARAQUARI|Falta de Atenção à Condução|Colisão com objeto estático|Com Vítimas Feridas|Pleno dia|Chuva|1|0|1|0
263164|2020-01-16|quinta-feira|13:30:00|GO|153.0|APARECIDA DE GOIANIA|Não guardar distância de segurança|Colisão traseira|Com Vítimas Feridas|Pleno dia|Céu Claro|3|0|1|0
263165|2020-01-16|quinta-feira|15:30:00|PE|101.0|IGARASSU|Falta de Atenção à Condução|Colisão lateral|Com Vítimas Feridas|Pleno dia|Sol|2|0|1|0
263166|2020-01-16|quinta-feira|07:30:00|PI|343.0|REGENERACAO|Falta de Atenção à Condução|Colisão com objeto em movimento|Com Vítimas Feridas|Pleno dia|Céu Claro|2|0|1|0