id|data_inversa|dia_semana|horario|uf|br|municipio|causa_acidente|tipo_acidente|classificacao_acidente|fase_dia|condicao_metereologica|pessoas|mortos|feridos_leves|feridos_graves
263331|2020-01-17|sexta-feira|05:30:00|MG|262.0|BOM DESPACHO|Ultrapassagem Indevida|Saída de leito carroçável|Com Vítimas Feridas|Amanhecer|Chuva|1|0|1|0
263332|2020-01-17|sexta-feira|11:00:00|MG|381.0|BETIM|Velocidade Incompatível|Colisão traseira|Com Vítimas Feridas|Pleno dia|Sol|5|0|1|1
263333|2020-01-17|sexta-feira|11:30:00|RS|285.0|MUITOS CAPOES|Falta de Atenção à Condução|Colisão frontal|Com Vítimas Feridas|Pleno dia|Céu Claro|4|0|1|0
263334|2020-01-17|sexta-feira|11:40:00|SE|101.0|MARUIM|Falta de Atenção à Condução|Colisão transversal|Com Vítimas Feridas|Pleno dia|Céu Claro|5|0|2|0
263335|2020-01-17|sexta-feira|11:20:00|SC|101.0|SAO JOSE|Falta de Atenção à Condução|Colisão traseira|Com Vítimas Feridas|Pleno dia|Céu Claro|3|0|1|0
263337|2020-01-17|sexta-feira|11:30:00|PR|116.0|CAMPINA GRANDE DO SUL|Velocidade Incompatível|Capotamento|Com Vítimas Feridas|Pleno dia|Chuva|5|0|1|0
263338|2020-01-17|sexta-feira|11:00:00|GO|60.0|TEREZOPOLIS DE GOIAS|Falta de Atenção à Condução|Saída de leito carroçável|Com Vítimas Feridas|Pleno dia|Sol|1|0|1|0
263339|2020-01-17|sexta-feira|12:00:00|MG|365.0|PATOS DE MINAS|Pista Escorregadia|Tombamento|Sem Vítimas|Pleno dia|Chuva|1|0|0|0
263340|2020-01-17|sexta-feira|11:30:00|RN|304.0|CAICARA DO RIO DO VENTO|Defeito Mecânico no Veículo|Colisão frontal|Com Vítimas Feridas|Pleno dia|Chuva|6|0|1|4
263342|2020-01-17|sexta-feira|11:45:00|MG|40.0|CARANDAI|Desobediência às normas de trânsito pelo condutor|Colisão transversal|Com Vítimas Feridas|Pleno dia|Nublado|2|0|1|0
263343|2020-01-17|sexta-feira|11:18:00|RJ|101.0|ITAGUAI|Avarias e/ou desgaste excessivo no pneu|Capotamento|Com Vítimas Feridas|Pleno dia|Chuva|2|0|1|0
263344|2020-01-17|sexta-feira|08:00:00|MS|267.0|BATAGUASSU|Velocidade Incompatível|Tombamento|Sem Vítimas|Pleno dia|Céu Claro|1|0|0|0
263345|2020-01-17|sexta-feira|12:20:00|PE|424.0|PEDRA|Desobediência às normas de trânsito pelo condutor|Colisão frontal|Com Vítimas Fatais|Pleno dia|Céu Claro|4|1|0|3
263346|2020-01-17|sexta-feira|10:10:00|RS|290.0|CACEQUI|Falta de Atenção à Condução|Capotamento|Com Vítimas Feridas|Pleno dia|Céu Claro|4|0|4|0
263348|2020-01-17|sexta-feira|12:30:00|MG|381.0|EXTREMA|Velocidade Incompatível|Tombamento|Com Vítimas Feridas|Pleno dia|Nublado|1|0|1|0
263350|2020-01-17|sexta-feira|12:20:00|PE|101.0|RECIFE|Não guardar distância de segurança|Colisão traseira|Com Vítimas Feridas|Pleno dia|Sol|2|0|0|1
263351|2020-01-17|sexta-feira|13:00:00|RS|285.0|CORONEL BARROS|Defeito Mecânico no Veículo|Colisão com objeto em movimento|Sem Vítimas|Pleno dia|Sol|2|0|0|0
263352|2020-01-17|sexta-feira|13:20:00|SC|101.0|SAO JOSE|Falta de Atenção à Condução|Colisão lateral|Com Vítimas Feridas|Pleno dia|Céu Claro|2|0|1|0
263353|2020-01-17|sexta-feira|13:20:00|PI|316.0|TERESINA|Falta de Atenção à Condução|Colisão lateral|Com Vítimas Feridas|Pleno dia|Nublado|3|0|2|0
263354|2020-01-17|sexta-feira|10:15:00|RJ|116.0|TERESOPOLIS|Falta de Atenção à Condução|Colisão transversal|Com Vítimas Feridas|Pleno dia|Sol|3|0|1|0
263355|2020-01-17|sexta-feira|13:50:00|RJ|101.0|ANGRA DOS REIS|Falta de Atenção à Condução|Colisão transversal|Com Vítimas Feridas|Pleno dia|Chuva|3|0|1|0
263356|2020-01-17|sexta-feira|14:00:00|GO|60.0|ALEXANIA|Velocidade Incompatível|Saída de leito carroçável|Com Vítimas Feridas|Pleno dia|Nublado|1|0|0|1
263357|2020-01-17|sexta-feira|11:25:00|RO|364.0|JARU|Desobediência às normas de trânsito pelo condutor|Colisão transversal|Com Vítimas Feridas|Pleno dia|Nublado|3|0|0|1
263360|2020-01-05|domingo|10:00:00|BA|242.0|MUQUEM DE SAO FRANCISCO|Defeito Mecânico no Veículo|Colisão frontal|Com Vítimas Feridas|Pleno dia|Nublado|7|0|1|1
263362|2020-01-17|sexta-feira|13:30:00|RS|116.0|SAO LEOPOLDO|Avarias e/ou desgaste excessivo no pneu|Colisão com objeto estático|Sem Vítimas|Pleno dia|Sol|1|0|0|0
263365|2020-01-17|sexta-feira|14:40:00|RS|386.0|LAJEADO|Desobediência às normas de trânsito pelo condutor|Colisão transversal|Com Vítimas Feridas|Pleno dia|Céu Claro|2|0|1|0
263367|2020-01-17|sexta-feira|14:30:00|MG|381.0|JOAO MONLEVADE|Velocidade Incompatível|Saída de leito carroçável|Com Vítimas Feridas|Pleno dia|Nublado|4|0|3|1
263368|2020-01-17|sexta-feira|13:50:00|CE|304.0|ARACATI|Falta de Atenção à Condução|Colisão frontal|Com Vítimas Feridas|Pleno dia|Céu Claro|2|0|1|0
263369|2020-01-17|sexta-feira|15:00:00|PE|101.0|ABREU E LIMA|Defeito Mecânico no Veículo|Colisão transversal|Com Vítimas Feridas|Pleno dia|Sol|3|0|1|2
263371|2020-01-17|sexta-feira|14:45:00|SC|470.0|GASPAR|Velocidade Incompatível|Colisão traseira|Com Vítimas Feridas|Pleno dia|Nublado|4|0|2|1
263372|2020-01-17|sexta-feira|14:00:00|GO|60.0|INDIARA|Pista Escorregadia|Saída de leito carroçável|Com Vítimas Feridas|Pleno dia|Chuva|3|0|3|0
263373|2020-01-17|sexta-feira|08:00:00|PA|222.0|MARABA|Falta de Atenção à Condução|Colisão transversal|Com Vítimas Feridas|Pleno dia|Céu Claro|2|0|1|0
263376|2020-01-17|sexta-feira|14:30:00|RJ|101.0|ITAGUAI|Pista Escorregadia|Engavetamento|Sem Vítimas|Pleno dia|Chuva|3|0|0|0
263378|2020-01-17|sexta-feira|14:05:00|RS|116.0|BARRA DO RIBEIRO|Falta de Atenção à Condução|Colisão traseira|Com Vítimas Feridas|Pleno dia|Céu Claro|7|0|2|0
263379|2020-01-17|sexta-feira|15:05:00|RJ|116.0|QUEIMADOS|Falta de Atenção à Condução|Atropelamento de Pedestre|Com Vítimas Fatais|Pleno dia|Nublado|2|1|0|0
263380|2020-01-17|sexta-feira|14:45:00|SC|101.0|JAGUARUNA|Falta de Atenção à Condução|Colisão lateral|Com Vítimas Feridas|Pleno dia|Céu Claro|5|0|2|0
263382|2020-01-17|sexta-feira|16:00:00|PE|232.0|BELO JARDIM|Falta de Atenção do Pedestre|Atropelamento de Pedestre|Com Vítimas Feridas|Pleno dia|Céu Claro|3|0|0|1
263383|2020-01-17|sexta-feira|13:45:00|MG|381.0|CAETE|Desobediência às normas de trânsito pelo condutor|Colisão frontal|Com Vítimas Feridas|Pleno dia|Céu Claro|5|0|1|2
263384|2020-01-17|sexta-feira|16:00:00|RN|101.0|SAO JOSE DE MIPIBU|Falta de Atenção à Condução|Saída de leito carroçável|Com Vítimas Feridas|Pleno dia|Chuva|2|0|1|1
263385|2020-01-17|sexta-feira|15:00:00|MT|163.0|LUCAS DO RIO VERDE|Defeito Mecânico no Veículo|Incêndio|Sem Vítimas|Pleno dia|Céu Claro|1|0|0|0
263387|2020-01-17|sexta-feira|15:20:00|RJ|101.0|MANGARATIBA|Velocidade Incompatível|Capotamento|Com Vítimas Feridas|Pleno dia|Chuva|1|0|1|0
263388|2020-01-17|sexta-feira|16:40:00|PE|104.0|CARUARU|Falta de Atenção à Condução|Colisão traseira|Sem Vítimas|Pleno dia|Céu Claro|2|0|0|0
263389|2020-01-17|sexta-feira|16:00:00|RN|101.0|GOIANINHA|Pista Escorregadia|Tombamento|Sem Vítimas|Pleno dia|Chuva|2|0|0|0
263391|2020-01-17|sexta-feira|07:10:00|GO|153.0|JARAGUA|Defeito na Via|Saída de leito carroçável|Com Vítimas Feridas|Pleno dia|Nublado|1|0|1|0
263392|2020-01-17|sexta-feira|15:10:00|GO|153.0|PANAMA|Falta de Atenção à Condução|Saída de leito carroçável|Com Vítimas Feridas|Pleno dia|Garoa/Chuvisco|1|0|1|0
263393|2020-01-17|sexta-feira|16:40:00|RJ|116.0|DUQUE DE CAXIAS|Não guardar distância de segurança|Colisão traseira|Com Vítimas Feridas|Pleno dia|Chuva|3|0|1|0
263394|2020-01-17|sexta-feira|17:20:00|SC|101.0|BARRA VELHA|Falta de Atenção à Condução|Colisão lateral|Com Vítimas Feridas|Anoitecer|Céu Claro|3|0|1|0
263395|2020-01-17|sexta-feira|17:15:00|GO|153.0|ANAPOLIS|Defeito na Via|Tombamento|Com Vítimas Feridas|Pleno dia|Nublado|2|0|2|0
263396|2020-01-17|sexta-feira|16:10:00|RO|364.0|PORTO VELHO|Desobediência às normas de trânsito pelo condutor|Colisão lateral|Com Vítimas Feridas|Pleno dia|Sol|2|0|0|1
263397|2020-01-17|sexta-feira|17:00:00|ES|101.0|ANCHIETA|Velocidade Incompatível|Saída de leito carroçável|Com Vítimas Feridas|Pleno dia|Chuva|2|0|2|0
263398|2020-01-17|sexta-feira|16:30:00|RJ|101.0|CARAPEBUS|Pista Escorregadia|Saída de leito carroçável|Com Vítimas Feridas|Pleno dia|Chuva|2|0|2|0
263399|2020-01-17|sexta-feira|15:20:00|SC|101.0|ITAJAI|Falta de Atenção à Condução|Colisão lateral|Com Vítimas Feridas|Pleno dia|Céu Claro|2|0|1|0
263401|2020-01-17|sexta-feira|16:53:00|SC|101.0|SAO JOSE|Falta de Atenção à Condução|Colisão traseira|Com Vítimas Feridas|Pleno dia|Nublado|3|0|1|0
263402|2020-01-17|sexta-feira|16:30:00|MG|40.0|PARACATU|Desobediência às normas de trânsito pelo condutor|Colisão transversal|Com Vítimas Feridas|Pleno dia|Céu Claro|3|0|1|0
263403|2020-01-17|sexta-feira|17:00:00|PB|230.0|JOAO PESSOA|Não guardar distância de segurança|Colisão traseira|Com Vítimas Feridas|Pleno dia|Céu Claro|2|0|1|0
263404|2020-01-17|sexta-feira|17:00:00|RJ|101.0|ANGRA DOS REIS|Velocidade Incompatível|Colisão frontal|Com Vítimas Feridas|Pleno dia|Chuva|3|0|1|1
263405|2020-01-17|sexta-feira|16:35:00|MS|262.0|TERENOS|Velocidade Incompatível|Saída de leito carroçável|Sem Vítimas|Pleno dia|Nublado|1|0|0|0
263406|2020-01-17|sexta-feira|11:20:00|MT|70.0|VARZEA GRANDE|Falta de Atenção do Pedestre|Atropelamento de Pedestre|Com Vítimas Feridas|Pleno dia|Céu Claro|2|0|1|0
263407|2020-01-17|sexta-feira|17:20:00|TO|226.0|PALMEIRAS DO TOCANTINS|Falta de Atenção à Condução|Colisão traseira|Sem Vítimas|Pleno dia|Nublado|2|0|0|0
263408|2020-01-17|sexta-feira|17:30:00|PA|230.0|MARABA|Desobediência às normas de trânsito pelo condutor|Colisão transversal|Com Vítimas Feridas|Anoitecer|Céu Claro|5|0|5|0
263409|2020-01-17|sexta-feira|17:30:00|PR|163.0|MARECHAL CANDIDO RONDON|Não guardar distância de segurança|Colisão traseira|Com Vítimas Feridas|Pleno dia|Céu Claro|2|0|0|1
263410|2020-01-17|sexta-feira|17:30:00|PB|230.0|CABEDELO|Não guardar distância de segurança|Colisão traseira|Com Vítimas Feridas|Anoitecer|Céu Claro|3|0|2|0
263411|2020-01-17|sexta-feira|18:10:00|PR|376.0|APUCARANA|Desobediência às normas de trânsito pelo condutor|Colisão transversal|Com Vítimas Feridas|Pleno dia|Céu Claro|5|0|4|0
263412|2020-01-17|sexta-feira|16:15:00|AC|364.0|RIO BRANCO|Falta de Atenção à Condução|Colisão traseira|Com Vítimas Feridas|Pleno dia|Céu Claro|3|0|0|1
263413|2020-01-17|sexta-feira|17:40:00|GO|153.0|APARECIDA DE GOIANIA|Não guardar distância de segurança|Colisão traseira|Com Vítimas Feridas|Pleno dia|Garoa/Chuvisco|2|0|1|0
263416|2020-01-13|segunda-feira|10:55:00|PI|343.0|TERESINA|Condutor Dormindo|Queda de ocupante de veículo|Com Vítimas Feridas|Pleno dia|Céu Claro|2|0|2|0
263417|2020-01-17|sexta-feira|18:25:00|BA|324.0|SALVADOR|Falta de Atenção à Condução|Colisão lateral|Sem Vítimas|Anoitecer|Céu Claro|4|0|0|0
263418|2020-01-17|sexta-feira|18:30:00|SC|101.0|JOINVILLE|Não guardar distância de segurança|Engavetamento|Com Vítimas Feridas|Anoitecer|Nublado|3|0|1|0
263419|2020-01-17|sexta-feira|18:45:00|SC|101.0|SAO JOSE|Mal Súbito|Saída de leito carroçável|Com Vítimas Feridas|Pleno dia|Céu Claro|1|0|1|0
263420|2020-01-17|sexta-feira|14:50:00|MS|163.0|CAMPO GRANDE|Pista Escorregadia|Tombamento|Com Vítimas Feridas|Pleno dia|Chuva|1|0|1|0
263421|2020-01-17|sexta-feira|17:00:00|GO|60.0|GOIANAPOLIS|Falta de Atenção à Condução|Capotamento|Com Vítimas Feridas|Pleno dia|Céu Claro|1|0|1|0
263422|2020-01-17|sexta-feira|13:25:00|MG|50.0|ARAGUARI|Pista Escorregadia|Tombamento|Com Vítimas Feridas|Pleno dia|Céu Claro|1|0|1|0
263423|2020-01-17|sexta-feira|17:45:00|RS|386.0|MARQUES DE SOUZA|Objeto estático sobre o leito carroçável|Tombamento|Com Vítimas Feridas|Pleno dia|Céu Claro|1|0|1|0
263424|2020-01-17|sexta-feira|15:20:00|PR|163.0|CAPITAO LEONIDAS MARQUES|Defeito Mecânico no Veículo|Colisão com objeto em movimento|Com Vítimas Feridas|Pleno dia|Céu Claro|2|0|1|0
263425|2020-01-17|sexta-feira|18:00:00|PB|104.0|CAMPINA GRANDE|Desobediência às normas de trânsito pelo condutor|Colisão frontal|Com Vítimas Feridas|Anoitecer|Céu Claro|2|0|0|1
263426|2020-01-17|sexta-feira|15:00:00|SC|116.0|MAFRA|Condutor Dormindo|Colisão frontal|Com Vítimas Feridas|Pleno dia|Céu Claro|7|0|4|1
263428|2020-01-17|sexta-feira|17:00:00|AC|317.0|EPITACIOLANDIA|Não guardar distância de segurança|Colisão traseira|Sem Vítimas|Plena Noite|Céu Claro|2|0|0|0
263430|2020-01-17|sexta-feira|19:20:00|SP|116.0|ARUJA|Ingestão de Álcool|Colisão traseira|Sem Vítimas|Plena Noite|Nublado|2|0|0|0
263431|2020-01-17|sexta-feira|19:20:00|GO|60.0|ALEXANIA|Avarias e/ou desgaste excessivo no pneu|Queda de ocupante de veículo|Com Vítimas Feridas|Plena Noite|Chuva|1|0|0|1
263432|2020-01-17|sexta-feira|19:30:00|DF|70.0|BRASILIA|Falta de Atenção à Condução|Colisão lateral|Com Vítimas Feridas|Plena Noite|Nublado|2|0|1|0
263433|2020-01-17|sexta-feira|19:20:00|PR|376.0|GUARATUBA|Defeito Mecânico no Veículo|Engavetamento|Com Vítimas Fatais|Plena Noite|Garoa/Chuvisco|15|1|3|0
263434|2020-01-17|sexta-feira|19:00:00|SP|381.0|SAO PAULO|Desobediência às normas de trânsito pelo condutor|Colisão lateral|Com Vítimas Feridas|Plena Noite|Garoa/Chuvisco|3|0|1|0
263435|2020-01-17|sexta-feira|16:30:00|SC|282.0|BOM RETIRO|Falta de Atenção à Condução|Colisão lateral|Com Vítimas Feridas|Pleno dia|Céu Claro|3|0|1|0
263436|2020-01-17|sexta-feira|15:12:00|MG|262.0|CORREGO DANTA|Mal Súbito|Tombamento|Com Vítimas Fatais|Pleno dia|Sol|1|1|0|0
263437|2020-01-17|sexta-feira|19:00:00|PI|343.0|CAXINGO|Desobediência às normas de trânsito pelo condutor|Colisão frontal|Com Vítimas Feridas|Plena Noite|Nublado|3|0|1|1
263439|2020-01-17|sexta-feira|19:40:00|ES|101.0|CARIACICA|Falta de Atenção à Condução|Engavetamento|Sem Vítimas|Plena Noite|Nublado|3|0|0|0
263440|2020-01-17|sexta-feira|19:15:00|MG|262.0|SACRAMENTO|Falta de Atenção à Condução|Colisão transversal|Com Vítimas Feridas|Plena Noite|Céu Claro|3|0|1|1
263441|2020-01-17|sexta-feira|17:45:00|PR|116.0|SAO JOSE DOS PINHAIS|Velocidade Incompatível|Engavetamento|Sem Vítimas|Pleno dia|Nublado|6|0|0|0
263442|2020-01-17|sexta-feira|20:05:00|RN|110.0|MOSSORO|Desobediência às normas de trânsito pelo condutor|Colisão traseira|Com Vítimas Fatais|Plena Noite|Chuva|3|1|0|0
263445|2020-01-17|sexta-feira|17:25:00|MG|40.0|CONGONHAS|Desobediência às normas de trânsito pelo condutor|Engavetamento|Sem Vítimas|Pleno dia|Garoa/Chuvisco|6|0|0|0
263446|2020-01-17|sexta-feira|15:37:00|RS|116.0|CRISTAL|Falta de Atenção à Condução|Colisão traseira|Com Vítimas Feridas|Pleno dia|Sol|2|0|0|1
263447|2020-01-17|sexta-feira|20:00:00|MG|116.0|FERVEDOURO|Restrição de Visibilidade|Atropelamento de Pedestre|Com Vítimas Feridas|Plena Noite|Garoa/Chuvisco|2|0|1|0
263448|2020-01-17|sexta-feira|17:45:00|MT|174.0|PONTES E LACERDA|Ingestão de Álcool|Colisão transversal|Sem Vítimas|Pleno dia|Sol|3|0|0|0
263449|2020-01-17|sexta-feira|20:00:00|MG|40.0|RIBEIRAO DAS NEVES|Falta de Atenção à Condução|Colisão traseira|Com Vítimas Feridas|Plena Noite|Céu Claro|1|0|1|0
263450|2020-01-17|sexta-feira|19:00:00|RJ|116.0|PIRAI|Falta de Atenção à Condução|Colisão lateral|Sem Vítimas|Plena Noite|Nublado|2|0|0|0
263451|2020-01-17|sexta-feira|19:30:00|PB|230.0|CRUZ DO ESPIRITO SANTO|Falta de Atenção à Condução|Colisão traseira|Com Vítimas Feridas|Plena Noite|Céu Claro|2|0|0|1
263452|2020-01-17|sexta-feira|19:20:00|SC|280.0|GUARAMIRIM|Falta de Atenção à Condução|Colisão transversal|Com Vítimas Feridas|Plena Noite|Nublado|2|0|1|0
263453|2020-01-17|sexta-feira|14:59:00|BA|367.0|PORTO SEGURO|Ingestão de Álcool|Colisão transversal|Com Vítimas Feridas|Pleno dia|Céu Claro|2|0|1|0
263454|2020-01-17|sexta-feira|19:00:00|SC|101.0|TUBARAO|Mal Súbito|Saída de leito carroçável|Com Vítimas Feridas|Plena Noite|Céu Claro|3|0|3|0
263455|2020-01-17|sexta-feira|20:00:00|PE|101.0|IGARASSU|Falta de Atenção à Condução|Colisão traseira|Com Vítimas Feridas|Plena Noite|Vento|2|0|1|0
263456|2020-01-17|sexta-feira|20:00:00|MG|381.0|BETIM|Velocidade Incompatível|Colisão com objeto estático|Sem Vítimas|Plena Noite|Nublado|2|0|0|0
263457|2020-01-17|sexta-feira|16:00:00|PI|343.0|LAGOINHA DO PIAUI|Falta de Atenção à Condução|Colisão transversal|Com Vítimas Fatais|Pleno dia|Nublado|2|1|0|0
263458|2020-01-17|sexta-feira|21:28:00|RS|116.0|PELOTAS|Desobediência às normas de trânsito pelo condutor|Colisão transversal|Com Vítimas Feridas|Plena Noite|Céu Claro|2|0|1|0
263459|2020-01-17|sexta-feira|19:30:00|PR|373.0|PRUDENTOPOLIS|Falta de Atenção à Condução|Tombamento|Com Vítimas Feridas|Plena Noite|Garoa/Chuvisco|1|0|1|0
263460|2020-01-17|sexta-feira|19:00:00|MS|262.0|MIRANDA|Ultrapassagem Indevida|Colisão frontal|Com Vítimas Fatais|Plena Noite|Chuva|6|1|4|0
263461|2020-01-17|sexta-feira|21:40:00|MG|40.0|JUIZ DE FORA|Falta de Atenção à Condução|Colisão lateral|Com Vítimas Feridas|Plena Noite|Nublado|2|0|1|0
263462|2020-01-17|sexta-feira|21:10:00|MG|381.0|CONTAGEM|Velocidade Incompatível|Colisão traseira|Com Vítimas Feridas|Plena Noite|Nublado|6|0|1|0
263463|2020-01-17|sexta-feira|21:20:00|ES|101.0|SERRA|Falta de Atenção à Condução|Colisão transversal|Com Vítimas Feridas|Plena Noite|Céu Claro|5|0|3|1
263464|2020-01-17|sexta-feira|21:15:00|PR|369.0|ARAPONGAS|Falta de Atenção do Pedestre|Colisão transversal|Com Vítimas Feridas|Plena Noite|Céu Claro|2|0|2|0
263465|2020-01-17|sexta-feira|22:30:00|RS|392.0|SAO PEDRO DO BUTIA|Ingestão de Álcool|Colisão transversal|Com Vítimas Feridas|Plena Noite|Céu Claro|4|0|2|2
263466|2020-01-17|sexta-feira|21:45:00|GO|40.0|CRISTALINA|Ingestão de Álcool|Saída de leito carroçável|Sem Vítimas|Plena Noite|Céu Claro|1|0|0|0
263467|2020-01-17|sexta-feira|21:00:00|RN|110.0|MOSSORO|Defeito Mecânico no Veículo|Incêndio|Sem Vítimas|Plena Noite|Céu Claro|2|0|0|0
263468|2020-01-17|sexta-feira|20:35:00|RJ|40.0|DUQUE DE CAXIAS|Agressão Externa|Tombamento|Com Vítimas Feridas|Plena Noite|Garoa/Chuvisco|2|0|1|0
263469|2020-01-17|sexta-feira|20:15:00|RJ|40.0|DUQUE DE CAXIAS|Falta de Atenção do Pedestre|Atropelamento de Pedestre|Com Vítimas Feridas|Plena Noite|Chuva|2|0|1|0
263470|2020-01-17|sexta-feira|22:15:00|TO|153.0|ALIANCA DO TOCANTINS|Defeito Mecânico no Veículo|Incêndio|Sem Vítimas|Plena Noite|Céu Claro|1|0|0|0
263471|2020-01-17|sexta-feira|21:45:00|MT|163.0|SORRISO|Falta de Atenção à Condução|Colisão traseira|Com Vítimas Feridas|Plena Noite|Ignorado|1|0|1|0
263472|2020-01-17|sexta-feira|20:30:00|SP|116.0|BARRA DO TURVO|Defeito Mecânico no Veículo|Incêndio|Sem Vítimas|Plena Noite|Garoa/Chuvisco|1|0|0|0
263473|2020-01-17|sexta-feira|22:20:00|BA|324.0|FEIRA DE SANTANA|Ingestão de Álcool|Colisão traseira|Sem Vítimas|Plena Noite|Céu Claro|2|0|0|0
263475|2020-01-17|sexta-feira|20:20:00|PR|376.0|GUARATUBA|Defeito Mecânico no Veículo|Tombamento|Com Vítimas Feridas|Plena Noite|Chuva|1|0|1|0
263476|2020-01-17|sexta-feira|23:00:00|MG|381.0|BETIM|Desobediência às normas de trânsito pelo condutor|Colisão com objeto estático|Sem Vítimas|Plena Noite|Céu Claro|1|0|0|0
263478|2020-01-17|sexta-feira|23:00:00|MG|50.0|UBERABA|Velocidade Incompatível|Capotamento|Com Vítimas Feridas|Plena Noite|Chuva|2|0|2|0
263479|2020-01-17|sexta-feira|22:10:00|BA|116.0|IRAJUBA|Falta de Atenção à Condução|Saída de leito carroçável|Com Vítimas Feridas|Plena Noite|Céu Claro|2|0|1|0
263480|2020-01-18|sábado|00:10:00|BA|324.0|JACOBINA|Falta de Atenção à Condução|Colisão lateral|Com Vítimas Fatais|Plena Noite|Céu Claro|2|1|0|0
263481|2020-01-18|sábado|00:20:00|RJ|116.0|SAO JOAO DE MERITI|Falta de Atenção do Pedestre|Atropelamento de Pedestre|Com Vítimas Feridas|Plena Noite|Céu Claro|3|0|1|0
263482|2020-01-17|sexta-feira|23:40:00|PB|230.0|GURINHEM|Ingestão de Álcool|Tombamento|Com Vítimas Feridas|Plena Noite|Céu Claro|1|0|1|0
263483|2020-01-18|sábado|01:35:00|MG|40.0|RIBEIRAO DAS NEVES|Falta de Atenção à Condução|Atropelamento de Pedestre|Com Vítimas Feridas|Plena Noite|Céu Claro|2|0|0|1
263485|2020-01-18|sábado|01:35:00|AP|210.0|MACAPA|Ingestão de Álcool|Colisão transversal|Com Vítimas Feridas|Plena Noite|Nublado|2|0|2|0
263486|2020-01-18|sábado|01:15:00|PR|116.0|QUATRO BARRAS|Velocidade Incompatível|Saída de leito carroçável|Com Vítimas Feridas|Pleno dia|Céu Claro|1|0|1|0
263487|2020-01-18|sábado|02:00:00|PR|277.0|CURITIBA|Falta de Atenção à Condução|Colisão traseira|Com Vítimas Feridas|Plena Noite|Nublado|2|0|0|1
263488|2020-01-18|sábado|02:05:00|PR|476.0|SAO MATEUS DO SUL|Condutor Dormindo|Colisão frontal|Sem Vítimas|Plena Noite|Céu Claro|4|0|0|0
263489|2020-01-18|sábado|01:50:00|RJ|101.0|SAO GONCALO|Condutor Dormindo|Colisão traseira|Com Vítimas Feridas|Plena Noite|Nublado|2|0|1|0
263490|2020-01-18|sábado|02:40:00|GO|50.0|IPAMERI|Falta de Atenção à Condução|Capotamento|Com Vítimas Feridas|Plena Noite|Nevoeiro/Neblina|3|0|1|0
263491|2020-01-17|sexta-feira|18:00:00|GO|158.0|CAIAPONIA|Defeito Mecânico no Veículo|Danos eventuais|Sem Vítimas|Anoitecer|Céu Claro|1|0|0|0
263492|2020-01-18|sábado|04:00:00|MG|381.0|SABARA|Falta de Atenção à Condução|Saída de leito carroçável|Com Vítimas Fatais|Plena Noite|Céu Claro|2|1|1|0
263493|2020-01-18|sábado|03:30:00|RS|116.0|SAPUCAIA DO SUL|Ingestão de Álcool|Colisão com objeto estático|Sem Vítimas|Plena Noite|Céu Claro|1|0|0|0
263494|2020-01-18|sábado|00:00:00|SP|116.0|CAJATI|Falta de Atenção à Condução|Tombamento|Com Vítimas Feridas|Plena Noite|Garoa/Chuvisco|1|0|1|0
263495|2020-01-18|sábado|04:00:00|PR|369.0|CASCAVEL|Desobediência às normas de trânsito pelo condutor|Colisão frontal|Com Vítimas Fatais|Plena Noite|Céu Claro|3|1|0|0
263496|2020-01-18|sábado|04:40:00|PR|376.0|APUCARANA|Falta de Atenção à Condução|Saída de leito carroçável|Com Vítimas Feridas|Amanhecer|Céu Claro|2|0|2|0
263497|2020-01-18|sábado|03:20:00|SC|101.0|LAGUNA|Falta de Atenção à Condução|Tombamento|Com Vítimas Feridas|Plena Noite|Céu Claro|2|0|0|2
263498|2020-01-18|sábado|05:00:00|CE|116.0|JAGUARIBE|Condutor Dormindo|Colisão com objeto estático|Com Vítimas Feridas|Plena Noite|Céu Claro|2|0|1|1
263499|2020-01-18|sábado|03:35:00|MG|50.0|UBERABA|Pista Escorregadia|Colisão com objeto estático|Com Vítimas Feridas|Plena Noite|Chuva|1|0|1|0
263500|2020-01-18|sábado|05:00:00|PR|376.0|NOVA ESPERANCA|Falta de Atenção à Condução|Saída de leito carroçável|Com Vítimas Feridas|Amanhecer|Céu Claro|2|0|2|0
263501|2020-01-18|sábado|05:18:00|ES|101.0|CARIACICA|Condutor Dormindo|Colisão traseira|Com Vítimas Feridas|Amanhecer|Céu Claro|3|0|1|0
263502|2020-01-18|sábado|05:10:00|SP|116.0|TABOAO DA SERRA|Pista Escorregadia|Colisão traseira|Com Vítimas Feridas|Amanhecer|Garoa/Chuvisco|3|0|0|1
263503|2020-01-18|sábado|02:00:00|MG|40.0|FELIXLANDIA|Condutor Dormindo|Colisão lateral|Com Vítimas Feridas|Plena Noite|Nublado|3|0|2|0
263504|2020-01-18|sábado|04:50:00|PR|476.0|CURITIBA|Falta de Atenção à Condução|Saída de leito carroçável|Com Vítimas Feridas|Amanhecer|Nublado|2|0|2|0
263505|2020-01-18|sábado|05:00:00|PR|277.0|FOZ DO IGUACU|Falta de Atenção à Condução|Colisão com objeto estático|Sem Vítimas|Plena Noite|Céu Claro|1|0|0|0
263506|2020-01-18|sábado|05:45:00|MG|381.0|CAMBUI|Falta de Atenção à Condução|Capotamento|Com Vítimas Feridas|Pleno dia|Nublado|3|0|3|0
263508|2020-01-18|sábado|05:55:00|PR|277.0|PARANAGUA|Falta de Atenção à Condução|Saída de leito carroçável|Com Vítimas Feridas|Pleno dia|Céu Claro|1|0|0|1
263510|2020-01-18|sábado|05:20:00|PR|376.0|MARINGA|Ingestão de Álcool|Colisão com objeto estático|Com Vítimas Feridas|Amanhecer|Céu Claro|1|0|1|0