id|data_inversa|dia_semana|horario|uf|br|municipio|causa_acidente|tipo_acidente|classificacao_acidente|fase_dia|condicao_metereologica|pessoas|mortos|feridos_leves|feridos_graves
263511|2020-01-18|sábado|03:15:00|MG|381.0|BETIM|Falta de Atenção à Condução|Colisão com objeto estático|Sem Vítimas|Plena Noite|Céu Claro|1|0|0|0
263512|2020-01-18|sábado|05:50:00|MA|316.0|CAXIAS|Animais na Pista|Atropelamento de Animal|Com Vítimas Feridas|Pleno dia|Céu Claro|2|0|0|2
263513|2020-01-18|sábado|05:45:00|MG|381.0|POUSO ALEGRE|Condutor Dormindo|Saída de leito carroçável|Com Vítimas Feridas|Amanhecer|Céu Claro|1|0|1|0
263514|2020-01-18|sábado|05:00:00|PR|369.0|BANDEIRANTES|Falta de Atenção à Condução|Saída de leito carroçável|Com Vítimas Feridas|Plena Noite|Céu Claro|2|0|2|0
263515|2020-01-18|sábado|03:30:00|PR|467.0|TOLEDO|Velocidade Incompatível|Colisão traseira|Com Vítimas Feridas|Plena Noite|Céu Claro|2|0|0|1
263516|2020-01-18|sábado|06:50:00|SP|381.0|SAO PAULO|Velocidade Incompatível|Capotamento|Com Vítimas Feridas|Pleno dia|Garoa/Chuvisco|2|0|1|0
263518|2020-01-18|sábado|06:40:00|MG|262.0|JUATUBA|Falta de Atenção à Condução|Tombamento|Com Vítimas Feridas|Pleno dia|Nublado|1|0|1|0
263519|2020-01-18|sábado|05:40:00|SC|470.0|TROMBUDO CENTRAL|Condutor Dormindo|Colisão traseira|Com Vítimas Feridas|Pleno dia|Céu Claro|3|0|1|0
263520|2020-01-18|sábado|07:34:00|RS|101.0|DOM PEDRO DE ALCANTARA|Condutor Dormindo|Saída de leito carroçável|Com Vítimas Feridas|Pleno dia|Céu Claro|3|0|3|0
263521|2020-01-18|sábado|07:10:00|PR|116.0|CAMPINA GRANDE DO SUL|Velocidade Incompatível|Colisão com objeto estático|Com Vítimas Feridas|Pleno dia|Garoa/Chuvisco|3|0|1|0
263522|2020-01-18|sábado|05:20:00|RO|364.0|VILHENA|Desobediência às normas de trânsito pelo condutor|Colisão traseira|Com Vítimas Feridas|Pleno dia|Céu Claro|2|0|1|0
263523|2020-01-18|sábado|07:30:00|PR|116.0|CURITIBA|Defeito Mecânico no Veículo|Queda de ocupante de veículo|Com Vítimas Feridas|Pleno dia|Garoa/Chuvisco|2|0|2|0
263524|2020-01-18|sábado|06:50:00|MA|135.0|SAO LUIS|Pista Escorregadia|Saída de leito carroçável|Com Vítimas Feridas|Amanhecer|Nublado|1|0|1|0
263525|2020-01-18|sábado|07:30:00|SP|153.0|SAO JOSE DO RIO PRETO|Desobediência às normas de trânsito pelo condutor|Colisão lateral|Com Vítimas Feridas|Pleno dia|Sol|3|0|1|0
263526|2020-01-18|sábado|04:30:00|PR|476.0|CURITIBA|Falta de Atenção à Condução|Colisão com objeto estático|Sem Vítimas|Amanhecer|Nublado|1|0|0|0
263527|2020-01-18|sábado|06:40:00|PA|316.0|BENEVIDES|Falta de Atenção à Condução|Colisão traseira|Com Vítimas Feridas|Pleno dia|Céu Claro|3|0|2|0
263528|2020-01-18|sábado|07:20:00|DF|70.0|BRASILIA|Velocidade Incompatível|Capotamento|Sem Vítimas|Amanhecer|Céu Claro|1|0|0|0
263530|2020-01-18|sábado|08:15:00|PE|428.0|PETROLINA|Ingestão de Álcool|Colisão lateral|Com Vítimas Feridas|Pleno dia|Céu Claro|3|0|1|0
263531|2020-01-18|sábado|01:35:00|MG|116.0|CARAI|Falta de Atenção à Condução|Colisão com objeto estático|Com Vítimas Feridas|Plena Noite|Ignorado|4|0|4|0
263532|2020-01-18|sábado|07:57:00|PB|230.0|JOAO PESSOA|Avarias e/ou desgaste excessivo no pneu|Queda de ocupante de veículo|Com Vítimas Feridas|Pleno dia|Nublado|1|0|1|0
263533|2020-01-18|sábado|08:10:00|SC|101.0|SAO JOSE|Velocidade Incompatível|Colisão traseira|Com Vítimas Feridas|Pleno dia|Céu Claro|2|0|1|0
263534|2020-01-18|sábado|08:40:00|TO|153.0|BARROLANDIA|Desobediência às normas de trânsito pelo condutor|Tombamento|Com Vítimas Feridas|Pleno dia|Sol|2|0|2|0
263535|2020-01-18|sábado|08:40:00|SC|101.0|PALHOCA|Falta de Atenção à Condução|Colisão com objeto estático|Com Vítimas Feridas|Pleno dia|Céu Claro|2|0|2|0
263536|2020-01-18|sábado|07:15:00|PR|116.0|CURITIBA|Falta de Atenção à Condução|Saída de leito carroçável|Sem Vítimas|Pleno dia|Garoa/Chuvisco|1|0|0|0
263537|2020-01-18|sábado|08:30:00|SC|101.0|ITAPEMA|Desobediência às normas de trânsito pelo condutor|Colisão transversal|Com Vítimas Feridas|Pleno dia|Nublado|2|0|1|0
263539|2020-01-18|sábado|07:00:00|BA|324.0|CANDEIAS|Falta de Atenção à Condução|Saída de leito carroçável|Com Vítimas Feridas|Pleno dia|Nublado|4|0|1|0
263540|2020-01-18|sábado|07:32:00|MT|364.0|CUIABA|Velocidade Incompatível|Tombamento|Com Vítimas Feridas|Pleno dia|Céu Claro|2|0|1|0
263541|2020-01-18|sábado|03:15:00|PI|135.0|CRISTINO CASTRO|Ingestão de Álcool|Saída de leito carroçável|Com Vítimas Fatais|Plena Noite|Céu Claro|2|1|1|0
263542|2020-01-07|terça-feira|06:45:00|SP|381.0|SAO PAULO|Falta de Atenção à Condução|Tombamento|Com Vítimas Feridas|Pleno dia|Ignorado|1|0|1|0
263543|2020-01-18|sábado|09:00:00|PE|408.0|PAUDALHO|Falta de Atenção à Condução|Colisão lateral|Com Vítimas Feridas|Pleno dia|Sol|4|0|2|0
263544|2020-01-18|sábado|07:15:00|SC|282.0|PALHOCA|Ingestão de Álcool|Saída de leito carroçável|Com Vítimas Feridas|Pleno dia|Céu Claro|2|0|2|0
263546|2020-01-18|sábado|06:45:00|RO|364.0|PORTO VELHO|Ingestão de Substâncias Psicoativas|Colisão lateral|Com Vítimas Feridas|Pleno dia|Céu Claro|2|0|2|0
263547|2020-01-18|sábado|09:40:00|SP|153.0|SAO JOSE DO RIO PRETO|Defeito Mecânico no Veículo|Tombamento|Com Vítimas Feridas|Pleno dia|Céu Claro|2|0|2|0
263548|2020-01-18|sábado|09:15:00|MG|381.0|JOAO MONLEVADE|Desobediência às normas de trânsito pelo condutor|Saída de leito carroçável|Sem Vítimas|Pleno dia|Nublado|6|0|0|0
263549|2020-01-18|sábado|09:10:00|GO|60.0|TEREZOPOLIS DE GOIAS|Velocidade Incompatível|Saída de leito carroçável|Com Vítimas Feridas|Pleno dia|Sol|2|0|1|0
263550|2020-01-18|sábado|10:20:00|DF|20.0|BRASILIA|Objeto estático sobre o leito carroçável|Colisão com objeto estático|Com Vítimas Feridas|Pleno dia|Céu Claro|2|0|0|1
263551|2020-01-18|sábado|10:10:00|PI|343.0|ALTOS|Não guardar distância de segurança|Colisão traseira|Com Vítimas Feridas|Pleno dia|Nublado|2|0|1|0
263552|2020-01-15|quarta-feira|08:40:00|RJ|116.0|RIO DE JANEIRO|Falta de Atenção à Condução|Colisão transversal|Com Vítimas Feridas|Pleno dia|Céu Claro|2|0|1|0
263553|2020-01-18|sábado|10:30:00|SC|101.0|ITAJAI|Falta de Atenção à Condução|Colisão traseira|Com Vítimas Feridas|Pleno dia|Céu Claro|4|0|1|1
263554|2020-01-18|sábado|09:45:00|MG|116.0|GOVERNADOR VALADARES|Velocidade Incompatível|Tombamento|Com Vítimas Feridas|Pleno dia|Nublado|1|0|1|0
263555|2020-01-18|sábado|09:45:00|MS|163.0|SAO GABRIEL DO OESTE|Falta de Atenção à Condução|Colisão lateral|Com Vítimas Feridas|Pleno dia|Céu Claro|2|0|1|0
263556|2020-01-18|sábado|08:30:00|GO|80.0|PADRE BERNARDO|Falta de Atenção à Condução|Colisão transversal|Com Vítimas Feridas|Pleno dia|Céu Claro|5|0|3|1
263557|2020-01-18|sábado|11:15:00|SC|101.0|SAO JOSE|Não guardar distância de segurança|Colisão lateral|Com Vítimas Feridas|Pleno dia|Nublado|2|0|0|1
263558|2020-01-18|sábado|06:40:00|MG|116.0|PONTO DOS VOLANTES|Desobediência às normas de trânsito pelo condutor|Colisão transversal|Com Vítimas Feridas|Pleno dia|Céu Claro|4|0|0|1
263560|2020-01-18|sábado|10:55:00|SC|101.0|TUBARAO|Não guardar distância de segurança|Engavetamento|Com Vítimas Feridas|Pleno dia|Céu Claro|8|0|3|0
263561|2020-01-18|sábado|11:25:00|SC|101.0|TUBARAO|Defeito Mecânico no Veículo|Incêndio|Sem Vítimas|Pleno dia|Céu Claro|1|0|0|0
263562|2020-01-18|sábado|11:20:00|PB|230.0|CAMPINA GRANDE|Desobediência às normas de trânsito pelo condutor|Colisão lateral|Com Vítimas Feridas|Pleno dia|Céu Claro|2|0|0|1
263563|2020-01-18|sábado|11:45:00|PR|369.0|LONDRINA|Desobediência às normas de trânsito pelo condutor|Colisão transversal|Com Vítimas Feridas|Pleno dia|Sol|5|0|1|0
263564|2020-01-18|sábado|11:50:00|PE|407.0|PETROLINA|Falta de Atenção à Condução|Colisão traseira|Com Vítimas Feridas|Pleno dia|Céu Claro|2|0|0|1
263565|2020-01-18|sábado|12:00:00|PE|232.0|SERRA TALHADA|Falta de Atenção à Condução|Colisão transversal|Com Vítimas Feridas|Pleno dia|Sol|2|0|0|1
263566|2020-01-18|sábado|12:10:00|PE|408.0|SAO LOURENCO DA MATA|Falta de Atenção à Condução|Colisão traseira|Com Vítimas Feridas|Pleno dia|Céu Claro|2|0|1|0
263567|2020-01-18|sábado|11:10:00|SC|101.0|PORTO BELO|Não guardar distância de segurança|Colisão traseira|Com Vítimas Feridas|Pleno dia|Céu Claro|2|0|1|0
263568|2020-01-18|sábado|12:30:00|SP|116.0|REGISTRO|Pista Escorregadia|Queda de ocupante de veículo|Com Vítimas Feridas|Pleno dia|Céu Claro|1|0|1|0
263569|2020-01-18|sábado|12:20:00|SE|101.0|SANTA LUZIA DO ITANHY|Velocidade Incompatível|Capotamento|Com Vítimas Feridas|Pleno dia|Céu Claro|1|0|1|0
263570|2020-01-18|sábado|11:00:00|GO|153.0|MARA ROSA|Desobediência às normas de trânsito pelo condutor|Colisão lateral|Com Vítimas Feridas|Pleno dia|Céu Claro|3|0|1|0
263571|2020-01-18|sábado|12:30:00|MG|381.0|SAO GONCALO DO RIO ABAIXO|Velocidade Incompatível|Tombamento|Com Vítimas Feridas|Pleno dia|Nublado|2|0|1|0
263573|2020-01-18|sábado|12:20:00|PR|277.0|CASCAVEL|Não guardar distância de segurança|Colisão traseira|Com Vítimas Feridas|Pleno dia|Sol|2|0|1|0
263574|2020-01-18|sábado|12:50:00|SC|101.0|PALHOCA|Falta de Atenção à Condução|Colisão lateral|Com Vítimas Feridas|Pleno dia|Nublado|2|0|1|0
263575|2020-01-18|sábado|13:20:00|SC|101.0|ITAJAI|Falta de Atenção à Condução|Colisão lateral|Com Vítimas Feridas|Pleno dia|Nublado|2|0|1|0
263576|2020-01-18|sábado|12:30:00|PI|343.0|PARNAIBA|Falta de Atenção à Condução|Colisão transversal|Com Vítimas Feridas|Pleno dia|Sol|5|0|3|2
263577|2020-01-18|sábado|13:15:00|PE|232.0|BEZERROS|Defeito Mecânico no Veículo|Colisão com objeto estático|Com Vítimas Feridas|Pleno dia|Sol|4|0|3|0
263579|2020-01-18|sábado|13:15:00|DF|40.0|BRASILIA|Falta de Atenção à Condução|Colisão traseira|Com Vítimas Feridas|Pleno dia|Céu Claro|6|0|0|1
263581|2020-01-18|sábado|13:10:00|RS|290.0|GLORINHA|Falta de Atenção à Condução|Colisão lateral|Com Vítimas Feridas|Pleno dia|Céu Claro|7|0|3|0
263584|2020-01-18|sábado|14:00:00|RJ|116.0|DUQUE DE CAXIAS|Falta de Atenção à Condução|Capotamento|Com Vítimas Feridas|Pleno dia|Nublado|2|0|1|0
263585|2020-01-18|sábado|12:15:00|SC|282.0|LAGES|Falta de Atenção à Condução|Colisão frontal|Com Vítimas Fatais|Pleno dia|Sol|6|1|4|0
263586|2020-01-18|sábado|14:30:00|SP|116.0|GUARULHOS|Velocidade Incompatível|Colisão com objeto estático|Com Vítimas Feridas|Pleno dia|Nublado|1|0|1|0
263587|2020-01-18|sábado|14:30:00|RS|290.0|GLORINHA|Defeito Mecânico no Veículo|Tombamento|Com Vítimas Feridas|Pleno dia|Céu Claro|2|0|2|0
263588|2020-01-18|sábado|14:40:00|PR|153.0|IRATI|Ingestão de Álcool|Colisão traseira|Com Vítimas Feridas|Pleno dia|Céu Claro|2|0|1|0
263589|2020-01-18|sábado|12:00:00|MG|262.0|MANHUACU|Falta de Atenção à Condução|Colisão traseira|Com Vítimas Fatais|Pleno dia|Nublado|8|1|1|0
263591|2020-01-18|sábado|14:00:00|MG|365.0|MONTES CLAROS|Falta de Atenção à Condução|Colisão lateral|Com Vítimas Feridas|Pleno dia|Céu Claro|3|0|1|0
263592|2020-01-18|sábado|13:00:00|RJ|101.0|SAO GONCALO|Defeito na Via|Tombamento|Com Vítimas Feridas|Pleno dia|Nublado|2|0|2|0
263593|2020-01-18|sábado|15:00:00|BA|116.0|FEIRA DE SANTANA|Desobediência às normas de trânsito pelo condutor|Colisão lateral|Com Vítimas Feridas|Pleno dia|Sol|3|0|1|0
263594|2020-01-18|sábado|15:20:00|MA|10.0|IMPERATRIZ|Não guardar distância de segurança|Colisão traseira|Com Vítimas Feridas|Pleno dia|Chuva|2|0|0|1
263595|2020-01-18|sábado|15:00:00|PR|116.0|CURITIBA|Ingestão de Álcool|Capotamento|Sem Vítimas|Pleno dia|Nublado|1|0|0|0
263596|2020-01-18|sábado|09:15:00|RO|364.0|THEOBROMA|Falta de Atenção à Condução|Tombamento|Sem Vítimas|Pleno dia|Céu Claro|2|0|0|0
263597|2020-01-18|sábado|15:05:00|PR|116.0|CAMPINA GRANDE DO SUL|Falta de Atenção à Condução|Saída de leito carroçável|Com Vítimas Feridas|Pleno dia|Nublado|1|0|1|0
263598|2020-01-18|sábado|15:35:00|CE|20.0|MARACANAU|Desobediência às normas de trânsito pelo condutor|Colisão lateral|Sem Vítimas|Pleno dia|Garoa/Chuvisco|2|0|0|0
263600|2020-01-18|sábado|14:30:00|RJ|116.0|NOVA IGUACU|Falta de Atenção à Condução|Engavetamento|Com Vítimas Feridas|Pleno dia|Nublado|5|0|1|0
263601|2020-01-18|sábado|15:00:00|SC|101.0|BALNEARIO CAMBORIU|Não guardar distância de segurança|Engavetamento|Com Vítimas Feridas|Pleno dia|Nublado|4|0|1|0
263602|2020-01-18|sábado|15:20:00|MG|381.0|CAMANDUCAIA|Falta de Atenção à Condução|Colisão traseira|Com Vítimas Feridas|Pleno dia|Céu Claro|2|0|1|0
263603|2020-01-18|sábado|15:00:00|MG|262.0|SACRAMENTO|Desobediência às normas de trânsito pelo condutor|Colisão transversal|Com Vítimas Feridas|Pleno dia|Nublado|6|0|5|1
263604|2020-01-18|sábado|14:50:00|RS|470.0|VERANOPOLIS|Ingestão de Álcool|Capotamento|Sem Vítimas|Pleno dia|Céu Claro|1|0|0|0
263605|2020-01-18|sábado|15:40:00|MG|40.0|CONTAGEM|Falta de Atenção à Condução|Colisão transversal|Com Vítimas Feridas|Pleno dia|Céu Claro|4|0|2|0
263606|2020-01-18|sábado|15:50:00|ES|101.0|IBIRACU|Falta de Atenção à Condução|Colisão traseira|Com Vítimas Feridas|Pleno dia|Nublado|3|0|0|1
263607|2020-01-18|sábado|16:10:00|PR|277.0|PARANAGUA|Falta de Atenção à Condução|Colisão transversal|Com Vítimas Feridas|Pleno dia|Nublado|2|0|1|0
263608|2020-01-18|sábado|16:15:00|PE|232.0|SERRA TALHADA|Restrição de Visibilidade|Colisão transversal|Com Vítimas Feridas|Pleno dia|Nublado|2|0|2|0
263609|2020-01-18|sábado|16:10:00|SC|101.0|GARUVA|Desobediência às normas de trânsito pelo condutor|Colisão lateral|Com Vítimas Feridas|Pleno dia|Nublado|2|0|1|0
263610|2020-01-18|sábado|16:30:00|SE|101.0|ESTANCIA|Desobediência às normas de trânsito pelo condutor|Colisão transversal|Com Vítimas Feridas|Pleno dia|Céu Claro|7|0|2|2
263611|2020-01-18|sábado|14:10:00|RJ|493.0|SAO GONCALO|Falta de Atenção à Condução|Colisão traseira|Com Vítimas Feridas|Pleno dia|Nublado|3|0|1|1
263612|2020-01-17|sexta-feira|14:30:00|CE|222.0|CAUCAIA|Velocidade Incompatível|Saída de leito carroçável|Sem Vítimas|Pleno dia|Céu Claro|1|0|0|0
263613|2020-01-18|sábado|17:00:00|GO|153.0|GOIANIA|Ingestão de Álcool|Colisão traseira|Com Vítimas Fatais|Pleno dia|Chuva|8|1|2|2
263614|2020-01-18|sábado|09:10:00|MG|116.0|MURIAE|Falta de Atenção à Condução|Colisão lateral|Com Vítimas Feridas|Pleno dia|Nublado|2|0|2|0
263615|2020-01-18|sábado|17:25:00|PE|407.0|PETROLINA|Falta de Atenção à Condução|Colisão lateral|Com Vítimas Feridas|Pleno dia|Céu Claro|3|0|2|0
263616|2020-01-18|sábado|17:10:00|RJ|116.0|MESQUITA|Defeito Mecânico no Veículo|Incêndio|Sem Vítimas|Pleno dia|Sol|1|0|0|0
263617|2020-01-18|sábado|17:00:00|GO|153.0|CAMPINORTE|Defeito Mecânico no Veículo|Saída de leito carroçável|Com Vítimas Feridas|Pleno dia|Céu Claro|2|0|2|0
263618|2020-01-18|sábado|17:15:00|PB|101.0|JOAO PESSOA|Falta de Atenção à Condução|Colisão transversal|Com Vítimas Feridas|Pleno dia|Nublado|2|0|1|0
263621|2020-01-18|sábado|15:50:00|RO|364.0|PORTO VELHO|Falta de Atenção à Condução|Colisão transversal|Com Vítimas Feridas|Pleno dia|Sol|2|0|1|0
263622|2020-01-18|sábado|17:55:00|PE|232.0|BELO JARDIM|Desobediência às normas de trânsito pelo condutor|Colisão transversal|Com Vítimas Feridas|Plena Noite|Céu Claro|4|0|1|0
263623|2020-01-18|sábado|17:50:00|PR|116.0|FAZENDA RIO GRANDE|Falta de Atenção à Condução|Colisão transversal|Com Vítimas Feridas|Pleno dia|Nublado|3|0|0|2
263625|2020-01-18|sábado|07:00:00|RO|364.0|CANDEIAS DO JAMARI|Não guardar distância de segurança|Colisão lateral|Com Vítimas Feridas|Pleno dia|Céu Claro|2|0|1|0
263626|2020-01-18|sábado|18:00:00|PE|232.0|CARUARU|Ingestão de Álcool|Saída de leito carroçável|Com Vítimas Feridas|Anoitecer|Céu Claro|1|0|1|0
263627|2020-01-18|sábado|14:18:00|RO|364.0|VILHENA|Mal Súbito|Atropelamento de Pedestre|Com Vítimas Fatais|Pleno dia|Céu Claro|3|1|0|0
263628|2020-01-18|sábado|17:00:00|MS|262.0|CAMPO GRANDE|Defeito Mecânico no Veículo|Incêndio|Sem Vítimas|Pleno dia|Céu Claro|2|0|0|0
263629|2020-01-18|sábado|17:20:00|PR|373.0|CORONEL VIVIDA|Falta de Atenção à Condução|Colisão frontal|Com Vítimas Fatais|Pleno dia|Céu Claro|3|1|2|0
263632|2020-01-18|sábado|18:45:00|RS|116.0|CANOAS|Desobediência às normas de trânsito pelo condutor|Colisão transversal|Com Vítimas Feridas|Pleno dia|Sol|2|0|2|0
263633|2020-01-18|sábado|18:00:00|SC|153.0|IRANI|Desobediência às normas de trânsito pelo condutor|Colisão frontal|Com Vítimas Feridas|Pleno dia|Céu Claro|4|0|2|0
263634|2020-01-18|sábado|17:10:00|SC|158.0|CAIBI|Ingestão de Álcool|Colisão lateral|Com Vítimas Feridas|Pleno dia|Céu Claro|2|0|1|0
263635|2020-01-18|sábado|18:50:00|GO|60.0|INDIARA|Ingestão de Álcool|Colisão traseira|Com Vítimas Feridas|Plena Noite|Chuva|2|0|1|1
263636|2020-01-18|sábado|16:40:00|MG|381.0|ITATIAIUCU|Defeito Mecânico no Veículo|Tombamento|Sem Vítimas|Pleno dia|Nublado|1|0|0|0
263637|2020-01-18|sábado|17:30:00|ES|482.0|JERONIMO MONTEIRO|Falta de Atenção à Condução|Colisão lateral|Com Vítimas Feridas|Amanhecer|Céu Claro|1|0|0|1
263638|2020-01-18|sábado|18:00:00|ES|259.0|COLATINA|Desobediência às normas de trânsito pelo condutor|Colisão frontal|Com Vítimas Feridas|Anoitecer|Céu Claro|2|0|2|0
263639|2020-01-18|sábado|17:45:00|RJ|40.0|DUQUE DE CAXIAS|Pista Escorregadia|Saída de leito carroçável|Sem Vítimas|Anoitecer|Garoa/Chuvisco|1|0|0|0
263640|2020-01-11|sábado|06:10:00|MS|262.0|MIRANDA|Defeito na Via|Saída de leito carroçável|Com Vítimas Feridas|Pleno dia|Céu Claro|5|0|5|0
263641|2020-01-18|sábado|18:15:00|RS|290.0|ALEGRETE|Velocidade Incompatível|Colisão traseira|Sem Vítimas|Pleno dia|Céu Claro|4|0|0|0
263642|2020-01-18|sábado|18:00:00|PA|10.0|DOM ELISEU|Desobediência às normas de trânsito pelo condutor|Saída de leito carroçável|Com Vítimas Fatais|Plena Noite|Nublado|2|1|1|0
263643|2020-01-18|sábado|19:30:00|MG|40.0|SANTOS DUMONT|Falta de Atenção do Pedestre|Atropelamento de Pedestre|Com Vítimas Fatais|Plena Noite|Nublado|6|1|0|0
263644|2020-01-18|sábado|19:40:00|BA|324.0|FEIRA DE SANTANA|Restrição de Visibilidade|Atropelamento de Pedestre|Com Vítimas Feridas|Plena Noite|Céu Claro|2|0|1|0
263645|2020-01-18|sábado|19:20:00|DF|70.0|BRASILIA|Condutor Dormindo|Saída de leito carroçável|Com Vítimas Feridas|Anoitecer|Nublado|1|0|1|0
263646|2020-01-18|sábado|17:30:00|PI|135.0|REDENCAO DO GURGUEIA|Falta de Atenção à Condução|Saída de leito carroçável|Com Vítimas Feridas|Anoitecer|Céu Claro|4|0|2|0
263647|2020-01-18|sábado|17:05:00|PR|116.0|COLOMBO|Falta de Atenção à Condução|Queda de ocupante de veículo|Com Vítimas Feridas|Pleno dia|Nublado|2|0|2|0
263648|2020-01-18|sábado|18:10:00|SC|101.0|SANTA ROSA DO SUL|Falta de Atenção à Condução|Colisão transversal|Com Vítimas Feridas|Anoitecer|Nublado|3|0|1|0
263649|2020-01-18|sábado|20:20:00|SC|282.0|PALHOCA|Falta de Atenção à Condução|Colisão com objeto estático|Sem Vítimas|Plena Noite|Céu Claro|1|0|0|0
263650|2020-01-18|sábado|19:14:00|PR|153.0|PORTO VITORIA|Falta de Atenção à Condução|Colisão traseira|Com Vítimas Feridas|Plena Noite|Céu Claro|3|0|1|0
263652|2020-01-18|sábado|17:00:00|RS|290.0|CACHOEIRA DO SUL|Falta de Atenção à Condução|Engavetamento|Com Vítimas Feridas|Pleno dia|Sol|5|0|1|0
263653|2020-01-18|sábado|17:10:00|MS|158.0|APARECIDA DO TABOADO|Falta de Atenção à Condução|Colisão com objeto estático|Com Vítimas Feridas|Anoitecer|Céu Claro|4|0|3|1
263654|2020-01-18|sábado|20:10:00|ES|101.0|JAGUARE|Falta de Atenção à Condução|Atropelamento de Animal|Com Vítimas Feridas|Plena Noite|Céu Claro|1|0|1|0
263655|2020-01-18|sábado|20:45:00|PR|277.0|GUARAPUAVA|Falta de Atenção à Condução|Colisão traseira|Com Vítimas Feridas|Plena Noite|Céu Claro|4|0|1|2
263656|2020-01-18|sábado|20:32:00|PA|163.0|SANTAREM|Falta de Atenção à Condução|Tombamento|Com Vítimas Feridas|Plena Noite|Céu Claro|2|0|2|0
263657|2020-01-18|sábado|18:30:00|PR|116.0|RIO NEGRO|Defeito Mecânico no Veículo|Saída de leito carroçável|Com Vítimas Feridas|Pleno dia|Céu Claro|1|0|1|0
263658|2020-01-15|quarta-feira|06:00:00|SC|470.0|APIUNA|Ingestão de Álcool|Colisão com objeto estático|Sem Vítimas|Pleno dia|Céu Claro|1|0|0|0
263659|2020-01-18|sábado|18:45:00|PR|277.0|MORRETES|Falta de Atenção à Condução|Colisão com objeto estático|Com Vítimas Feridas|Plena Noite|Nublado|1|0|1|0
263660|2020-01-18|sábado|14:20:00|SC|116.0|PONTE ALTA|Ingestão de Álcool|Colisão traseira|Com Vítimas Feridas|Pleno dia|Sol|5|0|3|0
263661|2020-01-18|sábado|20:30:00|MG|381.0|BETIM|Velocidade Incompatível|Colisão traseira|Com Vítimas Feridas|Plena Noite|Céu Claro|4|0|0|1
263662|2020-01-18|sábado|20:50:00|SE|235.0|ITABAIANA|Ingestão de Álcool|Colisão lateral|Com Vítimas Feridas|Plena Noite|Céu Claro|2|0|1|0
263663|2020-01-18|sábado|20:50:00|AL|316.0|DOIS RIACHOS|Animais na Pista|Capotamento|Com Vítimas Feridas|Plena Noite|Céu Claro|1|0|1|0
263664|2020-01-18|sábado|15:00:00|GO|364.0|JATAI|Agressão Externa|Saída de leito carroçável|Com Vítimas Feridas|Pleno dia|Sol|1|0|1|0
263666|2020-01-18|sábado|19:50:00|AM|174.0|PRESIDENTE FIGUEIREDO|Falta de Atenção à Condução|Saída de leito carroçável|Com Vítimas Feridas|Plena Noite|Nublado|1|0|1|0
263667|2020-01-18|sábado|21:00:00|RS|392.0|PELOTAS|Defeito na Via|Queda de ocupante de veículo|Com Vítimas Feridas|Plena Noite|Céu Claro|1|0|1|0
263668|2020-01-18|sábado|19:35:00|MS|163.0|DOURADOS|Falta de Atenção à Condução|Colisão traseira|Com Vítimas Feridas|Plena Noite|Céu Claro|3|0|1|0
263669|2020-01-18|sábado|10:30:00|MT|163.0|DIAMANTINO|Falta de Atenção à Condução|Queda de ocupante de veículo|Com Vítimas Feridas|Pleno dia|Céu Claro|2|0|2|0
263670|2020-01-18|sábado|21:30:00|GO|40.0|CRISTALINA|Condutor Dormindo|Capotamento|Com Vítimas Feridas|Plena Noite|Nublado|1|0|1|0
263672|2020-01-18|sábado|21:45:00|RN|101.0|NATAL|Ingestão de Álcool|Colisão lateral|Sem Vítimas|Plena Noite|Céu Claro|2|0|0|0
263673|2020-01-18|sábado|21:45:00|SC|101.0|SAO JOSE|Falta de Atenção à Condução|Colisão lateral|Com Vítimas Feridas|Plena Noite|Nublado|2|0|1|0
263675|2020-01-18|sábado|21:50:00|PR|369.0|CAMBE|Falta de Atenção à Condução|Colisão traseira|Com Vítimas Feridas|Plena Noite|Céu Claro|2|0|1|0
263676|2020-01-18|sábado|21:15:00|RO|364.0|PORTO VELHO|Falta de Atenção à Condução|Colisão com objeto estático|Sem Vítimas|Plena Noite|Céu Claro|1|0|0|0
263677|2020-01-18|sábado|22:45:00|TO|153.0|XAMBIOA|Falta de Atenção à Condução|Capotamento|Com Vítimas Feridas|Plena Noite|Nublado|2|0|2|0
263678|2020-01-18|sábado|21:40:00|RJ|40.0|DUQUE DE CAXIAS|Avarias e/ou desgaste excessivo no pneu|Tombamento|Com Vítimas Feridas|Plena Noite|Chuva|1|0|1|0
263679|2020-01-18|sábado|22:00:00|RS|290.0|NOVA PRATA|Ingestão de Álcool|Colisão transversal|Com Vítimas Feridas|Plena Noite|Céu Claro|6|0|0|2
263680|2020-01-18|sábado|21:35:00|RO|364.0|VILHENA|Desobediência às normas de trânsito pelo condutor|Colisão transversal|Com Vítimas Feridas|Plena Noite|Céu Claro|2|0|1|0
263681|2020-01-18|sábado|22:10:00|PR|376.0|PALMEIRA|Falta de Atenção à Condução|Queda de ocupante de veículo|Com Vítimas Feridas|Plena Noite|Nublado|1|0|1|0
263682|2020-01-18|sábado|22:20:00|RJ|393.0|BARRA DO PIRAI|Velocidade Incompatível|Tombamento|Sem Vítimas|Plena Noite|Céu Claro|1|0|0|0
263683|2020-01-18|sábado|22:15:00|RJ|393.0|VASSOURAS|Falta de Atenção à Condução|Colisão frontal|Com Vítimas Feridas|Plena Noite|Nublado|2|0|2|0
263684|2020-01-18|sábado|23:00:00|DF|70.0|BRASILIA|Falta de Atenção do Pedestre|Atropelamento de Pedestre|Com Vítimas Feridas|Plena Noite|Céu Claro|2|0|0|1