id|data_inversa|dia_semana|horario|uf|br|municipio|causa_acidente|tipo_acidente|classificacao_acidente|fase_dia|condicao_metereologica|pessoas|mortos|feridos_leves|feridos_graves
264204|2020-01-21|terça-feira|10:20:00|ES|101.0|SOORETAMA|Falta de Atenção à Condução|Colisão traseira|Com Vítimas Feridas|Pleno dia|Céu Claro|5|0|2|0
264205|2020-01-21|terça-feira|08:30:00|SC|153.0|IRANI|Falta de Atenção à Condução|Colisão transversal|Com Vítimas Feridas|Pleno dia|Nublado|3|0|1|0
264207|2020-01-21|terça-feira|11:00:00|ES|101.0|JOAO NEIVA|Defeito Mecânico no Veículo|Tombamento|Com Vítimas Feridas|Pleno dia|Nublado|1|0|1|0
264208|2020-01-21|terça-feira|08:45:00|RO|364.0|JI-PARANA|Falta de Atenção à Condução|Colisão lateral|Sem Vítimas|Pleno dia|Céu Claro|5|0|0|0
264209|2020-01-21|terça-feira|10:30:00|MG|267.0|ARGIRITA|Falta de Atenção à Condução|Colisão com objeto estático|Com Vítimas Feridas|Pleno dia|Céu Claro|5|0|4|0
264210|2020-01-21|terça-feira|08:00:00|BA|367.0|EUNAPOLIS|Falta de Atenção à Condução|Tombamento|Com Vítimas Feridas|Pleno dia|Sol|1|0|1|0
264211|2020-01-21|terça-feira|11:00:00|PR|376.0|MARINGA|Falta de Atenção à Condução|Colisão transversal|Com Vítimas Feridas|Pleno dia|Céu Claro|2|0|1|0
264212|2020-01-21|terça-feira|08:30:00|MG|381.0|PERDOES|Falta de Atenção à Condução|Saída de leito carroçável|Com Vítimas Feridas|Pleno dia|Céu Claro|4|0|2|1
264213|2020-01-21|terça-feira|12:15:00|RS|392.0|CERRO LARGO|Desobediência às normas de trânsito pelo condutor|Colisão traseira|Com Vítimas Feridas|Pleno dia|Nublado|2|0|0|1
264214|2020-01-21|terça-feira|11:30:00|PE|232.0|VITORIA DE SANTO ANTAO|Falta de Atenção à Condução|Colisão traseira|Com Vítimas Feridas|Pleno dia|Céu Claro|1|0|1|0
264215|2020-01-09|quinta-feira|21:25:00|MS||SIDROLANDIA|Falta de Atenção à Condução|Atropelamento de Pedestre|Com Vítimas Feridas|Plena Noite|Céu Claro|4|0|0|1
264216|2020-01-21|terça-feira|11:40:00|DF|80.0|BRASILIA|Falta de Atenção à Condução|Colisão transversal|Com Vítimas Feridas|Pleno dia|Nublado|4|0|0|1
264217|2020-01-21|terça-feira|11:50:00|MG|153.0|FRONTEIRA|Mal Súbito|Queda de ocupante de veículo|Com Vítimas Feridas|Pleno dia|Céu Claro|2|0|1|0
264218|2020-01-21|terça-feira|09:20:00|RJ|101.0|NITEROI|Não guardar distância de segurança|Colisão traseira|Com Vítimas Feridas|Pleno dia|Céu Claro|2|0|1|0
264219|2020-01-21|terça-feira|12:25:00|RS|470.0|BENTO GONCALVES|Velocidade Incompatível|Colisão frontal|Com Vítimas Feridas|Pleno dia|Chuva|2|0|1|0
264220|2020-01-21|terça-feira|11:50:00|BA|242.0|SEABRA|Desobediência às normas de trânsito pelo condutor|Colisão transversal|Com Vítimas Feridas|Pleno dia|Sol|4|0|1|0
264221|2020-01-17|sexta-feira|06:45:00|RO|364.0|JI-PARANA|Falta de Atenção à Condução|Colisão lateral|Com Vítimas Feridas|Pleno dia|Céu Claro|2|0|1|0
264223|2020-01-21|terça-feira|12:30:00|BA|242.0|BARREIRAS|Pista Escorregadia|Saída de leito carroçável|Com Vítimas Feridas|Pleno dia|Chuva|3|0|3|0
264224|2020-01-21|terça-feira|11:34:00|ES|101.0|SERRA|Falta de Atenção à Condução|Colisão frontal|Com Vítimas Fatais|Pleno dia|Nublado|10|1|1|1
264225|2020-01-21|terça-feira|12:05:00|PE|232.0|SERRA TALHADA|Ultrapassagem Indevida|Colisão transversal|Com Vítimas Feridas|Pleno dia|Nublado|2|0|1|0
264226|2020-01-21|terça-feira|10:50:00|RS|287.0|JAGUARI|Ultrapassagem Indevida|Colisão frontal|Com Vítimas Feridas|Pleno dia|Nublado|2|0|2|0
264227|2020-01-21|terça-feira|12:15:00|GO|60.0|GOIANAPOLIS|Pista Escorregadia|Saída de leito carroçável|Com Vítimas Feridas|Pleno dia|Chuva|2|0|2|0
264228|2020-01-21|terça-feira|13:40:00|RS|158.0|SANTA MARIA|Mal Súbito|Colisão traseira|Com Vítimas Feridas|Pleno dia|Céu Claro|3|0|1|0
264230|2020-01-21|terça-feira|11:30:00|GO|60.0|ANAPOLIS|Falta de Atenção à Condução|Colisão traseira|Com Vítimas Feridas|Pleno dia|Nublado|2|0|1|0
264231|2020-01-21|terça-feira|13:10:00|CE|402.0|ITAPIPOCA|Pista Escorregadia|Tombamento|Com Vítimas Feridas|Pleno dia|Chuva|4|0|1|0
264232|2020-01-21|terça-feira|14:25:00|RS|116.0|CAXIAS DO SUL|Defeito Mecânico no Veículo|Colisão traseira|Sem Vítimas|Pleno dia|Nublado|2|0|0|0
264233|2020-01-21|terça-feira|08:35:00|SC|280.0|CANOINHAS|Não guardar distância de segurança|Colisão traseira|Com Vítimas Feridas|Pleno dia|Céu Claro|3|0|1|0
264235|2020-01-21|terça-feira|12:55:00|RJ|101.0|ANGRA DOS REIS|Desobediência às normas de trânsito pelo condutor|Queda de ocupante de veículo|Com Vítimas Feridas|Pleno dia|Céu Claro|2|0|1|0
264236|2020-01-21|terça-feira|14:00:00|MG|381.0|BELA VISTA DE MINAS|Velocidade Incompatível|Saída de leito carroçável|Com Vítimas Feridas|Pleno dia|Chuva|1|0|1|0
264237|2020-01-21|terça-feira|12:15:00|RJ|493.0|NOVA IGUACU|Desobediência às normas de trânsito pelo condutor|Colisão traseira|Com Vítimas Feridas|Pleno dia|Nublado|2|0|0|1
264238|2020-01-21|terça-feira|15:00:00|PR|376.0|MARINGA|Velocidade Incompatível|Colisão traseira|Com Vítimas Feridas|Pleno dia|Céu Claro|4|0|1|0
264239|2020-01-21|terça-feira|15:20:00|PE|101.0|RECIFE|Falta de Atenção à Condução|Colisão transversal|Com Vítimas Feridas|Pleno dia|Céu Claro|2|0|1|0
264240|2020-01-21|terça-feira|15:05:00|MG|381.0|NOVA ERA|Pista Escorregadia|Saída de leito carroçável|Com Vítimas Feridas|Pleno dia|Chuva|5|0|4|0
264241|2020-01-01|quarta-feira|23:40:00|GO|50.0|CAMPO ALEGRE DE GOIAS|Condutor Dormindo|Saída de leito carroçável|Com Vítimas Feridas|Plena Noite|Nublado|3|0|2|0
264242|2020-01-21|terça-feira|14:00:00|RO|319.0|PORTO VELHO|Falta de Atenção à Condução|Colisão traseira|Com Vítimas Feridas|Pleno dia|Céu Claro|1|0|1|0
264244|2020-01-21|terça-feira|15:20:00|MG|381.0|CARMO DA CACHOEIRA|Pista Escorregadia|Saída de leito carroçável|Com Vítimas Feridas|Pleno dia|Céu Claro|6|0|1|0
264245|2020-01-21|terça-feira|15:00:00|PE|232.0|JABOATAO DOS GUARARAPES|Defeito Mecânico no Veículo|Engavetamento|Sem Vítimas|Pleno dia|Sol|6|0|0|0
264246|2020-01-21|terça-feira|15:00:00|GO|80.0|PADRE BERNARDO|Velocidade Incompatível|Tombamento|Com Vítimas Feridas|Pleno dia|Chuva|1|0|1|0
264248|2020-01-21|terça-feira|16:15:00|PB|101.0|JOAO PESSOA|Condutor Dormindo|Tombamento|Com Vítimas Feridas|Pleno dia|Nublado|2|0|2|0
264249|2020-01-21|terça-feira|16:25:00|MG|381.0|BETIM|Não guardar distância de segurança|Colisão traseira|Com Vítimas Feridas|Pleno dia|Nublado|3|0|2|0
264250|2020-01-21|terça-feira|10:20:00|RO|174.0|VILHENA|Agressão Externa|Tombamento|Com Vítimas Feridas|Pleno dia|Céu Claro|1|0|1|0
264252|2020-01-21|terça-feira|16:30:00|ES|101.0|SERRA|Falta de Atenção à Condução|Colisão com objeto estático|Com Vítimas Feridas|Pleno dia|Nublado|3|0|0|1
264253|2020-01-21|terça-feira|17:00:00|PE|101.0|PAULISTA|Desobediência às normas de trânsito pelo condutor|Colisão lateral|Com Vítimas Feridas|Anoitecer|Céu Claro|5|0|1|0
264254|2020-01-21|terça-feira|16:30:00|ES|101.0|SERRA|Falta de Atenção à Condução|Engavetamento|Sem Vítimas|Pleno dia|Nublado|4|0|0|0
264255|2020-01-21|terça-feira|15:25:00|SP|116.0|CAJATI|Condutor Dormindo|Saída de leito carroçável|Com Vítimas Feridas|Pleno dia|Nublado|2|0|2|0
264256|2020-01-21|terça-feira|17:00:00|CE|116.0|CHOROZINHO|Desobediência às normas de trânsito pelo condutor|Colisão transversal|Com Vítimas Feridas|Pleno dia|Céu Claro|4|0|2|1
264257|2020-01-21|terça-feira|16:15:00|PE|232.0|CARUARU|Falta de Atenção à Condução|Capotamento|Sem Vítimas|Pleno dia|Chuva|1|0|0|0
264258|2020-01-21|terça-feira|17:20:00|PE|407.0|PETROLINA|Falta de Atenção à Condução|Colisão transversal|Com Vítimas Feridas|Pleno dia|Sol|3|0|2|0
264259|2020-01-21|terça-feira|17:20:00|ES|101.0|VIANA|Pista Escorregadia|Queda de ocupante de veículo|Com Vítimas Feridas|Pleno dia|Chuva|1|0|0|1
264260|2020-01-21|terça-feira|15:50:00|GO|60.0|CEZARINA|Pista Escorregadia|Saída de leito carroçável|Com Vítimas Feridas|Pleno dia|Chuva|1|0|1|0
264261|2020-01-21|terça-feira|18:00:00|CE|222.0|FORTALEZA|Animais na Pista|Atropelamento de Animal|Sem Vítimas|Plena Noite|Céu Claro|1|0|0|0
264262|2020-01-21|terça-feira|08:50:00|MA|135.0|SAO LUIS|Desobediência às normas de trânsito pelo condutor|Colisão traseira|Com Vítimas Fatais|Pleno dia|Chuva|2|1|0|0
264263|2020-01-21|terça-feira|14:40:00|PA|10.0|SANTA MARIA DO PARA|Ultrapassagem Indevida|Saída de leito carroçável|Sem Vítimas|Pleno dia|Céu Claro|1|0|0|0
264264|2020-01-21|terça-feira|17:30:00|CE|116.0|HORIZONTE|Falta de Atenção à Condução|Colisão traseira|Com Vítimas Feridas|Anoitecer|Céu Claro|3|0|1|0
264266|2020-01-21|terça-feira|18:00:00|PE|428.0|PETROLINA|Defeito Mecânico no Veículo|Colisão com objeto em movimento|Com Vítimas Feridas|Plena Noite|Céu Claro|4|0|3|0
264267|2020-01-21|terça-feira|15:45:00|AC|364.0|RIO BRANCO|Falta de Atenção à Condução|Colisão traseira|Com Vítimas Feridas|Pleno dia|Céu Claro|3|0|1|0
264268|2020-01-21|terça-feira|18:20:00|PE|101.0|IGARASSU|Falta de Atenção à Condução|Colisão transversal|Com Vítimas Feridas|Plena Noite|Céu Claro|2|0|1|0
264269|2020-01-21|terça-feira|18:20:00|PR|376.0|MARIALVA|Animais na Pista|Colisão traseira|Com Vítimas Feridas|Pleno dia|Céu Claro|2|0|1|0
264270|2020-01-01|quarta-feira|08:00:00|PE|101.0|ESCADA|Falta de Atenção à Condução|Tombamento|Com Vítimas Feridas|Pleno dia|Céu Claro|1|0|0|1
264271|2020-01-21|terça-feira|18:15:00|ES|101.0|SERRA|Restrição de Visibilidade|Colisão transversal|Com Vítimas Feridas|Plena Noite|Chuva|2|0|2|0
264272|2020-01-21|terça-feira|17:20:00|PB|104.0|SAO SEBASTIAO DE LAGOA DE  ROCA|Pista Escorregadia|Saída de leito carroçável|Com Vítimas Feridas|Pleno dia|Nublado|1|0|0|1
264273|2020-01-21|terça-feira|18:17:00|PR|277.0|CASCAVEL|Falta de Atenção à Condução|Colisão transversal|Com Vítimas Feridas|Pleno dia|Nublado|2|0|0|2
264274|2020-01-21|terça-feira|10:30:00|MA|135.0|BACABEIRA|Falta de Atenção à Condução|Colisão traseira|Sem Vítimas|Pleno dia|Chuva|2|0|0|0
264275|2020-01-21|terça-feira|17:05:00|RS|116.0|BARRA DO RIBEIRO|Pista Escorregadia|Saída de leito carroçável|Com Vítimas Feridas|Pleno dia|Chuva|2|0|2|0
264276|2020-01-21|terça-feira|16:48:00|MG|116.0|SANTA RITA DE MINAS|Falta de Atenção à Condução|Colisão traseira|Sem Vítimas|Pleno dia|Nublado|3|0|0|0
264277|2020-01-21|terça-feira|18:40:00|RS|386.0|MONTENEGRO|Falta de Atenção à Condução|Colisão transversal|Com Vítimas Feridas|Anoitecer|Chuva|5|0|5|0
264278|2020-01-21|terça-feira|17:25:00|SC|470.0|GASPAR|Desobediência às normas de trânsito pelo condutor|Colisão transversal|Com Vítimas Feridas|Pleno dia|Nublado|2|0|0|1
264279|2020-01-21|terça-feira|18:15:00|BA|116.0|FEIRA DE SANTANA|Falta de Atenção à Condução|Colisão transversal|Com Vítimas Feridas|Plena Noite|Nublado|2|0|1|0
264280|2020-01-21|terça-feira|18:45:00|MG|40.0|MATIAS BARBOSA|Falta de Atenção à Condução|Saída de leito carroçável|Com Vítimas Feridas|Plena Noite|Nublado|3|0|2|0
264281|2020-01-21|terça-feira|18:45:00|MG|50.0|UBERLANDIA|Desobediência às normas de trânsito pelo condutor|Colisão com objeto estático|Com Vítimas Feridas|Anoitecer|Nublado|2|0|0|1
264282|2020-01-21|terça-feira|18:50:00|PR|376.0|MARINGA|Falta de Atenção à Condução|Colisão lateral|Com Vítimas Feridas|Anoitecer|Céu Claro|3|0|1|0
264283|2020-01-21|terça-feira|18:30:00|ES|101.0|SERRA|Não guardar distância de segurança|Colisão traseira|Com Vítimas Feridas|Plena Noite|Chuva|4|0|2|0
264284|2020-01-13|segunda-feira|11:30:00|RS|116.0|CANOAS|Falta de Atenção à Condução|Colisão transversal|Com Vítimas Feridas|Pleno dia|Céu Claro|2|0|1|0
264285|2020-01-21|terça-feira|18:08:00|SC|101.0|PAULO LOPES|Falta de Atenção à Condução|Colisão lateral|Com Vítimas Feridas|Pleno dia|Nublado|2|0|1|0
264287|2020-01-21|terça-feira|17:25:00|PI|135.0|BOM JESUS|Desobediência às normas de trânsito pelo condutor|Colisão traseira|Com Vítimas Feridas|Pleno dia|Céu Claro|3|0|1|0
264288|2020-01-21|terça-feira|17:30:00|RO|319.0|PORTO VELHO|Falta de Atenção à Condução|Colisão lateral|Com Vítimas Feridas|Pleno dia|Chuva|3|0|1|0
264289|2020-01-21|terça-feira|16:50:00|SC|282.0|VARGEM|Velocidade Incompatível|Saída de leito carroçável|Com Vítimas Feridas|Pleno dia|Chuva|5|0|3|0
264290|2020-01-21|terça-feira|16:40:00|RS|285.0|SAO LUIZ GONZAGA|Pista Escorregadia|Saída de leito carroçável|Com Vítimas Feridas|Pleno dia|Chuva|4|0|1|0
264291|2020-01-21|terça-feira|19:30:00|PE|101.0|IGARASSU|Falta de Atenção à Condução|Colisão com objeto estático|Com Vítimas Feridas|Plena Noite|Céu Claro|4|0|3|1
264292|2020-01-21|terça-feira|19:00:00|ES|101.0|SAO MATEUS|Deficiência ou não Acionamento do Sistema de Iluminação/Sinalização do Veículo|Colisão traseira|Com Vítimas Feridas|Plena Noite|Chuva|3|0|1|1
264293|2020-01-21|terça-feira|17:55:00|SC|470.0|INDAIAL|Desobediência às normas de trânsito pelo condutor|Colisão transversal|Com Vítimas Feridas|Pleno dia|Nublado|7|0|2|4
264294|2020-01-21|terça-feira|19:00:00|PE|428.0|SANTA MARIA DA BOA VISTA|Ingestão de Álcool|Colisão frontal|Com Vítimas Fatais|Plena Noite|Céu Claro|2|1|0|0
264295|2020-01-21|terça-feira|19:00:00|GO|153.0|APARECIDA DE GOIANIA|Falta de Atenção à Condução|Colisão transversal|Sem Vítimas|Plena Noite|Chuva|2|0|0|0
264297|2020-01-21|terça-feira|15:10:00|MG|40.0|JOAO PINHEIRO|Avarias e/ou desgaste excessivo no pneu|Tombamento|Com Vítimas Feridas|Pleno dia|Céu Claro|2|0|1|0
264298|2020-01-09|quinta-feira|08:10:00|MG|381.0|BETIM|Falta de Atenção à Condução|Colisão lateral|Com Vítimas Feridas|Pleno dia|Céu Claro|2|0|1|0
264299|2020-01-21|terça-feira|17:00:00|RJ|101.0|SAO GONCALO|Não guardar distância de segurança|Colisão traseira|Com Vítimas Feridas|Pleno dia|Céu Claro|3|0|1|0
264301|2020-01-21|terça-feira|18:00:00|RS|290.0|GRAVATAI|Velocidade Incompatível|Saída de leito carroçável|Com Vítimas Feridas|Plena Noite|Chuva|4|0|1|0
264302|2020-01-21|terça-feira|19:35:00|RJ|40.0|DUQUE DE CAXIAS|Falta de Atenção à Condução|Engavetamento|Com Vítimas Feridas|Plena Noite|Céu Claro|4|0|1|0
264304|2020-01-21|terça-feira|20:00:00|RS|116.0|GUAIBA|Falta de Atenção do Pedestre|Atropelamento de Pedestre|Com Vítimas Feridas|Plena Noite|Chuva|2|0|0|1
264305|2020-01-21|terça-feira|18:15:00|MT|163.0|SINOP|Falta de Atenção à Condução|Colisão traseira|Com Vítimas Feridas|Plena Noite|Céu Claro|3|0|2|0
264306|2020-01-21|terça-feira|19:40:00|PI|343.0|TERESINA|Objeto estático sobre o leito carroçável|Colisão com objeto estático|Com Vítimas Feridas|Plena Noite|Céu Claro|4|0|1|0
264307|2020-01-21|terça-feira|19:30:00|PE|101.0|ABREU E LIMA|Falta de Atenção do Pedestre|Atropelamento de Pedestre|Sem Vítimas|Plena Noite|Céu Claro|2|0|0|0
264308|2020-01-21|terça-feira|20:20:00|SC|101.0|JAGUARUNA|Falta de Atenção à Condução|Colisão frontal|Com Vítimas Feridas|Plena Noite|Nublado|2|0|0|1
264309|2020-01-21|terça-feira|19:20:00|SC|280.0|RIO NEGRINHO|Falta de Atenção à Condução|Atropelamento de Pedestre|Com Vítimas Feridas|Plena Noite|Nublado|2|0|1|0
264310|2020-01-21|terça-feira|20:45:00|CE|222.0|SAO GONCALO DO AMARANTE|Animais na Pista|Atropelamento de Animal|Com Vítimas Feridas|Plena Noite|Céu Claro|1|0|0|1
264311|2020-01-21|terça-feira|20:50:00|MS|463.0|DOURADOS|Desobediência às normas de trânsito pelo condutor|Colisão traseira|Com Vítimas Feridas|Plena Noite|Céu Claro|2|0|0|1
264312|2020-01-21|terça-feira|21:15:00|MG|381.0|CAREACU|Falta de Atenção à Condução|Saída de leito carroçável|Com Vítimas Fatais|Plena Noite|Nublado|3|1|2|0
264313|2020-01-21|terça-feira|16:11:00|RJ|101.0|SAO GONCALO|Agressão Externa|Queda de ocupante de veículo|Com Vítimas Feridas|Pleno dia|Nublado|1|0|1|0
264314|2020-01-21|terça-feira|21:20:00|RN|405.0|MOSSORO|Desobediência às normas de trânsito pelo condutor|Colisão transversal|Com Vítimas Feridas|Plena Noite|Céu Claro|3|0|2|0
264315|2020-01-21|terça-feira|19:30:00|MT|70.0|PRIMAVERA DO LESTE|Falta de Atenção à Condução|Colisão transversal|Com Vítimas Feridas|Plena Noite|Céu Claro|2|0|1|0
264316|2020-01-21|terça-feira|22:20:00|PB|230.0|CAMPINA GRANDE|Falta de Atenção à Condução|Colisão frontal|Sem Vítimas|Plena Noite|Nublado|3|0|0|0
264318|2020-01-21|terça-feira|22:00:00|PR|277.0|CASCAVEL|Desobediência às normas de trânsito pelo pedestre|Atropelamento de Pedestre|Com Vítimas Feridas|Plena Noite|Céu Claro|2|0|1|0
264319|2020-01-21|terça-feira|22:35:00|PR|476.0|CURITIBA|Falta de Atenção à Condução|Colisão transversal|Com Vítimas Feridas|Plena Noite|Nublado|2|0|1|0
264320|2020-01-21|terça-feira|18:21:00|RJ|101.0|SAO GONCALO|Falta de Atenção à Condução|Colisão traseira|Com Vítimas Feridas|Anoitecer|Nublado|3|0|1|0
264321|2020-01-21|terça-feira|19:30:00|RS|290.0|PORTO ALEGRE|Defeito Mecânico no Veículo|Incêndio|Sem Vítimas|Plena Noite|Nublado|1|0|0|0
264322|2020-01-21|terça-feira|19:39:00|MT|158.0|BARRA DO GARCAS|Fenômenos da Natureza|Atropelamento de Pedestre|Com Vítimas Feridas|Plena Noite|Chuva|2|0|0|2
264323|2020-01-21|terça-feira|22:00:00|SC|163.0|SAO MIGUEL DO OESTE|Desobediência às normas de trânsito pelo condutor|Atropelamento de Pedestre|Com Vítimas Feridas|Plena Noite|Nublado|2|0|1|0
264325|2020-01-21|terça-feira|22:50:00|RJ|40.0|DUQUE DE CAXIAS|Defeito Mecânico no Veículo|Colisão com objeto estático|Com Vítimas Feridas|Plena Noite|Nublado|2|0|1|0
264326|2020-01-21|terça-feira|18:55:00|RO|364.0|ARIQUEMES|Ultrapassagem Indevida|Colisão frontal|Sem Vítimas|Plena Noite|Ignorado|4|0|0|0
264327|2020-01-21|terça-feira|23:35:00|MG|262.0|IGARATINGA|Falta de Atenção do Pedestre|Atropelamento de Pedestre|Com Vítimas Fatais|Plena Noite|Nublado|2|1|0|0
264328|2020-01-22|quarta-feira|00:55:00|PR|116.0|CURITIBA|Ingestão de Álcool|Colisão traseira|Com Vítimas Feridas|Plena Noite|Céu Claro|2|0|1|0
264329|2020-01-21|terça-feira|18:50:00|BA|101.0|EUNAPOLIS|Falta de Atenção à Condução|Colisão transversal|Com Vítimas Feridas|Plena Noite|Céu Claro|2|0|0|1
264330|2020-01-21|terça-feira|15:30:00|BA|101.0|ITACARE|Falta de Atenção à Condução|Colisão frontal|Com Vítimas Feridas|Pleno dia|Céu Claro|6|0|3|3
264331|2020-01-21|terça-feira|17:00:00|BA|30.0|MARAU|Velocidade Incompatível|Colisão com objeto estático|Com Vítimas Fatais|Pleno dia|Céu Claro|1|1|0|0
264332|2020-01-22|quarta-feira|01:10:00|MS|163.0|BANDEIRANTES|Condutor Dormindo|Tombamento|Com Vítimas Feridas|Plena Noite|Céu Claro|2|0|1|0
264333|2020-01-22|quarta-feira|02:00:00|PR|116.0|CAMPINA GRANDE DO SUL|Velocidade Incompatível|Colisão traseira|Com Vítimas Feridas|Plena Noite|Nublado|2|0|1|0
264334|2020-01-22|quarta-feira|02:00:00|MT|163.0|SORRISO|Velocidade Incompatível|Capotamento|Com Vítimas Feridas|Plena Noite|Céu Claro|2|0|2|0
264335|2020-01-22|quarta-feira|01:55:00|CE|222.0|SOBRAL|Condutor Dormindo|Colisão frontal|Com Vítimas Feridas|Plena Noite|Céu Claro|2|0|1|0
264336|2020-01-22|quarta-feira|03:00:00|PI|316.0|MONSENHOR GIL|Defeito Mecânico no Veículo|Incêndio|Sem Vítimas|Plena Noite|Nublado|1|0|0|0
264337|2020-01-22|quarta-feira|04:05:00|SC|101.0|TUBARAO|Ingestão de Álcool|Saída de leito carroçável|Com Vítimas Feridas|Plena Noite|Céu Claro|1|0|1|0
264338|2020-01-22|quarta-feira|02:35:00|MS|267.0|BATAGUASSU|Animais na Pista|Tombamento|Com Vítimas Feridas|Plena Noite|Céu Claro|1|0|1|0
264339|2020-01-22|quarta-feira|04:30:00|MG|381.0|SAO GONCALO DO SAPUCAI|Condutor Dormindo|Colisão com objeto estático|Com Vítimas Feridas|Amanhecer|Céu Claro|1|0|1|0
264340|2020-01-22|quarta-feira|04:15:00|MS|163.0|CAMPO GRANDE|Falta de Atenção à Condução|Tombamento|Com Vítimas Feridas|Plena Noite|Nublado|1|0|1|0
264341|2020-01-22|quarta-feira|04:40:00|SC|470.0|LONTRAS|Desobediência às normas de trânsito pelo condutor|Colisão transversal|Com Vítimas Feridas|Amanhecer|Nublado|2|0|1|0
264342|2020-01-22|quarta-feira|06:00:00|PR|277.0|MORRETES|Defeito Mecânico no Veículo|Saída de leito carroçável|Sem Vítimas|Amanhecer|Garoa/Chuvisco|3|0|0|0
264343|2020-01-22|quarta-feira|02:10:00|MG|365.0|JEQUITAI|Velocidade Incompatível|Saída de leito carroçável|Com Vítimas Feridas|Plena Noite|Garoa/Chuvisco|1|0|1|0
264344|2020-01-21|terça-feira|15:20:00|SP|116.0|SAO JOSE DOS CAMPOS|Não guardar distância de segurança|Colisão traseira|Com Vítimas Feridas|Pleno dia|Céu Claro|3|0|1|1
264345|2020-01-21|terça-feira|21:45:00|BA|242.0|OLIVEIRA DOS BREJINHOS|Falta de Atenção à Condução|Tombamento|Com Vítimas Feridas|Plena Noite|Céu Claro|1|0|1|0
264346|2020-01-22|quarta-feira|06:40:00|TO|153.0|TALISMA|Pista Escorregadia|Colisão com objeto estático|Com Vítimas Feridas|Pleno dia|Chuva|4|0|3|0
264347|2020-01-22|quarta-feira|06:10:00|RJ|356.0|ITAPERUNA|Falta de Atenção à Condução|Tombamento|Com Vítimas Feridas|Amanhecer|Céu Claro|1|0|1|0
264348|2020-01-22|quarta-feira|06:55:00|PR|376.0|APUCARANA|Animais na Pista|Atropelamento de Animal|Com Vítimas Feridas|Amanhecer|Céu Claro|2|0|2|0
264349|2020-01-22|quarta-feira|07:10:00|CE|116.0|FORTALEZA|Desobediência às normas de trânsito pelo condutor|Colisão traseira|Com Vítimas Feridas|Pleno dia|Céu Claro|3|0|1|0
264350|2020-01-22|quarta-feira|07:00:00|SC|282.0|LAGES|Carga excessiva e/ou mal acondicionada|Colisão lateral|Com Vítimas Feridas|Pleno dia|Chuva|4|0|2|0
264351|2020-01-22|quarta-feira|05:30:00|PE|116.0|CABROBO|Condutor Dormindo|Colisão lateral|Com Vítimas Feridas|Pleno dia|Céu Claro|2|0|1|0
264352|2020-01-22|quarta-feira|07:45:00|PE|101.0|RECIFE|Falta de Atenção à Condução|Colisão traseira|Sem Vítimas|Pleno dia|Chuva|3|0|0|0
264353|2020-01-22|quarta-feira|06:50:00|RS|448.0|PORTO ALEGRE|Pista Escorregadia|Colisão com objeto estático|Com Vítimas Feridas|Pleno dia|Garoa/Chuvisco|2|0|1|0
264354|2020-01-22|quarta-feira|05:25:00|RS|386.0|ESTRELA|Velocidade Incompatível|Saída de leito carroçável|Com Vítimas Feridas|Amanhecer|Chuva|1|0|1|0
264355|2020-01-22|quarta-feira|07:00:00|MG|40.0|CAETANOPOLIS|Pista Escorregadia|Saída de leito carroçável|Com Vítimas Feridas|Pleno dia|Garoa/Chuvisco|3|0|2|1
264356|2020-01-22|quarta-feira|07:00:00|BA|367.0|PORTO SEGURO|Falta de Atenção à Condução|Colisão traseira|Com Vítimas Feridas|Pleno dia|Céu Claro|5|0|1|0
264357|2020-01-22|quarta-feira|07:25:00|DF|40.0|BRASILIA|Falta de Atenção à Condução|Colisão transversal|Com Vítimas Feridas|Pleno dia|Nublado|3|0|1|0
264358|2020-01-22|quarta-feira|07:40:00|PR|476.0|CURITIBA|Não guardar distância de segurança|Colisão traseira|Com Vítimas Feridas|Pleno dia|Nublado|2|0|0|1
264359|2020-01-22|quarta-feira|07:30:00|PR|277.0|CURITIBA|Velocidade Incompatível|Colisão traseira|Com Vítimas Feridas|Pleno dia|Nublado|3|0|1|0
264361|2020-01-22|quarta-feira|07:35:00|PR|158.0|PATO BRANCO|Ingestão de Álcool|Tombamento|Com Vítimas Feridas|Pleno dia|Céu Claro|1|0|0|1
264362|2020-01-22|quarta-feira|04:00:00|PI|407.0|JAICOS|Animais na Pista|Capotamento|Sem Vítimas|Pleno dia|Céu Claro|1|0|0|0
264363|2020-01-22|quarta-feira|08:34:00|DF|70.0|BRASILIA|Não guardar distância de segurança|Colisão traseira|Sem Vítimas|Pleno dia|Nublado|2|0|0|0
264364|2020-01-22|quarta-feira|08:40:00|SC|470.0|POUSO REDONDO|Não guardar distância de segurança|Engavetamento|Com Vítimas Feridas|Pleno dia|Chuva|7|0|2|0
264365|2020-01-22|quarta-feira|08:30:00|BA|242.0|CRISTOPOLIS|Falta de Atenção à Condução|Colisão frontal|Com Vítimas Fatais|Pleno dia|Céu Claro|2|1|0|0
264366|2020-01-22|quarta-feira|09:00:00|CE|116.0|BREJO SANTO|Falta de Atenção à Condução|Colisão transversal|Com Vítimas Feridas|Pleno dia|Nublado|5|0|1|0