id|data_inversa|dia_semana|horario|uf|br|municipio|causa_acidente|tipo_acidente|classificacao_acidente|fase_dia|condicao_metereologica|pessoas|mortos|feridos_leves|feridos_graves
265404|2020-01-27|segunda-feira|03:30:00|PE|423.0|LAJEDO|Ingestão de Álcool|Colisão traseira|Com Vítimas Feridas|Plena Noite|Céu Claro|12|0|6|0
265405|2020-01-27|segunda-feira|07:50:00|PR|277.0|SAO JOSE DOS PINHAIS|Falta de Atenção à Condução|Colisão traseira|Com Vítimas Feridas|Pleno dia|Sol|2|0|0|1
265406|2020-01-27|segunda-feira|07:45:00|SP|116.0|GUARULHOS|Falta de Atenção à Condução|Saída de leito carroçável|Com Vítimas Feridas|Pleno dia|Sol|1|0|1|0
265408|2020-01-27|segunda-feira|08:00:00|PE|408.0|NAZARE DA MATA|Falta de Atenção à Condução|Colisão transversal|Com Vítimas Feridas|Pleno dia|Céu Claro|2|0|1|0
265410|2020-01-27|segunda-feira|07:50:00|MG|40.0|JUIZ DE FORA|Velocidade Incompatível|Tombamento|Com Vítimas Feridas|Pleno dia|Céu Claro|2|0|2|0
265412|2020-01-27|segunda-feira|08:00:00|SE|235.0|AREIA BRANCA|Falta de Atenção à Condução|Colisão transversal|Sem Vítimas|Pleno dia|Sol|2|0|0|0
265413|2020-01-27|segunda-feira|07:00:00|MG|40.0|BARBACENA|Defeito Mecânico no Veículo|Colisão com objeto estático|Sem Vítimas|Pleno dia|Céu Claro|1|0|0|0
265414|2020-01-27|segunda-feira|08:25:00|SC|470.0|GASPAR|Defeito Mecânico no Veículo|Tombamento|Com Vítimas Feridas|Pleno dia|Céu Claro|2|0|2|0
265415|2020-01-27|segunda-feira|08:25:00|RS|158.0|BOA VISTA DAS MISSOES|Falta de Atenção à Condução|Saída de leito carroçável|Com Vítimas Feridas|Pleno dia|Céu Claro|1|0|1|0
265416|2020-01-27|segunda-feira|08:25:00|RS|116.0|SAO LEOPOLDO|Falta de Atenção à Condução|Colisão traseira|Com Vítimas Feridas|Pleno dia|Céu Claro|3|0|1|0
265417|2020-01-27|segunda-feira|07:05:00|DF|70.0|BRASILIA|Pista Escorregadia|Saída de leito carroçável|Com Vítimas Feridas|Pleno dia|Chuva|2|0|0|1
265418|2020-01-27|segunda-feira|07:30:00|PI|343.0|ALTOS|Falta de Atenção à Condução|Colisão traseira|Com Vítimas Feridas|Pleno dia|Céu Claro|2|0|1|0
265419|2020-01-27|segunda-feira|08:40:00|SC|101.0|TUBARAO|Desobediência às normas de trânsito pelo condutor|Colisão transversal|Com Vítimas Feridas|Pleno dia|Nublado|2|0|1|0
265420|2020-01-27|segunda-feira|08:50:00|PR|376.0|MARINGA|Condutor Dormindo|Saída de leito carroçável|Com Vítimas Feridas|Pleno dia|Sol|1|0|1|0
265421|2020-01-27|segunda-feira|06:50:00|RO|364.0|JARU|Desobediência às normas de trânsito pelo condutor|Colisão lateral|Com Vítimas Feridas|Pleno dia|Céu Claro|2|0|1|0
265422|2020-01-27|segunda-feira|09:00:00|PB|230.0|JOAO PESSOA|Mal Súbito|Colisão com objeto estático|Com Vítimas Feridas|Pleno dia|Céu Claro|1|0|1|0
265423|2020-01-27|segunda-feira|09:17:00|SP|116.0|CANAS|Defeito Mecânico no Veículo|Colisão com objeto estático|Com Vítimas Feridas|Pleno dia|Sol|2|0|2|0
265424|2020-01-27|segunda-feira|08:40:00|DF|80.0|BRASILIA|Não guardar distância de segurança|Colisão transversal|Com Vítimas Feridas|Pleno dia|Céu Claro|2|0|1|0
265425|2020-01-27|segunda-feira|07:30:00|RS|153.0|CACHOEIRA DO SUL|Velocidade Incompatível|Colisão lateral|Com Vítimas Feridas|Pleno dia|Sol|3|0|1|0
265426|2020-01-27|segunda-feira|08:45:00|GO|153.0|GOIANIA|Defeito Mecânico no Veículo|Queda de ocupante de veículo|Com Vítimas Feridas|Pleno dia|Nublado|1|0|1|0
265428|2020-01-27|segunda-feira|09:20:00|SC|101.0|PALHOCA|Falta de Atenção à Condução|Colisão traseira|Com Vítimas Feridas|Pleno dia|Céu Claro|2|0|1|0
265429|2020-01-27|segunda-feira|09:30:00|PA|230.0|ITUPIRANGA|Pista Escorregadia|Colisão lateral|Com Vítimas Feridas|Pleno dia|Chuva|7|0|1|0
265430|2020-01-27|segunda-feira|08:05:00|PE|101.0|CABO DE SANTO AGOSTINHO|Falta de Atenção à Condução|Colisão traseira|Sem Vítimas|Pleno dia|Céu Claro|1|0|0|0
265431|2020-01-27|segunda-feira|09:40:00|PR|476.0|ARAUCARIA|Falta de Atenção à Condução|Colisão traseira|Com Vítimas Feridas|Pleno dia|Céu Claro|2|0|0|1
265433|2020-01-27|segunda-feira|08:45:00|MS|262.0|RIBAS DO RIO PARDO|Condutor Dormindo|Saída de leito carroçável|Com Vítimas Feridas|Pleno dia|Céu Claro|3|0|2|0
265434|2020-01-27|segunda-feira|09:50:00|PR|116.0|SAO JOSE DOS PINHAIS|Falta de Atenção à Condução|Engavetamento|Com Vítimas Feridas|Pleno dia|Sol|5|0|1|0
265435|2020-01-27|segunda-feira|07:40:00|PR|376.0|CURITIBA|Falta de Atenção à Condução|Atropelamento de Pedestre|Com Vítimas Feridas|Pleno dia|Céu Claro|2|0|1|0
265436|2020-01-27|segunda-feira|09:40:00|SC|280.0|GUARAMIRIM|Desobediência às normas de trânsito pelo condutor|Colisão lateral|Com Vítimas Feridas|Pleno dia|Sol|2|0|1|0
265437|2020-01-27|segunda-feira|10:10:00|PA|230.0|MARABA|Desobediência às normas de trânsito pelo condutor|Colisão transversal|Sem Vítimas|Pleno dia|Nublado|2|0|0|0
265438|2020-01-27|segunda-feira|10:15:00|PR|369.0|ROLANDIA|Defeito Mecânico no Veículo|Saída de leito carroçável|Com Vítimas Feridas|Pleno dia|Céu Claro|1|0|0|1
265440|2020-01-27|segunda-feira|10:10:00|CE|116.0|AQUIRAZ|Não guardar distância de segurança|Queda de ocupante de veículo|Com Vítimas Feridas|Pleno dia|Chuva|1|0|1|0
265441|2020-01-27|segunda-feira|10:15:00|CE|116.0|AQUIRAZ|Desobediência às normas de trânsito pelo condutor|Colisão traseira|Sem Vítimas|Pleno dia|Céu Claro|2|0|0|0
265442|2020-01-27|segunda-feira|10:30:00|RJ|116.0|MAGE|Mal Súbito|Tombamento|Com Vítimas Feridas|Pleno dia|Céu Claro|1|0|0|1
265444|2020-01-27|segunda-feira|06:35:00|SP|116.0|MIRACATU|Velocidade Incompatível|Tombamento|Com Vítimas Feridas|Amanhecer|Céu Claro|1|0|1|0
265445|2020-01-27|segunda-feira|10:30:00|MG|116.0|CARATINGA|Desobediência às normas de trânsito pelo condutor|Colisão transversal|Com Vítimas Feridas|Pleno dia|Céu Claro|3|0|1|1
265447|2020-01-27|segunda-feira|09:20:00|PI|316.0|TERESINA|Falta de Atenção à Condução|Colisão transversal|Sem Vítimas|Pleno dia|Céu Claro|2|0|0|0
265448|2020-01-27|segunda-feira|11:00:00|PR|376.0|SAO JOSE DOS PINHAIS|Defeito Mecânico no Veículo|Engavetamento|Sem Vítimas|Pleno dia|Céu Claro|4|0|0|0
265450|2020-01-27|segunda-feira|10:35:00|RS|116.0|VACARIA|Falta de Atenção à Condução|Colisão transversal|Sem Vítimas|Pleno dia|Céu Claro|3|0|0|0
265451|2020-01-27|segunda-feira|11:05:00|PR|369.0|CORNELIO PROCOPIO|Velocidade Incompatível|Tombamento|Com Vítimas Fatais|Pleno dia|Céu Claro|2|1|0|0
265452|2020-01-27|segunda-feira|10:18:00|TO|153.0|NOVA OLINDA|Ultrapassagem Indevida|Tombamento|Com Vítimas Feridas|Pleno dia|Chuva|12|0|2|7
265454|2020-01-27|segunda-feira|10:20:00|RS|116.0|VACARIA|Falta de Atenção à Condução|Saída de leito carroçável|Com Vítimas Feridas|Pleno dia|Nublado|1|0|1|0
265455|2020-01-27|segunda-feira|11:05:00|RS|392.0|PELOTAS|Defeito na Via|Tombamento|Com Vítimas Feridas|Pleno dia|Céu Claro|2|0|2|0
265456|2020-01-27|segunda-feira|11:35:00|SP|116.0|GUARULHOS|Não guardar distância de segurança|Colisão traseira|Com Vítimas Feridas|Pleno dia|Céu Claro|2|0|2|0
265458|2020-01-27|segunda-feira|12:00:00|GO|60.0|ACREUNA|Falta de Atenção à Condução|Colisão traseira|Sem Vítimas|Pleno dia|Céu Claro|2|0|0|0
265459|2020-01-27|segunda-feira|11:30:00|SC|282.0|AGUAS MORNAS|Falta de Atenção à Condução|Colisão frontal|Com Vítimas Feridas|Pleno dia|Céu Claro|4|0|2|1
265460|2020-01-27|segunda-feira|11:55:00|SC|282.0|PALHOCA|Falta de Atenção à Condução|Colisão transversal|Com Vítimas Feridas|Pleno dia|Céu Claro|3|0|0|1
265461|2020-01-27|segunda-feira|10:45:00|MS|262.0|DOIS IRMAOS DO BURITI|Falta de Atenção à Condução|Colisão frontal|Com Vítimas Feridas|Pleno dia|Céu Claro|2|0|0|1
265462|2020-01-27|segunda-feira|12:00:00|ES|101.0|LINHARES|Falta de Atenção à Condução|Engavetamento|Com Vítimas Feridas|Pleno dia|Céu Claro|3|0|1|0
265463|2020-01-27|segunda-feira|11:40:00|RS|153.0|BAGE|Defeito Mecânico no Veículo|Queda de ocupante de veículo|Com Vítimas Feridas|Pleno dia|Céu Claro|1|0|1|0
265464|2020-01-27|segunda-feira|11:30:00|PR|376.0|SAO JOSE DOS PINHAIS|Falta de Atenção à Condução|Colisão traseira|Sem Vítimas|Pleno dia|Sol|2|0|0|0
265465|2020-01-27|segunda-feira|12:30:00|SC|101.0|SAO JOSE|Ingestão de Álcool|Colisão traseira|Sem Vítimas|Pleno dia|Sol|3|0|0|0
265466|2020-01-27|segunda-feira|13:15:00|RS|158.0|JULIO DE CASTILHOS|Desobediência às normas de trânsito pelo condutor|Colisão transversal|Com Vítimas Feridas|Pleno dia|Sol|4|0|1|0
265467|2020-01-27|segunda-feira|10:10:00|PB|230.0|PATOS|Falta de Atenção à Condução|Colisão transversal|Sem Vítimas|Pleno dia|Céu Claro|2|0|0|0
265468|2020-01-27|segunda-feira|13:30:00|PE|232.0|CARUARU|Pista Escorregadia|Queda de ocupante de veículo|Com Vítimas Feridas|Pleno dia|Céu Claro|2|0|1|0
265469|2020-01-27|segunda-feira|11:40:00|SC|101.0|PASSO DE TORRES|Não guardar distância de segurança|Colisão traseira|Com Vítimas Feridas|Pleno dia|Céu Claro|6|0|2|0
265470|2020-01-27|segunda-feira|13:23:00|PR|277.0|CASCAVEL|Falta de Atenção à Condução|Colisão transversal|Com Vítimas Feridas|Pleno dia|Céu Claro|3|0|1|1
265472|2020-01-27|segunda-feira|12:45:00|RS|153.0|ERECHIM|Desobediência às normas de trânsito pelo condutor|Colisão transversal|Com Vítimas Feridas|Pleno dia|Céu Claro|4|0|2|0
265473|2020-01-27|segunda-feira|11:30:00|SP|116.0|SAO PAULO|Falta de Atenção à Condução|Colisão traseira|Sem Vítimas|Pleno dia|Céu Claro|2|0|0|0
265474|2020-01-27|segunda-feira|12:30:00|MT|163.0|SORRISO|Defeito Mecânico no Veículo|Tombamento|Com Vítimas Feridas|Pleno dia|Sol|2|0|2|0
265476|2020-01-27|segunda-feira|13:35:00|PR|277.0|FOZ DO IGUACU|Falta de Atenção à Condução|Colisão lateral|Com Vítimas Feridas|Pleno dia|Céu Claro|3|0|2|0
265477|2020-01-27|segunda-feira|12:50:00|CE|116.0|HORIZONTE|Condutor Dormindo|Colisão com objeto estático|Com Vítimas Feridas|Pleno dia|Céu Claro|1|0|1|0
265478|2020-01-27|segunda-feira|12:50:00|MT|163.0|RONDONOPOLIS|Desobediência às normas de trânsito pelo condutor|Colisão traseira|Com Vítimas Feridas|Pleno dia|Céu Claro|2|0|0|1
265479|2020-01-27|segunda-feira|11:00:00|RJ|101.0|ITABORAI|Defeito Mecânico no Veículo|Queda de ocupante de veículo|Com Vítimas Feridas|Pleno dia|Céu Claro|1|0|1|0
265480|2020-01-27|segunda-feira|12:15:00|RJ|101.0|TANGUA|Falta de Atenção do Pedestre|Atropelamento de Pedestre|Com Vítimas Feridas|Pleno dia|Sol|2|0|1|0
265481|2020-01-27|segunda-feira|12:55:00|GO|70.0|COCALZINHO DE GOIAS|Não guardar distância de segurança|Colisão traseira|Com Vítimas Feridas|Pleno dia|Chuva|4|0|3|0
265483|2020-01-27|segunda-feira|13:20:00|BA|101.0|CONCEICAO DO ALMEIDA|Falta de Atenção à Condução|Colisão transversal|Com Vítimas Fatais|Pleno dia|Céu Claro|6|2|1|3
265484|2020-01-27|segunda-feira|13:57:00|RJ|40.0|TRES RIOS|Condutor Dormindo|Colisão com objeto estático|Com Vítimas Feridas|Pleno dia|Céu Claro|1|0|0|1
265487|2020-01-27|segunda-feira|09:28:00|RS|392.0|RIO GRANDE|Carga excessiva e/ou mal acondicionada|Colisão com objeto estático|Sem Vítimas|Pleno dia|Céu Claro|1|0|0|0
265489|2020-01-20|segunda-feira|22:00:00|SC|470.0|RODEIO|Objeto estático sobre o leito carroçável|Colisão com objeto estático|Com Vítimas Feridas|Plena Noite|Nublado|1|0|0|1
265490|2020-01-27|segunda-feira|15:15:00|GO|20.0|FORMOSA|Falta de Atenção à Condução|Colisão frontal|Com Vítimas Feridas|Pleno dia|Chuva|2|0|0|1
265491|2020-01-27|segunda-feira|09:00:00|GO|364.0|MINEIROS|Velocidade Incompatível|Saída de leito carroçável|Sem Vítimas|Pleno dia|Sol|1|0|0|0
265492|2020-01-27|segunda-feira|15:40:00|ES|101.0|SAO MATEUS|Pista Escorregadia|Colisão frontal|Com Vítimas Feridas|Pleno dia|Chuva|2|0|0|1
265493|2020-01-27|segunda-feira|15:30:00|GO|153.0|ANAPOLIS|Velocidade Incompatível|Capotamento|Com Vítimas Feridas|Pleno dia|Chuva|2|0|1|1
265495|2020-01-27|segunda-feira|15:45:00|BA|324.0|FEIRA DE SANTANA|Pista Escorregadia|Derramamento de carga|Com Vítimas Feridas|Pleno dia|Céu Claro|3|0|1|0
265496|2020-01-27|segunda-feira|07:15:00|MT|364.0|CUIABA|Não guardar distância de segurança|Colisão transversal|Com Vítimas Feridas|Pleno dia|Céu Claro|2|0|1|0
265497|2020-01-27|segunda-feira|15:32:00|PB|230.0|CABEDELO|Desobediência às normas de trânsito pelo condutor|Colisão transversal|Com Vítimas Feridas|Pleno dia|Céu Claro|2|0|0|1
265498|2020-01-27|segunda-feira|16:30:00|PE|101.0|JABOATAO DOS GUARARAPES|Agressão Externa|Queda de ocupante de veículo|Com Vítimas Feridas|Pleno dia|Sol|1|0|0|1
265499|2020-01-27|segunda-feira|16:00:00|SC|101.0|SAO JOSE|Falta de Atenção à Condução|Colisão traseira|Com Vítimas Feridas|Pleno dia|Chuva|2|0|0|2
265500|2020-01-27|segunda-feira|15:10:00|RJ|101.0|PARATY|Ultrapassagem Indevida|Colisão lateral|Com Vítimas Feridas|Pleno dia|Sol|3|0|1|1
265501|2020-01-27|segunda-feira|15:00:00|AP|156.0|TARTARUGALZINHO|Pista Escorregadia|Saída de leito carroçável|Com Vítimas Feridas|Pleno dia|Chuva|4|0|3|1
265502|2020-01-27|segunda-feira|16:00:00|RJ|116.0|MAGE|Falta de Atenção à Condução|Colisão traseira|Sem Vítimas|Pleno dia|Céu Claro|4|0|0|0
265503|2020-01-27|segunda-feira|13:40:00|MG|116.0|ITAOBIM|Velocidade Incompatível|Saída de leito carroçável|Com Vítimas Feridas|Pleno dia|Céu Claro|1|0|1|0
265504|2020-01-27|segunda-feira|14:05:00|MG|381.0|SAO GONCALO DO RIO ABAIXO|Falta de Atenção à Condução|Colisão lateral|Com Vítimas Feridas|Pleno dia|Nublado|3|0|1|0
265505|2020-01-27|segunda-feira|13:10:00|RJ|101.0|SAO GONCALO|Mal Súbito|Colisão com objeto estático|Com Vítimas Feridas|Pleno dia|Céu Claro|1|0|1|0
265506|2020-01-27|segunda-feira|12:35:00|MG|381.0|BELO ORIENTE|Velocidade Incompatível|Colisão lateral|Com Vítimas Feridas|Pleno dia|Céu Claro|31|0|28|0
265508|2020-01-27|segunda-feira|16:45:00|RS|116.0|NOVO HAMBURGO|Pista Escorregadia|Colisão transversal|Com Vítimas Feridas|Pleno dia|Garoa/Chuvisco|2|0|1|0
265509|2020-01-27|segunda-feira|16:45:00|RS|116.0|ESTANCIA VELHA|Não guardar distância de segurança|Colisão traseira|Sem Vítimas|Pleno dia|Chuva|3|0|0|0
265511|2020-01-27|segunda-feira|14:15:00|PA|316.0|SANTA MARIA DO PARA|Falta de Atenção à Condução|Saída de leito carroçável|Com Vítimas Feridas|Pleno dia|Céu Claro|2|0|1|0
265512|2020-01-27|segunda-feira|05:10:00|PI|135.0|CORRENTE|Não guardar distância de segurança|Colisão traseira|Sem Vítimas|Pleno dia|Céu Claro|2|0|0|0
265513|2020-01-27|segunda-feira|16:50:00|RS|116.0|SAO LEOPOLDO|Não guardar distância de segurança|Colisão lateral|Com Vítimas Feridas|Pleno dia|Chuva|2|0|1|0
265514|2020-01-27|segunda-feira|16:35:00|RS|386.0|SOLEDADE|Ultrapassagem Indevida|Colisão frontal|Com Vítimas Fatais|Pleno dia|Sol|6|1|1|0
265515|2020-01-27|segunda-feira|16:45:00|RS|290.0|ALEGRETE|Ingestão de Álcool|Colisão lateral|Com Vítimas Feridas|Pleno dia|Sol|5|0|1|0
265516|2020-01-27|segunda-feira|16:40:00|SC|101.0|PESCARIA BRAVA|Falta de Atenção à Condução|Colisão com objeto estático|Com Vítimas Feridas|Pleno dia|Chuva|1|0|1|0
265517|2020-01-07|terça-feira|21:00:00|RO|319.0|PORTO VELHO|Falta de Atenção à Condução|Colisão lateral|Sem Vítimas|Plena Noite|Céu Claro|6|0|0|0
265518|2020-01-27|segunda-feira|17:25:00|PR|376.0|PONTA GROSSA|Falta de Atenção do Pedestre|Atropelamento de Pedestre|Com Vítimas Feridas|Pleno dia|Céu Claro|3|0|0|1
265520|2020-01-27|segunda-feira|14:55:00|GO|60.0|GOIANIA|Não guardar distância de segurança|Colisão traseira|Com Vítimas Feridas|Pleno dia|Nublado|3|0|2|0
265521|2020-01-27|segunda-feira|17:40:00|PR|116.0|CURITIBA|Falta de Atenção à Condução|Colisão lateral|Sem Vítimas|Pleno dia|Céu Claro|6|0|0|0
265522|2020-01-27|segunda-feira|16:30:00|RR|174.0|BOA VISTA|Desobediência às normas de trânsito pelo condutor|Colisão lateral|Com Vítimas Feridas|Pleno dia|Céu Claro|2|0|1|0
265523|2020-01-27|segunda-feira|17:26:00|SP|116.0|GUARULHOS|Falta de Atenção à Condução|Colisão traseira|Com Vítimas Feridas|Anoitecer|Sol|5|0|3|0
265524|2020-01-27|segunda-feira|17:40:00|RJ|116.0|RESENDE|Defeito Mecânico no Veículo|Colisão traseira|Sem Vítimas|Pleno dia|Nublado|3|0|0|0
265525|2020-01-27|segunda-feira|15:20:00|RO|364.0|JARU|Não guardar distância de segurança|Colisão traseira|Com Vítimas Feridas|Pleno dia|Céu Claro|3|0|1|0
265526|2020-01-27|segunda-feira|18:05:00|SC|101.0|ITAJAI|Falta de Atenção à Condução|Colisão traseira|Com Vítimas Feridas|Pleno dia|Céu Claro|2|0|1|0
265527|2020-01-26|domingo|16:10:00|RJ|393.0|VASSOURAS|Desobediência às normas de trânsito pelo condutor|Colisão lateral|Sem Vítimas|Pleno dia|Céu Claro|4|0|0|0
265528|2020-01-27|segunda-feira|16:35:00|AC|364.0|RIO BRANCO|Falta de Atenção à Condução|Colisão traseira|Sem Vítimas|Pleno dia|Céu Claro|2|0|0|0
265529|2020-01-27|segunda-feira|18:00:00|PR|272.0|TERRA ROXA|Falta de Atenção à Condução|Tombamento|Com Vítimas Feridas|Pleno dia|Céu Claro|2|0|1|0
265530|2020-01-27|segunda-feira|18:20:00|SP|153.0|SAO JOSE DO RIO PRETO|Defeito Mecânico no Veículo|Tombamento|Com Vítimas Feridas|Anoitecer|Céu Claro|2|0|2|0
265531|2020-01-27|segunda-feira|18:15:00|PR|376.0|JANDAIA DO SUL|Desobediência às normas de trânsito pelo condutor|Colisão transversal|Com Vítimas Feridas|Anoitecer|Céu Claro|2|0|1|0
265532|2020-01-27|segunda-feira|19:00:00|RN|304.0|MACAIBA|Animais na Pista|Atropelamento de Animal|Com Vítimas Feridas|Pleno dia|Céu Claro|1|0|1|0
265533|2020-01-27|segunda-feira|19:00:00|CE|116.0|EUSEBIO|Desobediência às normas de trânsito pelo condutor|Colisão transversal|Com Vítimas Feridas|Plena Noite|Céu Claro|2|0|1|0
265534|2020-01-27|segunda-feira|18:30:00|MG|50.0|UBERLANDIA|Defeito na Via|Tombamento|Com Vítimas Feridas|Plena Noite|Céu Claro|1|0|1|0
265535|2020-01-27|segunda-feira|19:15:00|RS|116.0|CAXIAS DO SUL|Pista Escorregadia|Tombamento|Com Vítimas Feridas|Anoitecer|Céu Claro|1|0|1|0
265536|2020-01-27|segunda-feira|19:05:00|GO|452.0|ITUMBIARA|Desobediência às normas de trânsito pelo pedestre|Atropelamento de Pedestre|Com Vítimas Fatais|Anoitecer|Nublado|2|1|0|0
265538|2020-01-27|segunda-feira|15:20:00|SC|470.0|POUSO REDONDO|Velocidade Incompatível|Colisão lateral|Com Vítimas Feridas|Pleno dia|Sol|2|0|1|1
265539|2020-01-27|segunda-feira|18:30:00|PE|101.0|JABOATAO DOS GUARARAPES|Velocidade Incompatível|Colisão com objeto estático|Com Vítimas Fatais|Plena Noite|Nublado|1|1|0|0
265540|2020-01-27|segunda-feira|19:55:00|RN|101.0|PARNAMIRIM|Falta de Atenção à Condução|Colisão traseira|Com Vítimas Feridas|Plena Noite|Céu Claro|4|0|2|0
265541|2020-01-27|segunda-feira|20:20:00|PR|376.0|ORTIGUEIRA|Falta de Atenção à Condução|Tombamento|Com Vítimas Feridas|Plena Noite|Céu Claro|2|0|2|0
265542|2020-01-27|segunda-feira|17:00:00|RS|153.0|BAGE|Mal Súbito|Saída de leito carroçável|Com Vítimas Feridas|Pleno dia|Céu Claro|1|0|1|0
265543|2020-01-27|segunda-feira|20:00:00|PA|10.0|ULIANOPOLIS|Deficiência ou não Acionamento do Sistema de Iluminação/Sinalização do Veículo|Colisão traseira|Com Vítimas Feridas|Plena Noite|Nublado|4|0|1|0
265545|2020-01-18|sábado|14:25:00|MS|463.0|PONTA PORA|Falta de Atenção à Condução|Saída de leito carroçável|Com Vítimas Feridas|Pleno dia|Céu Claro|2|0|2|0
265546|2020-01-27|segunda-feira|19:20:00|RO|364.0|JI-PARANA|Ultrapassagem Indevida|Colisão lateral|Com Vítimas Feridas|Plena Noite|Nublado|6|0|1|0
265547|2020-01-27|segunda-feira|20:40:00|RJ|101.0|ITAGUAI|Desobediência às normas de trânsito pelo condutor|Colisão transversal|Com Vítimas Feridas|Plena Noite|Céu Claro|2|0|1|0
265548|2020-01-27|segunda-feira|21:00:00|BA|116.0|FEIRA DE SANTANA|Pista Escorregadia|Tombamento|Com Vítimas Feridas|Plena Noite|Céu Claro|2|0|2|0
265549|2020-01-27|segunda-feira|20:00:00|ES|101.0|CARIACICA|Falta de Atenção à Condução|Colisão traseira|Com Vítimas Feridas|Plena Noite|Chuva|2|0|1|0
265550|2020-01-27|segunda-feira|18:20:00|PR|373.0|PONTA GROSSA|Falta de Atenção à Condução|Colisão com objeto estático|Sem Vítimas|Anoitecer|Céu Claro|1|0|0|0
265551|2020-01-27|segunda-feira|20:50:00|SC|280.0|JARAGUA DO SUL|Deficiência ou não Acionamento do Sistema de Iluminação/Sinalização do Veículo|Colisão transversal|Com Vítimas Feridas|Plena Noite|Nublado|2|0|0|1
265553|2020-01-27|segunda-feira|20:55:00|ES|101.0|CARIACICA|Defeito Mecânico no Veículo|Tombamento|Com Vítimas Feridas|Plena Noite|Chuva|2|0|2|0
265554|2020-01-27|segunda-feira|21:15:00|PR|277.0|PALMEIRA|Falta de Atenção à Condução|Saída de leito carroçável|Com Vítimas Feridas|Plena Noite|Céu Claro|2|0|1|0
265556|2020-01-27|segunda-feira|22:00:00|MG|365.0|UBERLANDIA|Falta de Atenção à Condução|Capotamento|Com Vítimas Feridas|Plena Noite|Vento|1|0|0|1
265557|2020-01-27|segunda-feira|19:45:00|BA|116.0|POCOES|Ultrapassagem Indevida|Colisão frontal|Com Vítimas Feridas|Plena Noite|Nublado|6|0|2|3
265558|2020-01-27|segunda-feira|19:25:00|BA|324.0|SALVADOR|Falta de Atenção à Condução|Colisão transversal|Com Vítimas Feridas|Plena Noite|Céu Claro|2|0|1|0
265559|2020-01-27|segunda-feira|22:25:00|PB|230.0|SANTA RITA|Ingestão de Álcool|Queda de ocupante de veículo|Com Vítimas Feridas|Plena Noite|Céu Claro|1|0|1|0
265561|2020-01-27|segunda-feira|20:50:00|RJ|493.0|SEROPEDICA|Falta de Atenção à Condução|Saída de leito carroçável|Com Vítimas Feridas|Plena Noite|Nublado|2|0|0|1
265562|2020-01-27|segunda-feira|20:30:00|RS|285.0|SAO BORJA|Animais na Pista|Atropelamento de Animal|Com Vítimas Feridas|Plena Noite|Céu Claro|1|0|1|0
265563|2020-01-27|segunda-feira|22:50:00|SP|116.0|ARUJA|Falta de Atenção à Condução|Colisão traseira|Com Vítimas Feridas|Plena Noite|Céu Claro|2|0|0|1
265564|2020-01-27|segunda-feira|20:50:00|SP||GALIA|Animais na Pista|Atropelamento de Animal|Sem Vítimas|Plena Noite|Nublado|2|0|0|0
265565|2020-01-27|segunda-feira|22:00:00|MS|163.0|CAMPO GRANDE|Falta de Atenção à Condução|Colisão traseira|Com Vítimas Feridas|Plena Noite|Nublado|3|0|0|1
265566|2020-01-27|segunda-feira|23:25:00|SP|381.0|GUARULHOS|Velocidade Incompatível|Capotamento|Com Vítimas Feridas|Plena Noite|Céu Claro|1|0|1|0
265567|2020-01-27|segunda-feira|22:30:00|RS|290.0|ARROIO DOS RATOS|Desobediência às normas de trânsito pelo condutor|Colisão traseira|Com Vítimas Feridas|Plena Noite|Céu Claro|5|0|1|0
265568|2020-01-27|segunda-feira|23:55:00|DF|70.0|BRASILIA|Falta de Atenção do Pedestre|Atropelamento de Pedestre|Com Vítimas Feridas|Plena Noite|Céu Claro|3|0|1|0
265569|2020-01-27|segunda-feira|22:12:00|RJ|101.0|RIO DE JANEIRO|Falta de Atenção à Condução|Engavetamento|Com Vítimas Feridas|Plena Noite|Céu Claro|4|0|0|1
265570|2020-01-27|segunda-feira|22:35:00|RO|364.0|PIMENTA BUENO|Ingestão de álcool e/ou substâncias psicoativas pelo pedestre|Queda de ocupante de veículo|Com Vítimas Feridas|Plena Noite|Nublado|1|0|1|0
265571|2020-01-27|segunda-feira|20:10:00|RO|364.0|JARU|Falta de Atenção à Condução|Colisão traseira|Sem Vítimas|Plena Noite|Céu Claro|2|0|0|0
265572|2020-01-28|terça-feira|00:00:00|MS|163.0|NAVIRAI|Defeito Mecânico no Veículo|Tombamento|Com Vítimas Feridas|Plena Noite|Céu Claro|1|0|1|0
265573|2020-01-28|terça-feira|00:20:00|BA|324.0|CAPIM GROSSO|Velocidade Incompatível|Colisão traseira|Com Vítimas Feridas|Plena Noite|Nublado|2|0|0|1
265574|2020-01-28|terça-feira|01:50:00|PR|476.0|CONTENDA|Desobediência às normas de trânsito pelo pedestre|Atropelamento de Pedestre|Com Vítimas Fatais|Plena Noite|Céu Claro|5|1|0|0
265575|2020-01-28|terça-feira|02:15:00|MT|70.0|CUIABA|Falta de Atenção à Condução|Saída de leito carroçável|Com Vítimas Fatais|Plena Noite|Céu Claro|1|1|0|0