id|data_inversa|dia_semana|horario|uf|br|municipio|causa_acidente|tipo_acidente|classificacao_acidente|fase_dia|condicao_metereologica|pessoas|mortos|feridos_leves|feridos_graves
265576|2020-01-28|terça-feira|02:40:00|SC|101.0|ICARA|Condutor Dormindo|Saída de leito carroçável|Com Vítimas Feridas|Plena Noite|Chuva|1|0|1|0
265577|2020-01-27|segunda-feira|14:45:00|SC|101.0|ICARA|Pista Escorregadia|Capotamento|Com Vítimas Feridas|Pleno dia|Chuva|3|0|1|1
265578|2020-01-28|terça-feira|03:30:00|MS|163.0|RIO VERDE DE MATO GROSSO|Desobediência às normas de trânsito pelo condutor|Colisão frontal|Com Vítimas Fatais|Plena Noite|Céu Claro|3|1|1|1
265579|2020-01-28|terça-feira|00:20:00|BA|324.0|SAO SEBASTIAO DO PASSE|Falta de Atenção à Condução|Saída de leito carroçável|Com Vítimas Feridas|Plena Noite|Céu Claro|2|0|2|0
265580|2020-01-28|terça-feira|05:00:00|BA|242.0|BARREIRAS|Condutor Dormindo|Saída de leito carroçável|Com Vítimas Feridas|Amanhecer|Chuva|4|0|1|0
265581|2020-01-28|terça-feira|04:25:00|PR|373.0|IMBITUVA|Condutor Dormindo|Colisão lateral|Com Vítimas Fatais|Amanhecer|Céu Claro|24|1|1|1
265582|2020-01-28|terça-feira|04:54:00|SP|116.0|GUARULHOS|Falta de Atenção à Condução|Colisão com objeto estático|Com Vítimas Feridas|Amanhecer|Céu Claro|1|0|1|0
265583|2020-01-28|terça-feira|06:05:00|SC|101.0|PALHOCA|Falta de Atenção à Condução|Engavetamento|Com Vítimas Feridas|Amanhecer|Céu Claro|3|0|1|0
265584|2020-01-28|terça-feira|03:30:00|MS|60.0|PARAISO DAS AGUAS|Condutor Dormindo|Saída de leito carroçável|Com Vítimas Fatais|Plena Noite|Ignorado|3|1|0|2
265585|2020-01-28|terça-feira|05:00:00|PB|230.0|JUAZEIRINHO|Ingestão de Álcool|Saída de leito carroçável|Com Vítimas Feridas|Amanhecer|Sol|1|0|0|1
265586|2020-01-28|terça-feira|06:00:00|BA|116.0|JEQUIE|Avarias e/ou desgaste excessivo no pneu|Colisão frontal|Com Vítimas Feridas|Amanhecer|Céu Claro|2|0|1|0
265587|2020-01-28|terça-feira|07:10:00|MS|267.0|NOVA ANDRADINA|Condutor Dormindo|Saída de leito carroçável|Com Vítimas Feridas|Amanhecer|Céu Claro|3|0|2|0
265588|2020-01-28|terça-feira|06:30:00|MS|163.0|CAMPO GRANDE|Falta de Atenção à Condução|Colisão transversal|Com Vítimas Feridas|Pleno dia|Céu Claro|2|0|0|1
265589|2020-01-28|terça-feira|07:30:00|MG|40.0|CONGONHAS|Desobediência às normas de trânsito pelo condutor|Colisão frontal|Com Vítimas Fatais|Pleno dia|Céu Claro|3|1|1|1
265591|2020-01-28|terça-feira|07:05:00|SC|470.0|BLUMENAU|Falta de Atenção à Condução|Queda de ocupante de veículo|Com Vítimas Feridas|Pleno dia|Nublado|1|0|1|0
265592|2020-01-28|terça-feira|07:20:00|SP|116.0|GUARULHOS|Falta de Atenção à Condução|Colisão lateral|Com Vítimas Feridas|Pleno dia|Céu Claro|2|0|1|0
265594|2020-01-28|terça-feira|07:30:00|PR|277.0|SAO JOSE DOS PINHAIS|Falta de Atenção à Condução|Colisão traseira|Com Vítimas Feridas|Pleno dia|Céu Claro|2|0|1|1
265595|2020-01-28|terça-feira|07:30:00|SP|101.0|UBATUBA|Falta de Atenção à Condução|Colisão lateral|Com Vítimas Feridas|Pleno dia|Sol|2|0|1|0
265596|2020-01-28|terça-feira|07:45:00|RN|304.0|MACAIBA|Falta de Atenção à Condução|Colisão transversal|Sem Vítimas|Pleno dia|Céu Claro|2|0|0|0
265597|2020-01-28|terça-feira|07:35:00|MG|262.0|MATIPO|Desobediência às normas de trânsito pelo condutor|Colisão frontal|Com Vítimas Feridas|Pleno dia|Céu Claro|7|0|6|0
265598|2020-01-28|terça-feira|07:58:00|PR|476.0|CURITIBA|Falta de Atenção do Pedestre|Atropelamento de Pedestre|Com Vítimas Feridas|Pleno dia|Céu Claro|4|0|2|0
265600|2020-01-27|segunda-feira|16:20:00|BA|101.0|RIO REAL|Defeito na Via|Saída de leito carroçável|Com Vítimas Feridas|Pleno dia|Céu Claro|3|0|3|0
265601|2020-01-28|terça-feira|07:30:00|SP|116.0|SAO JOSE DOS CAMPOS|Não guardar distância de segurança|Colisão traseira|Com Vítimas Feridas|Pleno dia|Céu Claro|3|0|2|0
265602|2020-01-27|segunda-feira|23:15:00|BA|101.0|ARATACA|Velocidade Incompatível|Tombamento|Com Vítimas Fatais|Plena Noite|Nublado|1|1|0|0
265604|2020-01-28|terça-feira|08:25:00|SE|235.0|NOSSA SENHORA DO SOCORRO|Não guardar distância de segurança|Colisão traseira|Com Vítimas Feridas|Pleno dia|Nublado|3|0|1|0
265605|2020-01-28|terça-feira|07:30:00|RO|174.0|VILHENA|Desobediência às normas de trânsito pelo condutor|Colisão traseira|Com Vítimas Feridas|Pleno dia|Céu Claro|3|0|1|0
265606|2020-01-28|terça-feira|06:50:00|RO|319.0|PORTO VELHO|Desobediência às normas de trânsito pelo condutor|Colisão transversal|Com Vítimas Feridas|Pleno dia|Garoa/Chuvisco|2|0|0|1
265607|2020-01-28|terça-feira|09:00:00|PE|232.0|JABOATAO DOS GUARARAPES|Falta de Atenção à Condução|Colisão lateral|Com Vítimas Feridas|Pleno dia|Céu Claro|2|0|1|0
265608|2020-01-28|terça-feira|08:20:00|PI|316.0|TERESINA|Falta de Atenção do Pedestre|Colisão traseira|Com Vítimas Feridas|Pleno dia|Sol|4|0|1|0
265609|2020-01-28|terça-feira|09:00:00|BA|101.0|GOVERNADOR MANGABEIRA|Falta de Atenção à Condução|Colisão traseira|Com Vítimas Feridas|Pleno dia|Céu Claro|8|0|3|0
265610|2020-01-28|terça-feira|08:10:00|RN|304.0|MACAIBA|Não guardar distância de segurança|Colisão traseira|Com Vítimas Feridas|Pleno dia|Céu Claro|4|0|1|0
265611|2020-01-28|terça-feira|09:10:00|CE|222.0|CAUCAIA|Falta de Atenção à Condução|Atropelamento de Pedestre|Com Vítimas Feridas|Pleno dia|Céu Claro|3|0|2|0
265613|2020-01-28|terça-feira|07:00:00|RS|116.0|GUAIBA|Condutor Dormindo|Colisão com objeto estático|Com Vítimas Feridas|Pleno dia|Céu Claro|1|0|1|0
265614|2020-01-28|terça-feira|08:15:00|SP|153.0|SAO JOSE DO RIO PRETO|Não guardar distância de segurança|Colisão traseira|Sem Vítimas|Pleno dia|Céu Claro|2|0|0|0
265615|2020-01-28|terça-feira|09:10:00|GO|50.0|CATALAO|Condutor Dormindo|Colisão traseira|Com Vítimas Feridas|Pleno dia|Nublado|2|0|1|0
265617|2020-01-28|terça-feira|08:35:00|RS|285.0|SAO BORJA|Falta de Atenção à Condução|Colisão transversal|Com Vítimas Feridas|Pleno dia|Sol|1|0|1|0
265618|2020-01-22|quarta-feira|13:05:00|SC|282.0|JOACABA|Falta de Atenção à Condução|Colisão frontal|Com Vítimas Feridas|Pleno dia|Chuva|6|0|3|0
265619|2020-01-28|terça-feira|08:50:00|MA|135.0|SAO LUIS|Desobediência às normas de trânsito pelo condutor|Colisão transversal|Com Vítimas Feridas|Pleno dia|Céu Claro|2|0|0|1
265620|2020-01-28|terça-feira|07:00:00|SC|470.0|NAVEGANTES|Falta de Atenção à Condução|Queda de ocupante de veículo|Com Vítimas Feridas|Pleno dia|Céu Claro|2|0|1|0
265622|2020-01-28|terça-feira|09:20:00|PR|376.0|APUCARANA|Mal Súbito|Colisão com objeto estático|Com Vítimas Feridas|Pleno dia|Céu Claro|1|0|1|0
265623|2020-01-28|terça-feira|09:00:00|RJ|101.0|NITEROI|Falta de Atenção à Condução|Colisão lateral|Com Vítimas Feridas|Pleno dia|Céu Claro|2|0|1|0
265624|2020-01-28|terça-feira|09:40:00|SC|101.0|JOINVILLE|Falta de Atenção à Condução|Colisão lateral|Sem Vítimas|Pleno dia|Nublado|2|0|0|0
265625|2020-01-28|terça-feira|07:25:00|BA|116.0|JEQUIE|Condutor Dormindo|Saída de leito carroçável|Com Vítimas Feridas|Pleno dia|Céu Claro|3|0|2|0
265626|2020-01-28|terça-feira|08:10:00|SC|282.0|IRACEMINHA|Falta de Atenção à Condução|Colisão com objeto estático|Com Vítimas Feridas|Pleno dia|Céu Claro|3|0|3|0
265627|2020-01-28|terça-feira|11:00:00|SP|381.0|ATIBAIA|Defeito Mecânico no Veículo|Queda de ocupante de veículo|Com Vítimas Feridas|Pleno dia|Céu Claro|1|0|1|0
265628|2020-01-28|terça-feira|09:00:00|BA|116.0|IRAJUBA|Falta de Atenção à Condução|Saída de leito carroçável|Sem Vítimas|Pleno dia|Céu Claro|1|0|0|0
265629|2020-01-28|terça-feira|07:15:00|MG|153.0|CENTRALINA|Agressão Externa|Tombamento|Com Vítimas Feridas|Pleno dia|Céu Claro|1|0|1|0
265630|2020-01-28|terça-feira|08:45:00|MA|402.0|ROSARIO|Desobediência às normas de trânsito pelo condutor|Colisão transversal|Com Vítimas Feridas|Pleno dia|Céu Claro|2|0|0|1
265633|2020-01-28|terça-feira|09:15:00|MG|50.0|UBERLANDIA|Desobediência às normas de trânsito pelo condutor|Colisão transversal|Com Vítimas Feridas|Pleno dia|Nublado|2|0|1|0
265634|2020-01-28|terça-feira|11:00:00|SC|101.0|SAO JOSE|Mal Súbito|Colisão com objeto estático|Com Vítimas Feridas|Pleno dia|Céu Claro|3|0|1|0
265635|2020-01-28|terça-feira|11:20:00|ES|101.0|ARACRUZ|Falta de Atenção à Condução|Colisão traseira|Com Vítimas Feridas|Pleno dia|Céu Claro|4|0|2|0
265636|2020-01-28|terça-feira|11:25:00|PE|232.0|SERRA TALHADA|Falta de Atenção à Condução|Colisão transversal|Com Vítimas Feridas|Pleno dia|Céu Claro|3|0|3|0
265638|2020-01-28|terça-feira|11:30:00|SP|116.0|GUARULHOS|Falta de Atenção à Condução|Colisão traseira|Com Vítimas Feridas|Pleno dia|Nublado|4|0|1|0
265639|2020-01-28|terça-feira|08:40:00|RJ|393.0|BARRA DO PIRAI|Velocidade Incompatível|Tombamento|Com Vítimas Feridas|Pleno dia|Céu Claro|1|0|1|0
265640|2020-01-28|terça-feira|11:50:00|RJ|116.0|GUAPIMIRIM|Condutor Dormindo|Tombamento|Com Vítimas Feridas|Pleno dia|Sol|2|0|0|2
265641|2020-01-28|terça-feira|10:30:00|MS|267.0|GUIA LOPES DA LAGUNA|Desobediência às normas de trânsito pelo condutor|Colisão frontal|Com Vítimas Feridas|Pleno dia|Céu Claro|4|0|0|1
265642|2020-01-28|terça-feira|11:50:00|SC|101.0|BIGUACU|Não guardar distância de segurança|Colisão lateral|Com Vítimas Feridas|Pleno dia|Sol|2|0|1|0
265643|2020-01-28|terça-feira|11:30:00|RN|101.0|NATAL|Falta de Atenção à Condução|Colisão lateral|Sem Vítimas|Pleno dia|Céu Claro|1|0|0|0
265644|2020-01-28|terça-feira|11:00:00|RJ|101.0|ANGRA DOS REIS|Falta de Atenção à Condução|Colisão traseira|Com Vítimas Feridas|Pleno dia|Céu Claro|3|0|2|0
265645|2020-01-21|terça-feira|13:30:00|BA|407.0|SENHOR DO BONFIM|Desobediência às normas de trânsito pelo condutor|Colisão lateral|Com Vítimas Feridas|Pleno dia|Céu Claro|3|0|1|0
265646|2020-01-28|terça-feira|11:30:00|SC|282.0|FLORIANOPOLIS|Desobediência às normas de trânsito pelo condutor|Colisão transversal|Com Vítimas Feridas|Pleno dia|Nublado|2|0|1|0
265647|2020-01-28|terça-feira|10:15:00|MS|262.0|RIBAS DO RIO PARDO|Mal Súbito|Saída de leito carroçável|Com Vítimas Feridas|Pleno dia|Sol|1|0|1|0
265648|2020-01-28|terça-feira|08:00:00|RN|101.0|SAO GONCALO DO AMARANTE|Falta de Atenção à Condução|Engavetamento|Sem Vítimas|Pleno dia|Céu Claro|3|0|0|0
265649|2020-01-28|terça-feira|12:50:00|PR|476.0|ARAUCARIA|Desobediência às normas de trânsito pelo condutor|Colisão transversal|Com Vítimas Feridas|Pleno dia|Céu Claro|2|0|0|1
265650|2020-01-28|terça-feira|11:50:00|PR|376.0|CURITIBA|Não guardar distância de segurança|Colisão traseira|Com Vítimas Feridas|Pleno dia|Nublado|3|0|1|0
265651|2020-01-28|terça-feira|13:10:00|GO|40.0|LUZIANIA|Defeito Mecânico no Veículo|Tombamento|Com Vítimas Feridas|Pleno dia|Céu Claro|2|0|2|0
265652|2020-01-28|terça-feira|12:20:00|BA|367.0|EUNAPOLIS|Falta de Atenção à Condução|Colisão traseira|Com Vítimas Feridas|Pleno dia|Céu Claro|2|0|1|0
265653|2020-01-28|terça-feira|11:45:00|SC|282.0|LAGES|Mal Súbito|Colisão lateral|Com Vítimas Feridas|Pleno dia|Céu Claro|4|0|3|0
265654|2020-01-28|terça-feira|12:40:00|SC|470.0|INDAIAL|Velocidade Incompatível|Colisão lateral|Sem Vítimas|Pleno dia|Nublado|2|0|0|0
265655|2020-01-28|terça-feira|13:55:00|PB|230.0|CAMPINA GRANDE|Desobediência às normas de trânsito pelo condutor|Tombamento|Com Vítimas Feridas|Pleno dia|Sol|2|0|1|0
265657|2020-01-28|terça-feira|13:45:00|BA|110.0|RIBEIRA DO POMBAL|Falta de Atenção à Condução|Saída de leito carroçável|Com Vítimas Feridas|Pleno dia|Céu Claro|5|0|4|0
265658|2020-01-28|terça-feira|13:30:00|RS|153.0|ERECHIM|Falta de Atenção do Pedestre|Atropelamento de Pedestre|Com Vítimas Feridas|Pleno dia|Céu Claro|3|0|3|0
265659|2020-01-28|terça-feira|10:05:00|AC|364.0|BUJARI|Defeito na Via|Tombamento|Com Vítimas Feridas|Pleno dia|Garoa/Chuvisco|1|0|1|0
265660|2020-01-28|terça-feira|14:10:00|ES|101.0|SERRA|Defeito na Via|Tombamento|Com Vítimas Feridas|Pleno dia|Céu Claro|1|0|1|0
265661|2020-01-28|terça-feira|14:15:00|MG|40.0|SETE LAGOAS|Pista Escorregadia|Saída de leito carroçável|Com Vítimas Feridas|Pleno dia|Chuva|2|0|2|0
265663|2020-01-28|terça-feira|08:07:00|RN|304.0|MACAIBA|Pista Escorregadia|Colisão traseira|Sem Vítimas|Pleno dia|Céu Claro|3|0|0|0
265667|2020-01-04|sábado|07:40:00|PR|116.0|CAMPINA GRANDE DO SUL|Pista Escorregadia|Capotamento|Com Vítimas Feridas|Pleno dia|Chuva|1|0|1|0
265668|2020-01-28|terça-feira|14:41:00|GO|40.0|VALPARAISO DE GOIAS|Falta de Atenção à Condução|Colisão transversal|Com Vítimas Feridas|Pleno dia|Céu Claro|2|0|1|0
265669|2020-01-28|terça-feira|14:00:00|SP|116.0|GUARULHOS|Falta de Atenção à Condução|Colisão lateral|Com Vítimas Feridas|Pleno dia|Céu Claro|2|0|1|0
265670|2020-01-28|terça-feira|14:50:00|RJ|116.0|NOVA IGUACU|Desobediência às normas de trânsito pelo condutor|Capotamento|Com Vítimas Feridas|Pleno dia|Céu Claro|1|0|1|0
265671|2020-01-28|terça-feira|14:50:00|MG|459.0|CALDAS|Condutor Dormindo|Colisão com objeto estático|Com Vítimas Feridas|Pleno dia|Chuva|6|0|1|0
265672|2020-01-28|terça-feira|14:45:00|MG|50.0|UBERLANDIA|Falta de Atenção à Condução|Colisão traseira|Com Vítimas Fatais|Pleno dia|Nublado|2|1|0|0
265674|2020-01-28|terça-feira|14:05:00|MG|40.0|BELO HORIZONTE|Falta de Atenção à Condução|Colisão traseira|Com Vítimas Feridas|Pleno dia|Céu Claro|2|0|1|0
265675|2020-01-28|terça-feira|15:10:00|PR|467.0|CASCAVEL|Velocidade Incompatível|Saída de leito carroçável|Com Vítimas Feridas|Pleno dia|Chuva|1|0|0|1
265676|2020-01-28|terça-feira|09:50:00|MG|381.0|CONTAGEM|Falta de Atenção à Condução|Colisão traseira|Com Vítimas Feridas|Pleno dia|Céu Claro|2|0|1|0
265677|2020-01-28|terça-feira|14:25:00|GO|60.0|RIO VERDE|Falta de Atenção à Condução|Colisão traseira|Com Vítimas Feridas|Pleno dia|Céu Claro|2|0|1|0
265678|2020-01-28|terça-feira|15:30:00|MG|153.0|FRONTEIRA|Falta de Atenção à Condução|Colisão transversal|Com Vítimas Feridas|Pleno dia|Céu Claro|3|0|2|0
265679|2020-01-28|terça-feira|14:30:00|MT|163.0|NOVA MUTUM|Falta de Atenção à Condução|Saída de leito carroçável|Com Vítimas Feridas|Pleno dia|Céu Claro|1|0|1|0
265680|2020-01-28|terça-feira|12:20:00|SC|116.0|CAPAO ALTO|Defeito Mecânico no Veículo|Tombamento|Com Vítimas Fatais|Pleno dia|Nublado|1|1|0|0
265681|2020-01-28|terça-feira|15:20:00|RJ|493.0|ITABORAI|Falta de Atenção à Condução|Colisão traseira|Com Vítimas Feridas|Pleno dia|Céu Claro|3|0|2|0
265682|2020-01-28|terça-feira|15:20:00|SP|116.0|GUARULHOS|Defeito Mecânico no Veículo|Colisão com objeto estático|Com Vítimas Feridas|Pleno dia|Céu Claro|3|0|1|0
265684|2020-01-28|terça-feira|15:20:00|RS|116.0|CANOAS|Falta de Atenção à Condução|Colisão lateral|Com Vítimas Feridas|Pleno dia|Céu Claro|2|0|1|0
265686|2020-01-28|terça-feira|06:40:00|AM|319.0|HUMAITA|Falta de Atenção à Condução|Saída de leito carroçável|Com Vítimas Feridas|Amanhecer|Céu Claro|3|0|2|1
265687|2020-01-28|terça-feira|15:20:00|GO|153.0|HIDROLINA|Ultrapassagem Indevida|Capotamento|Com Vítimas Feridas|Pleno dia|Céu Claro|1|0|1|0
265688|2020-01-28|terça-feira|16:45:00|CE|116.0|ITAITINGA|Desobediência às normas de trânsito pelo condutor|Colisão traseira|Com Vítimas Feridas|Pleno dia|Céu Claro|3|0|2|0
265689|2020-01-16|quinta-feira|16:55:00|RO|364.0|JI-PARANA|Desobediência às normas de trânsito pelo condutor|Colisão transversal|Com Vítimas Feridas|Pleno dia|Céu Claro|2|0|1|0
265690|2020-01-28|terça-feira|13:30:00|CE|222.0|SOBRAL|Ultrapassagem Indevida|Capotamento|Com Vítimas Feridas|Pleno dia|Nublado|1|0|0|1
265691|2020-01-28|terça-feira|15:40:00|SP|381.0|ATIBAIA|Não guardar distância de segurança|Colisão traseira|Com Vítimas Feridas|Pleno dia|Céu Claro|3|0|1|0
265692|2020-01-28|terça-feira|16:30:00|SP|116.0|GUARULHOS|Não guardar distância de segurança|Colisão lateral|Com Vítimas Feridas|Pleno dia|Nublado|2|0|1|0
265693|2020-01-28|terça-feira|17:15:00|PR|277.0|CASCAVEL|Desobediência às normas de trânsito pelo condutor|Colisão transversal|Com Vítimas Feridas|Pleno dia|Garoa/Chuvisco|3|0|2|0
265694|2020-01-28|terça-feira|17:15:00|PI|343.0|JERUMENHA|Defeito na Via|Saída de leito carroçável|Com Vítimas Feridas|Pleno dia|Céu Claro|5|0|4|0
265695|2020-01-28|terça-feira|16:30:00|PE|407.0|PETROLINA|Falta de Atenção à Condução|Colisão traseira|Sem Vítimas|Pleno dia|Céu Claro|3|0|0|0
265696|2020-01-28|terça-feira|17:10:00|PR|277.0|CURITIBA|Velocidade Incompatível|Colisão com objeto estático|Sem Vítimas|Pleno dia|Nublado|1|0|0|0
265698|2020-01-28|terça-feira|14:20:00|RO|364.0|JARU|Não guardar distância de segurança|Colisão traseira|Com Vítimas Feridas|Pleno dia|Céu Claro|2|0|1|0
265699|2020-01-28|terça-feira|17:30:00|PR|476.0|CURITIBA|Falta de Atenção à Condução|Colisão lateral|Com Vítimas Feridas|Pleno dia|Nublado|2|0|1|0
265700|2020-01-16|quinta-feira|12:30:00|MG|381.0|NEPOMUCENO|Velocidade Incompatível|Capotamento|Com Vítimas Feridas|Pleno dia|Sol|2|0|2|0
265701|2020-01-28|terça-feira|18:15:00|MG|40.0|JUIZ DE FORA|Pista Escorregadia|Tombamento|Com Vítimas Feridas|Anoitecer|Chuva|2|0|1|0
265702|2020-01-28|terça-feira|18:20:00|GO|153.0|APARECIDA DE GOIANIA|Não guardar distância de segurança|Colisão traseira|Com Vítimas Feridas|Anoitecer|Céu Claro|3|0|1|1
265704|2020-01-28|terça-feira|12:30:00|BA|367.0|PORTO SEGURO|Desobediência às normas de trânsito pelo condutor|Colisão transversal|Com Vítimas Feridas|Pleno dia|Nublado|3|0|1|0
265705|2020-01-28|terça-feira|16:15:00|PA|155.0|MARABA|Não guardar distância de segurança|Colisão traseira|Com Vítimas Feridas|Pleno dia|Céu Claro|3|0|2|0
265706|2020-01-28|terça-feira|16:00:00|MT|70.0|CUIABA|Desobediência às normas de trânsito pelo condutor|Colisão frontal|Com Vítimas Feridas|Pleno dia|Céu Claro|6|0|3|0
265707|2020-01-28|terça-feira|18:40:00|SP|381.0|SAO PAULO|Falta de Atenção à Condução|Capotamento|Com Vítimas Feridas|Anoitecer|Chuva|2|0|1|0
265708|2020-01-28|terça-feira|17:00:00|AL|316.0|SATUBA|Falta de Atenção à Condução|Colisão transversal|Sem Vítimas|Anoitecer|Céu Claro|2|0|0|0
265709|2020-01-28|terça-feira|17:50:00|MS|163.0|NAVIRAI|Avarias e/ou desgaste excessivo no pneu|Tombamento|Com Vítimas Feridas|Anoitecer|Nublado|1|0|1|0
265710|2020-01-28|terça-feira|15:00:00|BA|324.0|FEIRA DE SANTANA|Falta de Atenção à Condução|Queda de ocupante de veículo|Com Vítimas Feridas|Pleno dia|Sol|2|0|1|0
265711|2020-01-28|terça-feira|16:05:00|RS|116.0|CAXIAS DO SUL|Ultrapassagem Indevida|Tombamento|Com Vítimas Feridas|Pleno dia|Céu Claro|4|0|1|0
265713|2020-01-28|terça-feira|16:00:00|MG|381.0|SAO GONCALO DO RIO ABAIXO|Velocidade Incompatível|Tombamento|Com Vítimas Feridas|Pleno dia|Céu Claro|1|0|0|1
265714|2020-01-28|terça-feira|18:19:00|PI|343.0|TERESINA|Ultrapassagem Indevida|Colisão lateral|Com Vítimas Fatais|Plena Noite|Nublado|7|3|0|1
265715|2020-01-28|terça-feira|19:00:00|PE|232.0|RECIFE|Falta de Atenção à Condução|Colisão com objeto estático|Com Vítimas Feridas|Plena Noite|Céu Claro|2|0|2|0
265716|2020-01-28|terça-feira|18:00:00|PR|376.0|MARINGA|Falta de Atenção à Condução|Colisão traseira|Com Vítimas Feridas|Anoitecer|Céu Claro|4|0|1|0
265717|2020-01-28|terça-feira|19:30:00|PR|116.0|CURITIBA|Falta de Atenção à Condução|Colisão lateral|Com Vítimas Feridas|Plena Noite|Chuva|2|0|0|1
265718|2020-01-28|terça-feira|18:25:00|SP|101.0|UBATUBA|Desobediência às normas de trânsito pelo condutor|Colisão frontal|Com Vítimas Feridas|Pleno dia|Céu Claro|2|0|0|1
265719|2020-01-28|terça-feira|16:22:00|MT|364.0|SANTO ANTONIO DO LEVERGER|Defeito Mecânico no Veículo|Saída de leito carroçável|Com Vítimas Feridas|Pleno dia|Céu Claro|1|0|0|1
265720|2020-01-28|terça-feira|20:27:00|GO|40.0|LUZIANIA|Pista Escorregadia|Saída de leito carroçável|Com Vítimas Feridas|Plena Noite|Chuva|1|0|0|1
265721|2020-01-28|terça-feira|18:10:00|GO|153.0|SANTA TEREZA DE GOIAS|Defeito Mecânico no Veículo|Tombamento|Com Vítimas Feridas|Anoitecer|Céu Claro|7|0|1|2
265722|2020-01-28|terça-feira|17:20:00|PR|153.0|SANTO ANTONIO DA PLATINA|Defeito Mecânico no Veículo|Colisão com objeto em movimento|Com Vítimas Feridas|Pleno dia|Céu Claro|3|0|0|2
265723|2020-01-28|terça-feira|20:50:00|PE|408.0|PAUDALHO|Falta de Atenção do Pedestre|Atropelamento de Pedestre|Com Vítimas Feridas|Plena Noite|Céu Claro|2|0|0|1
265724|2020-01-28|terça-feira|17:40:00|PR|476.0|LAPA|Pista Escorregadia|Tombamento|Com Vítimas Feridas|Anoitecer|Chuva|2|0|2|0
265725|2020-01-28|terça-feira|19:20:00|RO|364.0|JARU|Defeito Mecânico no Veículo|Queda de ocupante de veículo|Com Vítimas Feridas|Plena Noite|Chuva|1|0|1|0
265726|2020-01-28|terça-feira|20:30:00|SC|101.0|BARRA VELHA|Desobediência às normas de trânsito pelo condutor|Colisão transversal|Com Vítimas Feridas|Plena Noite|Nublado|2|0|1|0
265727|2020-01-28|terça-feira|19:30:00|PI|343.0|TERESINA|Falta de Atenção à Condução|Colisão lateral|Com Vítimas Feridas|Plena Noite|Céu Claro|2|0|1|0
265728|2020-01-28|terça-feira|21:00:00|PR|476.0|ARAUCARIA|Falta de Atenção à Condução|Colisão frontal|Com Vítimas Feridas|Plena Noite|Garoa/Chuvisco|2|0|1|0
265729|2020-01-28|terça-feira|21:15:00|ES|101.0|SOORETAMA|Ingestão de Álcool|Colisão frontal|Com Vítimas Feridas|Plena Noite|Céu Claro|2|0|2|0
265730|2020-01-28|terça-feira|21:15:00|MG|116.0|ITAOBIM|Falta de Atenção à Condução|Colisão transversal|Sem Vítimas|Plena Noite|Nublado|3|0|0|0
265731|2020-01-28|terça-feira|22:15:00|PR|376.0|MARINGA|Falta de Atenção à Condução|Colisão traseira|Com Vítimas Feridas|Plena Noite|Céu Claro|2|0|1|0
265732|2020-01-28|terça-feira|16:05:00|SC|282.0|NOVA ITABERABA|Velocidade Incompatível|Tombamento|Com Vítimas Feridas|Pleno dia|Sol|1|0|0|1
265733|2020-01-28|terça-feira|16:30:00|MG|153.0|MONTE ALEGRE DE MINAS|Defeito Mecânico no Veículo|Saída de leito carroçável|Sem Vítimas|Pleno dia|Céu Claro|1|0|0|0
265734|2020-01-28|terça-feira|23:00:00|MG|262.0|BOM DESPACHO|Falta de Atenção à Condução|Saída de leito carroçável|Com Vítimas Feridas|Plena Noite|Chuva|1|0|1|0
265735|2020-01-29|quarta-feira|00:00:00|PR|476.0|CURITIBA|Condutor Dormindo|Saída de leito carroçável|Sem Vítimas|Plena Noite|Chuva|1|0|0|0
265736|2020-01-28|terça-feira|18:00:00|RO|364.0|OURO PRETO DO OESTE|Pista Escorregadia|Colisão lateral|Com Vítimas Feridas|Anoitecer|Chuva|3|0|0|2
265737|2020-01-28|terça-feira|23:30:00|PR|153.0|GENERAL CARNEIRO|Ingestão de Álcool|Colisão traseira|Com Vítimas Feridas|Plena Noite|Garoa/Chuvisco|2|0|1|0
265738|2020-01-28|terça-feira|21:47:00|RO|364.0|ITAPUA DO OESTE|Falta de Atenção à Condução|Colisão traseira|Sem Vítimas|Plena Noite|Céu Claro|22|0|0|0
265739|2020-01-28|terça-feira|22:00:00|MT|163.0|DIAMANTINO|Defeito na Via|Tombamento|Sem Vítimas|Plena Noite|Céu Claro|1|0|0|0
265740|2020-01-29|quarta-feira|00:50:00|MG|262.0|BOM DESPACHO|Falta de Atenção à Condução|Colisão frontal|Com Vítimas Feridas|Plena Noite|Nublado|2|0|0|1
265741|2020-01-29|quarta-feira|02:10:00|PR|277.0|CAMPO LARGO|Ingestão de Álcool|Saída de leito carroçável|Sem Vítimas|Plena Noite|Garoa/Chuvisco|1|0|0|0
265742|2020-01-25|sábado|15:50:00|GO|50.0|CATALAO|Falta de Atenção à Condução|Colisão lateral|Com Vítimas Feridas|Pleno dia|Nublado|2|0|1|0
265743|2020-01-29|quarta-feira|02:15:00|PR|476.0|LAPA|Falta de Atenção à Condução|Saída de leito carroçável|Sem Vítimas|Plena Noite|Nevoeiro/Neblina|1|0|0|0
265744|2020-01-29|quarta-feira|03:15:00|MG|365.0|UBERLANDIA|Pista Escorregadia|Saída de leito carroçável|Com Vítimas Feridas|Plena Noite|Chuva|3|0|3|0