id|data_inversa|dia_semana|horario|uf|br|municipio|causa_acidente|tipo_acidente|classificacao_acidente|fase_dia|condicao_metereologica|pessoas|mortos|feridos_leves|feridos_graves
265745|2020-01-28|terça-feira|18:15:00|RJ|101.0|NITEROI|Falta de Atenção à Condução|Colisão lateral|Com Vítimas Feridas|Plena Noite|Céu Claro|2|0|1|0
265747|2020-01-29|quarta-feira|05:45:00|MG|381.0|ITATIAIUCU|Falta de Atenção à Condução|Saída de leito carroçável|Com Vítimas Feridas|Amanhecer|Nevoeiro/Neblina|1|0|0|1
265748|2020-01-29|quarta-feira|03:30:00|PI|343.0|PIRIPIRI|Desobediência às normas de trânsito pelo condutor|Colisão lateral|Com Vítimas Feridas|Plena Noite|Céu Claro|7|0|3|0
265752|2020-01-29|quarta-feira|07:00:00|DF|20.0|BRASILIA|Defeito Mecânico no Veículo|Atropelamento de Pedestre|Com Vítimas Feridas|Pleno dia|Céu Claro|2|0|1|0
265753|2020-01-29|quarta-feira|07:27:00|SP|101.0|UBATUBA|Avarias e/ou desgaste excessivo no pneu|Tombamento|Com Vítimas Feridas|Pleno dia|Céu Claro|2|0|2|0
265754|2020-01-28|terça-feira|10:31:00|SC|101.0|IMBITUBA|Defeito Mecânico no Veículo|Incêndio|Sem Vítimas|Pleno dia|Nublado|1|0|0|0
265755|2020-01-29|quarta-feira|06:30:00|DF|60.0|BRASILIA|Velocidade Incompatível|Saída de leito carroçável|Com Vítimas Feridas|Pleno dia|Céu Claro|1|0|1|0
265756|2020-01-29|quarta-feira|07:00:00|RJ|116.0|SAO JOAO DE MERITI|Falta de Atenção à Condução|Colisão transversal|Com Vítimas Feridas|Pleno dia|Céu Claro|3|0|1|0
265757|2020-01-29|quarta-feira|07:30:00|DF|20.0|BRASILIA|Não guardar distância de segurança|Engavetamento|Sem Vítimas|Pleno dia|Céu Claro|3|0|0|0
265758|2020-01-29|quarta-feira|06:10:00|GO|20.0|FORMOSA|Desobediência às normas de trânsito pelo condutor|Colisão traseira|Com Vítimas Feridas|Pleno dia|Céu Claro|2|0|1|0
265759|2020-01-29|quarta-feira|06:40:00|MG|381.0|CONTAGEM|Falta de Atenção à Condução|Colisão lateral|Com Vítimas Feridas|Pleno dia|Céu Claro|2|0|1|0
265760|2020-01-29|quarta-feira|06:30:00|RN|101.0|PARNAMIRIM|Falta de Atenção à Condução|Colisão traseira|Com Vítimas Feridas|Pleno dia|Céu Claro|2|0|2|0
265762|2020-01-28|terça-feira|16:20:00|MG|381.0|SAO GONCALO DO RIO ABAIXO|Falta de Atenção à Condução|Saída de leito carroçável|Com Vítimas Feridas|Pleno dia|Nublado|1|0|1|0
265763|2020-01-29|quarta-feira|07:30:00|RN|101.0|SAO GONCALO DO AMARANTE|Não guardar distância de segurança|Colisão traseira|Sem Vítimas|Pleno dia|Céu Claro|4|0|0|0
265766|2020-01-29|quarta-feira|07:30:00|GO|60.0|ANAPOLIS|Desobediência às normas de trânsito pelo condutor|Colisão traseira|Com Vítimas Feridas|Pleno dia|Nublado|2|0|1|0
265767|2020-01-28|terça-feira|10:40:00|BA|110.0|SAO SEBASTIAO DO PASSE|Falta de Atenção à Condução|Saída de leito carroçável|Com Vítimas Feridas|Pleno dia|Céu Claro|1|0|1|0
265770|2020-01-29|quarta-feira|08:10:00|RN|101.0|PARNAMIRIM|Falta de Atenção à Condução|Colisão lateral|Com Vítimas Feridas|Pleno dia|Céu Claro|2|0|0|1
265771|2020-01-29|quarta-feira|06:42:00|BA|324.0|FEIRA DE SANTANA|Falta de Atenção à Condução|Colisão traseira|Com Vítimas Feridas|Pleno dia|Nublado|3|0|2|0
265773|2020-01-29|quarta-feira|06:40:00|SC|470.0|ILHOTA|Falta de Atenção à Condução|Colisão traseira|Com Vítimas Feridas|Pleno dia|Céu Claro|3|0|1|1
265774|2020-01-29|quarta-feira|08:00:00|MG|40.0|ESMERALDAS|Falta de Atenção à Condução|Tombamento|Com Vítimas Feridas|Pleno dia|Chuva|1|0|1|0
265775|2020-01-29|quarta-feira|08:15:00|PB|230.0|JOAO PESSOA|Falta de Atenção à Condução|Queda de ocupante de veículo|Com Vítimas Feridas|Pleno dia|Nublado|2|0|1|0
265776|2020-01-29|quarta-feira|07:45:00|SP|116.0|LORENA|Mal Súbito|Saída de leito carroçável|Com Vítimas Feridas|Pleno dia|Sol|1|0|0|1
265777|2020-01-29|quarta-feira|08:10:00|SC|101.0|TREZE DE MAIO|Desobediência às normas de trânsito pelo condutor|Colisão transversal|Com Vítimas Feridas|Pleno dia|Nublado|2|0|1|0
265778|2020-01-29|quarta-feira|08:30:00|RS|392.0|PELOTAS|Desobediência às normas de trânsito pelo condutor|Colisão lateral|Com Vítimas Feridas|Pleno dia|Céu Claro|2|0|1|0
265780|2020-01-29|quarta-feira|07:00:00|MS|163.0|DOURADOS|Falta de Atenção à Condução|Colisão lateral|Com Vítimas Feridas|Pleno dia|Nublado|3|0|2|0
265781|2020-01-28|terça-feira|22:45:00|MT|163.0|DIAMANTINO|Falta de Atenção à Condução|Colisão traseira|Com Vítimas Feridas|Plena Noite|Nublado|3|0|1|0
265782|2020-01-29|quarta-feira|09:00:00|PA|163.0|SANTAREM|Falta de Atenção à Condução|Colisão transversal|Com Vítimas Feridas|Pleno dia|Garoa/Chuvisco|3|0|0|1
265783|2020-01-29|quarta-feira|09:00:00|RS|290.0|VILA NOVA DO SUL|Condutor Dormindo|Saída de leito carroçável|Com Vítimas Feridas|Pleno dia|Nublado|4|0|3|1
265784|2020-01-29|quarta-feira|09:15:00|GO|40.0|VALPARAISO DE GOIAS|Não guardar distância de segurança|Colisão traseira|Com Vítimas Feridas|Pleno dia|Céu Claro|2|0|1|0
265786|2020-01-29|quarta-feira|08:20:00|RJ|101.0|SAO GONCALO|Falta de Atenção à Condução|Colisão com objeto estático|Sem Vítimas|Pleno dia|Céu Claro|1|0|0|0
265787|2020-01-29|quarta-feira|08:50:00|GO|40.0|VALPARAISO DE GOIAS|Falta de Atenção à Condução|Colisão lateral|Com Vítimas Feridas|Pleno dia|Céu Claro|2|0|1|0
265788|2020-01-24|sexta-feira|16:30:00|TO|153.0|ALIANCA DO TOCANTINS|Avarias e/ou desgaste excessivo no pneu|Saída de leito carroçável|Com Vítimas Feridas|Pleno dia|Chuva|4|0|1|0
265789|2020-01-29|quarta-feira|07:20:00|MT|364.0|CUIABA|Falta de Atenção à Condução|Colisão transversal|Com Vítimas Feridas|Pleno dia|Céu Claro|2|0|1|0
265790|2020-01-29|quarta-feira|08:00:00|MA|10.0|IMPERATRIZ|Não guardar distância de segurança|Colisão frontal|Com Vítimas Feridas|Pleno dia|Céu Claro|2|0|0|1
265791|2020-01-29|quarta-feira|08:18:00|SE|235.0|ARACAJU|Não guardar distância de segurança|Colisão traseira|Sem Vítimas|Pleno dia|Céu Claro|3|0|0|0
265792|2020-01-29|quarta-feira|09:30:00|PR|277.0|PARANAGUA|Falta de Atenção à Condução|Engavetamento|Com Vítimas Feridas|Pleno dia|Céu Claro|5|0|2|0
265793|2020-01-29|quarta-feira|09:30:00|GO|153.0|SANTA TEREZA DE GOIAS|Defeito na Via|Danos eventuais|Com Vítimas Feridas|Pleno dia|Céu Claro|5|0|4|1
265794|2020-01-29|quarta-feira|09:50:00|MG|381.0|JOAO MONLEVADE|Defeito Mecânico no Veículo|Colisão com objeto em movimento|Com Vítimas Feridas|Pleno dia|Nublado|6|0|3|0
265795|2020-01-24|sexta-feira|09:45:00|MG|116.0|LEOPOLDINA|Falta de Atenção à Condução|Colisão transversal|Sem Vítimas|Pleno dia|Sol|2|0|0|0
265796|2020-01-29|quarta-feira|09:57:00|PR|376.0|ORTIGUEIRA|Velocidade Incompatível|Capotamento|Com Vítimas Feridas|Pleno dia|Nublado|1|0|1|0
265797|2020-01-29|quarta-feira|10:35:00|SP|153.0|JACI|Mal Súbito|Saída de leito carroçável|Com Vítimas Feridas|Pleno dia|Sol|1|0|1|0
265800|2020-01-29|quarta-feira|10:30:00|MA|10.0|IMPERATRIZ|Desobediência às normas de trânsito pelo condutor|Colisão transversal|Com Vítimas Feridas|Pleno dia|Sol|2|0|2|0
265802|2020-01-29|quarta-feira|09:40:00|PR|272.0|GOIOERE|Desobediência às normas de trânsito pelo condutor|Atropelamento de Pedestre|Com Vítimas Feridas|Pleno dia|Nublado|2|0|0|1
265803|2020-01-29|quarta-feira|09:45:00|RS|116.0|SENTINELA DO SUL|Pista Escorregadia|Tombamento|Com Vítimas Feridas|Pleno dia|Nublado|2|0|2|0
265804|2020-01-29|quarta-feira|09:00:00|MG|262.0|MATEUS LEME|Velocidade Incompatível|Saída de leito carroçável|Sem Vítimas|Pleno dia|Chuva|1|0|0|0
265805|2020-01-29|quarta-feira|11:35:00|SC|101.0|BIGUACU|Desobediência às normas de trânsito pelo condutor|Colisão frontal|Com Vítimas Feridas|Pleno dia|Nublado|2|0|1|0
265806|2020-01-29|quarta-feira|11:30:00|GO|364.0|JATAI|Falta de Atenção à Condução|Queda de ocupante de veículo|Com Vítimas Feridas|Pleno dia|Céu Claro|1|0|1|0
265807|2020-01-29|quarta-feira|11:30:00|RS|448.0|PORTO ALEGRE|Não guardar distância de segurança|Colisão traseira|Com Vítimas Feridas|Pleno dia|Garoa/Chuvisco|6|0|4|0
265809|2020-01-29|quarta-feira|12:00:00|SC|282.0|PALHOCA|Falta de Atenção à Condução|Colisão transversal|Com Vítimas Feridas|Pleno dia|Nublado|2|0|1|0
265810|2020-01-29|quarta-feira|12:05:00|RS|386.0|SARANDI|Falta de Atenção à Condução|Colisão lateral|Com Vítimas Feridas|Pleno dia|Chuva|4|0|2|1
265811|2020-01-29|quarta-feira|11:39:00|PR|153.0|SANTO ANTONIO DA PLATINA|Defeito Mecânico no Veículo|Tombamento|Com Vítimas Feridas|Pleno dia|Céu Claro|2|0|1|0
265812|2020-01-29|quarta-feira|11:30:00|MT|163.0|SORRISO|Não guardar distância de segurança|Colisão lateral|Com Vítimas Feridas|Pleno dia|Nublado|2|0|1|0
265813|2020-01-29|quarta-feira|12:50:00|PI|343.0|TERESINA|Ultrapassagem Indevida|Colisão lateral|Com Vítimas Feridas|Pleno dia|Céu Claro|2|0|1|0
265814|2020-01-29|quarta-feira|12:05:00|PE|232.0|TACAIMBO|Avarias e/ou desgaste excessivo no pneu|Queda de ocupante de veículo|Com Vítimas Feridas|Pleno dia|Céu Claro|2|0|2|0
265815|2020-01-29|quarta-feira|13:00:00|MG|50.0|UBERABA|Pista Escorregadia|Saída de leito carroçável|Com Vítimas Feridas|Pleno dia|Céu Claro|4|0|4|0
265816|2020-01-29|quarta-feira|10:40:00|PE|316.0|FLORESTA|Condutor Dormindo|Colisão frontal|Com Vítimas Fatais|Pleno dia|Céu Claro|2|1|0|1
265817|2020-01-29|quarta-feira|13:30:00|BA|116.0|PLANALTO|Mal Súbito|Colisão com objeto estático|Com Vítimas Feridas|Pleno dia|Céu Claro|3|0|1|2
265818|2020-01-29|quarta-feira|10:45:00|PE|423.0|AGUAS BELAS|Falta de Atenção à Condução|Colisão lateral|Com Vítimas Feridas|Pleno dia|Sol|4|0|0|1
265819|2020-01-29|quarta-feira|12:30:00|PE|428.0|PETROLINA|Falta de Atenção do Pedestre|Atropelamento de Pedestre|Com Vítimas Fatais|Pleno dia|Sol|4|1|0|0
265820|2020-01-29|quarta-feira|13:40:00|BA|242.0|BARREIRAS|Pista Escorregadia|Capotamento|Com Vítimas Feridas|Pleno dia|Chuva|1|0|1|0
265821|2020-01-29|quarta-feira|13:00:00|SP|381.0|ATIBAIA|Falta de Atenção à Condução|Colisão com objeto estático|Com Vítimas Feridas|Pleno dia|Céu Claro|1|0|1|0
265823|2020-01-29|quarta-feira|14:10:00|MG|40.0|NOVA LIMA|Avarias e/ou desgaste excessivo no pneu|Saída de leito carroçável|Com Vítimas Feridas|Pleno dia|Nublado|1|0|0|1
265824|2020-01-18|sábado|21:10:00|MS|262.0|TERENOS|Animais na Pista|Atropelamento de Animal|Com Vítimas Feridas|Plena Noite|Céu Claro|2|0|2|0
265827|2020-01-29|quarta-feira|13:00:00|RJ|465.0|SEROPEDICA|Desobediência às normas de trânsito pelo condutor|Colisão traseira|Com Vítimas Feridas|Pleno dia|Nublado|2|0|1|0
265828|2020-01-29|quarta-feira|11:55:00|RO|364.0|PORTO VELHO|Falta de Atenção à Condução|Colisão transversal|Com Vítimas Feridas|Pleno dia|Sol|2|0|0|1
265829|2020-01-29|quarta-feira|11:45:00|RN|101.0|SAO GONCALO DO AMARANTE|Falta de Atenção à Condução|Colisão traseira|Sem Vítimas|Pleno dia|Céu Claro|2|0|0|0
265830|2020-01-28|terça-feira|09:00:00|PA|10.0|MAE DO RIO|Defeito na Via|Capotamento|Com Vítimas Feridas|Pleno dia|Nublado|4|0|3|0
265831|2020-01-29|quarta-feira|14:40:00|MG|116.0|CACHOEIRA DE PAJEU|Falta de Atenção à Condução|Colisão frontal|Com Vítimas Fatais|Pleno dia|Céu Claro|2|1|1|0
265832|2020-01-29|quarta-feira|14:35:00|SC|101.0|PALHOCA|Falta de Atenção à Condução|Colisão lateral|Com Vítimas Feridas|Pleno dia|Chuva|2|0|1|0
265833|2020-01-29|quarta-feira|13:10:00|BA|116.0|VITORIA DA CONQUISTA|Falta de Atenção à Condução|Colisão transversal|Com Vítimas Feridas|Pleno dia|Sol|2|0|1|0
265834|2020-01-29|quarta-feira|14:20:00|PR|277.0|CAMPO LARGO|Não guardar distância de segurança|Colisão traseira|Com Vítimas Feridas|Pleno dia|Sol|2|0|0|1
265835|2020-01-29|quarta-feira|13:00:00|RS|285.0|SANTO ANTONIO DAS MISSOES|Pista Escorregadia|Saída de leito carroçável|Com Vítimas Feridas|Pleno dia|Chuva|2|0|2|0
265837|2020-01-29|quarta-feira|14:50:00|SP|116.0|GUARAREMA|Defeito Mecânico no Veículo|Colisão com objeto estático|Com Vítimas Feridas|Pleno dia|Céu Claro|3|0|3|0
265838|2020-01-29|quarta-feira|08:00:00|MG|356.0|EUGENOPOLIS|Mal Súbito|Tombamento|Com Vítimas Feridas|Pleno dia|Nublado|1|0|1|0
265841|2020-01-25|sábado|22:40:00|PR|476.0|LAPA|Falta de Atenção à Condução|Atropelamento de Pedestre|Sem Vítimas|Plena Noite|Céu Claro|2|0|0|0
265842|2020-01-29|quarta-feira|15:20:00|PR|277.0|CURITIBA|Falta de Atenção à Condução|Engavetamento|Com Vítimas Feridas|Pleno dia|Sol|4|0|1|0
265843|2020-01-29|quarta-feira|14:20:00|MG|40.0|ALFREDO VASCONCELOS|Pista Escorregadia|Saída de leito carroçável|Com Vítimas Feridas|Pleno dia|Nublado|1|0|0|1
265844|2020-01-29|quarta-feira|14:45:00|RJ|40.0|DUQUE DE CAXIAS|Falta de Atenção à Condução|Tombamento|Com Vítimas Feridas|Pleno dia|Nublado|2|0|1|0
265845|2020-01-29|quarta-feira|15:40:00|SC|101.0|BIGUACU|Falta de Atenção à Condução|Queda de ocupante de veículo|Com Vítimas Feridas|Pleno dia|Chuva|2|0|1|0
265846|2020-01-29|quarta-feira|15:30:00|MG|365.0|MONTE ALEGRE DE MINAS|Velocidade Incompatível|Saída de leito carroçável|Com Vítimas Feridas|Pleno dia|Chuva|1|0|1|0
265847|2020-01-29|quarta-feira|15:30:00|PR|116.0|CAMPINA GRANDE DO SUL|Desobediência às normas de trânsito pelo condutor|Saída de leito carroçável|Com Vítimas Feridas|Pleno dia|Chuva|2|0|2|0
265848|2020-01-29|quarta-feira|13:00:00|MG|381.0|SANTO ANTONIO DO AMPARO|Velocidade Incompatível|Saída de leito carroçável|Com Vítimas Feridas|Pleno dia|Chuva|1|0|1|0
265850|2020-01-29|quarta-feira|11:35:00|RS|470.0|VILA FLORES|Avarias e/ou desgaste excessivo no pneu|Saída de leito carroçável|Com Vítimas Feridas|Pleno dia|Chuva|1|0|1|0
265851|2020-01-29|quarta-feira|12:55:00|SC|158.0|PALMITOS|Condutor Dormindo|Tombamento|Com Vítimas Feridas|Pleno dia|Céu Claro|1|0|1|0
265852|2020-01-29|quarta-feira|08:40:00|MG|354.0|ITAMONTE|Falta de Atenção à Condução|Colisão lateral|Com Vítimas Feridas|Pleno dia|Nublado|3|0|1|0
265854|2020-01-29|quarta-feira|17:00:00|PR|376.0|PONTA GROSSA|Falta de Atenção à Condução|Colisão transversal|Com Vítimas Feridas|Pleno dia|Céu Claro|4|0|3|0
265855|2020-01-29|quarta-feira|16:30:00|MG|381.0|ITAPEVA|Velocidade Incompatível|Colisão com objeto estático|Com Vítimas Feridas|Pleno dia|Chuva|1|0|1|0
265856|2020-01-29|quarta-feira|15:50:00|MT|70.0|VARZEA GRANDE|Desobediência às normas de trânsito pelo condutor|Colisão lateral|Sem Vítimas|Pleno dia|Céu Claro|2|0|0|0
265858|2020-01-29|quarta-feira|14:55:00|PE|232.0|JABOATAO DOS GUARARAPES|Defeito na Via|Saída de leito carroçável|Com Vítimas Feridas|Pleno dia|Sol|2|0|2|0
265859|2020-01-29|quarta-feira|16:40:00|RS|290.0|MINAS DO LEAO|Falta de Atenção à Condução|Colisão transversal|Com Vítimas Feridas|Pleno dia|Céu Claro|2|0|1|0
265860|2020-01-29|quarta-feira|17:10:00|PE|232.0|SAIRE|Falta de Atenção à Condução|Colisão traseira|Sem Vítimas|Pleno dia|Sol|3|0|0|0
265861|2020-01-29|quarta-feira|16:45:00|ES|101.0|SERRA|Falta de Atenção à Condução|Colisão traseira|Com Vítimas Feridas|Pleno dia|Nublado|2|0|1|0
265862|2020-01-29|quarta-feira|17:00:00|RJ|356.0|ITAPERUNA|Ultrapassagem Indevida|Capotamento|Com Vítimas Feridas|Pleno dia|Céu Claro|3|0|2|0
265863|2020-01-29|quarta-feira|12:00:00|RS|285.0|SAO BORJA|Pista Escorregadia|Colisão frontal|Com Vítimas Fatais|Pleno dia|Chuva|4|1|0|2
265864|2020-01-29|quarta-feira|17:00:00|SP|153.0|JOSE BONIFACIO|Falta de Atenção à Condução|Colisão lateral|Com Vítimas Feridas|Pleno dia|Sol|2|0|1|0
265865|2020-01-29|quarta-feira|17:00:00|PR|369.0|IBIPORA|Desobediência às normas de trânsito pelo condutor|Colisão transversal|Com Vítimas Feridas|Pleno dia|Nublado|2|0|1|0
265866|2020-01-29|quarta-feira|17:30:00|MG|262.0|MATEUS LEME|Velocidade Incompatível|Derramamento de carga|Sem Vítimas|Pleno dia|Céu Claro|1|0|0|0
265867|2020-01-29|quarta-feira|14:10:00|SC|116.0|MAFRA|Falta de Atenção à Condução|Colisão frontal|Com Vítimas Feridas|Pleno dia|Chuva|5|0|2|3
265868|2020-01-29|quarta-feira|14:50:00|PR|376.0|MARINGA|Falta de Atenção à Condução|Atropelamento de Pedestre|Com Vítimas Feridas|Pleno dia|Céu Claro|2|0|1|0
265869|2020-01-29|quarta-feira|14:25:00|SC|101.0|PAULO LOPES|Velocidade Incompatível|Saída de leito carroçável|Com Vítimas Feridas|Pleno dia|Chuva|2|0|1|0
265870|2020-01-25|sábado|06:40:00|MG|381.0|BELO HORIZONTE|Desobediência às normas de trânsito pelo condutor|Colisão transversal|Com Vítimas Feridas|Pleno dia|Nublado|2|0|2|0
265871|2020-01-29|quarta-feira|17:10:00|MG|116.0|TEOFILO OTONI|Não guardar distância de segurança|Colisão traseira|Com Vítimas Feridas|Pleno dia|Céu Claro|2|0|1|0
265872|2020-01-29|quarta-feira|16:15:00|RJ|40.0|PETROPOLIS|Defeito Mecânico no Veículo|Saída de leito carroçável|Com Vítimas Feridas|Pleno dia|Céu Claro|3|0|1|0
265874|2020-01-29|quarta-feira|17:50:00|SP|116.0|SAO JOSE DOS CAMPOS|Desobediência às normas de trânsito pelo condutor|Colisão lateral|Com Vítimas Feridas|Pleno dia|Céu Claro|2|0|1|0
265875|2020-01-29|quarta-feira|17:40:00|PA|316.0|CASTANHAL|Falta de Atenção à Condução|Colisão lateral|Com Vítimas Feridas|Anoitecer|Céu Claro|2|0|1|0
265876|2020-01-29|quarta-feira|12:50:00|GO|60.0|RIO VERDE|Falta de Atenção à Condução|Capotamento|Com Vítimas Feridas|Pleno dia|Sol|3|0|2|0
265877|2020-01-29|quarta-feira|16:50:00|RS|386.0|FONTOURA XAVIER|Velocidade Incompatível|Colisão traseira|Com Vítimas Feridas|Pleno dia|Nublado|5|0|1|0
265878|2020-01-29|quarta-feira|18:00:00|SP|116.0|JACAREI|Agressão Externa|Colisão com objeto estático|Com Vítimas Fatais|Anoitecer|Céu Claro|1|1|0|0
265879|2020-01-29|quarta-feira|16:10:00|BA|116.0|BOA NOVA|Ultrapassagem Indevida|Colisão lateral|Com Vítimas Feridas|Pleno dia|Céu Claro|3|0|2|0
265880|2020-01-29|quarta-feira|17:40:00|MG|116.0|GOVERNADOR VALADARES|Falta de Atenção à Condução|Colisão traseira|Sem Vítimas|Pleno dia|Sol|3|0|0|0
265881|2020-01-29|quarta-feira|18:40:00|SP|381.0|MAIRIPORA|Defeito Mecânico no Veículo|Colisão traseira|Com Vítimas Feridas|Pleno dia|Céu Claro|4|0|1|0
265882|2020-01-29|quarta-feira|17:15:00|RJ|40.0|TRES RIOS|Pista Escorregadia|Saída de leito carroçável|Sem Vítimas|Anoitecer|Chuva|1|0|0|0
265884|2020-01-29|quarta-feira|13:40:00|PR|277.0|MATELANDIA|Desobediência às normas de trânsito pelo condutor|Colisão transversal|Com Vítimas Feridas|Pleno dia|Céu Claro|3|0|2|0
265885|2020-01-29|quarta-feira|18:50:00|CE|116.0|JAGUARIBE|Animais na Pista|Atropelamento de Animal|Com Vítimas Feridas|Plena Noite|Céu Claro|2|0|0|1
265886|2020-01-29|quarta-feira|16:30:00|SP|116.0|JUQUIA|Falta de Atenção à Condução|Saída de leito carroçável|Com Vítimas Feridas|Pleno dia|Nublado|1|0|1|0
265887|2020-01-29|quarta-feira|18:00:00|PR|158.0|PATO BRANCO|Velocidade Incompatível|Saída de leito carroçável|Com Vítimas Feridas|Pleno dia|Garoa/Chuvisco|1|0|1|0
265888|2020-01-29|quarta-feira|13:20:00|GO|158.0|ARAGARCAS|Falta de Atenção à Condução|Colisão lateral|Com Vítimas Feridas|Pleno dia|Céu Claro|3|0|1|0
265889|2020-01-29|quarta-feira|19:05:00|TO|153.0|CARIRI DO TOCANTINS|Falta de Atenção à Condução|Colisão transversal|Com Vítimas Feridas|Plena Noite|Nublado|3|0|1|1
265890|2020-01-29|quarta-feira|18:40:00|RN||SANTA CRUZ|Desobediência às normas de trânsito pelo condutor|Colisão frontal|Com Vítimas Feridas|Plena Noite|Céu Claro|4|0|1|0
265891|2020-01-29|quarta-feira|18:30:00|SP|116.0|ITAPECERICA DA SERRA|Falta de Atenção à Condução|Colisão lateral|Com Vítimas Feridas|Anoitecer|Nublado|2|0|1|0
265892|2020-01-29|quarta-feira|19:00:00|PE|316.0|ARARIPINA|Desobediência às normas de trânsito pelo condutor|Colisão lateral|Com Vítimas Fatais|Plena Noite|Céu Claro|4|1|3|0
265893|2020-01-29|quarta-feira|19:05:00|PR|277.0|FOZ DO IGUACU|Pista Escorregadia|Queda de ocupante de veículo|Com Vítimas Feridas|Pleno dia|Nublado|1|0|1|0
265894|2020-01-29|quarta-feira|18:00:00|AL|316.0|TANQUE DARCA|Defeito Mecânico no Veículo|Colisão com objeto estático|Sem Vítimas|Plena Noite|Céu Claro|1|0|0|0
265895|2020-01-29|quarta-feira|17:20:00|MG|381.0|CAMBUI|Falta de Atenção à Condução|Capotamento|Com Vítimas Feridas|Pleno dia|Chuva|3|0|3|0
265896|2020-01-29|quarta-feira|19:15:00|RN|101.0|NATAL|Falta de Atenção à Condução|Colisão lateral|Com Vítimas Feridas|Plena Noite|Céu Claro|2|0|1|0
265897|2020-01-29|quarta-feira|17:00:00|PI|316.0|MONSENHOR GIL|Pista Escorregadia|Saída de leito carroçável|Sem Vítimas|Anoitecer|Chuva|1|0|0|0
265898|2020-01-29|quarta-feira|19:30:00|PR|376.0|MARINGA|Falta de Atenção à Condução|Colisão lateral|Com Vítimas Feridas|Plena Noite|Céu Claro|2|0|1|0
265899|2020-01-29|quarta-feira|19:45:00|ES|101.0|LINHARES|Ingestão de Álcool|Colisão traseira|Com Vítimas Feridas|Plena Noite|Céu Claro|2|0|1|0
265900|2020-01-29|quarta-feira|14:45:00|SC|101.0|IMBITUBA|Falta de Atenção à Condução|Tombamento|Sem Vítimas|Pleno dia|Nublado|1|0|0|0
265903|2020-01-29|quarta-feira|18:30:00|SP|116.0|CACAPAVA|Defeito Mecânico no Veículo|Tombamento|Com Vítimas Feridas|Plena Noite|Céu Claro|2|0|2|0
265905|2020-01-29|quarta-feira|20:10:00|RO|364.0|PIMENTA BUENO|Defeito Mecânico no Veículo|Saída de leito carroçável|Com Vítimas Feridas|Plena Noite|Céu Claro|1|0|1|0
265906|2020-01-29|quarta-feira|19:40:00|PE|408.0|SAO LOURENCO DA MATA|Agressão Externa|Incêndio|Sem Vítimas|Plena Noite|Céu Claro|1|0|0|0
265907|2020-01-29|quarta-feira|20:00:00|SP|381.0|MAIRIPORA|Velocidade Incompatível|Colisão com objeto estático|Com Vítimas Fatais|Plena Noite|Céu Claro|7|2|0|4
265908|2020-01-29|quarta-feira|18:33:00|PR|476.0|CURITIBA|Pista Escorregadia|Colisão traseira|Com Vítimas Feridas|Anoitecer|Chuva|2|0|1|0
265909|2020-01-29|quarta-feira|21:40:00|BA|101.0|TEIXEIRA DE FREITAS|Falta de Atenção à Condução|Colisão transversal|Com Vítimas Feridas|Plena Noite|Céu Claro|3|0|0|1
265910|2020-01-29|quarta-feira|20:30:00|MG|50.0|UBERLANDIA|Falta de Atenção à Condução|Colisão lateral|Com Vítimas Feridas|Plena Noite|Nublado|2|0|1|0
265912|2020-01-29|quarta-feira|16:20:00|SP|116.0|BARRA DO TURVO|Falta de Atenção à Condução|Colisão frontal|Sem Vítimas|Pleno dia|Garoa/Chuvisco|4|0|0|0
265913|2020-01-29|quarta-feira|22:10:00|PR|376.0|APUCARANA|Desobediência às normas de trânsito pelo condutor|Colisão transversal|Com Vítimas Feridas|Plena Noite|Céu Claro|3|0|1|0
265914|2020-01-29|quarta-feira|21:25:00|MG|116.0|MURIAE|Falta de Atenção à Condução|Colisão transversal|Com Vítimas Feridas|Plena Noite|Céu Claro|2|0|1|0
265915|2020-01-29|quarta-feira|22:00:00|MG|262.0|BETIM|Mal Súbito|Saída de leito carroçável|Com Vítimas Feridas|Plena Noite|Nublado|1|0|1|0
265916|2020-01-29|quarta-feira|20:30:00|SC|101.0|LAGUNA|Objeto estático sobre o leito carroçável|Tombamento|Com Vítimas Feridas|Plena Noite|Nublado|1|0|1|0
265917|2020-01-29|quarta-feira|21:30:00|BA|407.0|JAGUARARI|Defeito Mecânico no Veículo|Saída de leito carroçável|Com Vítimas Feridas|Plena Noite|Céu Claro|2|0|2|0
265918|2020-01-29|quarta-feira|22:50:00|PR|277.0|FOZ DO IGUACU|Velocidade Incompatível|Saída de leito carroçável|Com Vítimas Feridas|Plena Noite|Céu Claro|2|0|1|0
265919|2020-01-29|quarta-feira|23:35:00|SC|280.0|CANOINHAS|Animais na Pista|Queda de ocupante de veículo|Com Vítimas Feridas|Plena Noite|Céu Claro|1|0|1|0
265920|2020-01-29|quarta-feira|20:00:00|PE|110.0|TACARATU|Defeito Mecânico no Veículo|Tombamento|Com Vítimas Feridas|Plena Noite|Ignorado|3|0|2|1
265921|2020-01-29|quarta-feira|20:40:00|SC|116.0|PAPANDUVA|Falta de Atenção à Condução|Colisão transversal|Com Vítimas Feridas|Plena Noite|Céu Claro|2|0|0|1