id|data_inversa|dia_semana|horario|uf|br|municipio|causa_acidente|tipo_acidente|classificacao_acidente|fase_dia|condicao_metereologica|pessoas|mortos|feridos_leves|feridos_graves
265922|2020-01-29|quarta-feira|22:20:00|SC|101.0|BALNEARIO CAMBORIU|Falta de Atenção à Condução|Colisão traseira|Com Vítimas Feridas|Plena Noite|Céu Claro|2|0|1|0
265923|2020-01-29|quarta-feira|22:50:00|SC|101.0|ITAPEMA|Falta de Atenção à Condução|Colisão frontal|Com Vítimas Feridas|Plena Noite|Nublado|2|0|2|0
265924|2020-01-29|quarta-feira|23:30:00|SC|101.0|BALNEARIO CAMBORIU|Desobediência às normas de trânsito pelo condutor|Colisão transversal|Com Vítimas Feridas|Plena Noite|Céu Claro|1|0|1|0
265925|2020-01-29|quarta-feira|23:50:00|GO|60.0|ABADIANIA|Falta de Atenção à Condução|Colisão traseira|Com Vítimas Feridas|Plena Noite|Chuva|3|0|1|1
265927|2020-01-30|quinta-feira|00:00:00|ES|101.0|CARIACICA|Velocidade Incompatível|Tombamento|Com Vítimas Feridas|Plena Noite|Céu Claro|1|0|0|1
265928|2020-01-29|quarta-feira|23:10:00|MG|146.0|MUZAMBINHO|Condutor Dormindo|Saída de leito carroçável|Com Vítimas Feridas|Plena Noite|Nublado|1|0|1|0
265929|2020-01-30|quinta-feira|02:00:00|GO|153.0|SANTA TEREZA DE GOIAS|Falta de Atenção do Pedestre|Atropelamento de Pedestre|Com Vítimas Fatais|Plena Noite|Céu Claro|2|1|0|0
265930|2020-01-30|quinta-feira|02:00:00|SP|116.0|CAJATI|Condutor Dormindo|Tombamento|Com Vítimas Fatais|Plena Noite|Nevoeiro/Neblina|1|1|0|0
265931|2020-01-29|quarta-feira|15:20:00|RO|364.0|PRESIDENTE MEDICI|Defeito Mecânico no Veículo|Colisão traseira|Sem Vítimas|Pleno dia|Céu Claro|3|0|0|0
265932|2020-01-29|quarta-feira|17:30:00|RO|364.0|PRESIDENTE MEDICI|Não guardar distância de segurança|Engavetamento|Com Vítimas Feridas|Pleno dia|Céu Claro|4|0|2|0
265934|2020-01-30|quinta-feira|01:45:00|RS|285.0|CORONEL BARROS|Velocidade Incompatível|Saída de leito carroçável|Com Vítimas Feridas|Plena Noite|Garoa/Chuvisco|1|0|1|0
265935|2020-01-30|quinta-feira|02:30:00|AL|101.0|CAMPO ALEGRE|Falta de Atenção do Pedestre|Atropelamento de Pedestre|Com Vítimas Fatais|Amanhecer|Chuva|2|1|0|0
265936|2020-01-30|quinta-feira|00:50:00|PE|101.0|CABO DE SANTO AGOSTINHO|Velocidade Incompatível|Saída de leito carroçável|Com Vítimas Fatais|Plena Noite|Céu Claro|2|1|1|0
265937|2020-01-30|quinta-feira|01:40:00|RS|386.0|POUSO NOVO|Condutor Dormindo|Saída de leito carroçável|Com Vítimas Feridas|Plena Noite|Céu Claro|2|0|1|0
265938|2020-01-29|quarta-feira|20:30:00|ES|101.0|CARIACICA|Ingestão de Álcool|Queda de ocupante de veículo|Com Vítimas Feridas|Plena Noite|Céu Claro|1|0|1|0
265939|2020-01-30|quinta-feira|04:00:00|BA|101.0|TEIXEIRA DE FREITAS|Falta de Atenção à Condução|Engavetamento|Com Vítimas Feridas|Plena Noite|Céu Claro|4|0|1|0
265941|2020-01-30|quinta-feira|04:20:00|PE|101.0|RECIFE|Animais na Pista|Atropelamento de Animal|Com Vítimas Feridas|Pleno dia|Sol|2|0|2|0
265942|2020-01-30|quinta-feira|04:55:00|CE|20.0|MARANGUAPE|Animais na Pista|Atropelamento de Animal|Sem Vítimas|Plena Noite|Céu Claro|1|0|0|0
265943|2020-01-30|quinta-feira|03:50:00|RJ|40.0|RIO DE JANEIRO|Objeto estático sobre o leito carroçável|Colisão com objeto estático|Com Vítimas Feridas|Plena Noite|Nublado|4|0|2|0
265944|2020-01-30|quinta-feira|05:25:00|SC|101.0|BIGUACU|Não guardar distância de segurança|Colisão traseira|Com Vítimas Feridas|Plena Noite|Céu Claro|4|0|1|0
265945|2020-01-30|quinta-feira|05:40:00|RS|116.0|ESTEIO|Falta de Atenção à Condução|Colisão transversal|Com Vítimas Feridas|Amanhecer|Nublado|3|0|2|0
265946|2020-01-30|quinta-feira|06:10:00|MG|116.0|MURIAE|Velocidade Incompatível|Tombamento|Com Vítimas Feridas|Pleno dia|Céu Claro|2|0|0|1
265947|2020-01-30|quinta-feira|06:00:00|SC|101.0|BARRA VELHA|Falta de Atenção à Condução|Saída de leito carroçável|Com Vítimas Feridas|Pleno dia|Nublado|2|0|1|0
265948|2020-01-30|quinta-feira|05:40:00|PE|232.0|SERRA TALHADA|Falta de Atenção do Pedestre|Atropelamento de Pedestre|Com Vítimas Feridas|Amanhecer|Céu Claro|2|0|0|1
265949|2020-01-30|quinta-feira|05:20:00|PR|277.0|CURITIBA|Falta de Atenção à Condução|Saída de leito carroçável|Com Vítimas Feridas|Amanhecer|Nublado|1|0|0|1
265950|2020-01-30|quinta-feira|06:00:00|RS|116.0|BARRA DO RIBEIRO|Falta de Atenção à Condução|Tombamento|Com Vítimas Feridas|Amanhecer|Céu Claro|1|0|1|0
265951|2020-01-30|quinta-feira|06:10:00|RJ|116.0|RESENDE|Falta de Atenção à Condução|Colisão lateral|Com Vítimas Feridas|Amanhecer|Nublado|2|0|0|1
265952|2020-01-30|quinta-feira|06:50:00|PE|101.0|RECIFE|Não guardar distância de segurança|Colisão traseira|Com Vítimas Feridas|Pleno dia|Sol|2|0|0|1
265953|2020-01-30|quinta-feira|06:15:00|SC|282.0|XANXERE|Velocidade Incompatível|Saída de leito carroçável|Com Vítimas Feridas|Amanhecer|Chuva|1|0|1|0
265954|2020-01-30|quinta-feira|07:00:00|RS|470.0|VERANOPOLIS|Falta de Atenção à Condução|Colisão transversal|Com Vítimas Feridas|Pleno dia|Céu Claro|2|0|2|0
265956|2020-01-30|quinta-feira|04:15:00|SC|101.0|BALNEARIO CAMBORIU|Defeito Mecânico no Veículo|Saída de leito carroçável|Com Vítimas Feridas|Plena Noite|Céu Claro|1|0|1|0
265958|2020-01-30|quinta-feira|07:00:00|CE|116.0|FORTALEZA|Falta de Atenção à Condução|Colisão lateral|Sem Vítimas|Pleno dia|Nublado|2|0|0|0
265959|2020-01-30|quinta-feira|06:25:00|DF|70.0|BRASILIA|Não guardar distância de segurança|Tombamento|Com Vítimas Feridas|Pleno dia|Nublado|2|0|0|1
265960|2020-01-30|quinta-feira|06:20:00|DF|70.0|BRASILIA|Desobediência às normas de trânsito pelo condutor|Tombamento|Com Vítimas Feridas|Amanhecer|Nevoeiro/Neblina|1|0|0|1
265961|2020-01-30|quinta-feira|07:30:00|CE|222.0|CAUCAIA|Animais na Pista|Colisão traseira|Com Vítimas Feridas|Pleno dia|Nublado|4|0|0|2
265962|2020-01-30|quinta-feira|08:00:00|MG|381.0|CAMBUI|Falta de Atenção à Condução|Colisão traseira|Com Vítimas Feridas|Pleno dia|Nublado|3|0|1|0
265963|2020-01-30|quinta-feira|07:50:00|GO|251.0|CRISTALINA|Falta de Atenção à Condução|Colisão frontal|Com Vítimas Feridas|Pleno dia|Céu Claro|2|0|1|0
265964|2020-01-30|quinta-feira|07:20:00|RJ|101.0|CAMPOS DOS GOYTACAZES|Não guardar distância de segurança|Colisão traseira|Com Vítimas Feridas|Pleno dia|Céu Claro|2|0|1|0
265965|2020-01-30|quinta-feira|07:30:00|PR|277.0|CASCAVEL|Falta de Atenção à Condução|Colisão transversal|Com Vítimas Feridas|Pleno dia|Nublado|2|0|1|0
265966|2020-01-30|quinta-feira|08:10:00|RN|101.0|NATAL|Falta de Atenção à Condução|Colisão traseira|Sem Vítimas|Pleno dia|Céu Claro|2|0|0|0
265968|2020-01-30|quinta-feira|07:30:00|RS|386.0|TRIUNFO|Desobediência às normas de trânsito pelo condutor|Colisão transversal|Com Vítimas Feridas|Pleno dia|Céu Claro|3|0|1|0
265970|2020-01-30|quinta-feira|08:50:00|PR|376.0|IMBAU|Velocidade Incompatível|Queda de ocupante de veículo|Com Vítimas Feridas|Pleno dia|Chuva|2|0|2|0
265971|2020-01-30|quinta-feira|06:26:00|DF|70.0|BRASILIA|Não guardar distância de segurança|Colisão traseira|Sem Vítimas|Pleno dia|Nublado|2|0|0|0
265972|2020-01-30|quinta-feira|07:20:00|RS|116.0|CAMAQUA|Não guardar distância de segurança|Colisão traseira|Com Vítimas Feridas|Pleno dia|Nublado|4|0|1|0
265973|2020-01-30|quinta-feira|09:30:00|GO|60.0|ANAPOLIS|Agressão Externa|Saída de leito carroçável|Com Vítimas Feridas|Pleno dia|Céu Claro|4|0|4|0
265974|2020-01-02|quinta-feira|13:30:00|MG|116.0|DIVINO|Falta de Atenção à Condução|Colisão transversal|Com Vítimas Feridas|Pleno dia|Ignorado|2|0|1|0
265975|2020-01-30|quinta-feira|09:00:00|SC|470.0|INDAIAL|Ultrapassagem Indevida|Colisão lateral|Com Vítimas Feridas|Pleno dia|Céu Claro|4|0|1|1
265976|2020-01-30|quinta-feira|08:00:00|SC|470.0|INDAIAL|Falta de Atenção à Condução|Queda de ocupante de veículo|Com Vítimas Feridas|Pleno dia|Céu Claro|1|0|1|0
265978|2020-01-30|quinta-feira|10:00:00|MG|40.0|CONTAGEM|Falta de Atenção à Condução|Engavetamento|Sem Vítimas|Pleno dia|Nublado|6|0|0|0
265981|2020-01-30|quinta-feira|11:45:00|SC|101.0|PALHOCA|Falta de Atenção à Condução|Colisão lateral|Com Vítimas Feridas|Pleno dia|Céu Claro|2|0|1|0
265982|2020-01-30|quinta-feira|11:00:00|PR|277.0|GUARAPUAVA|Velocidade Incompatível|Saída de leito carroçável|Com Vítimas Feridas|Pleno dia|Chuva|1|0|1|0
265983|2020-01-30|quinta-feira|10:40:00|MT|70.0|VARZEA GRANDE|Desobediência às normas de trânsito pelo condutor|Colisão transversal|Com Vítimas Feridas|Pleno dia|Céu Claro|4|0|2|1
265984|2020-01-30|quinta-feira|11:30:00|RJ|116.0|BARRA MANSA|Não guardar distância de segurança|Colisão lateral|Com Vítimas Feridas|Pleno dia|Sol|3|0|1|0
265985|2020-01-30|quinta-feira|11:10:00|BA|101.0|BUERAREMA|Falta de Atenção do Pedestre|Atropelamento de Pedestre|Com Vítimas Feridas|Pleno dia|Céu Claro|2|0|0|1
265986|2020-01-30|quinta-feira|11:45:00|RN|101.0|NATAL|Falta de Atenção à Condução|Colisão lateral|Com Vítimas Feridas|Pleno dia|Céu Claro|1|0|1|0
265987|2020-01-30|quinta-feira|09:00:00|MG|262.0|MANHUACU|Falta de Atenção à Condução|Colisão transversal|Com Vítimas Feridas|Pleno dia|Nublado|2|0|1|0
265989|2020-01-30|quinta-feira|10:20:00|SC|101.0|JOINVILLE|Objeto estático sobre o leito carroçável|Capotamento|Com Vítimas Feridas|Pleno dia|Céu Claro|2|0|1|0
265990|2020-01-30|quinta-feira|07:30:00|PE|232.0|FLORES|Falta de Atenção à Condução|Colisão lateral|Com Vítimas Feridas|Pleno dia|Céu Claro|7|0|1|0
265994|2020-01-30|quinta-feira|08:40:00|SC|480.0|CHAPECO|Falta de Atenção à Condução|Colisão lateral|Com Vítimas Feridas|Pleno dia|Chuva|4|0|3|0
265996|2020-01-30|quinta-feira|11:37:00|MG|40.0|NOVA LIMA|Desobediência às normas de trânsito pelo condutor|Colisão transversal|Com Vítimas Feridas|Pleno dia|Nublado|2|0|0|1
265998|2020-01-30|quinta-feira|11:50:00|BA|101.0|EUNAPOLIS|Defeito Mecânico no Veículo|Incêndio|Sem Vítimas|Pleno dia|Sol|1|0|0|0
265999|2020-01-30|quinta-feira|11:50:00|RJ|493.0|ITABORAI|Falta de Atenção à Condução|Colisão transversal|Com Vítimas Feridas|Pleno dia|Céu Claro|4|0|3|0
266000|2020-01-30|quinta-feira|12:40:00|MT|163.0|RONDONOPOLIS|Desobediência às normas de trânsito pelo condutor|Colisão traseira|Com Vítimas Feridas|Pleno dia|Céu Claro|3|0|0|1
266001|2020-01-30|quinta-feira|13:45:00|ES|101.0|ITAPEMIRIM|Mal Súbito|Colisão lateral|Com Vítimas Feridas|Pleno dia|Céu Claro|3|0|0|1
266002|2020-01-30|quinta-feira|12:40:00|MT|364.0|RONDONOPOLIS|Ingestão de Álcool|Queda de ocupante de veículo|Com Vítimas Feridas|Pleno dia|Céu Claro|1|0|1|0
266004|2020-01-30|quinta-feira|13:30:00|MG|40.0|JUIZ DE FORA|Defeito Mecânico no Veículo|Incêndio|Sem Vítimas|Pleno dia|Céu Claro|1|0|0|0
266005|2020-01-30|quinta-feira|13:20:00|DF|80.0|BRASILIA|Carga excessiva e/ou mal acondicionada|Derramamento de carga|Sem Vítimas|Pleno dia|Céu Claro|1|0|0|0
266006|2020-01-12|domingo|17:50:00|RN|304.0|MOSSORO|Falta de Atenção à Condução|Engavetamento|Com Vítimas Feridas|Plena Noite|Céu Claro|7|0|0|1
266008|2020-01-30|quinta-feira|14:40:00|ES|262.0|VENDA NOVA DO IMIGRANTE|Falta de Atenção à Condução|Colisão traseira|Com Vítimas Feridas|Pleno dia|Céu Claro|6|0|5|0
266009|2020-01-30|quinta-feira|13:00:00|RS|290.0|ROSARIO DO SUL|Falta de Atenção à Condução|Saída de leito carroçável|Com Vítimas Feridas|Pleno dia|Céu Claro|2|0|1|0
266010|2020-01-30|quinta-feira|12:58:00|MG|116.0|TEOFILO OTONI|Falta de Atenção à Condução|Colisão lateral|Com Vítimas Feridas|Pleno dia|Céu Claro|2|0|1|0
266011|2020-01-30|quinta-feira|08:15:00|MT|174.0|COMODORO|Falta de Atenção à Condução|Saída de leito carroçável|Sem Vítimas|Pleno dia|Céu Claro|1|0|0|0
266012|2020-01-02|quinta-feira|08:00:00|BA|116.0|CHORROCHO|Falta de Atenção à Condução|Capotamento|Com Vítimas Feridas|Pleno dia|Ignorado|3|0|3|0
266013|2020-01-06|segunda-feira|10:30:00|ES|262.0|CARIACICA|Falta de Atenção à Condução|Colisão traseira|Com Vítimas Feridas|Pleno dia|Céu Claro|2|0|1|0
266014|2020-01-30|quinta-feira|14:35:00|SE|101.0|ITAPORANGA DAJUDA|Animais na Pista|Colisão com objeto estático|Com Vítimas Feridas|Pleno dia|Céu Claro|1|0|1|0
266015|2020-01-30|quinta-feira|15:20:00|SC|101.0|BIGUACU|Falta de Atenção à Condução|Colisão traseira|Com Vítimas Feridas|Pleno dia|Céu Claro|2|0|1|0
266016|2020-01-30|quinta-feira|14:30:00|MT|163.0|VERA|Desobediência às normas de trânsito pelo condutor|Colisão frontal|Com Vítimas Fatais|Pleno dia|Céu Claro|5|1|1|3
266017|2020-01-30|quinta-feira|15:35:00|SC|101.0|PALHOCA|Falta de Atenção à Condução|Queda de ocupante de veículo|Com Vítimas Feridas|Pleno dia|Garoa/Chuvisco|1|0|1|0
266018|2020-01-30|quinta-feira|08:45:00|RO|435.0|VILHENA|Falta de Atenção à Condução|Capotamento|Com Vítimas Feridas|Pleno dia|Céu Claro|1|0|1|0
266019|2020-01-30|quinta-feira|15:40:00|PE|101.0|RECIFE|Não guardar distância de segurança|Colisão traseira|Com Vítimas Feridas|Pleno dia|Céu Claro|2|0|1|0
266020|2020-01-18|sábado|10:30:00|SP|116.0|BARRA DO TURVO|Velocidade Incompatível|Tombamento|Com Vítimas Feridas|Pleno dia|Nublado|2|0|1|1
266021|2020-01-30|quinta-feira|16:10:00|MG|381.0|CONTAGEM|Falta de Atenção à Condução|Colisão traseira|Com Vítimas Feridas|Pleno dia|Nublado|3|0|1|0
266022|2020-01-30|quinta-feira|16:30:00|CE|116.0|HORIZONTE|Falta de Atenção à Condução|Colisão traseira|Com Vítimas Feridas|Pleno dia|Céu Claro|3|0|1|1
266023|2020-01-30|quinta-feira|15:50:00|PR|158.0|LARANJEIRAS DO SUL|Defeito Mecânico no Veículo|Saída de leito carroçável|Com Vítimas Feridas|Pleno dia|Céu Claro|2|0|2|0
266025|2020-01-30|quinta-feira|16:40:00|PE|232.0|PESQUEIRA|Não guardar distância de segurança|Colisão traseira|Sem Vítimas|Pleno dia|Sol|2|0|0|0
266026|2020-01-30|quinta-feira|14:20:00|SC|470.0|APIUNA|Velocidade Incompatível|Colisão traseira|Com Vítimas Feridas|Pleno dia|Nublado|2|0|1|0
266027|2020-01-30|quinta-feira|16:00:00|MT|364.0|ALTO ARAGUAIA|Defeito na Via|Colisão lateral|Com Vítimas Fatais|Pleno dia|Sol|3|1|0|0
266028|2020-01-30|quinta-feira|16:08:00|BA|116.0|FEIRA DE SANTANA|Não guardar distância de segurança|Colisão traseira|Sem Vítimas|Pleno dia|Céu Claro|3|0|0|0
266029|2020-01-30|quinta-feira|15:45:00|SP|116.0|LAVRINHAS|Objeto estático sobre o leito carroçável|Tombamento|Com Vítimas Feridas|Pleno dia|Céu Claro|1|0|1|0
266030|2020-01-30|quinta-feira|16:00:00|MA|10.0|IMPERATRIZ|Ingestão de Álcool|Colisão traseira|Sem Vítimas|Pleno dia|Céu Claro|4|0|0|0
266031|2020-01-30|quinta-feira|09:50:00|MT|70.0|GENERAL CARNEIRO|Desobediência às normas de trânsito pelo condutor|Tombamento|Com Vítimas Feridas|Pleno dia|Céu Claro|1|0|1|0
266032|2020-01-30|quinta-feira|15:30:00|PR|376.0|MANDAGUACU|Falta de Atenção à Condução|Saída de leito carroçável|Sem Vítimas|Pleno dia|Céu Claro|1|0|0|0
266033|2020-01-30|quinta-feira|17:40:00|PE|407.0|PETROLINA|Falta de Atenção à Condução|Colisão lateral|Com Vítimas Feridas|Pleno dia|Céu Claro|3|0|1|0
266034|2020-01-30|quinta-feira|15:00:00|PR|376.0|MARILANDIA DO SUL|Desobediência às normas de trânsito pelo condutor|Colisão frontal|Com Vítimas Feridas|Pleno dia|Sol|5|0|0|2
266035|2020-01-30|quinta-feira|17:30:00|SC|280.0|GUARAMIRIM|Falta de Atenção à Condução|Colisão transversal|Com Vítimas Feridas|Pleno dia|Nublado|2|0|0|1
266036|2020-01-30|quinta-feira|17:30:00|SE|101.0|LARANJEIRAS|Defeito na Via|Colisão com objeto estático|Sem Vítimas|Pleno dia|Céu Claro|1|0|0|0
266038|2020-01-30|quinta-feira|18:00:00|GO|40.0|VALPARAISO DE GOIAS|Falta de Atenção à Condução|Queda de ocupante de veículo|Com Vítimas Feridas|Anoitecer|Nublado|1|0|1|0
266039|2020-01-30|quinta-feira|17:30:00|PB|230.0|CAMPINA GRANDE|Defeito Mecânico no Veículo|Colisão com objeto estático|Sem Vítimas|Pleno dia|Céu Claro|1|0|0|0
266040|2020-01-30|quinta-feira|17:10:00|CE|116.0|BREJO SANTO|Ingestão de Álcool|Colisão lateral|Com Vítimas Feridas|Pleno dia|Céu Claro|3|0|1|0
266041|2020-01-30|quinta-feira|18:00:00|PB|230.0|JOAO PESSOA|Falta de Atenção à Condução|Engavetamento|Com Vítimas Feridas|Plena Noite|Céu Claro|3|0|2|0
266042|2020-01-30|quinta-feira|17:10:00|BA|116.0|FEIRA DE SANTANA|Falta de Atenção do Pedestre|Atropelamento de Pedestre|Com Vítimas Feridas|Pleno dia|Céu Claro|2|0|1|1
266043|2020-01-30|quinta-feira|18:15:00|SC|101.0|BIGUACU|Falta de Atenção à Condução|Colisão traseira|Sem Vítimas|Pleno dia|Céu Claro|2|0|0|0
266044|2020-01-30|quinta-feira|17:45:00|MG|381.0|CAMBUI|Defeito Mecânico no Veículo|Colisão traseira|Sem Vítimas|Pleno dia|Chuva|2|0|0|0
266045|2020-01-30|quinta-feira|17:30:00|SC|280.0|GUARAMIRIM|Desobediência às normas de trânsito pelo condutor|Colisão transversal|Com Vítimas Feridas|Pleno dia|Céu Claro|2|0|1|0
266046|2020-01-30|quinta-feira|18:15:00|RN|304.0|MOSSORO|Restrição de Visibilidade|Atropelamento de Pedestre|Com Vítimas Feridas|Anoitecer|Nublado|2|0|0|1
266047|2020-01-30|quinta-feira|18:30:00|RS|116.0|CANOAS|Desobediência às normas de trânsito pelo condutor|Colisão lateral|Com Vítimas Feridas|Pleno dia|Céu Claro|2|0|1|0
266049|2020-01-30|quinta-feira|17:00:00|SC|153.0|IRANI|Desobediência às normas de trânsito pelo condutor|Colisão frontal|Sem Vítimas|Pleno dia|Céu Claro|3|0|0|0
266050|2020-01-30|quinta-feira|18:40:00|SC|101.0|BALNEARIO CAMBORIU|Desobediência às normas de trânsito pelo condutor|Colisão lateral|Com Vítimas Feridas|Anoitecer|Nublado|2|0|1|0
266051|2020-01-30|quinta-feira|18:05:00|SP|116.0|ITAPECERICA DA SERRA|Pista Escorregadia|Saída de leito carroçável|Com Vítimas Feridas|Anoitecer|Garoa/Chuvisco|1|0|1|0
266052|2020-01-30|quinta-feira|18:20:00|RJ|40.0|DUQUE DE CAXIAS|Falta de Atenção à Condução|Colisão lateral|Com Vítimas Feridas|Plena Noite|Nublado|2|0|1|0
266053|2020-01-30|quinta-feira|18:50:00|BA|324.0|FEIRA DE SANTANA|Falta de Atenção do Pedestre|Atropelamento de Pedestre|Com Vítimas Fatais|Plena Noite|Céu Claro|3|1|0|0
266054|2020-01-30|quinta-feira|17:05:00|MS|163.0|BANDEIRANTES|Pista Escorregadia|Saída de leito carroçável|Com Vítimas Feridas|Anoitecer|Chuva|1|0|1|0
266055|2020-01-30|quinta-feira|18:30:00|RJ|101.0|CAMPOS DOS GOYTACAZES|Desobediência às normas de trânsito pelo condutor|Colisão transversal|Com Vítimas Feridas|Plena Noite|Céu Claro|3|0|1|0
266056|2020-01-30|quinta-feira|15:00:00|MS|163.0|CAMPO GRANDE|Ingestão de Álcool|Tombamento|Com Vítimas Feridas|Pleno dia|Chuva|1|0|1|0
266057|2020-01-30|quinta-feira|19:05:00|SE|235.0|ITABAIANA|Objeto estático sobre o leito carroçável|Colisão com objeto estático|Com Vítimas Fatais|Plena Noite|Céu Claro|2|1|0|1
266058|2020-01-30|quinta-feira|19:30:00|MG|381.0|BETIM|Falta de Atenção à Condução|Colisão traseira|Com Vítimas Feridas|Plena Noite|Nublado|3|0|1|0
266059|2020-01-30|quinta-feira|17:10:00|SC|282.0|CHAPECO|Ingestão de Álcool|Tombamento|Com Vítimas Feridas|Pleno dia|Nublado|1|0|1|0
266061|2020-01-30|quinta-feira|20:30:00|GO|60.0|ANAPOLIS|Falta de Atenção à Condução|Capotamento|Com Vítimas Feridas|Plena Noite|Nublado|1|0|1|0
266062|2020-01-22|quarta-feira|18:40:00|MG|354.0|ITAMONTE|Animais na Pista|Atropelamento de Animal|Com Vítimas Feridas|Anoitecer|Ignorado|1|0|0|1
266063|2020-01-30|quinta-feira|16:50:00|SC|163.0|DIONISIO CERQUEIRA|Falta de Atenção à Condução|Colisão transversal|Sem Vítimas|Pleno dia|Céu Claro|2|0|0|0
266064|2020-01-30|quinta-feira|19:55:00|RO|364.0|JARU|Ingestão de Álcool|Colisão frontal|Com Vítimas Feridas|Plena Noite|Céu Claro|3|0|0|1
266065|2020-01-30|quinta-feira|19:15:00|PI|316.0|DEMERVAL LOBAO|Ingestão de álcool e/ou substâncias psicoativas pelo pedestre|Atropelamento de Pedestre|Com Vítimas Feridas|Plena Noite|Nublado|3|0|1|2
266067|2020-01-30|quinta-feira|21:15:00|ES|101.0|SERRA|Desobediência às normas de trânsito pelo condutor|Colisão traseira|Com Vítimas Feridas|Plena Noite|Céu Claro|8|0|2|3
266069|2020-01-30|quinta-feira|21:20:00|GO|70.0|ITABERAI|Animais na Pista|Atropelamento de Animal|Com Vítimas Fatais|Plena Noite|Nublado|1|1|0|0
266070|2020-01-30|quinta-feira|21:15:00|BA|116.0|VITORIA DA CONQUISTA|Desobediência às normas de trânsito pelo condutor|Colisão transversal|Com Vítimas Feridas|Plena Noite|Céu Claro|9|0|5|0
266071|2020-01-30|quinta-feira|21:00:00|GO|153.0|ANAPOLIS|Defeito na Via|Queda de ocupante de veículo|Com Vítimas Feridas|Plena Noite|Nublado|1|0|1|0
266072|2020-01-30|quinta-feira|20:40:00|MA|316.0|CAXIAS|Não guardar distância de segurança|Colisão traseira|Com Vítimas Feridas|Plena Noite|Nublado|5|0|2|2
266073|2020-01-30|quinta-feira|16:50:00|BA|101.0|ITAPEBI|Velocidade Incompatível|Saída de leito carroçável|Com Vítimas Feridas|Pleno dia|Céu Claro|1|0|1|0
266074|2020-01-30|quinta-feira|21:40:00|RS|386.0|CANOAS|Falta de Atenção à Condução|Colisão traseira|Com Vítimas Feridas|Plena Noite|Nublado|2|0|1|0
266077|2020-01-30|quinta-feira|21:40:00|PR|163.0|GUAIRA|Ingestão de Álcool|Colisão frontal|Com Vítimas Feridas|Plena Noite|Céu Claro|2|0|1|0
266078|2020-01-30|quinta-feira|20:40:00|GO|153.0|PORANGATU|Falta de Atenção à Condução|Saída de leito carroçável|Com Vítimas Feridas|Plena Noite|Céu Claro|1|0|1|0
266079|2020-01-30|quinta-feira|21:00:00|MG|40.0|EWBANK DA CAMARA|Velocidade Incompatível|Tombamento|Sem Vítimas|Plena Noite|Garoa/Chuvisco|1|0|0|0
266080|2020-01-30|quinta-feira|21:15:00|MG|40.0|RIBEIRAO DAS NEVES|Carga excessiva e/ou mal acondicionada|Colisão com objeto em movimento|Com Vítimas Feridas|Plena Noite|Nublado|2|0|1|0
266081|2020-01-30|quinta-feira|22:30:00|RJ|40.0|TRES RIOS|Animais na Pista|Atropelamento de Animal|Com Vítimas Fatais|Plena Noite|Chuva|2|1|0|0
266082|2020-01-30|quinta-feira|22:30:00|SC|101.0|ITAJAI|Ingestão de Álcool|Colisão lateral|Sem Vítimas|Plena Noite|Céu Claro|2|0|0|0
266083|2020-01-30|quinta-feira|22:40:00|RJ|40.0|DUQUE DE CAXIAS|Falta de Atenção à Condução|Tombamento|Sem Vítimas|Plena Noite|Garoa/Chuvisco|1|0|0|0
266084|2020-01-30|quinta-feira|18:40:00|AC|364.0|BUJARI|Falta de Atenção do Pedestre|Atropelamento de Pedestre|Sem Vítimas|Plena Noite|Nublado|4|0|0|0
266085|2020-01-30|quinta-feira|22:40:00|CE||ITAITINGA|Restrição de Visibilidade|Colisão com objeto estático|Com Vítimas Feridas|Plena Noite|Céu Claro|5|0|1|1
266086|2020-01-30|quinta-feira|21:55:00|MG|381.0|NOVA UNIAO|Velocidade Incompatível|Saída de leito carroçável|Com Vítimas Feridas|Plena Noite|Nublado|1|0|1|0
266087|2020-01-30|quinta-feira|22:40:00|RO|421.0|ARIQUEMES|Defeito na Via|Tombamento|Com Vítimas Feridas|Plena Noite|Céu Claro|1|0|1|0
266088|2020-01-31|sexta-feira|00:15:00|MG|40.0|CAPIM BRANCO|Condutor Dormindo|Colisão traseira|Com Vítimas Feridas|Plena Noite|Céu Claro|3|0|0|1
266089|2020-01-30|quinta-feira|22:19:00|SC|470.0|POUSO REDONDO|Falta de Atenção à Condução|Colisão traseira|Com Vítimas Feridas|Plena Noite|Nublado|3|0|1|0
266090|2020-01-30|quinta-feira|18:20:00|ES|101.0|CARIACICA|Animais na Pista|Queda de ocupante de veículo|Com Vítimas Feridas|Pleno dia|Céu Claro|1|0|1|0
266091|2020-01-31|sexta-feira|01:44:00|SE|101.0|PROPRIA|Animais na Pista|Colisão traseira|Sem Vítimas|Plena Noite|Céu Claro|1|0|0|0
266092|2020-01-30|quinta-feira|23:00:00|PR|163.0|BARRACAO|Ultrapassagem Indevida|Colisão frontal|Com Vítimas Feridas|Plena Noite|Céu Claro|2|0|1|1
266093|2020-01-30|quinta-feira|23:45:00|PI|343.0|FLORIANO|Animais na Pista|Saída de leito carroçável|Com Vítimas Feridas|Plena Noite|Céu Claro|1|0|1|0
266095|2020-01-30|quinta-feira|23:40:00|RJ|493.0|ITAGUAI|Ingestão de Álcool|Colisão transversal|Sem Vítimas|Plena Noite|Nublado|2|0|0|0