id|data_inversa|dia_semana|horario|uf|br|municipio|causa_acidente|tipo_acidente|classificacao_acidente|fase_dia|condicao_metereologica|pessoas|mortos|feridos_leves|feridos_graves
266096|2020-01-31|sexta-feira|01:49:00|SP|116.0|ROSEIRA|Defeito Mecânico no Veículo|Incêndio|Sem Vítimas|Plena Noite|Nublado|1|0|0|0
266097|2020-01-31|sexta-feira|00:30:00|RO|319.0|PORTO VELHO|Desobediência às normas de trânsito pelo condutor|Colisão transversal|Com Vítimas Feridas|Plena Noite|Ignorado|2|0|1|0
266098|2020-01-31|sexta-feira|02:35:00|MG|381.0|CAREACU|Condutor Dormindo|Saída de leito carroçável|Com Vítimas Feridas|Plena Noite|Nublado|4|0|3|1
266099|2020-01-31|sexta-feira|01:15:00|SP|116.0|JACUPIRANGA|Falta de Atenção à Condução|Colisão traseira|Com Vítimas Feridas|Plena Noite|Nublado|2|0|1|0
266100|2020-01-31|sexta-feira|03:15:00|PR|376.0|JANDAIA DO SUL|Ingestão de Álcool|Saída de leito carroçável|Com Vítimas Feridas|Plena Noite|Garoa/Chuvisco|2|0|2|0
266101|2020-01-31|sexta-feira|03:25:00|MG|381.0|CONTAGEM|Animais na Pista|Atropelamento de Animal|Com Vítimas Feridas|Plena Noite|Nublado|1|0|1|0
266102|2020-01-30|quinta-feira|20:45:00|AC|364.0|RIO BRANCO|Defeito na Via|Queda de ocupante de veículo|Com Vítimas Feridas|Plena Noite|Céu Claro|1|0|1|0
266103|2020-01-31|sexta-feira|04:00:00|GO|50.0|CUMARI|Velocidade Incompatível|Colisão com objeto estático|Com Vítimas Fatais|Plena Noite|Ignorado|1|1|0|0
266104|2020-01-31|sexta-feira|03:30:00|ES|101.0|CONCEICAO DA BARRA|Falta de Atenção à Condução|Colisão lateral|Com Vítimas Feridas|Plena Noite|Céu Claro|4|0|0|1
266106|2020-01-31|sexta-feira|04:00:00|RJ|101.0|MACAE|Condutor Dormindo|Colisão frontal|Com Vítimas Feridas|Plena Noite|Nublado|4|0|2|0
266107|2020-01-31|sexta-feira|04:30:00|RJ|101.0|CAMPOS DOS GOYTACAZES|Ingestão de Álcool|Colisão traseira|Com Vítimas Feridas|Amanhecer|Céu Claro|2|0|1|0
266108|2020-01-31|sexta-feira|03:30:00|MS|262.0|CORUMBA|Ingestão de Álcool|Colisão frontal|Com Vítimas Fatais|Plena Noite|Chuva|4|3|0|0
266109|2020-01-30|quinta-feira|20:30:00|BA|242.0|ANDARAI|Animais na Pista|Atropelamento de Animal|Com Vítimas Feridas|Plena Noite|Céu Claro|2|0|1|0
266110|2020-01-31|sexta-feira|04:50:00|RJ|493.0|SEROPEDICA|Falta de Atenção à Condução|Saída de leito carroçável|Com Vítimas Feridas|Amanhecer|Céu Claro|1|0|1|0
266111|2020-01-31|sexta-feira|05:50:00|MG|40.0|RIBEIRAO DAS NEVES|Falta de Atenção à Condução|Colisão lateral|Sem Vítimas|Amanhecer|Céu Claro|2|0|0|0
266112|2020-01-30|quinta-feira|19:10:00|RS|392.0|RIO GRANDE|Falta de Atenção à Condução|Capotamento|Com Vítimas Feridas|Anoitecer|Nublado|4|0|3|0
266113|2020-01-31|sexta-feira|04:00:00|AL|101.0|JEQUIA DA PRAIA|Falta de Atenção à Condução|Colisão com objeto estático|Com Vítimas Feridas|Plena Noite|Céu Claro|2|0|0|1
266114|2020-01-31|sexta-feira|02:40:00|AL|316.0|DOIS RIACHOS|Condutor Dormindo|Colisão frontal|Com Vítimas Feridas|Plena Noite|Céu Claro|3|0|3|0
266115|2020-01-31|sexta-feira|06:30:00|MG|153.0|MONTE ALEGRE DE MINAS|Ultrapassagem Indevida|Capotamento|Com Vítimas Feridas|Pleno dia|Céu Claro|2|0|1|0
266116|2020-01-31|sexta-feira|05:50:00|RS|386.0|LAJEADO|Falta de Atenção do Pedestre|Atropelamento de Pedestre|Com Vítimas Feridas|Pleno dia|Nublado|2|0|1|1
266119|2020-01-31|sexta-feira|07:10:00|CE|222.0|ITAPAJE|Velocidade Incompatível|Colisão frontal|Com Vítimas Feridas|Pleno dia|Chuva|2|0|1|0
266120|2020-01-31|sexta-feira|06:30:00|MG|381.0|CARMO DA CACHOEIRA|Falta de Atenção à Condução|Colisão traseira|Sem Vítimas|Pleno dia|Nublado|5|0|0|0
266121|2020-01-31|sexta-feira|07:10:00|SC|470.0|GASPAR|Falta de Atenção à Condução|Colisão transversal|Com Vítimas Feridas|Pleno dia|Céu Claro|3|0|2|0
266122|2020-01-31|sexta-feira|07:00:00|PR|116.0|CURITIBA|Falta de Atenção à Condução|Colisão lateral|Com Vítimas Feridas|Pleno dia|Céu Claro|2|0|1|0
266124|2020-01-31|sexta-feira|07:30:00|SP|116.0|EMBU DAS ARTES|Falta de Atenção à Condução|Colisão lateral|Com Vítimas Feridas|Pleno dia|Nublado|2|0|1|0
266125|2020-01-31|sexta-feira|07:30:00|MG|381.0|POUSO ALEGRE|Falta de Atenção à Condução|Colisão lateral|Sem Vítimas|Pleno dia|Céu Claro|2|0|0|0
266126|2020-01-31|sexta-feira|07:30:00|DF|40.0|BRASILIA|Falta de Atenção à Condução|Colisão transversal|Sem Vítimas|Pleno dia|Nublado|2|0|0|0
266127|2020-01-26|domingo|11:50:00|BA|235.0|JUAZEIRO|Desobediência às normas de trânsito pelo condutor|Colisão transversal|Com Vítimas Feridas|Pleno dia|Nublado|2|0|1|0
266128|2020-01-31|sexta-feira|08:00:00|RJ|40.0|DUQUE DE CAXIAS|Falta de Atenção à Condução|Colisão traseira|Com Vítimas Feridas|Pleno dia|Céu Claro|1|0|1|0
266129|2020-01-31|sexta-feira|08:27:00|SC|101.0|BIGUACU|Desobediência às normas de trânsito pelo condutor|Colisão lateral|Com Vítimas Feridas|Pleno dia|Céu Claro|2|0|1|0
266130|2020-01-31|sexta-feira|03:00:00|MG|116.0|LEOPOLDINA|Velocidade Incompatível|Tombamento|Com Vítimas Feridas|Plena Noite|Céu Claro|1|0|1|0
266132|2020-01-31|sexta-feira|06:10:00|MT|70.0|CACERES|Falta de Atenção à Condução|Saída de leito carroçável|Com Vítimas Feridas|Pleno dia|Chuva|4|0|1|0
266133|2020-01-31|sexta-feira|08:40:00|MG|40.0|CONSELHEIRO LAFAIETE|Não guardar distância de segurança|Colisão traseira|Sem Vítimas|Pleno dia|Nublado|4|0|0|0
266135|2020-01-31|sexta-feira|09:00:00|SC|282.0|FLORIANOPOLIS|Falta de Atenção à Condução|Colisão traseira|Com Vítimas Feridas|Pleno dia|Céu Claro|2|0|1|0
266136|2020-01-31|sexta-feira|07:10:00|RO|364.0|CACOAL|Falta de Atenção à Condução|Colisão traseira|Com Vítimas Feridas|Amanhecer|Céu Claro|3|0|1|1
266138|2020-01-31|sexta-feira|08:26:00|SP|116.0|TABOAO DA SERRA|Não guardar distância de segurança|Colisão lateral|Com Vítimas Feridas|Pleno dia|Nublado|2|0|1|0
266140|2020-01-31|sexta-feira|06:45:00|GO|153.0|GOIANIA|Não guardar distância de segurança|Colisão traseira|Com Vítimas Feridas|Pleno dia|Céu Claro|5|0|2|0
266141|2020-01-31|sexta-feira|03:45:00|MG|262.0|LUZ|Velocidade Incompatível|Colisão frontal|Com Vítimas Fatais|Plena Noite|Céu Claro|3|1|0|1
266142|2020-01-31|sexta-feira|07:30:00|SC|282.0|BOM RETIRO|Condutor Dormindo|Saída de leito carroçável|Com Vítimas Feridas|Pleno dia|Céu Claro|3|0|1|0
266143|2020-01-31|sexta-feira|08:50:00|GO|153.0|GOIANIA|Defeito Mecânico no Veículo|Queda de ocupante de veículo|Com Vítimas Feridas|Pleno dia|Céu Claro|2|0|0|1
266145|2020-01-31|sexta-feira|08:10:00|MS|463.0|DOURADOS|Carga excessiva e/ou mal acondicionada|Colisão com objeto estático|Com Vítimas Feridas|Pleno dia|Nublado|1|0|1|0
266147|2020-01-31|sexta-feira|06:30:00|SP|116.0|JUQUITIBA|Defeito Mecânico no Veículo|Saída de leito carroçável|Sem Vítimas|Pleno dia|Céu Claro|2|0|0|0
266148|2020-01-31|sexta-feira|08:30:00|RJ|116.0|PIRAI|Carga excessiva e/ou mal acondicionada|Tombamento|Sem Vítimas|Pleno dia|Céu Claro|1|0|0|0
266149|2020-01-31|sexta-feira|08:40:00|RJ|101.0|ITABORAI|Falta de Atenção à Condução|Colisão traseira|Com Vítimas Feridas|Pleno dia|Céu Claro|3|0|1|0
266150|2020-01-31|sexta-feira|09:35:00|MS|163.0|JARAGUARI|Pista Escorregadia|Tombamento|Com Vítimas Feridas|Pleno dia|Céu Claro|1|0|1|0
266151|2020-01-31|sexta-feira|10:30:00|MG|116.0|CATUJI|Velocidade Incompatível|Tombamento|Com Vítimas Feridas|Pleno dia|Céu Claro|1|0|0|1
266152|2020-01-31|sexta-feira|10:30:00|SC|101.0|ITAPEMA|Desobediência às normas de trânsito pelo condutor|Colisão transversal|Com Vítimas Feridas|Pleno dia|Nublado|2|0|1|0
266154|2020-01-31|sexta-feira|09:05:00|SC|280.0|GUARAMIRIM|Desobediência às normas de trânsito pelo condutor|Colisão transversal|Com Vítimas Feridas|Pleno dia|Céu Claro|3|0|0|2
266155|2020-01-19|domingo|16:15:00|MG|251.0|PADRE CARVALHO|Falta de Atenção à Condução|Colisão lateral|Com Vítimas Feridas|Pleno dia|Sol|3|0|0|1
266156|2020-01-31|sexta-feira|11:00:00|SC|101.0|PALHOCA|Desobediência às normas de trânsito pelo condutor|Saída de leito carroçável|Com Vítimas Feridas|Pleno dia|Céu Claro|2|0|2|0
266157|2020-01-31|sexta-feira|11:00:00|RJ|40.0|TRES RIOS|Velocidade Incompatível|Colisão com objeto estático|Com Vítimas Feridas|Pleno dia|Céu Claro|1|0|1|0
266159|2020-01-23|quinta-feira|18:45:00|GO|153.0|APARECIDA DE GOIANIA|Falta de Atenção à Condução|Colisão traseira|Com Vítimas Feridas|Anoitecer|Chuva|2|0|1|0
266160|2020-01-31|sexta-feira|11:30:00|BA|324.0|SALVADOR|Não guardar distância de segurança|Engavetamento|Sem Vítimas|Pleno dia|Chuva|3|0|0|0
266161|2020-01-23|quinta-feira|16:23:00|SP|116.0|ARUJA|Pista Escorregadia|Colisão traseira|Com Vítimas Feridas|Pleno dia|Chuva|3|0|2|0
266163|2020-01-31|sexta-feira|11:50:00|PB|230.0|JOAO PESSOA|Falta de Atenção do Pedestre|Atropelamento de Pedestre|Com Vítimas Feridas|Pleno dia|Céu Claro|2|0|0|1
266164|2020-01-31|sexta-feira|12:10:00|PR|376.0|MANDAGUARI|Desobediência às normas de trânsito pelo condutor|Colisão lateral|Com Vítimas Feridas|Pleno dia|Céu Claro|2|0|1|0
266165|2020-01-31|sexta-feira|12:10:00|MT|163.0|SORRISO|Falta de Atenção à Condução|Colisão frontal|Com Vítimas Feridas|Pleno dia|Céu Claro|2|0|0|1
266166|2020-01-31|sexta-feira|12:25:00|MG|116.0|MANHUACU|Condutor Dormindo|Saída de leito carroçável|Com Vítimas Feridas|Pleno dia|Céu Claro|3|0|3|0
266167|2020-01-31|sexta-feira|10:30:00|MA|230.0|BALSAS|Falta de Atenção à Condução|Queda de ocupante de veículo|Com Vítimas Feridas|Pleno dia|Céu Claro|3|0|2|1
266168|2020-01-31|sexta-feira|13:10:00|SC|101.0|BIGUACU|Falta de Atenção à Condução|Colisão com objeto estático|Com Vítimas Feridas|Pleno dia|Céu Claro|1|0|1|0
266169|2020-01-31|sexta-feira|12:30:00|RJ|101.0|CASIMIRO DE ABREU|Velocidade Incompatível|Tombamento|Com Vítimas Feridas|Pleno dia|Sol|15|0|11|3
266171|2020-01-31|sexta-feira|12:40:00|PE|408.0|SAO LOURENCO DA MATA|Animais na Pista|Atropelamento de Animal|Sem Vítimas|Pleno dia|Nublado|1|0|0|0
266173|2020-01-31|sexta-feira|14:35:00|PE|101.0|RIBEIRAO|Condutor Dormindo|Saída de leito carroçável|Com Vítimas Feridas|Pleno dia|Céu Claro|1|0|1|0
266174|2020-01-31|sexta-feira|13:25:00|PR|277.0|IRATI|Desobediência às normas de trânsito pelo condutor|Colisão transversal|Com Vítimas Feridas|Pleno dia|Céu Claro|5|0|4|0
266175|2020-01-31|sexta-feira|15:10:00|MG|381.0|CAMBUI|Não guardar distância de segurança|Colisão traseira|Com Vítimas Feridas|Pleno dia|Céu Claro|2|0|1|0
266177|2020-01-31|sexta-feira|11:20:00|SC|280.0|SAO FRANCISCO DO SUL|Falta de Atenção à Condução|Colisão transversal|Com Vítimas Feridas|Pleno dia|Sol|2|0|1|0
266178|2020-01-31|sexta-feira|09:00:00|GO|364.0|JATAI|Velocidade Incompatível|Colisão lateral|Sem Vítimas|Pleno dia|Céu Claro|5|0|0|0
266179|2020-01-31|sexta-feira|13:40:00|PR|376.0|GUARATUBA|Velocidade Incompatível|Colisão com objeto estático|Com Vítimas Feridas|Pleno dia|Nublado|1|0|1|0
266180|2020-01-31|sexta-feira|10:00:00|MG|50.0|ARAGUARI|Velocidade Incompatível|Saída de leito carroçável|Com Vítimas Feridas|Pleno dia|Céu Claro|1|0|0|1
266181|2020-01-31|sexta-feira|12:40:00|RS|293.0|CANDIOTA|Ingestão de álcool e/ou substâncias psicoativas pelo pedestre|Colisão com objeto estático|Sem Vítimas|Pleno dia|Céu Claro|1|0|0|0
266182|2020-01-23|quinta-feira|08:10:00|ES|101.0|RIO NOVO DO SUL|Falta de Atenção à Condução|Tombamento|Sem Vítimas|Amanhecer|Nublado|1|0|0|0
266184|2020-01-31|sexta-feira|11:20:00|RO|364.0|PORTO VELHO|Falta de Atenção à Condução|Colisão frontal|Com Vítimas Feridas|Pleno dia|Céu Claro|2|0|1|0
266185|2020-01-31|sexta-feira|16:00:00|RN|110.0|MOSSORO|Falta de Atenção à Condução|Colisão lateral|Sem Vítimas|Pleno dia|Céu Claro|2|0|0|0
266186|2020-01-31|sexta-feira|15:55:00|SC|101.0|SAO JOSE|Não guardar distância de segurança|Colisão lateral|Com Vítimas Feridas|Pleno dia|Céu Claro|2|0|1|0
266188|2020-01-31|sexta-feira|12:50:00|PR|476.0|COLOMBO|Falta de Atenção à Condução|Colisão transversal|Com Vítimas Feridas|Pleno dia|Céu Claro|2|0|1|0
266189|2020-01-31|sexta-feira|16:29:00|SP|116.0|SAO JOSE DOS CAMPOS|Falta de Atenção à Condução|Colisão lateral|Com Vítimas Feridas|Pleno dia|Sol|2|0|1|0
266190|2020-01-31|sexta-feira|15:05:00|PR|376.0|PONTA GROSSA|Ingestão de Álcool|Colisão traseira|Sem Vítimas|Pleno dia|Céu Claro|3|0|0|0
266191|2020-01-31|sexta-feira|15:20:00|RJ|101.0|NITEROI|Não guardar distância de segurança|Colisão traseira|Com Vítimas Feridas|Pleno dia|Céu Claro|2|0|1|0
266192|2020-01-31|sexta-feira|14:15:00|MA|10.0|IMPERATRIZ|Não guardar distância de segurança|Colisão traseira|Com Vítimas Feridas|Pleno dia|Céu Claro|4|0|1|0
266193|2020-01-31|sexta-feira|16:50:00|SC|101.0|PALHOCA|Ingestão de Álcool|Queda de ocupante de veículo|Com Vítimas Feridas|Pleno dia|Nublado|1|0|1|0
266194|2020-01-31|sexta-feira|13:45:00|PI|316.0|TERESINA|Falta de Atenção à Condução|Colisão lateral|Com Vítimas Feridas|Pleno dia|Nublado|2|0|1|0
266195|2020-01-31|sexta-feira|13:00:00|BA|235.0|JEREMOABO|Defeito na Via|Colisão com objeto estático|Com Vítimas Feridas|Pleno dia|Céu Claro|1|0|1|0
266196|2020-01-31|sexta-feira|16:55:00|SC|470.0|BLUMENAU|Desobediência às normas de trânsito pelo condutor|Colisão lateral|Com Vítimas Feridas|Pleno dia|Céu Claro|2|0|1|0
266197|2020-01-31|sexta-feira|15:45:00|SP|381.0|SAO PAULO|Velocidade Incompatível|Saída de leito carroçável|Sem Vítimas|Pleno dia|Céu Claro|1|0|0|0
266198|2020-01-26|domingo|12:05:00|PA|10.0|ULIANOPOLIS|Defeito Mecânico no Veículo|Saída de leito carroçável|Sem Vítimas|Pleno dia|Céu Claro|1|0|0|0
266199|2020-01-31|sexta-feira|08:00:00|MT|174.0|PONTES E LACERDA|Defeito na Via|Saída de leito carroçável|Com Vítimas Feridas|Pleno dia|Céu Claro|1|0|1|0
266200|2020-01-31|sexta-feira|16:30:00|PR|476.0|CURITIBA|Falta de Atenção à Condução|Colisão lateral|Com Vítimas Feridas|Pleno dia|Céu Claro|4|0|3|0
266201|2020-01-31|sexta-feira|16:45:00|PI|135.0|REDENCAO DO GURGUEIA|Desobediência às normas de trânsito pelo condutor|Colisão lateral|Com Vítimas Feridas|Pleno dia|Céu Claro|6|0|2|0
266202|2020-01-31|sexta-feira|16:40:00|PR|163.0|GUAIRA|Defeito na Via|Tombamento|Sem Vítimas|Pleno dia|Céu Claro|1|0|0|0
266203|2020-01-31|sexta-feira|17:20:00|SP|116.0|GUARULHOS|Não guardar distância de segurança|Colisão traseira|Com Vítimas Feridas|Anoitecer|Céu Claro|3|0|1|0
266204|2020-01-27|segunda-feira|08:50:00|BA|110.0|OLINDINA|Defeito Mecânico no Veículo|Saída de leito carroçável|Sem Vítimas|Pleno dia|Céu Claro|1|0|0|0
266206|2020-01-31|sexta-feira|12:36:00|RJ|40.0|DUQUE DE CAXIAS|Falta de Atenção à Condução|Colisão traseira|Com Vítimas Feridas|Pleno dia|Céu Claro|2|0|1|0
266207|2020-01-31|sexta-feira|17:23:00|ES|101.0|VIANA|Desobediência às normas de trânsito pelo condutor|Colisão lateral|Com Vítimas Feridas|Pleno dia|Céu Claro|2|0|1|0
266208|2020-01-31|sexta-feira|16:45:00|BA|116.0|SANTA BARBARA|Não guardar distância de segurança|Engavetamento|Com Vítimas Feridas|Pleno dia|Céu Claro|8|0|5|0
266209|2020-01-31|sexta-feira|15:30:00|PR|280.0|MARMELEIRO|Condutor Dormindo|Saída de leito carroçável|Com Vítimas Feridas|Pleno dia|Sol|2|0|2|0
266210|2020-01-31|sexta-feira|17:20:00|RJ|393.0|VOLTA REDONDA|Defeito Mecânico no Veículo|Colisão traseira|Sem Vítimas|Pleno dia|Céu Claro|3|0|0|0
266211|2020-01-31|sexta-feira|18:00:00|MG|50.0|UBERABA|Falta de Atenção à Condução|Colisão com objeto estático|Com Vítimas Feridas|Pleno dia|Céu Claro|1|0|1|0
266212|2020-01-31|sexta-feira|17:45:00|SC|101.0|ITAPEMA|Defeito Mecânico no Veículo|Tombamento|Com Vítimas Feridas|Pleno dia|Céu Claro|2|0|2|0
266213|2020-01-31|sexta-feira|18:00:00|SC|470.0|RIO DO SUL|Falta de Atenção à Condução|Colisão transversal|Com Vítimas Feridas|Anoitecer|Nublado|2|0|0|1
266214|2020-01-31|sexta-feira|18:00:00|SP|101.0|UBATUBA|Defeito Mecânico no Veículo|Tombamento|Com Vítimas Feridas|Anoitecer|Chuva|2|0|2|0
266215|2020-01-31|sexta-feira|16:20:00|PI|343.0|CAMPO MAIOR|Fenômenos da Natureza|Capotamento|Com Vítimas Feridas|Pleno dia|Chuva|2|0|2|0
266216|2020-01-31|sexta-feira|18:00:00|RJ|40.0|DUQUE DE CAXIAS|Não guardar distância de segurança|Colisão traseira|Com Vítimas Feridas|Anoitecer|Nublado|2|0|1|0
266217|2020-01-31|sexta-feira|18:10:00|MG|40.0|CRISTIANO OTONI|Objeto estático sobre o leito carroçável|Colisão traseira|Com Vítimas Feridas|Plena Noite|Chuva|7|0|3|1
266218|2020-01-31|sexta-feira|16:20:00|SC|101.0|JOINVILLE|Desobediência às normas de trânsito pelo condutor|Colisão traseira|Com Vítimas Feridas|Pleno dia|Sol|3|0|3|0
266219|2020-01-31|sexta-feira|16:30:00|RS|290.0|PORTO ALEGRE|Pista Escorregadia|Queda de ocupante de veículo|Com Vítimas Feridas|Pleno dia|Chuva|2|0|1|0
266220|2020-01-31|sexta-feira|18:20:00|TO|153.0|GUARAI|Desobediência às normas de trânsito pelo condutor|Colisão lateral|Com Vítimas Feridas|Pleno dia|Céu Claro|2|0|1|0
266222|2020-01-31|sexta-feira|16:05:00|MG|116.0|GOVERNADOR VALADARES|Falta de Atenção à Condução|Colisão lateral|Com Vítimas Feridas|Pleno dia|Céu Claro|2|0|1|0
266223|2020-01-31|sexta-feira|17:40:00|RS|116.0|GUAIBA|Falta de Atenção à Condução|Atropelamento de Pedestre|Com Vítimas Feridas|Pleno dia|Céu Claro|2|0|1|0
266224|2020-01-31|sexta-feira|18:30:00|AL|101.0|JUNQUEIRO|Falta de Atenção à Condução|Atropelamento de Pedestre|Com Vítimas Feridas|Plena Noite|Céu Claro|2|0|0|2
266226|2020-01-31|sexta-feira|18:45:00|RS|293.0|PELOTAS|Não guardar distância de segurança|Colisão lateral|Com Vítimas Feridas|Pleno dia|Nublado|2|0|1|0
266227|2020-01-31|sexta-feira|16:10:00|RO|364.0|JI-PARANA|Desobediência às normas de trânsito pelo condutor|Colisão transversal|Com Vítimas Feridas|Pleno dia|Céu Claro|2|0|1|0
266228|2020-01-31|sexta-feira|19:10:00|GO|153.0|GOIANIA|Falta de Atenção à Condução|Colisão traseira|Com Vítimas Feridas|Plena Noite|Céu Claro|7|0|2|0
266229|2020-01-31|sexta-feira|18:20:00|PR|369.0|JATAIZINHO|Falta de Atenção à Condução|Saída de leito carroçável|Sem Vítimas|Pleno dia|Céu Claro|1|0|0|0
266230|2020-01-31|sexta-feira|18:50:00|PE|316.0|BELEM DE SAO FRANCISCO|Animais na Pista|Atropelamento de Animal|Com Vítimas Fatais|Plena Noite|Céu Claro|2|1|0|1
266231|2020-01-31|sexta-feira|19:15:00|SC|470.0|INDAIAL|Falta de Atenção à Condução|Colisão traseira|Com Vítimas Feridas|Plena Noite|Céu Claro|5|0|4|0
266232|2020-01-31|sexta-feira|19:00:00|AL|101.0|JOAQUIM GOMES|Falta de Atenção à Condução|Colisão transversal|Com Vítimas Feridas|Plena Noite|Céu Claro|2|0|0|1
266233|2020-01-31|sexta-feira|17:20:00|RJ|101.0|RIO DE JANEIRO|Falta de Atenção à Condução|Colisão traseira|Com Vítimas Fatais|Pleno dia|Céu Claro|2|1|0|0
266234|2020-01-31|sexta-feira|19:10:00|PE|101.0|RECIFE|Falta de Atenção à Condução|Colisão transversal|Com Vítimas Feridas|Plena Noite|Céu Claro|2|0|1|0
266235|2020-01-31|sexta-feira|18:30:00|MS|158.0|PARANAIBA|Restrição de Visibilidade|Colisão com objeto em movimento|Com Vítimas Feridas|Plena Noite|Chuva|2|0|1|0
266236|2020-01-31|sexta-feira|18:25:00|PR|153.0|SANTO ANTONIO DA PLATINA|Falta de Atenção à Condução|Queda de ocupante de veículo|Com Vítimas Feridas|Pleno dia|Céu Claro|1|0|1|0
266237|2020-01-31|sexta-feira|10:30:00|RO|364.0|OURO PRETO DO OESTE|Defeito na Via|Colisão lateral|Com Vítimas Feridas|Pleno dia|Sol|3|0|1|0
266238|2020-01-31|sexta-feira|19:30:00|MG|40.0|ITABIRITO|Defeito Mecânico no Veículo|Colisão traseira|Com Vítimas Feridas|Plena Noite|Nublado|5|0|3|1
266239|2020-01-31|sexta-feira|19:00:00|GO|40.0|LUZIANIA|Defeito Mecânico no Veículo|Queda de ocupante de veículo|Com Vítimas Feridas|Plena Noite|Nublado|1|0|1|0
266240|2020-01-31|sexta-feira|19:45:00|RS|101.0|TRES CACHOEIRAS|Falta de Atenção à Condução|Colisão lateral|Com Vítimas Feridas|Plena Noite|Chuva|3|0|2|0
266241|2020-01-13|segunda-feira|10:58:00|PR|476.0|PAULO FRONTIN|Mal Súbito|Queda de ocupante de veículo|Com Vítimas Feridas|Pleno dia|Céu Claro|1|0|0|1
266242|2020-01-31|sexta-feira|16:08:00|MT|163.0|NOVA MUTUM|Pista Escorregadia|Capotamento|Com Vítimas Feridas|Pleno dia|Chuva|2|0|1|0
266243|2020-01-31|sexta-feira|19:30:00|SP|116.0|GUARULHOS|Falta de Atenção à Condução|Colisão traseira|Com Vítimas Feridas|Plena Noite|Nublado|2|0|1|0
266244|2020-01-31|sexta-feira|13:05:00|GO|40.0|LUZIANIA|Falta de Atenção à Condução|Colisão lateral|Com Vítimas Feridas|Pleno dia|Céu Claro|3|0|1|0
266245|2020-01-31|sexta-feira|20:00:00|PR|369.0|CORBELIA|Desobediência às normas de trânsito pelo condutor|Colisão lateral|Sem Vítimas|Anoitecer|Céu Claro|2|0|0|0
266246|2020-01-31|sexta-feira|20:25:00|RS|101.0|OSORIO|Falta de Atenção do Pedestre|Atropelamento de Pedestre|Com Vítimas Feridas|Plena Noite|Chuva|4|0|0|1
266247|2020-01-31|sexta-feira|19:40:00|TO|153.0|ARAGUAINA|Ingestão de álcool e/ou substâncias psicoativas pelo pedestre|Colisão traseira|Sem Vítimas|Anoitecer|Céu Claro|2|0|0|0
266248|2020-01-31|sexta-feira|20:00:00|SC|101.0|SAO JOSE|Falta de Atenção à Condução|Colisão lateral|Com Vítimas Feridas|Plena Noite|Chuva|2|0|1|0
266249|2020-01-31|sexta-feira|20:35:00|SC|101.0|JOINVILLE|Ultrapassagem Indevida|Colisão frontal|Com Vítimas Feridas|Plena Noite|Céu Claro|3|0|1|0
266250|2020-01-31|sexta-feira|20:20:00|PE|423.0|PARANATAMA|Desobediência às normas de trânsito pelo condutor|Colisão frontal|Sem Vítimas|Plena Noite|Céu Claro|6|0|0|0
266251|2020-01-31|sexta-feira|20:15:00|SC|101.0|ITAJAI|Falta de Atenção à Condução|Colisão traseira|Com Vítimas Feridas|Plena Noite|Céu Claro|2|0|1|0
266252|2020-01-31|sexta-feira|19:20:00|BA|242.0|BARREIRAS|Ingestão de Álcool|Colisão traseira|Sem Vítimas|Plena Noite|Céu Claro|2|0|0|0
266253|2020-01-31|sexta-feira|18:50:00|MG|116.0|CARATINGA|Falta de Atenção à Condução|Colisão frontal|Com Vítimas Feridas|Plena Noite|Céu Claro|3|0|2|0
266254|2020-01-31|sexta-feira|15:00:00|PR|277.0|CANTAGALO|Falta de Atenção à Condução|Colisão transversal|Com Vítimas Feridas|Pleno dia|Céu Claro|2|0|1|0
266256|2020-01-31|sexta-feira|18:35:00|MG|381.0|CAMANDUCAIA|Falta de Atenção à Condução|Tombamento|Com Vítimas Feridas|Pleno dia|Chuva|1|0|1|0
266257|2020-01-31|sexta-feira|18:20:00|MG|262.0|MANHUACU|Falta de Atenção à Condução|Colisão frontal|Com Vítimas Feridas|Anoitecer|Céu Claro|3|0|1|0
266258|2020-01-31|sexta-feira|21:00:00|PE|232.0|SAO CAITANO|Falta de Atenção à Condução|Colisão traseira|Com Vítimas Feridas|Plena Noite|Nublado|4|0|2|0
266259|2020-01-31|sexta-feira|20:30:00|MG|381.0|EXTREMA|Falta de Atenção à Condução|Colisão transversal|Com Vítimas Feridas|Plena Noite|Chuva|6|0|3|0
266260|2020-01-31|sexta-feira|20:50:00|PR|116.0|CURITIBA|Agressão Externa|Atropelamento de Pedestre|Com Vítimas Feridas|Plena Noite|Céu Claro|1|0|1|0
266261|2020-01-31|sexta-feira|21:10:00|MG|116.0|TEOFILO OTONI|Desobediência às normas de trânsito pelo condutor|Colisão transversal|Com Vítimas Feridas|Plena Noite|Céu Claro|2|0|1|0
266262|2020-01-31|sexta-feira|19:10:00|RR|174.0|BOA VISTA|Desobediência às normas de trânsito pelo condutor|Colisão traseira|Com Vítimas Feridas|Plena Noite|Céu Claro|2|0|1|0
266263|2020-01-31|sexta-feira|20:50:00|GO|153.0|HIDROLANDIA|Animais na Pista|Saída de leito carroçável|Com Vítimas Feridas|Plena Noite|Céu Claro|5|0|3|0
266264|2020-01-31|sexta-feira|21:00:00|DF|251.0|BRASILIA|Ingestão de Álcool|Atropelamento de Pedestre|Com Vítimas Feridas|Plena Noite|Nublado|3|0|3|0
266277|2020-01-31|sexta-feira|20:45:00|MT|163.0|RONDONOPOLIS|Falta de Atenção à Condução|Saída de leito carroçável|Com Vítimas Feridas|Plena Noite|Garoa/Chuvisco|1|0|1|0