id|data_inversa|dia_semana|horario|uf|br|municipio|causa_acidente|tipo_acidente|classificacao_acidente|fase_dia|condicao_metereologica|pessoas|mortos|feridos_leves|feridos_graves
266800|2020-02-03|segunda-feira|05:30:00|PI|343.0|CAMPO MAIOR|Animais na Pista|Atropelamento de Animal|Com Vítimas Feridas|Amanhecer|Nublado|2|0|1|1
266801|2020-02-03|segunda-feira|03:00:00|AC|364.0|RIO BRANCO|Defeito na Via|Danos eventuais|Com Vítimas Feridas|Plena Noite|Chuva|1|0|0|1
266802|2020-02-03|segunda-feira|05:00:00|MT|163.0|SORRISO|Animais na Pista|Capotamento|Com Vítimas Feridas|Amanhecer|Céu Claro|1|0|0|1
266803|2020-02-03|segunda-feira|06:20:00|PR|116.0|FAZENDA RIO GRANDE|Falta de Atenção à Condução|Colisão traseira|Com Vítimas Feridas|Pleno dia|Céu Claro|2|0|1|0
266804|2020-02-02|domingo|19:45:00|MG|381.0|BELO HORIZONTE|Animais na Pista|Atropelamento de Animal|Com Vítimas Feridas|Pleno dia|Céu Claro|3|0|0|2
266805|2020-02-03|segunda-feira|05:40:00|GO|153.0|GOIANIA|Falta de Atenção do Pedestre|Atropelamento de Pedestre|Com Vítimas Feridas|Amanhecer|Ignorado|2|0|1|0
266806|2020-02-03|segunda-feira|06:30:00|GO|153.0|GOIANIA|Ingestão de Álcool|Colisão traseira|Sem Vítimas|Pleno dia|Céu Claro|2|0|0|0
266807|2020-02-03|segunda-feira|07:00:00|DF|20.0|BRASILIA|Ingestão de Álcool|Colisão traseira|Sem Vítimas|Pleno dia|Sol|2|0|0|0
266808|2020-02-03|segunda-feira|06:45:00|RS|116.0|PELOTAS|Defeito Mecânico no Veículo|Colisão com objeto estático|Sem Vítimas|Pleno dia|Céu Claro|1|0|0|0
266809|2020-02-03|segunda-feira|01:15:00|PR|476.0|UNIAO DA VITORIA|Falta de Atenção à Condução|Colisão lateral|Sem Vítimas|Plena Noite|Nublado|2|0|0|0
266810|2020-02-03|segunda-feira|04:15:00|SC|282.0|RANCHO QUEIMADO|Velocidade Incompatível|Colisão frontal|Com Vítimas Feridas|Plena Noite|Chuva|2|0|0|1
266811|2020-02-03|segunda-feira|06:40:00|MG|50.0|UBERLANDIA|Condutor Dormindo|Saída de leito carroçável|Com Vítimas Feridas|Pleno dia|Céu Claro|1|0|1|0
266812|2020-02-03|segunda-feira|01:30:00|SC|470.0|LONTRAS|Velocidade Incompatível|Colisão com objeto estático|Sem Vítimas|Plena Noite|Chuva|1|0|0|0
266813|2020-02-03|segunda-feira|07:20:00|RS|290.0|PORTO ALEGRE|Falta de Atenção à Condução|Colisão lateral|Com Vítimas Feridas|Pleno dia|Céu Claro|3|0|2|0
266814|2020-02-03|segunda-feira|07:30:00|SP|116.0|GUARATINGUETA|Defeito Mecânico no Veículo|Tombamento|Com Vítimas Feridas|Amanhecer|Céu Claro|2|0|2|0
266815|2020-02-03|segunda-feira|07:30:00|RS|290.0|PORTO ALEGRE|Falta de Atenção à Condução|Colisão lateral|Com Vítimas Feridas|Pleno dia|Nublado|2|0|1|0
266816|2020-02-03|segunda-feira|07:30:00|PE|101.0|IGARASSU|Desobediência às normas de trânsito pelo condutor|Colisão lateral|Sem Vítimas|Pleno dia|Céu Claro|3|0|0|0
266817|2020-02-03|segunda-feira|07:30:00|PR|116.0|CAMPINA GRANDE DO SUL|Falta de Atenção à Condução|Saída de leito carroçável|Com Vítimas Feridas|Pleno dia|Garoa/Chuvisco|2|0|1|0
266818|2020-02-03|segunda-feira|07:20:00|SC|101.0|TUBARAO|Condutor Dormindo|Colisão lateral|Com Vítimas Feridas|Pleno dia|Céu Claro|5|0|1|0
266819|2020-02-03|segunda-feira|02:00:00|AC|364.0|SENADOR GUIOMARD|Falta de Atenção à Condução|Saída de leito carroçável|Com Vítimas Fatais|Plena Noite|Céu Claro|1|1|0|0
266820|2020-02-03|segunda-feira|07:40:00|SP|116.0|GUARULHOS|Falta de Atenção à Condução|Colisão traseira|Com Vítimas Feridas|Pleno dia|Chuva|2|0|1|0
266821|2020-02-03|segunda-feira|07:20:00|RJ|116.0|GUAPIMIRIM|Animais na Pista|Colisão traseira|Com Vítimas Feridas|Pleno dia|Nublado|2|0|1|0
266822|2020-02-03|segunda-feira|07:55:00|PR|376.0|MARINGA|Falta de Atenção à Condução|Colisão traseira|Com Vítimas Feridas|Pleno dia|Nublado|2|0|1|0
266823|2020-02-03|segunda-feira|06:45:00|PR|277.0|CASCAVEL|Falta de Atenção à Condução|Colisão transversal|Com Vítimas Feridas|Pleno dia|Céu Claro|2|0|0|1
266824|2020-02-03|segunda-feira|07:50:00|PR|376.0|MARINGA|Falta de Atenção à Condução|Colisão transversal|Com Vítimas Feridas|Pleno dia|Nublado|2|0|1|0
266825|2020-02-03|segunda-feira|04:45:00|MA|135.0|ALTO ALEGRE DO MARANHAO|Condutor Dormindo|Tombamento|Sem Vítimas|Plena Noite|Céu Claro|2|0|0|0
266826|2020-02-03|segunda-feira|07:40:00|SC|153.0|CONCORDIA|Desobediência às normas de trânsito pelo condutor|Colisão frontal|Com Vítimas Feridas|Pleno dia|Céu Claro|5|0|3|1
266827|2020-02-03|segunda-feira|07:46:00|PB|230.0|JOAO PESSOA|Pista Escorregadia|Queda de ocupante de veículo|Com Vítimas Feridas|Pleno dia|Chuva|2|0|2|0
266828|2020-02-03|segunda-feira|07:20:00|BA|101.0|FEIRA DE SANTANA|Condutor Dormindo|Colisão traseira|Com Vítimas Feridas|Pleno dia|Céu Claro|5|0|3|0
266829|2020-02-03|segunda-feira|08:25:00|RN|101.0|NATAL|Falta de Atenção à Condução|Colisão traseira|Com Vítimas Feridas|Pleno dia|Sol|2|0|1|0
266830|2020-02-03|segunda-feira|06:30:00|ES|262.0|VIANA|Falta de Atenção à Condução|Colisão com objeto estático|Com Vítimas Feridas|Pleno dia|Céu Claro|1|0|0|1
266831|2020-02-03|segunda-feira|08:10:00|SC|101.0|PALHOCA|Não guardar distância de segurança|Colisão traseira|Com Vítimas Feridas|Pleno dia|Garoa/Chuvisco|2|0|1|0
266832|2020-02-03|segunda-feira|08:20:00|BA|324.0|SIMOES FILHO|Falta de Atenção à Condução|Queda de ocupante de veículo|Com Vítimas Feridas|Pleno dia|Céu Claro|2|0|2|0
266833|2020-02-03|segunda-feira|08:10:00|MG|40.0|CONTAGEM|Desobediência às normas de trânsito pelo condutor|Colisão traseira|Com Vítimas Feridas|Pleno dia|Céu Claro|3|0|1|0
266834|2020-02-03|segunda-feira|08:30:00|SC|101.0|CAPIVARI DE BAIXO|Não guardar distância de segurança|Colisão traseira|Com Vítimas Feridas|Pleno dia|Sol|8|0|2|0
266835|2020-02-03|segunda-feira|09:00:00|CE|116.0|PACAJUS|Desobediência às normas de trânsito pelo condutor|Colisão traseira|Com Vítimas Feridas|Pleno dia|Chuva|2|0|2|0
266836|2020-02-03|segunda-feira|09:05:00|PE|101.0|RECIFE|Velocidade Incompatível|Saída de leito carroçável|Com Vítimas Feridas|Pleno dia|Chuva|3|0|3|0
266837|2020-02-03|segunda-feira|08:00:00|SC|101.0|CAPIVARI DE BAIXO|Falta de Atenção à Condução|Colisão lateral|Com Vítimas Feridas|Pleno dia|Céu Claro|3|0|1|0
266838|2020-02-03|segunda-feira|07:55:00|GO|153.0|ANAPOLIS|Defeito Mecânico no Veículo|Colisão com objeto estático|Com Vítimas Feridas|Pleno dia|Céu Claro|1|0|1|0
266839|2020-01-18|sábado|16:25:00|SC|470.0|IBIRAMA|Velocidade Incompatível|Colisão lateral|Sem Vítimas|Pleno dia|Sol|2|0|0|0
266840|2020-02-03|segunda-feira|08:30:00|SC|282.0|AGUAS MORNAS|Pista Escorregadia|Queda de ocupante de veículo|Com Vítimas Feridas|Pleno dia|Céu Claro|1|0|1|0
266841|2020-02-03|segunda-feira|07:10:00|PE|232.0|SERRA TALHADA|Ultrapassagem Indevida|Colisão lateral|Com Vítimas Feridas|Pleno dia|Garoa/Chuvisco|3|0|0|2
266843|2020-02-03|segunda-feira|09:30:00|PE|101.0|JABOATAO DOS GUARARAPES|Desobediência às normas de trânsito pelo condutor|Colisão transversal|Com Vítimas Feridas|Pleno dia|Céu Claro|2|0|1|0
266844|2020-02-03|segunda-feira|09:30:00|SE|235.0|ITABAIANA|Falta de Atenção à Condução|Colisão transversal|Com Vítimas Feridas|Pleno dia|Céu Claro|3|0|1|0
266845|2020-02-03|segunda-feira|10:15:00|MG|365.0|GUIMARANIA|Desobediência às normas de trânsito pelo condutor|Colisão lateral|Com Vítimas Feridas|Pleno dia|Céu Claro|2|0|1|1
266846|2020-02-03|segunda-feira|10:10:00|MG|40.0|JUIZ DE FORA|Defeito Mecânico no Veículo|Queda de ocupante de veículo|Com Vítimas Feridas|Pleno dia|Nublado|2|0|2|0
266847|2020-02-03|segunda-feira|06:40:00|PI|135.0|BOM JESUS|Defeito na Via|Saída de leito carroçável|Com Vítimas Feridas|Amanhecer|Céu Claro|2|0|1|1
266848|2020-02-03|segunda-feira|07:40:00|RJ|101.0|ANGRA DOS REIS|Falta de Atenção à Condução|Colisão transversal|Com Vítimas Feridas|Pleno dia|Nublado|2|0|1|0
266849|2020-02-03|segunda-feira|10:35:00|GO|60.0|TEREZOPOLIS DE GOIAS|Falta de Atenção à Condução|Colisão lateral|Com Vítimas Feridas|Pleno dia|Céu Claro|3|0|2|0
266851|2020-02-03|segunda-feira|10:30:00|PR|116.0|CAMPINA GRANDE DO SUL|Falta de Atenção à Condução|Saída de leito carroçável|Com Vítimas Feridas|Pleno dia|Chuva|3|0|1|0
266852|2020-02-03|segunda-feira|10:40:00|PE|408.0|PAUDALHO|Mal Súbito|Saída de leito carroçável|Com Vítimas Feridas|Pleno dia|Sol|1|0|0|1
266853|2020-02-03|segunda-feira|09:35:00|GO|40.0|LUZIANIA|Avarias e/ou desgaste excessivo no pneu|Colisão traseira|Com Vítimas Feridas|Pleno dia|Nublado|6|0|5|0
266856|2020-02-03|segunda-feira|10:40:00|MG|40.0|SIMAO PEREIRA|Falta de Atenção à Condução|Saída de leito carroçável|Com Vítimas Feridas|Pleno dia|Céu Claro|2|0|1|0
266857|2020-02-03|segunda-feira|09:30:00|PB|104.0|ALCANTIL|Velocidade Incompatível|Tombamento|Com Vítimas Feridas|Pleno dia|Céu Claro|2|0|0|2
266858|2020-02-03|segunda-feira|11:00:00|PR|277.0|MATELANDIA|Avarias e/ou desgaste excessivo no pneu|Saída de leito carroçável|Com Vítimas Feridas|Pleno dia|Céu Claro|1|0|1|0
266859|2020-02-03|segunda-feira|10:45:00|SP|116.0|SAO PAULO|Pista Escorregadia|Colisão frontal|Com Vítimas Feridas|Pleno dia|Chuva|6|0|2|0
266860|2020-02-03|segunda-feira|10:30:00|GO|40.0|CRISTALINA|Falta de Atenção à Condução|Colisão transversal|Com Vítimas Feridas|Pleno dia|Sol|3|0|1|0
266861|2020-02-03|segunda-feira|08:20:00|GO|153.0|RIANAPOLIS|Falta de Atenção à Condução|Colisão lateral|Com Vítimas Feridas|Pleno dia|Céu Claro|3|0|0|1
266862|2020-02-03|segunda-feira|11:30:00|BA|116.0|FEIRA DE SANTANA|Não guardar distância de segurança|Colisão traseira|Sem Vítimas|Pleno dia|Céu Claro|2|0|0|0
266863|2020-01-23|quinta-feira|18:30:00|SP|116.0|GUARULHOS|Falta de Atenção à Condução|Colisão traseira|Sem Vítimas|Pleno dia|Céu Claro|1|0|0|0
266864|2020-02-03|segunda-feira|10:25:00|RS|287.0|SAO PEDRO DO SUL|Velocidade Incompatível|Colisão traseira|Com Vítimas Feridas|Pleno dia|Céu Claro|3|0|1|0
266865|2020-02-03|segunda-feira|07:50:00|PA|10.0|IRITUIA|Restrição de Visibilidade|Capotamento|Com Vítimas Feridas|Pleno dia|Céu Claro|1|0|1|0
266868|2020-02-03|segunda-feira|11:00:00|RJ|465.0|NOVA IGUACU|Falta de Atenção do Pedestre|Atropelamento de Pedestre|Com Vítimas Feridas|Pleno dia|Céu Claro|2|0|1|0
266870|2020-02-03|segunda-feira|08:30:00|PA|316.0|SANTA MARIA DO PARA|Falta de Atenção à Condução|Colisão traseira|Com Vítimas Feridas|Pleno dia|Sol|8|0|1|0
266871|2020-02-03|segunda-feira|12:40:00|SC|101.0|SAO JOSE|Não guardar distância de segurança|Colisão traseira|Sem Vítimas|Pleno dia|Sol|4|0|0|0
266872|2020-02-03|segunda-feira|12:00:00|MG|381.0|SAO JOAQUIM DE BICAS|Falta de Atenção à Condução|Colisão traseira|Sem Vítimas|Pleno dia|Céu Claro|3|0|0|0
266873|2020-02-03|segunda-feira|12:50:00|SP|381.0|BRAGANCA PAULISTA|Pista Escorregadia|Saída de leito carroçável|Sem Vítimas|Pleno dia|Garoa/Chuvisco|1|0|0|0
266874|2020-02-03|segunda-feira|12:35:00|BA|116.0|SANTO ESTEVAO|Falta de Atenção à Condução|Colisão traseira|Com Vítimas Feridas|Pleno dia|Céu Claro|3|0|1|0
266875|2020-02-03|segunda-feira|12:15:00|BA|101.0|EUNAPOLIS|Falta de Atenção à Condução|Colisão lateral|Com Vítimas Feridas|Pleno dia|Sol|2|0|1|0
266876|2020-02-03|segunda-feira|05:00:00|AM|319.0|CAREIRO|Animais na Pista|Atropelamento de Animal|Com Vítimas Feridas|Amanhecer|Céu Claro|5|0|2|0
266877|2020-02-03|segunda-feira|13:00:00|RJ|465.0|NOVA IGUACU|Falta de Atenção do Pedestre|Atropelamento de Pedestre|Com Vítimas Feridas|Pleno dia|Céu Claro|2|0|1|0
266878|2020-02-03|segunda-feira|12:30:00|PR|373.0|CORONEL VIVIDA|Desobediência às normas de trânsito pelo condutor|Colisão frontal|Com Vítimas Feridas|Pleno dia|Sol|5|0|0|1
266879|2020-02-03|segunda-feira|10:20:00|RO|364.0|PIMENTA BUENO|Defeito Mecânico no Veículo|Incêndio|Sem Vítimas|Pleno dia|Céu Claro|1|0|0|0
266880|2020-02-03|segunda-feira|13:20:00|PR|376.0|PONTA GROSSA|Falta de Atenção à Condução|Colisão traseira|Com Vítimas Feridas|Pleno dia|Nublado|3|0|0|1
266881|2020-02-03|segunda-feira|12:30:00|GO|20.0|ALVORADA DO NORTE|Falta de Atenção à Condução|Capotamento|Com Vítimas Feridas|Pleno dia|Chuva|2|0|2|0
266883|2020-02-03|segunda-feira|08:15:00|AC|364.0|SENA MADUREIRA|Falta de Atenção à Condução|Colisão frontal|Com Vítimas Feridas|Pleno dia|Céu Claro|5|0|1|0
266885|2020-02-03|segunda-feira|14:10:00|SC|470.0|ILHOTA|Falta de Atenção à Condução|Colisão traseira|Com Vítimas Feridas|Pleno dia|Céu Claro|3|0|1|0
266886|2020-02-03|segunda-feira|13:30:00|SC|282.0|SAO JOSE DO CERRITO|Pista Escorregadia|Saída de leito carroçável|Com Vítimas Fatais|Pleno dia|Chuva|4|1|2|1
266887|2020-02-03|segunda-feira|14:10:00|BA|242.0|IBOTIRAMA|Velocidade Incompatível|Saída de leito carroçável|Com Vítimas Feridas|Pleno dia|Nublado|3|0|2|0
266888|2020-02-03|segunda-feira|10:25:00|SC|480.0|CHAPECO|Velocidade Incompatível|Queda de ocupante de veículo|Com Vítimas Feridas|Pleno dia|Céu Claro|1|0|1|0
266889|2020-02-03|segunda-feira|13:50:00|PR|376.0|CURITIBA|Falta de Atenção à Condução|Colisão lateral|Com Vítimas Feridas|Pleno dia|Nublado|2|0|1|0
266890|2020-02-03|segunda-feira|13:50:00|PR|467.0|CASCAVEL|Defeito Mecânico no Veículo|Saída de leito carroçável|Com Vítimas Feridas|Pleno dia|Céu Claro|2|0|1|1
266891|2020-01-22|quarta-feira|18:30:00|MG|381.0|BRUMADINHO|Defeito Mecânico no Veículo|Engavetamento|Com Vítimas Feridas|Anoitecer|Nublado|5|0|2|0
266892|2020-02-03|segunda-feira|14:00:00|RS|116.0|CANOAS|Falta de Atenção à Condução|Colisão transversal|Com Vítimas Feridas|Pleno dia|Céu Claro|2|0|1|0
266893|2020-02-03|segunda-feira|14:20:00|DF|251.0|BRASILIA|Desobediência às normas de trânsito pelo condutor|Colisão traseira|Com Vítimas Feridas|Pleno dia|Céu Claro|2|0|2|0
266894|2020-02-03|segunda-feira|07:40:00|SC|101.0|CAPIVARI DE BAIXO|Não guardar distância de segurança|Colisão traseira|Com Vítimas Feridas|Pleno dia|Céu Claro|2|0|1|0
266895|2020-02-03|segunda-feira|14:40:00|SP|116.0|GUARULHOS|Falta de Atenção à Condução|Colisão traseira|Com Vítimas Feridas|Pleno dia|Nublado|2|0|1|0
266897|2020-02-03|segunda-feira|15:00:00|PA|153.0|SAO DOMINGOS DO ARAGUAIA|Não guardar distância de segurança|Colisão traseira|Com Vítimas Feridas|Pleno dia|Garoa/Chuvisco|1|0|1|0
266898|2020-02-03|segunda-feira|14:20:00|GO|60.0|GOIANIA|Velocidade Incompatível|Saída de leito carroçável|Sem Vítimas|Pleno dia|Chuva|1|0|0|0
266900|2020-02-03|segunda-feira|15:00:00|MG|40.0|SANTOS DUMONT|Pista Escorregadia|Saída de leito carroçável|Com Vítimas Feridas|Pleno dia|Chuva|1|0|1|0
266901|2020-02-03|segunda-feira|15:00:00|SP|381.0|SAO PAULO|Velocidade Incompatível|Saída de leito carroçável|Com Vítimas Feridas|Pleno dia|Chuva|1|0|1|0
266902|2020-02-03|segunda-feira|15:20:00|RN|101.0|NATAL|Velocidade Incompatível|Colisão com objeto estático|Com Vítimas Feridas|Pleno dia|Céu Claro|1|0|1|0
266903|2020-02-03|segunda-feira|14:50:00|BA|330.0|BARRA DO ROCHA|Falta de Atenção à Condução|Queda de ocupante de veículo|Com Vítimas Feridas|Pleno dia|Sol|1|0|0|1
266904|2020-02-03|segunda-feira|14:17:00|RJ|101.0|ITABORAI|Restrição de Visibilidade|Queda de ocupante de veículo|Com Vítimas Feridas|Pleno dia|Sol|2|0|1|0
266905|2020-02-03|segunda-feira|15:50:00|MG|153.0|PRATA|Falta de Atenção à Condução|Colisão transversal|Com Vítimas Feridas|Pleno dia|Nublado|6|0|1|3
266906|2020-02-03|segunda-feira|15:35:00|CE|116.0|AQUIRAZ|Desobediência às normas de trânsito pelo condutor|Colisão traseira|Com Vítimas Feridas|Pleno dia|Céu Claro|2|0|1|0
266907|2020-02-03|segunda-feira|13:10:00|MT|70.0|GENERAL CARNEIRO|Velocidade Incompatível|Capotamento|Com Vítimas Feridas|Pleno dia|Nublado|4|0|2|0
266908|2020-01-30|quinta-feira|13:00:00|PR|369.0|ARAPONGAS|Desobediência às normas de trânsito pelo condutor|Tombamento|Com Vítimas Feridas|Pleno dia|Nublado|1|0|1|0
266909|2020-02-03|segunda-feira|13:00:00|MG|116.0|GOVERNADOR VALADARES|Falta de Atenção à Condução|Colisão traseira|Com Vítimas Feridas|Pleno dia|Céu Claro|2|0|1|0
266910|2020-01-10|sexta-feira|22:45:00|MT|364.0|JANGADA|Falta de Atenção à Condução|Colisão traseira|Com Vítimas Feridas|Plena Noite|Céu Claro|2|0|0|1
266912|2020-02-03|segunda-feira|16:30:00|GO|452.0|SANTA HELENA DE GOIAS|Ultrapassagem Indevida|Colisão frontal|Com Vítimas Fatais|Anoitecer|Nublado|2|1|0|1
266913|2020-02-03|segunda-feira|14:25:00|MS|163.0|DOURADOS|Velocidade Incompatível|Colisão com objeto estático|Com Vítimas Feridas|Pleno dia|Nublado|1|0|1|0
266914|2020-02-03|segunda-feira|15:30:00|CE|304.0|ARACATI|Desobediência às normas de trânsito pelo condutor|Colisão lateral|Com Vítimas Feridas|Pleno dia|Céu Claro|4|0|1|1
266916|2020-02-03|segunda-feira|16:20:00|BA|116.0|VITORIA DA CONQUISTA|Desobediência às normas de trânsito pelo condutor|Colisão transversal|Com Vítimas Fatais|Pleno dia|Nublado|4|1|0|1
266917|2020-02-03|segunda-feira|14:20:00|PE|232.0|BEZERROS|Pista Escorregadia|Saída de leito carroçável|Com Vítimas Feridas|Pleno dia|Chuva|10|0|8|0
266918|2020-02-03|segunda-feira|15:45:00|SP|381.0|ATIBAIA|Não guardar distância de segurança|Colisão lateral|Com Vítimas Feridas|Pleno dia|Chuva|2|0|1|0
266919|2020-02-03|segunda-feira|13:30:00|AL|316.0|POCO DAS TRINCHEIRAS|Falta de Atenção à Condução|Saída de leito carroçável|Com Vítimas Feridas|Pleno dia|Céu Claro|1|0|1|0
266920|2020-02-03|segunda-feira|16:15:00|SC|282.0|PALHOCA|Desobediência às normas de trânsito pelo condutor|Colisão transversal|Com Vítimas Feridas|Pleno dia|Céu Claro|2|0|1|0
266921|2020-02-03|segunda-feira|17:00:00|ES|101.0|ARACRUZ|Não guardar distância de segurança|Colisão traseira|Com Vítimas Feridas|Pleno dia|Céu Claro|3|0|2|0
266922|2020-02-03|segunda-feira|17:00:00|SP|116.0|SAO PAULO|Falta de Atenção à Condução|Colisão traseira|Sem Vítimas|Pleno dia|Garoa/Chuvisco|2|0|0|0
266923|2020-02-03|segunda-feira|13:30:00|BA|116.0|FEIRA DE SANTANA|Desobediência às normas de trânsito pelo condutor|Colisão frontal|Com Vítimas Feridas|Pleno dia|Sol|3|0|1|0
266924|2020-02-03|segunda-feira|15:40:00|PI|135.0|JERUMENHA|Falta de Atenção à Condução|Colisão transversal|Com Vítimas Fatais|Pleno dia|Céu Claro|2|1|0|0
266925|2020-02-03|segunda-feira|17:30:00|RS|116.0|SAO LEOPOLDO|Não guardar distância de segurança|Colisão traseira|Com Vítimas Feridas|Pleno dia|Sol|3|0|2|0
266926|2020-02-03|segunda-feira|15:10:00|SC|280.0|JARAGUA DO SUL|Falta de Atenção à Condução|Queda de ocupante de veículo|Com Vítimas Feridas|Pleno dia|Chuva|2|0|2|0
266927|2020-02-03|segunda-feira|15:35:00|MS|267.0|RIO BRILHANTE|Falta de Atenção à Condução|Tombamento|Com Vítimas Feridas|Pleno dia|Garoa/Chuvisco|1|0|1|0
266928|2020-02-03|segunda-feira|13:42:00|RO|435.0|COLORADO DO OESTE|Falta de Atenção à Condução|Colisão transversal|Com Vítimas Feridas|Pleno dia|Nublado|2|0|1|0
266929|2020-02-03|segunda-feira|16:10:00|MG|381.0|SAO JOAQUIM DE BICAS|Falta de Atenção à Condução|Atropelamento de Pedestre|Com Vítimas Feridas|Pleno dia|Nublado|2|0|2|0
266930|2020-02-03|segunda-feira|17:50:00|SC|101.0|TUBARAO|Falta de Atenção à Condução|Colisão transversal|Com Vítimas Feridas|Pleno dia|Nublado|2|0|1|0
266932|2020-02-03|segunda-feira|17:40:00|SC|280.0|GUARAMIRIM|Falta de Atenção à Condução|Colisão transversal|Com Vítimas Feridas|Pleno dia|Nublado|2|0|1|0
266933|2020-02-03|segunda-feira|17:50:00|MG|381.0|TRES CORACOES|Velocidade Incompatível|Saída de leito carroçável|Com Vítimas Feridas|Pleno dia|Nublado|1|0|1|0
266934|2020-02-03|segunda-feira|12:35:00|SC|280.0|IRINEOPOLIS|Falta de Atenção à Condução|Saída de leito carroçável|Com Vítimas Feridas|Pleno dia|Sol|2|0|0|2
266935|2020-02-03|segunda-feira|13:30:00|MG|116.0|SANTA RITA DE MINAS|Falta de Atenção à Condução|Tombamento|Com Vítimas Fatais|Pleno dia|Céu Claro|2|1|0|0
266938|2020-02-03|segunda-feira|14:30:00|BA|101.0|URUCUCA|Velocidade Incompatível|Colisão lateral|Com Vítimas Feridas|Pleno dia|Nublado|4|0|2|0
266939|2020-02-03|segunda-feira|19:00:00|SP|153.0|SAO JOSE DO RIO PRETO|Desobediência às normas de trânsito pelo condutor|Colisão lateral|Com Vítimas Feridas|Anoitecer|Nublado|3|0|1|0
266941|2020-02-03|segunda-feira|17:45:00|MT|163.0|DIAMANTINO|Pista Escorregadia|Colisão frontal|Com Vítimas Feridas|Anoitecer|Ignorado|6|0|2|4
266942|2020-02-03|segunda-feira|19:05:00|PR|116.0|CURITIBA|Falta de Atenção à Condução|Colisão lateral|Com Vítimas Feridas|Plena Noite|Céu Claro|2|0|1|0
266943|2020-02-03|segunda-feira|14:10:00|SC|282.0|LAGES|Defeito Mecânico no Veículo|Incêndio|Sem Vítimas|Pleno dia|Céu Claro|1|0|0|0
266944|2020-02-03|segunda-feira|19:35:00|PE|101.0|RECIFE|Falta de Atenção do Pedestre|Atropelamento de Pedestre|Com Vítimas Feridas|Plena Noite|Céu Claro|2|0|0|2
266945|2020-02-03|segunda-feira|19:45:00|SC|101.0|SAO JOSE|Velocidade Incompatível|Queda de ocupante de veículo|Com Vítimas Feridas|Anoitecer|Nublado|2|0|2|0
266947|2020-02-03|segunda-feira|19:55:00|SC|282.0|PALHOCA|Desobediência às normas de trânsito pelo condutor|Colisão frontal|Com Vítimas Feridas|Plena Noite|Nublado|4|0|1|0
266948|2020-02-03|segunda-feira|20:15:00|GO|70.0|COCALZINHO DE GOIAS|Fenômenos da Natureza|Atropelamento de Animal|Com Vítimas Feridas|Plena Noite|Chuva|1|0|0|1
266949|2020-02-03|segunda-feira|19:15:00|PR|369.0|ARAPONGAS|Animais na Pista|Atropelamento de Animal|Com Vítimas Feridas|Plena Noite|Garoa/Chuvisco|1|0|0|1
266950|2020-02-03|segunda-feira|12:00:00|SP|116.0|BARRA DO TURVO|Falta de Atenção à Condução|Saída de leito carroçável|Com Vítimas Fatais|Pleno dia|Garoa/Chuvisco|3|1|1|0
266951|2020-01-23|quinta-feira|05:42:00|SP|116.0|GUARULHOS|Não guardar distância de segurança|Colisão traseira|Sem Vítimas|Amanhecer|Ignorado|2|0|0|0
266952|2020-02-03|segunda-feira|20:00:00|RJ|356.0|ITAPERUNA|Defeito na Via|Tombamento|Com Vítimas Feridas|Plena Noite|Céu Claro|1|0|1|0
266953|2020-02-03|segunda-feira|13:30:00|SP|116.0|BARRA DO TURVO|Pista Escorregadia|Colisão com objeto estático|Sem Vítimas|Pleno dia|Chuva|4|0|0|0
266954|2020-02-03|segunda-feira|20:30:00|SP|116.0|JUQUITIBA|Velocidade Incompatível|Saída de leito carroçável|Com Vítimas Feridas|Plena Noite|Garoa/Chuvisco|2|0|2|0
266955|2020-02-03|segunda-feira|16:30:00|MT|163.0|GUARANTA DO NORTE|Velocidade Incompatível|Colisão lateral|Com Vítimas Feridas|Pleno dia|Chuva|2|0|0|1
266956|2020-02-03|segunda-feira|15:40:00|RO|364.0|OURO PRETO DO OESTE|Falta de Atenção à Condução|Saída de leito carroçável|Com Vítimas Feridas|Pleno dia|Nublado|1|0|0|1
266957|2020-02-03|segunda-feira|20:30:00|BA|101.0|MUCURI|Falta de Atenção à Condução|Queda de ocupante de veículo|Com Vítimas Feridas|Plena Noite|Céu Claro|1|0|0|1
266958|2020-02-03|segunda-feira|21:21:00|PR|376.0|TIBAGI|Velocidade Incompatível|Saída de leito carroçável|Com Vítimas Feridas|Plena Noite|Céu Claro|2|0|1|0
266960|2020-02-03|segunda-feira|19:25:00|PR|376.0|MARIALVA|Falta de Atenção do Pedestre|Colisão com objeto em movimento|Com Vítimas Feridas|Plena Noite|Céu Claro|4|0|0|2
266961|2020-02-03|segunda-feira|20:25:00|RO|364.0|PORTO VELHO|Falta de Atenção à Condução|Colisão lateral|Com Vítimas Feridas|Plena Noite|Céu Claro|4|0|1|1
266962|2020-02-03|segunda-feira|19:20:00|RS|386.0|TRIUNFO|Defeito Mecânico no Veículo|Colisão lateral|Com Vítimas Feridas|Anoitecer|Céu Claro|4|0|1|0
266963|2020-02-03|segunda-feira|19:30:00|RJ|116.0|PIRAI|Pista Escorregadia|Colisão com objeto estático|Com Vítimas Feridas|Plena Noite|Chuva|1|0|1|0
266964|2020-02-03|segunda-feira|21:40:00|MG|262.0|CAMPO FLORIDO|Animais na Pista|Colisão com objeto estático|Sem Vítimas|Plena Noite|Nublado|2|0|0|0