id|data_inversa|dia_semana|horario|uf|br|municipio|causa_acidente|tipo_acidente|classificacao_acidente|fase_dia|condicao_metereologica|pessoas|mortos|feridos_leves|feridos_graves
268057|2020-02-08|sábado|18:50:00|RJ|116.0|PORTO REAL|Falta de Atenção à Condução|Colisão lateral|Com Vítimas Feridas|Plena Noite|Céu Claro|2|0|1|0
268058|2020-02-08|sábado|12:30:00|SP|381.0|MAIRIPORA|Desobediência às normas de trânsito pelo condutor|Danos eventuais|Sem Vítimas|Pleno dia|Céu Claro|3|0|0|0
268059|2020-02-08|sábado|19:00:00|PA|10.0|SANTA MARIA DO PARA|Velocidade Incompatível|Saída de leito carroçável|Com Vítimas Feridas|Plena Noite|Garoa/Chuvisco|2|0|2|0
268060|2020-02-08|sábado|19:00:00|DF|40.0|BRASILIA|Defeito Mecânico no Veículo|Queda de ocupante de veículo|Com Vítimas Feridas|Plena Noite|Chuva|2|0|1|0
268061|2020-02-08|sábado|19:20:00|SC|101.0|PALHOCA|Falta de Atenção à Condução|Colisão traseira|Sem Vítimas|Plena Noite|Nublado|2|0|0|0
268062|2020-02-08|sábado|17:40:00|SC|470.0|CAMPOS NOVOS|Falta de Atenção à Condução|Colisão transversal|Com Vítimas Fatais|Pleno dia|Céu Claro|4|1|1|1
268063|2020-02-08|sábado|18:30:00|MS|262.0|CORUMBA|Falta de Atenção à Condução|Colisão traseira|Com Vítimas Fatais|Plena Noite|Céu Claro|2|1|0|0
268064|2020-02-08|sábado|19:35:00|MG|40.0|CONSELHEIRO LAFAIETE|Desobediência às normas de trânsito pelo condutor|Colisão transversal|Com Vítimas Feridas|Plena Noite|Chuva|6|0|3|1
268065|2020-02-08|sábado|19:50:00|MG|262.0|NOVA SERRANA|Velocidade Incompatível|Colisão traseira|Com Vítimas Fatais|Plena Noite|Céu Claro|2|1|0|0
268066|2020-02-08|sábado|19:00:00|MG|381.0|EXTREMA|Falta de Atenção à Condução|Colisão traseira|Com Vítimas Feridas|Anoitecer|Céu Claro|2|0|1|0
268067|2020-02-08|sábado|20:15:00|CE|116.0|HORIZONTE|Ingestão de Álcool|Colisão lateral|Com Vítimas Feridas|Plena Noite|Céu Claro|3|0|1|0
268068|2020-02-08|sábado|19:00:00|TO|153.0|GUARAI|Desobediência às normas de trânsito pelo condutor|Colisão lateral|Com Vítimas Feridas|Plena Noite|Nublado|5|0|3|0
268069|2020-02-08|sábado|19:45:00|DF|60.0|BRASILIA|Falta de Atenção do Pedestre|Atropelamento de Pedestre|Com Vítimas Feridas|Pleno dia|Chuva|2|0|0|1
268070|2020-02-08|sábado|20:00:00|DF|40.0|BRASILIA|Ingestão de álcool e/ou substâncias psicoativas pelo pedestre|Colisão traseira|Sem Vítimas|Plena Noite|Nublado|2|0|0|0
268071|2020-02-08|sábado|20:20:00|SC|101.0|BALNEARIO CAMBORIU|Falta de Atenção à Condução|Tombamento|Com Vítimas Feridas|Plena Noite|Céu Claro|1|0|0|1
268072|2020-02-08|sábado|20:30:00|RN|304.0|MACAIBA|Ingestão de Álcool|Colisão frontal|Com Vítimas Feridas|Plena Noite|Céu Claro|2|0|1|0
268073|2020-02-08|sábado|20:40:00|PI|316.0|TERESINA|Não guardar distância de segurança|Colisão traseira|Com Vítimas Feridas|Plena Noite|Nublado|2|0|1|0
268074|2020-02-08|sábado|20:30:00|SP|381.0|SAO PAULO|Falta de Atenção do Pedestre|Atropelamento de Pedestre|Com Vítimas Fatais|Plena Noite|Céu Claro|2|1|0|0
268075|2020-02-08|sábado|20:50:00|PR|376.0|SAO JOSE DOS PINHAIS|Falta de Atenção à Condução|Colisão traseira|Com Vítimas Feridas|Plena Noite|Céu Claro|2|0|1|0
268076|2020-02-08|sábado|19:50:00|PR|277.0|SAO JOSE DOS PINHAIS|Ingestão de Álcool|Colisão com objeto estático|Com Vítimas Feridas|Plena Noite|Céu Claro|1|0|1|0
268077|2020-02-08|sábado|20:00:00|GO|452.0|SANTA HELENA DE GOIAS|Falta de Atenção à Condução|Colisão transversal|Com Vítimas Feridas|Plena Noite|Céu Claro|2|0|1|0
268078|2020-02-08|sábado|21:20:00|SC|470.0|INDAIAL|Desobediência às normas de trânsito pelo pedestre|Atropelamento de Pedestre|Com Vítimas Feridas|Plena Noite|Garoa/Chuvisco|2|0|2|0
268079|2020-02-08|sábado|18:00:00|SP|116.0|CAJATI|Condutor Dormindo|Tombamento|Com Vítimas Feridas|Anoitecer|Céu Claro|3|0|1|0
268080|2020-02-08|sábado|20:40:00|GO|153.0|GOIANIA|Ingestão de Álcool|Colisão com objeto estático|Com Vítimas Feridas|Plena Noite|Chuva|2|0|2|0
268081|2020-02-08|sábado|21:00:00|RS|158.0|SANTA MARIA|Ingestão de Álcool|Colisão lateral|Sem Vítimas|Plena Noite|Céu Claro|3|0|0|0
268082|2020-02-08|sábado|20:10:00|MG|116.0|CARATINGA|Objeto estático sobre o leito carroçável|Colisão com objeto estático|Com Vítimas Feridas|Plena Noite|Céu Claro|5|0|2|0
268083|2020-02-08|sábado|20:30:00|ES|101.0|SERRA|Falta de Atenção à Condução|Colisão transversal|Com Vítimas Feridas|Plena Noite|Céu Claro|3|0|0|2
268084|2020-02-08|sábado|21:00:00|SP|116.0|GUARULHOS|Avarias e/ou desgaste excessivo no pneu|Saída de leito carroçável|Com Vítimas Feridas|Plena Noite|Nublado|1|0|1|0
268085|2020-02-08|sábado|19:00:00|RJ|101.0|MANGARATIBA|Falta de Atenção à Condução|Saída de leito carroçável|Sem Vítimas|Plena Noite|Céu Claro|1|0|0|0
268087|2020-02-08|sábado|20:00:00|PR|277.0|MORRETES|Falta de Atenção à Condução|Colisão com objeto estático|Com Vítimas Feridas|Plena Noite|Nublado|2|0|2|0
268088|2020-02-08|sábado|21:50:00|RN|101.0|SAO JOSE DE MIPIBU|Falta de Atenção do Pedestre|Atropelamento de Pedestre|Com Vítimas Feridas|Plena Noite|Céu Claro|2|0|0|2
268089|2020-02-08|sábado|16:40:00|RS|101.0|TRES FORQUILHAS|Falta de Atenção à Condução|Saída de leito carroçável|Com Vítimas Feridas|Pleno dia|Chuva|2|0|0|1
268090|2020-02-08|sábado|22:00:00|RJ|101.0|ANGRA DOS REIS|Desobediência às normas de trânsito pelo condutor|Colisão transversal|Com Vítimas Feridas|Plena Noite|Céu Claro|2|0|0|1
268091|2020-02-08|sábado|22:15:00|SC|101.0|BALNEARIO CAMBORIU|Animais na Pista|Atropelamento de Animal|Com Vítimas Feridas|Plena Noite|Nublado|2|0|2|0
268092|2020-02-08|sábado|19:30:00|SC|280.0|JARAGUA DO SUL|Ingestão de Álcool|Colisão frontal|Com Vítimas Feridas|Plena Noite|Nublado|2|0|1|0
268093|2020-02-08|sábado|22:00:00|CE|222.0|CAUCAIA|Falta de Atenção à Condução|Colisão transversal|Com Vítimas Feridas|Plena Noite|Céu Claro|2|0|0|1
268094|2020-02-08|sábado|18:30:00|MG|262.0|REDUTO|Ingestão de Álcool|Colisão lateral|Sem Vítimas|Plena Noite|Nublado|3|0|0|0
268095|2020-02-08|sábado|22:00:00|PR|277.0|FOZ DO IGUACU|Ingestão de Álcool|Saída de leito carroçável|Sem Vítimas|Plena Noite|Céu Claro|1|0|0|0
268096|2020-02-08|sábado|22:20:00|MG|40.0|CURVELO|Falta de Atenção à Condução|Saída de leito carroçável|Com Vítimas Feridas|Plena Noite|Nublado|2|0|1|0
268097|2020-02-08|sábado|18:30:00|MG|381.0|EXTREMA|Condutor Dormindo|Saída de leito carroçável|Com Vítimas Feridas|Plena Noite|Nublado|2|0|2|0
268098|2020-02-08|sábado|22:00:00|PR|476.0|CURITIBA|Falta de Atenção do Pedestre|Atropelamento de Pedestre|Com Vítimas Feridas|Plena Noite|Nublado|3|0|0|1
268099|2020-02-08|sábado|22:00:00|BA|324.0|SIMOES FILHO|Falta de Atenção à Condução|Colisão lateral|Com Vítimas Feridas|Plena Noite|Céu Claro|2|0|2|0
268100|2020-02-08|sábado|20:30:00|RS|116.0|CAXIAS DO SUL|Desobediência às normas de trânsito pelo condutor|Colisão lateral|Sem Vítimas|Plena Noite|Chuva|2|0|0|0
268101|2020-02-08|sábado|22:00:00|MS|163.0|CAMPO GRANDE|Desobediência às normas de trânsito pelo condutor|Atropelamento de Pedestre|Com Vítimas Feridas|Plena Noite|Céu Claro|2|0|2|0
268102|2020-02-08|sábado|19:30:00|MA|135.0|MIRANDA DO NORTE|Falta de Atenção à Condução|Colisão frontal|Com Vítimas Fatais|Plena Noite|Garoa/Chuvisco|3|2|0|0
268103|2020-02-08|sábado|23:00:00|SC|101.0|PORTO BELO|Defeito Mecânico no Veículo|Queda de ocupante de veículo|Com Vítimas Feridas|Plena Noite|Chuva|1|0|1|0
268104|2020-02-08|sábado|23:30:00|PR|116.0|QUATRO BARRAS|Desobediência às normas de trânsito pelo condutor|Colisão com objeto estático|Com Vítimas Feridas|Plena Noite|Céu Claro|1|0|0|1
268105|2020-02-08|sábado|22:20:00|DF|60.0|BRASILIA|Ingestão de Álcool|Queda de ocupante de veículo|Com Vítimas Feridas|Plena Noite|Garoa/Chuvisco|1|0|1|0
268106|2020-02-08|sábado|21:45:00|SC|282.0|NOVA ERECHIM|Falta de Atenção à Condução|Colisão traseira|Com Vítimas Feridas|Plena Noite|Céu Claro|1|0|1|0
268107|2020-02-08|sábado|22:30:00|CE|116.0|FORTALEZA|Desobediência às normas de trânsito pelo condutor|Colisão traseira|Sem Vítimas|Plena Noite|Céu Claro|3|0|0|0
268108|2020-02-08|sábado|18:30:00|BA|330.0|JEQUIE|Falta de Atenção à Condução|Colisão com objeto em movimento|Com Vítimas Feridas|Plena Noite|Nublado|3|0|1|2
268109|2020-02-08|sábado|20:00:00|GO|153.0|ANAPOLIS|Ingestão de Álcool|Colisão com objeto estático|Sem Vítimas|Plena Noite|Céu Claro|1|0|0|0
268110|2020-02-08|sábado|23:40:00|SE|101.0|SAO CRISTOVAO|Velocidade Incompatível|Capotamento|Sem Vítimas|Plena Noite|Céu Claro|1|0|0|0
268111|2020-02-08|sábado|22:15:00|PR|153.0|CAMBARA|Falta de Atenção à Condução|Colisão traseira|Com Vítimas Feridas|Plena Noite|Nublado|3|0|1|1
268112|2020-02-09|domingo|00:05:00|PR|373.0|PONTA GROSSA|Ingestão de Álcool|Colisão traseira|Sem Vítimas|Plena Noite|Nublado|2|0|0|0
268114|2020-02-08|sábado|21:50:00|PE|423.0|GARANHUNS|Ingestão de Álcool|Colisão frontal|Com Vítimas Fatais|Plena Noite|Céu Claro|4|2|0|1
268115|2020-02-08|sábado|23:50:00|PB|230.0|CAMPINA GRANDE|Animais na Pista|Atropelamento de Animal|Com Vítimas Feridas|Plena Noite|Céu Claro|1|0|1|0
268116|2020-02-08|sábado|23:00:00|SC|470.0|ILHOTA|Ingestão de Álcool|Colisão com objeto estático|Com Vítimas Fatais|Plena Noite|Nublado|4|1|2|1
268117|2020-02-08|sábado|11:45:00|PR|116.0|QUITANDINHA|Condutor Dormindo|Colisão traseira|Com Vítimas Feridas|Plena Noite|Nublado|4|0|2|0
268118|2020-02-09|domingo|01:00:00|PR|376.0|MARINGA|Falta de Atenção à Condução|Colisão traseira|Com Vítimas Feridas|Plena Noite|Céu Claro|2|0|1|0
268119|2020-02-08|sábado|21:45:00|RN|405.0|MOSSORO|Ingestão de Álcool|Colisão traseira|Com Vítimas Feridas|Plena Noite|Céu Claro|2|0|1|0
268120|2020-02-09|domingo|01:50:00|SP|153.0|SAO JOSE DO RIO PRETO|Falta de Atenção à Condução|Tombamento|Com Vítimas Feridas|Plena Noite|Nublado|1|0|1|0
268121|2020-02-09|domingo|01:30:00|PB|230.0|JOAO PESSOA|Velocidade Incompatível|Saída de leito carroçável|Sem Vítimas|Plena Noite|Nevoeiro/Neblina|1|0|0|0
268122|2020-02-08|sábado|23:32:00|PE|232.0|CARUARU|Animais na Pista|Atropelamento de Animal|Sem Vítimas|Plena Noite|Céu Claro|1|0|0|0
268123|2020-02-08|sábado|19:30:00|MT|70.0|GENERAL CARNEIRO|Velocidade Incompatível|Saída de leito carroçável|Com Vítimas Fatais|Plena Noite|Chuva|2|1|1|0
268124|2020-02-09|domingo|00:20:00|SC|480.0|CHAPECO|Falta de Atenção à Condução|Saída de leito carroçável|Sem Vítimas|Plena Noite|Céu Claro|1|0|0|0
268125|2020-02-08|sábado|23:52:00|PE|232.0|CARUARU|Falta de Atenção à Condução|Colisão lateral|Sem Vítimas|Plena Noite|Céu Claro|2|0|0|0
268126|2020-02-09|domingo|01:20:00|AP|210.0|MACAPA|Velocidade Incompatível|Saída de leito carroçável|Sem Vítimas|Plena Noite|Chuva|1|0|0|0
268127|2020-02-09|domingo|00:40:00|PE|232.0|CARUARU|Ingestão de Álcool|Colisão lateral|Com Vítimas Feridas|Plena Noite|Céu Claro|2|0|1|0
268128|2020-02-09|domingo|02:00:00|RS|386.0|ESTRELA|Falta de Atenção à Condução|Saída de leito carroçável|Com Vítimas Feridas|Plena Noite|Garoa/Chuvisco|1|0|1|0
268129|2020-02-09|domingo|00:50:00|DF|20.0|BRASILIA|Falta de Atenção à Condução|Colisão lateral|Com Vítimas Feridas|Plena Noite|Chuva|5|0|1|0
268130|2020-02-09|domingo|00:50:00|CE|222.0|UMIRIM|Animais na Pista|Atropelamento de Animal|Com Vítimas Fatais|Plena Noite|Céu Claro|1|1|0|0
268132|2020-02-09|domingo|01:00:00|RJ|116.0|MAGE|Falta de Atenção do Pedestre|Atropelamento de Pedestre|Com Vítimas Feridas|Plena Noite|Nublado|2|0|0|1
268133|2020-02-09|domingo|02:00:00|PR|376.0|MARINGA|Falta de Atenção à Condução|Colisão traseira|Com Vítimas Feridas|Plena Noite|Céu Claro|2|0|1|0
268134|2020-02-09|domingo|02:00:00|GO|364.0|JATAI|Ingestão de Álcool|Saída de leito carroçável|Sem Vítimas|Plena Noite|Nublado|1|0|0|0
268135|2020-02-09|domingo|02:10:00|PR|153.0|JACAREZINHO|Falta de Atenção à Condução|Capotamento|Com Vítimas Feridas|Plena Noite|Nublado|2|0|2|0
268136|2020-02-09|domingo|03:45:00|SP|116.0|EMBU DAS ARTES|Velocidade Incompatível|Colisão traseira|Com Vítimas Fatais|Plena Noite|Céu Claro|8|1|0|4
268138|2020-02-09|domingo|02:40:00|MT|70.0|BARRA DO GARCAS|Ingestão de Álcool|Tombamento|Com Vítimas Feridas|Plena Noite|Garoa/Chuvisco|1|0|1|0
268139|2020-02-09|domingo|01:50:00|RJ|40.0|DUQUE DE CAXIAS|Velocidade Incompatível|Saída de leito carroçável|Sem Vítimas|Plena Noite|Céu Claro|1|0|0|0
268141|2020-02-09|domingo|04:15:00|TO|226.0|DARCINOPOLIS|Velocidade Incompatível|Colisão com objeto estático|Com Vítimas Feridas|Plena Noite|Chuva|1|0|1|0
268142|2020-02-09|domingo|03:45:00|MG|40.0|NOVA LIMA|Falta de Atenção do Pedestre|Atropelamento de Pedestre|Com Vítimas Feridas|Plena Noite|Chuva|2|0|1|0
268143|2020-02-09|domingo|03:15:00|CE|222.0|SAO GONCALO DO AMARANTE|Ingestão de Álcool|Colisão lateral|Sem Vítimas|Plena Noite|Céu Claro|2|0|0|0
268144|2020-02-09|domingo|03:30:00|MG|40.0|RIBEIRAO DAS NEVES|Falta de Atenção à Condução|Saída de leito carroçável|Com Vítimas Feridas|Plena Noite|Nublado|3|0|2|0
268145|2020-02-09|domingo|04:00:00|PR|369.0|CORBELIA|Ingestão de Álcool|Colisão com objeto estático|Com Vítimas Feridas|Plena Noite|Céu Claro|2|0|2|0
268146|2020-02-09|domingo|04:40:00|GO|50.0|CRISTALINA|Ingestão de Álcool|Queda de ocupante de veículo|Sem Vítimas|Plena Noite|Céu Claro|1|0|0|0
268147|2020-02-09|domingo|04:40:00|RS|290.0|SANTO ANTONIO DA PATRULHA|Condutor Dormindo|Saída de leito carroçável|Com Vítimas Feridas|Plena Noite|Nublado|3|0|2|0
268148|2020-02-09|domingo|01:30:00|MG|116.0|MEDINA|Velocidade Incompatível|Capotamento|Com Vítimas Feridas|Plena Noite|Nublado|2|0|2|0
268149|2020-02-08|sábado|23:20:00|GO|60.0|GOIANIA|Ingestão de Álcool|Colisão com objeto estático|Sem Vítimas|Plena Noite|Nublado|1|0|0|0
268150|2020-02-09|domingo|04:45:00|PR|277.0|CURITIBA|Falta de Atenção à Condução|Colisão lateral|Com Vítimas Feridas|Plena Noite|Céu Claro|3|0|1|0
268151|2020-02-09|domingo|05:15:00|RS|116.0|CRISTAL|Desobediência às normas de trânsito pelo condutor|Colisão frontal|Com Vítimas Feridas|Plena Noite|Nublado|3|0|0|2
268152|2020-02-09|domingo|05:40:00|RS|116.0|CAXIAS DO SUL|Defeito Mecânico no Veículo|Tombamento|Com Vítimas Feridas|Amanhecer|Garoa/Chuvisco|5|0|1|0
268153|2020-02-09|domingo|04:30:00|RJ|393.0|SAPUCAIA|Condutor Dormindo|Colisão com objeto estático|Com Vítimas Feridas|Plena Noite|Céu Claro|1|0|1|0
268154|2020-02-05|quarta-feira|21:40:00|RJ|101.0|SAO GONCALO|Falta de Atenção à Condução|Engavetamento|Com Vítimas Feridas|Plena Noite|Chuva|6|0|1|0
268155|2020-02-09|domingo|06:10:00|SP|116.0|GUARULHOS|Falta de Atenção à Condução|Saída de leito carroçável|Com Vítimas Feridas|Pleno dia|Sol|4|0|1|0
268156|2020-02-09|domingo|05:35:00|SC|101.0|BALNEARIO CAMBORIU|Ingestão de Álcool|Colisão frontal|Sem Vítimas|Amanhecer|Nublado|1|0|0|0
268157|2020-02-09|domingo|04:30:00|MG|116.0|ENGENHEIRO CALDAS|Condutor Dormindo|Saída de leito carroçável|Com Vítimas Fatais|Plena Noite|Céu Claro|2|2|0|0
268158|2020-02-08|sábado|22:00:00|MA|230.0|BARAO DE GRAJAU|Desobediência às normas de trânsito pelo condutor|Queda de ocupante de veículo|Com Vítimas Feridas|Plena Noite|Nublado|3|0|1|0
268159|2020-02-09|domingo|06:30:00|BA|116.0|VITORIA DA CONQUISTA|Ultrapassagem Indevida|Saída de leito carroçável|Com Vítimas Feridas|Pleno dia|Céu Claro|5|0|5|0
268160|2020-02-09|domingo|04:40:00|MG|116.0|GOVERNADOR VALADARES|Condutor Dormindo|Saída de leito carroçável|Com Vítimas Feridas|Pleno dia|Céu Claro|1|0|0|1
268161|2020-02-09|domingo|06:40:00|SC|470.0|GASPAR|Ingestão de Álcool|Capotamento|Com Vítimas Feridas|Amanhecer|Céu Claro|1|0|1|0
268162|2020-02-09|domingo|07:05:00|MG|381.0|BRUMADINHO|Velocidade Incompatível|Saída de leito carroçável|Com Vítimas Feridas|Pleno dia|Chuva|2|0|1|0
268163|2020-02-09|domingo|06:40:00|PR|116.0|CURITIBA|Velocidade Incompatível|Saída de leito carroçável|Com Vítimas Feridas|Amanhecer|Nublado|1|0|1|0
268164|2020-02-09|domingo|07:40:00|MG|40.0|BELO HORIZONTE|Falta de Atenção do Pedestre|Atropelamento de Pedestre|Com Vítimas Feridas|Pleno dia|Nublado|2|0|1|1
268165|2020-02-09|domingo|05:40:00|SC|101.0|ICARA|Ingestão de Álcool|Colisão com objeto estático|Sem Vítimas|Amanhecer|Sol|1|0|0|0
268166|2020-02-09|domingo|06:40:00|SC|101.0|BALNEARIO CAMBORIU|Falta de Atenção à Condução|Tombamento|Com Vítimas Feridas|Amanhecer|Céu Claro|1|0|0|1
268168|2020-01-22|quarta-feira|08:25:00|RS|153.0|BAGE|Condutor Dormindo|Saída de leito carroçável|Com Vítimas Feridas|Pleno dia|Céu Claro|1|0|1|0
268169|2020-02-09|domingo|08:00:00|SC|101.0|SOMBRIO|Defeito Mecânico no Veículo|Tombamento|Com Vítimas Feridas|Pleno dia|Nublado|2|0|2|0
268170|2020-02-09|domingo|08:30:00|PI|343.0|PARNAIBA|Ingestão de Álcool|Colisão com objeto estático|Com Vítimas Feridas|Pleno dia|Céu Claro|1|0|1|0
268171|2020-02-09|domingo|05:00:00|PA|10.0|AURORA DO PARA|Falta de Atenção à Condução|Colisão traseira|Com Vítimas Feridas|Amanhecer|Céu Claro|6|0|3|0
268172|2020-02-09|domingo|07:55:00|MG|381.0|BETIM|Falta de Atenção à Condução|Colisão lateral|Com Vítimas Feridas|Pleno dia|Nublado|5|0|4|0
268173|2020-02-09|domingo|07:25:00|MG|381.0|JAGUARACU|Falta de Atenção à Condução|Saída de leito carroçável|Com Vítimas Feridas|Pleno dia|Nublado|1|0|1|0
268174|2020-02-09|domingo|07:00:00|RS|290.0|ELDORADO DO SUL|Condutor Dormindo|Saída de leito carroçável|Sem Vítimas|Pleno dia|Nublado|1|0|0|0
268175|2020-02-09|domingo|08:55:00|MG|50.0|UBERLANDIA|Defeito Mecânico no Veículo|Colisão com objeto em movimento|Com Vítimas Feridas|Pleno dia|Chuva|2|0|1|0
268177|2020-02-09|domingo|09:30:00|RJ|116.0|PIRAI|Velocidade Incompatível|Colisão com objeto estático|Com Vítimas Feridas|Pleno dia|Céu Claro|2|0|2|0
268178|2020-02-09|domingo|06:50:00|RS|287.0|SAO BORJA|Falta de Atenção do Pedestre|Atropelamento de Pedestre|Com Vítimas Feridas|Pleno dia|Céu Claro|5|0|0|1
268179|2020-02-09|domingo|07:10:00|SP|381.0|SAO PAULO|Desobediência às normas de trânsito pelo condutor|Colisão lateral|Com Vítimas Feridas|Pleno dia|Céu Claro|3|0|2|0
268180|2020-02-09|domingo|09:35:00|CE|116.0|PACAJUS|Desobediência às normas de trânsito pelo condutor|Colisão transversal|Com Vítimas Feridas|Pleno dia|Céu Claro|1|0|1|0
268181|2020-02-09|domingo|09:20:00|SP|153.0|BADY BASSITT|Não guardar distância de segurança|Colisão lateral|Com Vítimas Feridas|Pleno dia|Nublado|4|0|1|0
268182|2020-02-09|domingo|06:20:00|RO|435.0|CEREJEIRAS|Desobediência às normas de trânsito pelo condutor|Colisão transversal|Com Vítimas Feridas|Pleno dia|Céu Claro|2|0|1|0
268183|2020-02-09|domingo|10:20:00|GO|60.0|RIO VERDE|Velocidade Incompatível|Saída de leito carroçável|Com Vítimas Feridas|Pleno dia|Garoa/Chuvisco|2|0|1|1
268184|2020-02-09|domingo|07:50:00|MG|262.0|REDUTO|Ingestão de Álcool|Saída de leito carroçável|Com Vítimas Feridas|Pleno dia|Nublado|1|0|0|1
268185|2020-02-09|domingo|10:30:00|MG|381.0|ESTIVA|Velocidade Incompatível|Colisão com objeto estático|Com Vítimas Feridas|Pleno dia|Chuva|3|0|2|0
268186|2020-02-09|domingo|09:30:00|SC|101.0|BIGUACU|Ingestão de Álcool|Colisão com objeto estático|Com Vítimas Feridas|Pleno dia|Nublado|2|0|1|0
268187|2020-02-09|domingo|10:40:00|SC|280.0|GUARAMIRIM|Mal Súbito|Saída de leito carroçável|Com Vítimas Feridas|Pleno dia|Sol|1|0|1|0
268188|2020-02-09|domingo|10:30:00|PI|316.0|PICOS|Falta de Atenção à Condução|Colisão lateral|Sem Vítimas|Pleno dia|Sol|1|0|0|0
268189|2020-02-09|domingo|10:00:00|MT|364.0|DIAMANTINO|Ingestão de Álcool|Colisão lateral|Com Vítimas Feridas|Pleno dia|Nublado|2|0|1|0
268192|2020-02-09|domingo|10:00:00|PR|277.0|CEU AZUL|Ultrapassagem Indevida|Colisão lateral|Com Vítimas Feridas|Pleno dia|Céu Claro|4|0|2|2
268193|2020-02-09|domingo|10:50:00|PR|369.0|CASCAVEL|Desobediência às normas de trânsito pelo pedestre|Atropelamento de Pedestre|Com Vítimas Feridas|Pleno dia|Sol|2|0|1|0
268194|2020-02-09|domingo|11:10:00|SC|282.0|PALHOCA|Desobediência às normas de trânsito pelo condutor|Colisão lateral|Com Vítimas Feridas|Pleno dia|Nublado|3|0|1|0
268195|2020-02-09|domingo|08:30:00|PI|343.0|CAMPO MAIOR|Avarias e/ou desgaste excessivo no pneu|Tombamento|Com Vítimas Feridas|Pleno dia|Nublado|2|0|2|0
268197|2020-02-09|domingo|09:00:00|CE|222.0|IRAUCUBA|Falta de Atenção à Condução|Colisão com objeto estático|Sem Vítimas|Pleno dia|Céu Claro|1|0|0|0
268198|2020-02-09|domingo|11:10:00|RJ|40.0|TRES RIOS|Velocidade Incompatível|Tombamento|Com Vítimas Feridas|Pleno dia|Céu Claro|1|0|1|0
268200|2020-02-09|domingo|11:20:00|SC|101.0|PALHOCA|Falta de Atenção à Condução|Queda de ocupante de veículo|Com Vítimas Feridas|Pleno dia|Nublado|2|0|1|0
268202|2020-02-09|domingo|11:40:00|GO|153.0|GOIANIA|Defeito Mecânico no Veículo|Tombamento|Com Vítimas Feridas|Pleno dia|Chuva|2|0|1|1
268203|2020-02-09|domingo|11:40:00|RJ|116.0|RIO DE JANEIRO|Falta de Atenção à Condução|Colisão lateral|Com Vítimas Feridas|Pleno dia|Sol|5|0|2|0
268204|2020-02-09|domingo|12:50:00|ES|101.0|CARIACICA|Falta de Atenção à Condução|Colisão traseira|Com Vítimas Feridas|Pleno dia|Sol|3|0|1|0
268206|2020-02-09|domingo|09:30:00|RJ|101.0|NITEROI|Falta de Atenção à Condução|Colisão lateral|Com Vítimas Feridas|Pleno dia|Sol|2|0|1|0
268207|2020-02-09|domingo|12:30:00|CE|222.0|CAUCAIA|Falta de Atenção à Condução|Colisão traseira|Sem Vítimas|Pleno dia|Nublado|2|0|0|0
268208|2020-02-09|domingo|13:09:00|SC|280.0|JARAGUA DO SUL|Falta de Atenção do Pedestre|Atropelamento de Pedestre|Com Vítimas Feridas|Pleno dia|Céu Claro|2|0|0|1
268209|2020-02-09|domingo|12:45:00|ES|101.0|LINHARES|Falta de Atenção à Condução|Colisão transversal|Com Vítimas Feridas|Pleno dia|Céu Claro|2|0|0|1
268210|2020-02-09|domingo|08:45:00|MT|70.0|DOM AQUINO|Falta de Atenção à Condução|Saída de leito carroçável|Com Vítimas Feridas|Pleno dia|Garoa/Chuvisco|1|0|1|0
268211|2020-02-09|domingo|06:30:00|MT|364.0|CAMPOS DE JULIO|Falta de Atenção à Condução|Colisão lateral|Sem Vítimas|Amanhecer|Garoa/Chuvisco|2|0|0|0
268212|2020-02-09|domingo|11:00:00|MG|381.0|CAMANDUCAIA|Velocidade Incompatível|Saída de leito carroçável|Com Vítimas Feridas|Pleno dia|Chuva|1|0|1|0
268213|2020-02-09|domingo|13:30:00|MG|381.0|ITATIAIUCU|Mal Súbito|Queda de ocupante de veículo|Com Vítimas Feridas|Pleno dia|Nublado|1|0|1|0
268214|2020-02-09|domingo|13:30:00|SP|101.0|UBATUBA|Ingestão de Álcool|Saída de leito carroçável|Sem Vítimas|Pleno dia|Sol|1|0|0|0
268215|2020-02-09|domingo|12:40:00|SP|116.0|PINDAMONHANGABA|Defeito Mecânico no Veículo|Colisão com objeto em movimento|Com Vítimas Fatais|Pleno dia|Céu Claro|2|1|0|0
268216|2020-02-09|domingo|13:30:00|MG|365.0|MONTE ALEGRE DE MINAS|Defeito na Via|Saída de leito carroçável|Com Vítimas Feridas|Pleno dia|Chuva|4|0|3|1
268217|2020-02-09|domingo|14:15:00|MG|381.0|CAMANDUCAIA|Pista Escorregadia|Saída de leito carroçável|Com Vítimas Feridas|Pleno dia|Chuva|4|0|4|0
268219|2020-02-09|domingo|14:20:00|RJ|393.0|VOLTA REDONDA|Falta de Atenção à Condução|Engavetamento|Com Vítimas Feridas|Pleno dia|Céu Claro|6|0|2|0
268220|2020-02-09|domingo|12:09:00|MG|153.0|CENTRALINA|Falta de Atenção à Condução|Saída de leito carroçável|Com Vítimas Feridas|Pleno dia|Chuva|2|0|0|1
268222|2020-02-09|domingo|13:15:00|RJ|101.0|PARATY|Ultrapassagem Indevida|Colisão frontal|Com Vítimas Feridas|Pleno dia|Céu Claro|2|0|0|2
268223|2020-02-09|domingo|13:30:00|MA|135.0|SAO LUIS|Falta de Atenção à Condução|Colisão lateral|Com Vítimas Feridas|Pleno dia|Nublado|3|0|2|0