id|data_inversa|dia_semana|horario|uf|br|municipio|causa_acidente|tipo_acidente|classificacao_acidente|fase_dia|condicao_metereologica|pessoas|mortos|feridos_leves|feridos_graves
268726|2020-02-12|quarta-feira|02:00:00|PE|101.0|IGARASSU|Velocidade Incompatível|Saída de leito carroçável|Sem Vítimas|Plena Noite|Nublado|1|0|0|0
268727|2020-02-12|quarta-feira|02:10:00|RS|470.0|BENTO GONCALVES|Ultrapassagem Indevida|Colisão lateral|Com Vítimas Feridas|Plena Noite|Céu Claro|2|0|1|0
268729|2020-02-12|quarta-feira|03:30:00|MT|158.0|AGUA BOA|Falta de Atenção à Condução|Saída de leito carroçável|Com Vítimas Feridas|Plena Noite|Céu Claro|3|0|1|0
268730|2020-02-12|quarta-feira|03:10:00|SC|101.0|ITAPEMA|Velocidade Incompatível|Colisão com objeto estático|Sem Vítimas|Plena Noite|Nublado|1|0|0|0
268731|2020-02-12|quarta-feira|02:50:00|SC|280.0|JARAGUA DO SUL|Falta de Atenção à Condução|Colisão lateral|Com Vítimas Feridas|Plena Noite|Nublado|2|0|0|1
268732|2020-02-12|quarta-feira|04:10:00|SE|101.0|CRISTINAPOLIS|Condutor Dormindo|Tombamento|Com Vítimas Feridas|Plena Noite|Céu Claro|1|0|1|0
268733|2020-02-12|quarta-feira|03:00:00|RS||PELOTAS|Defeito na Via|Colisão com objeto estático|Sem Vítimas|Plena Noite|Chuva|2|0|0|0
268734|2020-02-12|quarta-feira|03:30:00|PA|10.0|SANTA MARIA DO PARA|Defeito Mecânico no Veículo|Colisão com objeto estático|Com Vítimas Feridas|Plena Noite|Céu Claro|4|0|2|0
268736|2020-02-12|quarta-feira|04:25:00|MG|381.0|BETIM|Mal Súbito|Saída de leito carroçável|Com Vítimas Feridas|Amanhecer|Chuva|2|0|1|0
268737|2020-02-12|quarta-feira|05:30:00|AL|101.0|NOVO LINO|Falta de Atenção à Condução|Colisão com objeto estático|Com Vítimas Feridas|Amanhecer|Nublado|6|0|5|1
268738|2020-02-12|quarta-feira|05:30:00|SP|116.0|EMBU DAS ARTES|Defeito na Via|Tombamento|Com Vítimas Feridas|Amanhecer|Chuva|2|0|0|1
268739|2020-02-12|quarta-feira|06:00:00|MG|381.0|NOVA UNIAO|Condutor Dormindo|Colisão com objeto estático|Com Vítimas Feridas|Amanhecer|Chuva|5|0|0|4
268741|2020-02-12|quarta-feira|03:30:00|MG|356.0|EUGENOPOLIS|Ingestão de Álcool|Colisão frontal|Com Vítimas Feridas|Plena Noite|Chuva|4|0|0|3
268742|2020-02-11|terça-feira|23:15:00|RS|470.0|VERANOPOLIS|Ingestão de Álcool|Saída de leito carroçável|Sem Vítimas|Plena Noite|Céu Claro|2|0|0|0
268743|2020-02-12|quarta-feira|06:00:00|SP|116.0|TABOAO DA SERRA|Falta de Atenção à Condução|Colisão lateral|Com Vítimas Feridas|Pleno dia|Garoa/Chuvisco|2|0|1|0
268744|2020-02-12|quarta-feira|06:30:00|GO|50.0|CRISTALINA|Condutor Dormindo|Saída de leito carroçável|Com Vítimas Feridas|Amanhecer|Nublado|2|0|1|0
268745|2020-02-12|quarta-feira|07:00:00|PR|376.0|CURITIBA|Falta de Atenção à Condução|Colisão traseira|Com Vítimas Feridas|Pleno dia|Nublado|3|0|2|0
268746|2020-02-12|quarta-feira|07:00:00|DF|70.0|BRASILIA|Falta de Atenção à Condução|Colisão traseira|Com Vítimas Feridas|Pleno dia|Céu Claro|2|0|1|0
268747|2020-02-11|terça-feira|22:30:00|MG|262.0|NOVA SERRANA|Ingestão de Álcool|Colisão com objeto estático|Com Vítimas Feridas|Plena Noite|Chuva|1|0|1|0
268748|2020-02-12|quarta-feira|06:40:00|MG|262.0|MANHUACU|Pista Escorregadia|Colisão traseira|Com Vítimas Feridas|Pleno dia|Garoa/Chuvisco|2|0|1|0
268749|2020-02-12|quarta-feira|07:40:00|DF|70.0|BRASILIA|Não guardar distância de segurança|Colisão traseira|Com Vítimas Feridas|Pleno dia|Céu Claro|2|0|1|0
268750|2020-02-12|quarta-feira|07:55:00|RS|158.0|SANTA MARIA|Falta de Atenção à Condução|Colisão traseira|Com Vítimas Feridas|Pleno dia|Céu Claro|2|0|1|0
268751|2020-02-12|quarta-feira|05:50:00|SC|282.0|LAGES|Desobediência às normas de trânsito pelo condutor|Colisão frontal|Com Vítimas Fatais|Amanhecer|Céu Claro|2|1|0|0
268752|2020-02-12|quarta-feira|07:00:00|MA|135.0|SAO LUIS|Não guardar distância de segurança|Colisão lateral|Com Vítimas Feridas|Pleno dia|Nublado|2|0|0|1
268753|2020-02-12|quarta-feira|08:00:00|SC|282.0|PALHOCA|Falta de Atenção à Condução|Colisão transversal|Com Vítimas Feridas|Pleno dia|Nublado|2|0|1|0
268754|2020-02-12|quarta-feira|08:30:00|SC|280.0|ARAQUARI|Desobediência às normas de trânsito pelo condutor|Colisão transversal|Com Vítimas Feridas|Pleno dia|Sol|2|0|1|0
268755|2020-02-12|quarta-feira|08:30:00|GO|153.0|GOIANIA|Defeito Mecânico no Veículo|Engavetamento|Com Vítimas Feridas|Pleno dia|Céu Claro|6|0|1|1
268756|2020-02-12|quarta-feira|08:00:00|RN|101.0|EXTREMOZ|Falta de Atenção à Condução|Colisão lateral|Com Vítimas Feridas|Pleno dia|Céu Claro|2|0|0|1
268757|2020-02-12|quarta-feira|08:00:00|CE|20.0|CAUCAIA|Ultrapassagem Indevida|Colisão traseira|Com Vítimas Feridas|Pleno dia|Céu Claro|5|0|3|0
268758|2020-02-12|quarta-feira|07:30:00|MG|50.0|UBERLANDIA|Falta de Atenção à Condução|Capotamento|Com Vítimas Feridas|Amanhecer|Chuva|3|0|2|0
268759|2020-02-12|quarta-feira|08:30:00|MG|40.0|PARAOPEBA|Velocidade Incompatível|Colisão com objeto estático|Com Vítimas Feridas|Pleno dia|Chuva|1|0|1|0
268760|2020-02-12|quarta-feira|05:00:00|MS|60.0|NIOAQUE|Defeito Mecânico no Veículo|Colisão com objeto estático|Com Vítimas Feridas|Amanhecer|Sol|1|0|0|1
268762|2020-02-12|quarta-feira|09:15:00|RS|386.0|MARQUES DE SOUZA|Não guardar distância de segurança|Colisão lateral|Com Vítimas Feridas|Pleno dia|Céu Claro|2|0|1|0
268763|2020-02-12|quarta-feira|09:00:00|PE|101.0|GOIANA|Defeito na Via|Saída de leito carroçável|Com Vítimas Feridas|Pleno dia|Chuva|2|0|2|0
268764|2020-02-12|quarta-feira|09:05:00|SP|116.0|SAO JOSE DOS CAMPOS|Falta de Atenção à Condução|Colisão lateral|Com Vítimas Feridas|Pleno dia|Nublado|2|0|1|0
268765|2020-02-12|quarta-feira|09:10:00|DF|70.0|BRASILIA|Velocidade Incompatível|Colisão lateral|Com Vítimas Feridas|Pleno dia|Céu Claro|2|0|1|0
268766|2020-02-12|quarta-feira|08:45:00|DF|70.0|BRASILIA|Falta de Atenção à Condução|Queda de ocupante de veículo|Com Vítimas Feridas|Pleno dia|Céu Claro|1|0|1|0
268767|2020-02-12|quarta-feira|07:10:00|MG|40.0|SAO GONCALO DO ABAETE|Pista Escorregadia|Saída de leito carroçável|Com Vítimas Feridas|Pleno dia|Chuva|3|0|3|0
268769|2020-02-12|quarta-feira|09:20:00|RJ|40.0|PETROPOLIS|Velocidade Incompatível|Colisão com objeto estático|Com Vítimas Feridas|Pleno dia|Chuva|1|0|1|0
268771|2020-02-12|quarta-feira|08:40:00|MA|135.0|SAO LUIS|Não guardar distância de segurança|Colisão traseira|Sem Vítimas|Pleno dia|Nublado|2|0|0|0
268772|2020-02-12|quarta-feira|08:35:00|SC|470.0|GASPAR|Ingestão de álcool e/ou substâncias psicoativas pelo pedestre|Colisão com objeto estático|Com Vítimas Feridas|Pleno dia|Céu Claro|1|0|1|0
268773|2020-02-12|quarta-feira|09:10:00|RS|116.0|PELOTAS|Falta de Atenção à Condução|Saída de leito carroçável|Sem Vítimas|Pleno dia|Sol|1|0|0|0
268774|2020-02-12|quarta-feira|07:20:00|MT|70.0|PRIMAVERA DO LESTE|Falta de Atenção à Condução|Colisão lateral|Com Vítimas Feridas|Pleno dia|Céu Claro|2|0|1|0
268775|2020-02-12|quarta-feira|09:10:00|GO|60.0|ANAPOLIS|Mal Súbito|Saída de leito carroçável|Com Vítimas Feridas|Pleno dia|Céu Claro|1|0|1|0
268776|2020-02-12|quarta-feira|09:00:00|DF|70.0|BRASILIA|Agressão Externa|Tombamento|Com Vítimas Feridas|Pleno dia|Nublado|1|0|1|0
268779|2020-02-12|quarta-feira|10:00:00|TO|153.0|ALIANCA DO TOCANTINS|Falta de Atenção à Condução|Saída de leito carroçável|Com Vítimas Feridas|Pleno dia|Chuva|1|0|0|1
268780|2020-02-12|quarta-feira|10:25:00|PE|101.0|RECIFE|Falta de Atenção à Condução|Colisão traseira|Sem Vítimas|Pleno dia|Céu Claro|5|0|0|0
268781|2020-02-12|quarta-feira|08:20:00|MG|116.0|GOVERNADOR VALADARES|Desobediência às normas de trânsito pelo condutor|Colisão transversal|Com Vítimas Feridas|Pleno dia|Nublado|2|0|1|0
268783|2020-02-12|quarta-feira|10:20:00|CE|116.0|FORTALEZA|Falta de Atenção à Condução|Colisão traseira|Com Vítimas Feridas|Pleno dia|Céu Claro|4|0|1|0
268784|2020-02-12|quarta-feira|10:35:00|SC|470.0|LONTRAS|Desobediência às normas de trânsito pelo condutor|Colisão traseira|Com Vítimas Feridas|Pleno dia|Sol|2|0|1|0
268785|2020-02-12|quarta-feira|10:20:00|SC|101.0|ITAJAI|Falta de Atenção à Condução|Colisão traseira|Com Vítimas Feridas|Pleno dia|Nublado|2|0|1|0
268786|2020-02-12|quarta-feira|10:50:00|SC|470.0|BLUMENAU|Ultrapassagem Indevida|Atropelamento de Pedestre|Com Vítimas Feridas|Pleno dia|Sol|2|0|1|0
268787|2020-02-12|quarta-feira|06:30:00|PB|104.0|REMIGIO|Falta de Atenção à Condução|Saída de leito carroçável|Com Vítimas Feridas|Pleno dia|Céu Claro|1|0|1|0
268788|2020-02-12|quarta-feira|10:20:00|RS|386.0|LAJEADO|Falta de Atenção à Condução|Colisão traseira|Com Vítimas Feridas|Pleno dia|Sol|4|0|4|0
268789|2020-02-12|quarta-feira|10:00:00|MT|163.0|DIAMANTINO|Falta de Atenção à Condução|Saída de leito carroçável|Com Vítimas Feridas|Pleno dia|Garoa/Chuvisco|1|0|1|0
268791|2020-02-12|quarta-feira|10:30:00|PI|316.0|TERESINA|Desobediência às normas de trânsito pelo condutor|Colisão lateral|Com Vítimas Feridas|Pleno dia|Sol|2|0|0|1
268792|2020-02-12|quarta-feira|10:30:00|RJ|116.0|GUAPIMIRIM|Falta de Atenção à Condução|Saída de leito carroçável|Sem Vítimas|Pleno dia|Garoa/Chuvisco|1|0|0|0
268793|2020-02-12|quarta-feira|11:30:00|SE|101.0|ESTANCIA|Condutor Dormindo|Colisão com objeto estático|Com Vítimas Feridas|Pleno dia|Sol|2|0|1|0
268795|2020-02-12|quarta-feira|11:15:00|PR|277.0|CURITIBA|Falta de Atenção à Condução|Colisão transversal|Com Vítimas Feridas|Pleno dia|Nublado|2|0|1|0
268796|2020-02-12|quarta-feira|11:40:00|SP|116.0|GUARULHOS|Não guardar distância de segurança|Colisão traseira|Com Vítimas Feridas|Pleno dia|Céu Claro|2|0|1|0
268797|2020-02-12|quarta-feira|11:20:00|ES|101.0|SERRA|Desobediência às normas de trânsito pelo condutor|Colisão traseira|Com Vítimas Feridas|Pleno dia|Sol|4|0|0|1
268798|2020-02-12|quarta-feira|09:45:00|PR|376.0|GUARATUBA|Velocidade Incompatível|Colisão traseira|Com Vítimas Fatais|Pleno dia|Céu Claro|2|1|0|0
268799|2020-02-08|sábado|09:30:00|PR|476.0|SAO MATEUS DO SUL|Falta de Atenção à Condução|Colisão transversal|Com Vítimas Feridas|Pleno dia|Céu Claro|2|0|1|0
268800|2020-02-12|quarta-feira|12:00:00|SE|235.0|ITABAIANA|Desobediência às normas de trânsito pelo condutor|Colisão transversal|Com Vítimas Feridas|Pleno dia|Céu Claro|2|0|0|1
268801|2020-02-12|quarta-feira|12:20:00|CE|116.0|FORTALEZA|Defeito Mecânico no Veículo|Tombamento|Com Vítimas Feridas|Pleno dia|Sol|2|0|1|0
268803|2020-02-12|quarta-feira|11:30:00|TO|153.0|FATIMA|Falta de Atenção à Condução|Colisão traseira|Com Vítimas Feridas|Pleno dia|Céu Claro|4|0|1|0
268804|2020-02-12|quarta-feira|10:40:00|RJ|101.0|MANGARATIBA|Defeito Mecânico no Veículo|Colisão com objeto estático|Sem Vítimas|Pleno dia|Chuva|1|0|0|0
268805|2020-02-12|quarta-feira|12:20:00|MG|365.0|MONTES CLAROS|Velocidade Incompatível|Colisão frontal|Com Vítimas Feridas|Pleno dia|Chuva|4|0|2|0
268806|2020-02-02|domingo|19:25:00|MT|70.0|PRIMAVERA DO LESTE|Ultrapassagem Indevida|Colisão lateral|Sem Vítimas|Plena Noite|Céu Claro|5|0|0|0
268807|2020-02-12|quarta-feira|10:41:00|SC|101.0|SAO JOSE|Não guardar distância de segurança|Colisão lateral|Com Vítimas Feridas|Pleno dia|Sol|6|0|0|2
268808|2020-02-12|quarta-feira|12:10:00|PA|230.0|MARABA|Não guardar distância de segurança|Engavetamento|Com Vítimas Feridas|Pleno dia|Céu Claro|4|0|2|0
268809|2020-02-12|quarta-feira|12:20:00|RS|290.0|PORTO ALEGRE|Desobediência às normas de trânsito pelo condutor|Colisão lateral|Com Vítimas Feridas|Pleno dia|Sol|6|0|5|0
268810|2020-02-12|quarta-feira|10:15:00|MG|365.0|UBERLANDIA|Pista Escorregadia|Tombamento|Com Vítimas Feridas|Pleno dia|Nublado|2|0|1|0
268813|2020-02-12|quarta-feira|13:00:00|BA|101.0|TEIXEIRA DE FREITAS|Falta de Atenção à Condução|Tombamento|Com Vítimas Feridas|Pleno dia|Sol|3|0|0|1
268814|2020-02-12|quarta-feira|11:00:00|SC|470.0|APIUNA|Falta de Atenção à Condução|Colisão traseira|Com Vítimas Feridas|Pleno dia|Céu Claro|2|0|0|1
268815|2020-02-12|quarta-feira|13:00:00|SC|101.0|SANGAO|Ingestão de Substâncias Psicoativas|Colisão lateral|Com Vítimas Feridas|Pleno dia|Céu Claro|3|0|1|0
268816|2020-02-02|domingo|09:30:00|AM|174.0|MANAUS|Desobediência às normas de trânsito pelo condutor|Colisão com objeto estático|Com Vítimas Feridas|Pleno dia|Céu Claro|2|0|1|0
268817|2020-02-12|quarta-feira|07:20:00|PA|163.0|BELTERRA|Condutor Dormindo|Saída de leito carroçável|Com Vítimas Feridas|Pleno dia|Chuva|2|0|1|1
268818|2020-02-12|quarta-feira|05:20:00|MG|116.0|LEOPOLDINA|Restrição de Visibilidade|Tombamento|Com Vítimas Feridas|Plena Noite|Chuva|1|0|1|0
268819|2020-02-12|quarta-feira|14:25:00|PE|101.0|RECIFE|Velocidade Incompatível|Colisão traseira|Sem Vítimas|Pleno dia|Céu Claro|5|0|0|0
268820|2020-02-12|quarta-feira|14:00:00|AP|210.0|PORTO GRANDE|Falta de Atenção à Condução|Tombamento|Com Vítimas Feridas|Pleno dia|Céu Claro|1|0|1|0
268821|2020-02-12|quarta-feira|14:20:00|RJ|101.0|ITABORAI|Falta de Atenção à Condução|Capotamento|Com Vítimas Feridas|Pleno dia|Chuva|2|0|2|0
268822|2020-02-12|quarta-feira|14:30:00|RJ|116.0|PIRAI|Pista Escorregadia|Colisão traseira|Com Vítimas Feridas|Pleno dia|Chuva|2|0|1|0
268823|2020-02-12|quarta-feira|12:30:00|MT|163.0|DIAMANTINO|Falta de Atenção à Condução|Saída de leito carroçável|Com Vítimas Feridas|Pleno dia|Garoa/Chuvisco|1|0|1|0
268824|2020-02-12|quarta-feira|12:00:00|RN|405.0|ITAU|Defeito na Via|Saída de leito carroçável|Sem Vítimas|Pleno dia|Sol|1|0|0|0
268835|2020-02-12|quarta-feira|12:00:00|RS|392.0|CACAPAVA DO SUL|Velocidade Incompatível|Tombamento|Com Vítimas Feridas|Pleno dia|Céu Claro|1|0|1|0
268836|2020-02-12|quarta-feira|14:00:00|RO|319.0|PORTO VELHO|Desobediência às normas de trânsito pelo condutor|Colisão transversal|Com Vítimas Feridas|Pleno dia|Nublado|2|0|1|0
268837|2020-02-12|quarta-feira|14:55:00|MG|381.0|CAMANDUCAIA|Avarias e/ou desgaste excessivo no pneu|Colisão com objeto estático|Com Vítimas Feridas|Pleno dia|Chuva|1|0|1|0
268838|2020-02-07|sexta-feira|06:30:00|SC|282.0|AGUAS MORNAS|Velocidade Incompatível|Saída de leito carroçável|Sem Vítimas|Pleno dia|Chuva|1|0|0|0
268839|2020-02-12|quarta-feira|15:30:00|DF|80.0|BRASILIA|Falta de Atenção à Condução|Colisão traseira|Com Vítimas Feridas|Pleno dia|Nublado|3|0|1|0
268840|2020-02-12|quarta-feira|11:40:00|MG|116.0|PONTO DOS VOLANTES|Falta de Atenção à Condução|Colisão transversal|Com Vítimas Feridas|Pleno dia|Céu Claro|2|0|0|1
268841|2020-02-12|quarta-feira|15:00:00|SC|282.0|AGUAS MORNAS|Não guardar distância de segurança|Colisão traseira|Sem Vítimas|Pleno dia|Nublado|2|0|0|0
268842|2020-02-12|quarta-feira|13:15:00|MS|267.0|NOVA ANDRADINA|Mal Súbito|Saída de leito carroçável|Com Vítimas Feridas|Pleno dia|Céu Claro|1|0|1|0
268844|2020-02-12|quarta-feira|12:50:00|MG|262.0|SACRAMENTO|Condutor Dormindo|Saída de leito carroçável|Com Vítimas Feridas|Pleno dia|Nublado|2|0|2|0
268845|2020-02-12|quarta-feira|13:50:00|MG|40.0|LAGOA GRANDE|Velocidade Incompatível|Saída de leito carroçável|Com Vítimas Feridas|Pleno dia|Céu Claro|2|0|2|0
268846|2020-02-12|quarta-feira|16:25:00|CE|116.0|AQUIRAZ|Falta de Atenção à Condução|Colisão transversal|Com Vítimas Feridas|Pleno dia|Céu Claro|5|0|3|0
268849|2020-02-12|quarta-feira|15:41:00|MS|262.0|CAMPO GRANDE|Falta de Atenção à Condução|Colisão frontal|Com Vítimas Fatais|Pleno dia|Céu Claro|2|1|0|0
268850|2020-02-12|quarta-feira|15:30:00|RJ|40.0|PETROPOLIS|Pista Escorregadia|Colisão com objeto estático|Sem Vítimas|Pleno dia|Chuva|1|0|0|0
268851|2020-02-11|terça-feira|14:00:00|MG|267.0|BOM JARDIM DE MINAS|Falta de Atenção à Condução|Saída de leito carroçável|Sem Vítimas|Pleno dia|Chuva|1|0|0|0
268852|2020-02-12|quarta-feira|16:00:00|MG|381.0|JOAO MONLEVADE|Pista Escorregadia|Colisão com objeto estático|Com Vítimas Feridas|Pleno dia|Garoa/Chuvisco|2|0|2|0
268853|2020-02-12|quarta-feira|16:30:00|MG|40.0|CONSELHEIRO LAFAIETE|Velocidade Incompatível|Queda de ocupante de veículo|Com Vítimas Feridas|Pleno dia|Chuva|1|0|1|0
268854|2020-02-12|quarta-feira|16:20:00|MG|381.0|SANTO ANTONIO DO AMPARO|Condutor Dormindo|Colisão traseira|Com Vítimas Feridas|Pleno dia|Nublado|2|0|1|0
268855|2020-02-12|quarta-feira|15:45:00|MG|116.0|CARATINGA|Desobediência às normas de trânsito pelo condutor|Colisão transversal|Com Vítimas Feridas|Pleno dia|Nublado|2|0|1|0
268856|2020-02-12|quarta-feira|16:00:00|RO|364.0|PORTO VELHO|Falta de Atenção à Condução|Colisão traseira|Com Vítimas Feridas|Pleno dia|Nublado|2|0|1|0
268857|2020-02-12|quarta-feira|17:23:00|PR|277.0|CASCAVEL|Desobediência às normas de trânsito pelo condutor|Colisão transversal|Com Vítimas Feridas|Pleno dia|Chuva|2|0|1|0
268858|2020-01-11|sábado|07:20:00|GO|153.0|GOIANIA|Fenômenos da Natureza|Colisão com objeto estático|Sem Vítimas|Pleno dia|Chuva|1|0|0|0
268859|2020-02-12|quarta-feira|17:35:00|RS|116.0|NOVO HAMBURGO|Velocidade Incompatível|Engavetamento|Com Vítimas Feridas|Pleno dia|Céu Claro|6|0|2|0
268860|2020-02-12|quarta-feira|17:17:00|MG|50.0|UBERABA|Desobediência às normas de trânsito pelo condutor|Colisão transversal|Com Vítimas Feridas|Pleno dia|Nublado|2|0|1|0
268861|2020-02-11|terça-feira|22:00:00|PA|155.0|ELDORADO DO CARAJAS|Defeito na Via|Tombamento|Com Vítimas Fatais|Plena Noite|Garoa/Chuvisco|2|1|1|0
268863|2020-02-12|quarta-feira|13:00:00|AL|101.0|TEOTONIO VILELA|Pista Escorregadia|Colisão com objeto estático|Sem Vítimas|Pleno dia|Chuva|1|0|0|0
268864|2020-02-12|quarta-feira|17:30:00|PR|467.0|CASCAVEL|Fenômenos da Natureza|Saída de leito carroçável|Com Vítimas Feridas|Pleno dia|Chuva|4|0|1|0
268865|2020-02-12|quarta-feira|17:20:00|ES|101.0|SERRA|Não guardar distância de segurança|Colisão traseira|Com Vítimas Feridas|Pleno dia|Sol|2|0|1|0
268866|2020-02-12|quarta-feira|17:00:00|MS|359.0|COXIM|Pista Escorregadia|Colisão com objeto estático|Com Vítimas Feridas|Anoitecer|Garoa/Chuvisco|3|0|3|0
268867|2020-02-12|quarta-feira|15:10:00|PR|272.0|CAMPO MOURAO|Ultrapassagem Indevida|Colisão lateral|Com Vítimas Fatais|Pleno dia|Sol|3|1|0|0
268868|2020-02-12|quarta-feira|16:00:00|RN|405.0|RAFAEL FERNANDES|Desobediência às normas de trânsito pelo condutor|Colisão traseira|Com Vítimas Feridas|Pleno dia|Céu Claro|2|0|0|1
268870|2020-02-12|quarta-feira|17:30:00|CE|116.0|AQUIRAZ|Desobediência às normas de trânsito pelo condutor|Colisão traseira|Com Vítimas Feridas|Pleno dia|Céu Claro|2|0|1|0
268871|2020-02-12|quarta-feira|18:30:00|MG|50.0|UBERLANDIA|Falta de Atenção à Condução|Engavetamento|Com Vítimas Feridas|Anoitecer|Chuva|7|0|2|0
268872|2020-02-12|quarta-feira|17:00:00|PR|277.0|MATELANDIA|Pista Escorregadia|Tombamento|Com Vítimas Feridas|Pleno dia|Chuva|2|0|2|0
268873|2020-02-12|quarta-feira|15:30:00|SC|153.0|IRANI|Desobediência às normas de trânsito pelo condutor|Colisão transversal|Com Vítimas Feridas|Pleno dia|Céu Claro|4|0|1|0
268874|2020-02-12|quarta-feira|17:20:00|RS|290.0|BUTIA|Falta de Atenção à Condução|Colisão transversal|Com Vítimas Feridas|Pleno dia|Céu Claro|2|0|1|0
268875|2020-02-12|quarta-feira|19:00:00|PE|232.0|RECIFE|Defeito Mecânico no Veículo|Saída de leito carroçável|Sem Vítimas|Plena Noite|Nublado|1|0|0|0
268876|2020-02-12|quarta-feira|19:00:00|SE|101.0|NOSSA SENHORA DO SOCORRO|Falta de Atenção à Condução|Saída de leito carroçável|Com Vítimas Feridas|Plena Noite|Nublado|3|0|1|0
268878|2020-02-12|quarta-feira|17:45:00|BA|101.0|SANTO ANTONIO DE JESUS|Desobediência às normas de trânsito pelo condutor|Colisão transversal|Com Vítimas Feridas|Anoitecer|Céu Claro|2|0|0|1
268879|2020-02-12|quarta-feira|18:20:00|SE|101.0|ROSARIO DO CATETE|Falta de Atenção à Condução|Colisão frontal|Com Vítimas Feridas|Plena Noite|Nublado|4|0|2|0
268880|2020-02-12|quarta-feira|16:45:00|AC|317.0|EPITACIOLANDIA|Falta de Atenção à Condução|Saída de leito carroçável|Com Vítimas Feridas|Anoitecer|Nublado|1|0|1|0
268881|2020-02-12|quarta-feira|19:00:00|RN|110.0|MOSSORO|Desobediência às normas de trânsito pelo condutor|Colisão lateral|Sem Vítimas|Plena Noite|Ignorado|2|0|0|0
268882|2020-02-12|quarta-feira|19:15:00|MG|40.0|ESMERALDAS|Falta de Atenção do Pedestre|Atropelamento de Pedestre|Com Vítimas Fatais|Plena Noite|Chuva|6|1|0|0
268883|2020-02-12|quarta-feira|19:10:00|PE|232.0|VERDEJANTE|Animais na Pista|Atropelamento de Animal|Sem Vítimas|Plena Noite|Céu Claro|1|0|0|0
268884|2020-02-12|quarta-feira|17:27:00|RO|364.0|PORTO VELHO|Desobediência às normas de trânsito pelo condutor|Colisão transversal|Sem Vítimas|Pleno dia|Sol|2|0|0|0
268885|2020-02-12|quarta-feira|18:20:00|BA|116.0|EUCLIDES DA CUNHA|Ingestão de Álcool|Colisão frontal|Com Vítimas Feridas|Plena Noite|Céu Claro|2|0|0|1
268886|2020-02-12|quarta-feira|19:50:00|ES|101.0|PEDRO CANARIO|Falta de Atenção à Condução|Colisão transversal|Com Vítimas Feridas|Plena Noite|Céu Claro|2|0|1|0
268887|2020-02-12|quarta-feira|20:20:00|SC|280.0|GUARAMIRIM|Restrição de Visibilidade|Saída de leito carroçável|Com Vítimas Feridas|Plena Noite|Garoa/Chuvisco|1|0|0|1
268888|2020-02-12|quarta-feira|20:25:00|PR|373.0|IPIRANGA|Velocidade Incompatível|Saída de leito carroçável|Com Vítimas Feridas|Plena Noite|Céu Claro|2|0|0|1
268889|2020-02-12|quarta-feira|17:50:00|MT|163.0|SORRISO|Não guardar distância de segurança|Colisão traseira|Com Vítimas Feridas|Anoitecer|Céu Claro|3|0|1|0
268890|2020-02-12|quarta-feira|10:45:00|BA|116.0|FEIRA DE SANTANA|Falta de Atenção à Condução|Colisão lateral|Sem Vítimas|Pleno dia|Céu Claro|1|0|0|0
268891|2020-02-12|quarta-feira|20:10:00|RJ|116.0|RIO DE JANEIRO|Condutor Dormindo|Colisão traseira|Com Vítimas Feridas|Plena Noite|Garoa/Chuvisco|2|0|1|0
268893|2020-02-12|quarta-feira|20:10:00|MG|262.0|JUATUBA|Falta de Atenção à Condução|Colisão traseira|Com Vítimas Feridas|Plena Noite|Chuva|2|0|1|0
268895|2020-02-12|quarta-feira|12:10:00|PR|277.0|PRUDENTOPOLIS|Ultrapassagem Indevida|Saída de leito carroçável|Com Vítimas Feridas|Pleno dia|Céu Claro|5|0|3|2
268896|2020-02-12|quarta-feira|19:50:00|RS|386.0|SAO JOSE DO HERVAL|Falta de Atenção à Condução|Colisão traseira|Com Vítimas Feridas|Plena Noite|Céu Claro|13|0|8|2
268897|2020-02-12|quarta-feira|22:10:00|SP|116.0|TABOAO DA SERRA|Não guardar distância de segurança|Tombamento|Com Vítimas Feridas|Plena Noite|Nublado|1|0|1|0
268898|2020-02-12|quarta-feira|21:50:00|RS|290.0|PORTO ALEGRE|Desobediência às normas de trânsito pelo condutor|Colisão traseira|Com Vítimas Feridas|Plena Noite|Céu Claro|2|0|1|0
268899|2020-02-12|quarta-feira|22:30:00|PI|343.0|PARNAIBA|Falta de Atenção à Condução|Colisão traseira|Com Vítimas Feridas|Plena Noite|Céu Claro|2|0|1|0
268900|2020-02-12|quarta-feira|07:50:00|MG|116.0|GOVERNADOR VALADARES|Falta de Atenção à Condução|Colisão transversal|Com Vítimas Feridas|Pleno dia|Céu Claro|2|0|1|0
268901|2020-02-12|quarta-feira|23:00:00|SC|470.0|NAVEGANTES|Ingestão de Álcool|Colisão transversal|Com Vítimas Feridas|Plena Noite|Nublado|2|0|0|1
268902|2020-02-12|quarta-feira|21:10:00|RJ|116.0|NOVA IGUACU|Falta de Atenção do Pedestre|Atropelamento de Pedestre|Com Vítimas Feridas|Plena Noite|Chuva|2|0|0|1
268903|2020-02-12|quarta-feira|22:30:00|SC|470.0|INDAIAL|Falta de Atenção à Condução|Saída de leito carroçável|Com Vítimas Feridas|Plena Noite|Nublado|1|0|1|0
268904|2020-02-12|quarta-feira|23:00:00|RJ|40.0|RIO DE JANEIRO|Pista Escorregadia|Tombamento|Com Vítimas Feridas|Plena Noite|Chuva|2|0|2|0