id|data_inversa|dia_semana|horario|uf|br|municipio|causa_acidente|tipo_acidente|classificacao_acidente|fase_dia|condicao_metereologica|pessoas|mortos|feridos_leves|feridos_graves
269224|2020-02-14|sexta-feira|10:00:00|MG|381.0|SANTANA DO PARAISO|Ultrapassagem Indevida|Colisão lateral|Com Vítimas Feridas|Pleno dia|Céu Claro|4|0|1|0
269225|2020-02-14|sexta-feira|18:10:00|RS|290.0|ELDORADO DO SUL|Condutor Dormindo|Colisão frontal|Com Vítimas Fatais|Pleno dia|Nublado|5|1|1|3
269226|2020-02-14|sexta-feira|18:30:00|SP|116.0|GUARULHOS|Falta de Atenção à Condução|Colisão lateral|Com Vítimas Feridas|Anoitecer|Céu Claro|2|0|1|0
269227|2020-02-14|sexta-feira|18:10:00|RJ|101.0|PARATY|Falta de Atenção à Condução|Colisão transversal|Com Vítimas Feridas|Pleno dia|Céu Claro|5|0|4|0
269228|2020-02-14|sexta-feira|18:50:00|RN|226.0|SANTA CRUZ|Falta de Atenção à Condução|Colisão transversal|Com Vítimas Feridas|Plena Noite|Céu Claro|2|0|2|0
269229|2020-02-14|sexta-feira|16:40:00|GO|60.0|ACREUNA|Falta de Atenção à Condução|Colisão traseira|Com Vítimas Feridas|Pleno dia|Nublado|2|0|1|0
269230|2020-02-14|sexta-feira|18:30:00|AP|210.0|MACAPA|Falta de Atenção à Condução|Capotamento|Com Vítimas Feridas|Anoitecer|Chuva|4|0|1|0
269231|2020-02-14|sexta-feira|19:00:00|ES|101.0|SERRA|Falta de Atenção à Condução|Atropelamento de Pedestre|Com Vítimas Feridas|Plena Noite|Nublado|2|0|0|1
269232|2020-02-14|sexta-feira|19:45:00|SC|101.0|SOMBRIO|Defeito Mecânico no Veículo|Tombamento|Com Vítimas Feridas|Plena Noite|Céu Claro|2|0|2|0
269233|2020-02-14|sexta-feira|20:05:00|PR|373.0|IMBITUVA|Ingestão de Álcool|Queda de ocupante de veículo|Com Vítimas Feridas|Plena Noite|Céu Claro|1|0|1|0
269234|2020-02-14|sexta-feira|18:30:00|ES|262.0|IBATIBA|Falta de Atenção do Pedestre|Atropelamento de Pedestre|Com Vítimas Feridas|Plena Noite|Céu Claro|2|0|1|0
269235|2020-02-14|sexta-feira|19:50:00|GO|60.0|GOIANIA|Falta de Atenção à Condução|Colisão lateral|Com Vítimas Feridas|Plena Noite|Céu Claro|2|0|1|0
269236|2020-02-14|sexta-feira|20:00:00|SC|101.0|TUBARAO|Falta de Atenção à Condução|Colisão transversal|Com Vítimas Feridas|Plena Noite|Céu Claro|3|0|2|1
269237|2020-02-14|sexta-feira|19:20:00|MS|262.0|CORUMBA|Falta de Atenção à Condução|Colisão lateral|Com Vítimas Fatais|Plena Noite|Nublado|2|1|0|0
269238|2020-02-14|sexta-feira|10:10:00|SC|116.0|SANTA CECILIA|Falta de Atenção à Condução|Saída de leito carroçável|Sem Vítimas|Pleno dia|Céu Claro|1|0|0|0
269239|2020-02-14|sexta-feira|19:44:00|PE|101.0|RECIFE|Falta de Atenção à Condução|Colisão traseira|Com Vítimas Feridas|Plena Noite|Céu Claro|3|0|1|1
269240|2020-02-14|sexta-feira|20:50:00|MG|381.0|BETIM|Velocidade Incompatível|Tombamento|Com Vítimas Feridas|Plena Noite|Céu Claro|2|0|2|0
269241|2020-02-14|sexta-feira|20:15:00|MA|222.0|ACAILANDIA|Animais na Pista|Atropelamento de Animal|Com Vítimas Feridas|Plena Noite|Céu Claro|1|0|0|1
269242|2020-02-14|sexta-feira|21:00:00|SP|116.0|ITAPECERICA DA SERRA|Falta de Atenção à Condução|Colisão traseira|Com Vítimas Feridas|Plena Noite|Céu Claro|3|0|2|0
269243|2020-02-14|sexta-feira|20:30:00|BA|101.0|RIO REAL|Carga excessiva e/ou mal acondicionada|Tombamento|Sem Vítimas|Plena Noite|Céu Claro|1|0|0|0
269245|2020-02-14|sexta-feira|20:30:00|SP|116.0|SAO PAULO|Ingestão de Álcool|Colisão lateral|Com Vítimas Feridas|Plena Noite|Nublado|2|0|1|0
269246|2020-02-14|sexta-feira|18:50:00|PB|230.0|SAO MAMEDE|Animais na Pista|Atropelamento de Animal|Com Vítimas Feridas|Plena Noite|Céu Claro|3|0|1|0
269247|2020-02-14|sexta-feira|21:00:00|MG|364.0|FRUTAL|Sinalização da via insuficiente ou inadequada|Colisão com objeto estático|Com Vítimas Feridas|Plena Noite|Céu Claro|1|0|1|0
269249|2020-02-14|sexta-feira|19:50:00|PR|277.0|CAMPO LARGO|Ingestão de Álcool|Saída de leito carroçável|Com Vítimas Feridas|Plena Noite|Céu Claro|2|0|1|0
269250|2020-02-14|sexta-feira|20:10:00|BA|110.0|SAO SEBASTIAO DO PASSE|Falta de Atenção do Pedestre|Atropelamento de Pedestre|Com Vítimas Fatais|Plena Noite|Céu Claro|2|1|0|0
269252|2020-01-25|sábado|10:20:00|BA|420.0|LAJE|Defeito Mecânico no Veículo|Saída de leito carroçável|Com Vítimas Feridas|Pleno dia|Nublado|11|0|10|1
269253|2020-02-14|sexta-feira|19:50:00|BA|116.0|VITORIA DA CONQUISTA|Defeito Mecânico no Veículo|Tombamento|Com Vítimas Feridas|Plena Noite|Céu Claro|1|0|1|0
269254|2020-02-14|sexta-feira|21:40:00|SC|470.0|BLUMENAU|Falta de Atenção à Condução|Colisão transversal|Com Vítimas Feridas|Plena Noite|Céu Claro|2|0|1|0
269255|2020-02-14|sexta-feira|21:00:00|MA|316.0|CAXIAS|Animais na Pista|Atropelamento de Animal|Com Vítimas Feridas|Plena Noite|Chuva|1|0|0|1
269256|2020-02-14|sexta-feira|21:35:00|GO|70.0|AGUAS LINDAS DE GOIAS|Animais na Pista|Atropelamento de Animal|Com Vítimas Feridas|Plena Noite|Nublado|6|0|1|0
269257|2020-02-14|sexta-feira|21:00:00|SC|282.0|LAGES|Não guardar distância de segurança|Colisão traseira|Com Vítimas Feridas|Pleno dia|Céu Claro|3|0|1|0
269258|2020-02-14|sexta-feira|19:50:00|PR|376.0|MARIALVA|Desobediência às normas de trânsito pelo condutor|Colisão transversal|Com Vítimas Feridas|Plena Noite|Céu Claro|3|0|2|0
269259|2020-02-14|sexta-feira|21:00:00|RN|405.0|APODI|Animais na Pista|Atropelamento de Animal|Sem Vítimas|Plena Noite|Céu Claro|1|0|0|0
269260|2020-02-14|sexta-feira|19:00:00|RO|421.0|ARIQUEMES|Defeito na Via|Queda de ocupante de veículo|Com Vítimas Feridas|Plena Noite|Nublado|1|0|1|0
269261|2020-02-14|sexta-feira|16:30:00|MG|262.0|ARAXA|Velocidade Incompatível|Saída de leito carroçável|Com Vítimas Feridas|Pleno dia|Chuva|1|0|1|0
269262|2020-02-14|sexta-feira|22:15:00|SC|101.0|ARAQUARI|Condutor Dormindo|Colisão traseira|Com Vítimas Feridas|Plena Noite|Céu Claro|2|0|1|0
269263|2020-02-14|sexta-feira|20:55:00|MG|40.0|CONTAGEM|Falta de Atenção à Condução|Queda de ocupante de veículo|Com Vítimas Fatais|Plena Noite|Nublado|1|1|0|0
269264|2020-02-14|sexta-feira|20:40:00|SP|116.0|GUARULHOS|Velocidade Incompatível|Colisão lateral|Com Vítimas Feridas|Plena Noite|Céu Claro|3|0|1|0
269265|2020-02-14|sexta-feira|22:25:00|SC|101.0|SAO JOSE|Falta de Atenção à Condução|Colisão lateral|Com Vítimas Feridas|Plena Noite|Céu Claro|3|0|2|0
269266|2020-02-14|sexta-feira|07:30:00|SP|381.0|GUARULHOS|Falta de Atenção à Condução|Tombamento|Com Vítimas Feridas|Pleno dia|Céu Claro|1|0|1|0
269267|2020-02-14|sexta-feira|22:20:00|PA|230.0|MARABA|Desobediência às normas de trânsito pelo condutor|Colisão lateral|Com Vítimas Feridas|Plena Noite|Céu Claro|3|0|2|0
269268|2020-02-14|sexta-feira|22:00:00|PI|343.0|TERESINA|Ingestão de Álcool|Colisão lateral|Sem Vítimas|Plena Noite|Nublado|4|0|0|0
269270|2020-02-14|sexta-feira|22:10:00|SP|116.0|GUARULHOS|Não guardar distância de segurança|Colisão traseira|Sem Vítimas|Plena Noite|Céu Claro|4|0|0|0
269271|2020-02-07|sexta-feira|05:30:00|MS|60.0|MARACAJU|Falta de Atenção à Condução|Capotamento|Com Vítimas Feridas|Pleno dia|Céu Claro|2|0|2|0
269273|2020-02-14|sexta-feira|22:40:00|ES|101.0|CARIACICA|Desobediência às normas de trânsito pelo condutor|Colisão frontal|Com Vítimas Feridas|Plena Noite|Céu Claro|4|0|2|0
269274|2020-02-14|sexta-feira|20:15:00|GO|364.0|SAO SIMAO|Desobediência às normas de trânsito pelo condutor|Colisão frontal|Com Vítimas Feridas|Plena Noite|Céu Claro|2|0|1|1
269275|2020-02-14|sexta-feira|22:55:00|CE|222.0|FORTALEZA|Ingestão de Álcool|Colisão lateral|Com Vítimas Feridas|Plena Noite|Céu Claro|2|0|2|0
269276|2020-02-14|sexta-feira|18:15:00|PR|277.0|CASCAVEL|Defeito na Via|Saída de leito carroçável|Com Vítimas Feridas|Pleno dia|Nublado|1|0|0|1
269277|2020-02-14|sexta-feira|22:50:00|GO|70.0|AGUAS LINDAS DE GOIAS|Ingestão de Álcool|Capotamento|Sem Vítimas|Plena Noite|Chuva|1|0|0|0
269278|2020-02-14|sexta-feira|23:15:00|SC|101.0|SAO JOSE|Não guardar distância de segurança|Colisão lateral|Com Vítimas Feridas|Plena Noite|Céu Claro|2|0|0|1
269279|2020-02-14|sexta-feira|23:15:00|RS|293.0|PELOTAS|Desobediência às normas de trânsito pelo condutor|Colisão transversal|Com Vítimas Feridas|Plena Noite|Céu Claro|6|0|2|0
269280|2020-02-14|sexta-feira|23:30:00|AL|101.0|NOVO LINO|Condutor Dormindo|Colisão traseira|Com Vítimas Feridas|Plena Noite|Céu Claro|2|0|1|0
269281|2020-02-14|sexta-feira|19:30:00|RJ|40.0|DUQUE DE CAXIAS|Falta de Atenção à Condução|Colisão traseira|Com Vítimas Feridas|Plena Noite|Nublado|2|0|1|0
269282|2020-02-14|sexta-feira|18:23:00|MG|381.0|OLIVEIRA|Falta de Atenção à Condução|Saída de leito carroçável|Com Vítimas Feridas|Plena Noite|Céu Claro|1|0|1|0
269283|2020-02-14|sexta-feira|23:00:00|RS|290.0|PORTO ALEGRE|Defeito Mecânico no Veículo|Colisão traseira|Com Vítimas Feridas|Plena Noite|Céu Claro|3|0|1|0
269284|2020-02-14|sexta-feira|23:30:00|MG|262.0|PARA DE MINAS|Falta de Atenção à Condução|Saída de leito carroçável|Com Vítimas Feridas|Plena Noite|Céu Claro|1|0|0|1
269285|2020-02-14|sexta-feira|10:45:00|SC|470.0|BLUMENAU|Não guardar distância de segurança|Colisão lateral|Com Vítimas Feridas|Plena Noite|Céu Claro|3|0|1|0
269286|2020-02-14|sexta-feira|22:50:00|BA|116.0|VITORIA DA CONQUISTA|Ingestão de Álcool|Saída de leito carroçável|Sem Vítimas|Plena Noite|Céu Claro|1|0|0|0
269287|2020-02-14|sexta-feira|21:30:00|PE|423.0|CACHOEIRINHA|Animais na Pista|Atropelamento de Animal|Com Vítimas Feridas|Plena Noite|Céu Claro|1|0|1|0
269288|2020-02-14|sexta-feira|23:30:00|GO|40.0|VALPARAISO DE GOIAS|Pista Escorregadia|Tombamento|Com Vítimas Feridas|Plena Noite|Nublado|1|0|1|0
269290|2020-02-14|sexta-feira|22:18:00|MT|158.0|RIBEIRAO CASCALHEIRA|Defeito na Via|Tombamento|Com Vítimas Feridas|Plena Noite|Céu Claro|1|0|0|1
269292|2020-02-14|sexta-feira|22:15:00|SC|101.0|ITAJAI|Falta de Atenção à Condução|Saída de leito carroçável|Com Vítimas Feridas|Plena Noite|Nublado|2|0|1|0
269293|2020-02-14|sexta-feira|17:20:00|MG|381.0|BARAO DE COCAIS|Ultrapassagem Indevida|Colisão frontal|Com Vítimas Fatais|Pleno dia|Céu Claro|5|1|0|1
269294|2020-02-15|sábado|00:00:00|SC|101.0|BIGUACU|Desobediência às normas de trânsito pelo pedestre|Tombamento|Com Vítimas Feridas|Plena Noite|Céu Claro|3|0|1|0
269295|2020-02-15|sábado|00:00:00|SP|116.0|CACAPAVA|Velocidade Incompatível|Colisão traseira|Com Vítimas Fatais|Plena Noite|Nublado|4|2|0|0
269296|2020-02-14|sexta-feira|22:30:00|GO|153.0|GOIANIA|Falta de Atenção à Condução|Queda de ocupante de veículo|Com Vítimas Feridas|Plena Noite|Céu Claro|1|0|1|0
269297|2020-02-15|sábado|00:20:00|SC|282.0|HERVAL DOESTE|Falta de Atenção à Condução|Colisão frontal|Com Vítimas Feridas|Plena Noite|Céu Claro|2|0|0|1
269299|2020-02-15|sábado|02:20:00|RJ|116.0|NOVA IGUACU|Ingestão de Álcool|Colisão traseira|Com Vítimas Feridas|Plena Noite|Céu Claro|4|0|2|0
269301|2020-02-15|sábado|02:10:00|GO|40.0|LUZIANIA|Ingestão de Álcool|Saída de leito carroçável|Com Vítimas Feridas|Plena Noite|Céu Claro|1|0|1|0
269302|2020-02-15|sábado|03:51:00|SC|101.0|BARRA VELHA|Ingestão de Álcool|Atropelamento de Pedestre|Com Vítimas Feridas|Plena Noite|Nublado|2|0|2|0
269303|2020-02-15|sábado|02:25:00|BA|101.0|ITABUNA|Ingestão de Álcool|Atropelamento de Pedestre|Com Vítimas Feridas|Plena Noite|Céu Claro|3|0|0|2
269304|2020-02-15|sábado|03:50:00|BA|407.0|SENHOR DO BONFIM|Deficiência ou não Acionamento do Sistema de Iluminação/Sinalização do Veículo|Colisão traseira|Com Vítimas Fatais|Plena Noite|Céu Claro|4|3|0|0
269305|2020-02-15|sábado|04:00:00|AL|104.0|RIO LARGO|Falta de Atenção à Condução|Colisão com objeto estático|Com Vítimas Fatais|Plena Noite|Céu Claro|1|1|0|0
269306|2020-02-15|sábado|02:05:00|SP|153.0|MARILIA|Ingestão de Álcool|Tombamento|Com Vítimas Feridas|Plena Noite|Céu Claro|1|0|1|0
269308|2020-02-15|sábado|02:00:00|PR|153.0|IBAITI|Desobediência às normas de trânsito pelo condutor|Colisão frontal|Com Vítimas Feridas|Plena Noite|Céu Claro|4|0|3|0
269309|2020-02-15|sábado|01:15:00|MA|135.0|SAO LUIS|Pista Escorregadia|Saída de leito carroçável|Com Vítimas Feridas|Pleno dia|Nublado|2|0|2|0
269311|2020-02-15|sábado|03:30:00|MS|163.0|MUNDO NOVO|Condutor Dormindo|Saída de leito carroçável|Com Vítimas Feridas|Plena Noite|Céu Claro|1|0|1|0
269313|2020-02-15|sábado|03:40:00|MS|163.0|DOURADOS|Ingestão de Álcool|Colisão com objeto estático|Sem Vítimas|Plena Noite|Céu Claro|1|0|0|0
269315|2020-02-15|sábado|05:05:00|GO|60.0|ABADIANIA|Condutor Dormindo|Saída de leito carroçável|Com Vítimas Feridas|Amanhecer|Céu Claro|2|0|1|0
269316|2020-02-15|sábado|05:00:00|PR|376.0|MARINGA|Falta de Atenção à Condução|Queda de ocupante de veículo|Com Vítimas Feridas|Amanhecer|Céu Claro|1|0|1|0
269317|2020-02-15|sábado|04:00:00|MT|163.0|SORRISO|Ingestão de álcool e/ou substâncias psicoativas pelo pedestre|Queda de ocupante de veículo|Com Vítimas Feridas|Amanhecer|Nublado|1|0|1|0
269319|2020-02-15|sábado|03:30:00|PE|232.0|SAIRE|Animais na Pista|Saída de leito carroçável|Com Vítimas Feridas|Plena Noite|Céu Claro|1|0|0|1
269320|2020-02-15|sábado|02:00:00|PI|316.0|PASSAGEM FRANCA DO PIAUI|Condutor Dormindo|Tombamento|Com Vítimas Feridas|Plena Noite|Chuva|1|0|1|0
269321|2020-02-15|sábado|03:20:00|SC|101.0|BIGUACU|Condutor Dormindo|Colisão traseira|Com Vítimas Feridas|Plena Noite|Céu Claro|3|0|1|0
269322|2020-02-15|sábado|05:00:00|AL|101.0|RIO LARGO|Falta de Atenção à Condução|Colisão traseira|Com Vítimas Feridas|Pleno dia|Céu Claro|2|0|1|0
269323|2020-02-15|sábado|04:20:00|SC|101.0|TUBARAO|Falta de Atenção à Condução|Colisão lateral|Sem Vítimas|Plena Noite|Nublado|2|0|0|0
269324|2020-02-15|sábado|05:40:00|ES|101.0|MIMOSO DO SUL|Condutor Dormindo|Colisão frontal|Com Vítimas Feridas|Amanhecer|Céu Claro|3|0|1|0
269325|2020-02-15|sábado|05:45:00|PR|376.0|CURITIBA|Falta de Atenção à Condução|Atropelamento de Pedestre|Com Vítimas Fatais|Amanhecer|Céu Claro|2|1|0|1
269326|2020-02-15|sábado|05:50:00|PR|116.0|SAO JOSE DOS PINHAIS|Desobediência às normas de trânsito pelo condutor|Colisão traseira|Com Vítimas Feridas|Pleno dia|Nublado|2|0|1|0
269327|2020-02-15|sábado|06:05:00|BA|324.0|FEIRA DE SANTANA|Defeito Mecânico no Veículo|Queda de ocupante de veículo|Com Vítimas Feridas|Pleno dia|Céu Claro|2|0|2|0
269328|2020-02-15|sábado|05:30:00|MG|365.0|MONTES CLAROS|Ingestão de Álcool|Tombamento|Com Vítimas Feridas|Amanhecer|Ignorado|1|0|0|1
269329|2020-02-15|sábado|05:10:00|SC|280.0|CANOINHAS|Condutor Dormindo|Colisão frontal|Com Vítimas Feridas|Amanhecer|Céu Claro|2|0|2|0
269330|2020-02-15|sábado|04:00:00|RS|386.0|IRAI|Condutor Dormindo|Saída de leito carroçável|Com Vítimas Feridas|Plena Noite|Nublado|2|0|1|0
269331|2020-02-15|sábado|04:00:00|PE|232.0|BELO JARDIM|Animais na Pista|Atropelamento de Animal|Com Vítimas Feridas|Amanhecer|Céu Claro|1|0|1|0
269332|2020-02-15|sábado|05:50:00|MG|40.0|SETE LAGOAS|Condutor Dormindo|Saída de leito carroçável|Sem Vítimas|Amanhecer|Nublado|1|0|0|0
269333|2020-02-15|sábado|04:30:00|RS|158.0|JULIO DE CASTILHOS|Condutor Dormindo|Saída de leito carroçável|Com Vítimas Feridas|Amanhecer|Garoa/Chuvisco|1|0|0|1
269334|2020-02-15|sábado|04:40:00|MS|163.0|ELDORADO|Ultrapassagem Indevida|Colisão frontal|Com Vítimas Feridas|Amanhecer|Céu Claro|5|0|2|0
269335|2020-02-15|sábado|06:40:00|PE|232.0|VITORIA DE SANTO ANTAO|Defeito na Via|Queda de ocupante de veículo|Com Vítimas Feridas|Pleno dia|Sol|1|0|1|0
269336|2020-02-15|sábado|04:15:00|MT|364.0|JUSCIMEIRA|Desobediência às normas de trânsito pelo condutor|Derramamento de carga|Com Vítimas Feridas|Plena Noite|Céu Claro|1|0|0|1
269338|2020-02-15|sábado|07:00:00|BA|116.0|JEQUIE|Ultrapassagem Indevida|Saída de leito carroçável|Com Vítimas Feridas|Pleno dia|Céu Claro|1|0|1|0
269339|2020-02-15|sábado|06:20:00|SC|282.0|PALHOCA|Desobediência às normas de trânsito pelo condutor|Colisão lateral|Sem Vítimas|Amanhecer|Céu Claro|2|0|0|0
269340|2020-02-15|sábado|06:24:00|SE|235.0|ARACAJU|Desobediência às normas de trânsito pelo condutor|Colisão lateral|Com Vítimas Feridas|Pleno dia|Nublado|3|0|2|0
269341|2020-02-15|sábado|05:50:00|PR|153.0|JACAREZINHO|Desobediência às normas de trânsito pelo condutor|Saída de leito carroçável|Com Vítimas Feridas|Plena Noite|Céu Claro|2|0|1|1
269342|2020-02-15|sábado|07:10:00|SP|116.0|ARUJA|Falta de Atenção à Condução|Colisão traseira|Com Vítimas Feridas|Pleno dia|Céu Claro|3|0|1|0
269343|2020-02-15|sábado|06:30:00|PR|376.0|MARINGA|Falta de Atenção à Condução|Tombamento|Com Vítimas Feridas|Pleno dia|Nublado|1|0|1|0
269344|2020-02-15|sábado|06:00:00|PE|232.0|VITORIA DE SANTO ANTAO|Condutor Dormindo|Colisão com objeto estático|Sem Vítimas|Pleno dia|Sol|1|0|0|0
269345|2020-02-15|sábado|05:07:00|RJ|40.0|DUQUE DE CAXIAS|Falta de Atenção à Condução|Colisão lateral|Sem Vítimas|Amanhecer|Céu Claro|2|0|0|0
269347|2020-02-15|sábado|03:45:00|MG|381.0|LAVRAS|Condutor Dormindo|Saída de leito carroçável|Sem Vítimas|Plena Noite|Céu Claro|1|0|0|0
269348|2020-02-15|sábado|05:40:00|RO|364.0|PORTO VELHO|Desobediência às normas de trânsito pelo condutor|Saída de leito carroçável|Sem Vítimas|Amanhecer|Nublado|1|0|0|0
269349|2020-02-15|sábado|06:50:00|SC|470.0|BLUMENAU|Desobediência às normas de trânsito pelo condutor|Colisão transversal|Sem Vítimas|Pleno dia|Sol|2|0|0|0
269350|2020-02-15|sábado|02:30:00|BA|242.0|ITABERABA|Falta de Atenção à Condução|Colisão traseira|Com Vítimas Feridas|Plena Noite|Céu Claro|2|0|1|1
269351|2020-02-15|sábado|07:00:00|ES|101.0|RIO NOVO DO SUL|Desobediência às normas de trânsito pelo condutor|Queda de ocupante de veículo|Com Vítimas Feridas|Pleno dia|Céu Claro|1|0|0|1
269352|2020-02-02|domingo|01:30:00|PA|222.0|MARABA|Ingestão de Álcool|Colisão transversal|Com Vítimas Feridas|Plena Noite|Céu Claro|3|0|2|0
269353|2020-02-15|sábado|08:20:00|MT|70.0|BARRA DO GARCAS|Desobediência às normas de trânsito pelo condutor|Colisão lateral|Com Vítimas Feridas|Pleno dia|Céu Claro|2|0|1|0
269354|2020-02-15|sábado|04:40:00|PE|316.0|OURICURI|Deficiência ou não Acionamento do Sistema de Iluminação/Sinalização do Veículo|Colisão traseira|Com Vítimas Feridas|Amanhecer|Ignorado|2|0|1|0
269355|2020-02-15|sábado|06:00:00|RO|364.0|CACOAL|Falta de Atenção à Condução|Tombamento|Sem Vítimas|Amanhecer|Céu Claro|1|0|0|0
269356|2020-02-15|sábado|05:10:00|PE|316.0|OURICURI|Restrição de Visibilidade|Colisão com objeto estático|Sem Vítimas|Amanhecer|Ignorado|1|0|0|0
269357|2020-02-15|sábado|08:15:00|RN|110.0|MOSSORO|Falta de Atenção à Condução|Colisão lateral|Sem Vítimas|Pleno dia|Sol|2|0|0|0
269358|2020-02-15|sábado|08:20:00|SC|153.0|CONCORDIA|Mal Súbito|Queda de ocupante de veículo|Com Vítimas Feridas|Pleno dia|Nublado|3|0|1|0
269359|2020-02-15|sábado|06:00:00|RJ|116.0|SAO JOAO DE MERITI|Condutor Dormindo|Colisão com objeto estático|Com Vítimas Feridas|Pleno dia|Céu Claro|1|0|1|0
269360|2020-02-15|sábado|08:50:00|ES|101.0|ARACRUZ|Falta de Atenção à Condução|Colisão transversal|Com Vítimas Feridas|Pleno dia|Nublado|3|0|1|1
269361|2020-02-15|sábado|08:40:00|MG|116.0|GOVERNADOR VALADARES|Desobediência às normas de trânsito pelo condutor|Colisão lateral|Com Vítimas Feridas|Pleno dia|Céu Claro|2|0|1|0
269362|2020-02-15|sábado|09:00:00|PR|277.0|FOZ DO IGUACU|Velocidade Incompatível|Colisão com objeto estático|Sem Vítimas|Pleno dia|Céu Claro|1|0|0|0
269363|2020-02-15|sábado|09:20:00|PR|116.0|QUATRO BARRAS|Falta de Atenção à Condução|Colisão traseira|Com Vítimas Feridas|Pleno dia|Sol|3|0|1|0
269364|2020-02-13|quinta-feira|07:20:00|PA|163.0|SANTAREM|Falta de Atenção à Condução|Colisão lateral|Sem Vítimas|Pleno dia|Chuva|3|0|0|0
269365|2020-02-15|sábado|09:20:00|PR|277.0|PARANAGUA|Avarias e/ou desgaste excessivo no pneu|Tombamento|Com Vítimas Feridas|Pleno dia|Sol|4|0|2|0
269366|2020-02-15|sábado|09:40:00|CE|20.0|MARACANAU|Pista Escorregadia|Saída de leito carroçável|Sem Vítimas|Pleno dia|Garoa/Chuvisco|1|0|0|0
269367|2020-02-15|sábado|07:30:00|RJ|40.0|DUQUE DE CAXIAS|Falta de Atenção à Condução|Saída de leito carroçável|Com Vítimas Feridas|Amanhecer|Céu Claro|2|0|2|0
269368|2020-02-15|sábado|05:00:00|GO|70.0|JUSSARA|Falta de Atenção à Condução|Saída de leito carroçável|Com Vítimas Feridas|Amanhecer|Céu Claro|1|0|1|0
269369|2020-02-15|sábado|04:00:00|RS|290.0|BUTIA|Ingestão de Álcool|Saída de leito carroçável|Sem Vítimas|Plena Noite|Céu Claro|1|0|0|0
269370|2020-02-15|sábado|10:09:00|PA|163.0|SANTAREM|Falta de Atenção à Condução|Colisão transversal|Com Vítimas Feridas|Pleno dia|Céu Claro|2|0|1|0
269371|2020-02-15|sábado|09:58:00|SC|282.0|LAGES|Desobediência às normas de trânsito pelo condutor|Colisão lateral|Com Vítimas Feridas|Pleno dia|Céu Claro|3|0|2|0
269372|2020-02-15|sábado|09:10:00|RJ|40.0|PETROPOLIS|Condutor Dormindo|Colisão com objeto estático|Com Vítimas Feridas|Pleno dia|Sol|1|0|1|0
269373|2020-02-15|sábado|09:55:00|SC|101.0|BALNEARIO CAMBORIU|Desobediência às normas de trânsito pelo condutor|Colisão transversal|Com Vítimas Feridas|Pleno dia|Céu Claro|3|0|2|0
269375|2020-02-15|sábado|10:30:00|RS|116.0|SAO LEOPOLDO|Falta de Atenção do Pedestre|Atropelamento de Pedestre|Com Vítimas Feridas|Pleno dia|Céu Claro|2|0|1|0
269376|2020-02-15|sábado|08:00:00|SC|163.0|DIONISIO CERQUEIRA|Ingestão de álcool e/ou substâncias psicoativas pelo pedestre|Saída de leito carroçável|Com Vítimas Feridas|Pleno dia|Céu Claro|1|0|0|1
269377|2020-02-15|sábado|10:40:00|RS|116.0|BARRA DO RIBEIRO|Defeito Mecânico no Veículo|Tombamento|Com Vítimas Feridas|Pleno dia|Céu Claro|2|0|0|2
269378|2020-02-15|sábado|10:30:00|PR|369.0|LONDRINA|Falta de Atenção à Condução|Colisão lateral|Com Vítimas Feridas|Pleno dia|Céu Claro|2|0|1|0
269379|2020-02-15|sábado|10:00:00|PB|230.0|CABEDELO|Falta de Atenção à Condução|Colisão traseira|Com Vítimas Feridas|Pleno dia|Sol|3|0|1|1
269380|2020-02-15|sábado|10:30:00|SC|282.0|PALHOCA|Desobediência às normas de trânsito pelo condutor|Colisão frontal|Com Vítimas Feridas|Pleno dia|Céu Claro|4|0|2|1
269381|2020-02-15|sábado|09:50:00|BA|116.0|FEIRA DE SANTANA|Sinalização da via insuficiente ou inadequada|Colisão traseira|Com Vítimas Feridas|Pleno dia|Sol|3|0|1|0
269382|2020-02-15|sábado|10:00:00|MG|381.0|NOVA UNIAO|Falta de Atenção à Condução|Colisão frontal|Com Vítimas Feridas|Pleno dia|Sol|3|0|2|0
269383|2020-02-15|sábado|10:20:00|BA|116.0|VITORIA DA CONQUISTA|Falta de Atenção à Condução|Tombamento|Com Vítimas Feridas|Pleno dia|Sol|2|0|2|0
269384|2020-02-15|sábado|11:15:00|RS|116.0|SAPUCAIA DO SUL|Falta de Atenção à Condução|Colisão com objeto estático|Sem Vítimas|Pleno dia|Céu Claro|1|0|0|0
269385|2020-02-15|sábado|11:45:00|ES|101.0|IBIRACU|Ingestão de Álcool|Colisão com objeto estático|Com Vítimas Feridas|Pleno dia|Sol|1|0|0|1
269386|2020-02-15|sábado|11:20:00|PR|476.0|CURITIBA|Falta de Atenção à Condução|Colisão traseira|Com Vítimas Feridas|Pleno dia|Céu Claro|6|0|1|0
269387|2020-02-15|sábado|11:30:00|PE|428.0|PETROLINA|Ultrapassagem Indevida|Colisão lateral|Com Vítimas Feridas|Pleno dia|Céu Claro|2|0|1|0
269388|2020-02-15|sábado|11:30:00|RJ|116.0|NOVA IGUACU|Desobediência às normas de trânsito pelo condutor|Colisão lateral|Com Vítimas Feridas|Pleno dia|Céu Claro|2|0|1|0
269389|2020-02-15|sábado|10:35:00|RS|290.0|ELDORADO DO SUL|Não guardar distância de segurança|Colisão traseira|Com Vítimas Feridas|Pleno dia|Céu Claro|2|0|1|0