id|data_inversa|dia_semana|horario|uf|br|municipio|causa_acidente|tipo_acidente|classificacao_acidente|fase_dia|condicao_metereologica|pessoas|mortos|feridos_leves|feridos_graves
269555|2020-02-16|domingo|05:10:00|SP|116.0|LORENA|Ingestão de Álcool|Colisão traseira|Sem Vítimas|Amanhecer|Céu Claro|2|0|0|0
269557|2020-02-16|domingo|05:42:00|PR|376.0|MARINGA|Velocidade Incompatível|Colisão traseira|Com Vítimas Feridas|Amanhecer|Céu Claro|2|0|1|0
269558|2020-02-16|domingo|04:30:00|SC|470.0|RIO DO SUL|Ingestão de Álcool|Capotamento|Com Vítimas Feridas|Plena Noite|Céu Claro|3|0|2|0
269559|2020-02-16|domingo|05:05:00|RO|364.0|PIMENTA BUENO|Ingestão de álcool e/ou substâncias psicoativas pelo pedestre|Atropelamento de Pedestre|Com Vítimas Feridas|Plena Noite|Céu Claro|2|0|1|1
269560|2020-02-16|domingo|06:30:00|SP|381.0|SAO PAULO|Falta de Atenção à Condução|Colisão traseira|Com Vítimas Feridas|Pleno dia|Céu Claro|3|0|0|1
269561|2020-02-16|domingo|05:30:00|RJ|40.0|DUQUE DE CAXIAS|Falta de Atenção à Condução|Tombamento|Com Vítimas Feridas|Pleno dia|Céu Claro|1|0|0|1
269562|2020-02-16|domingo|04:40:00|SC|282.0|LAGES|Ingestão de Álcool|Saída de leito carroçável|Com Vítimas Feridas|Plena Noite|Chuva|1|0|1|0
269563|2020-02-16|domingo|04:40:00|PR|467.0|CASCAVEL|Ingestão de Álcool|Saída de leito carroçável|Com Vítimas Feridas|Plena Noite|Céu Claro|3|0|2|0
269564|2020-02-16|domingo|05:30:00|MS|163.0|CAARAPO|Falta de Atenção à Condução|Saída de leito carroçável|Sem Vítimas|Amanhecer|Céu Claro|1|0|0|0
269565|2020-02-16|domingo|06:50:00|DF|20.0|BRASILIA|Desobediência às normas de trânsito pelo condutor|Saída de leito carroçável|Sem Vítimas|Pleno dia|Céu Claro|1|0|0|0
269566|2020-02-16|domingo|06:10:00|CE|116.0|FORTALEZA|Falta de Atenção à Condução|Colisão com objeto estático|Sem Vítimas|Amanhecer|Chuva|1|0|0|0
269567|2020-02-16|domingo|03:00:00|SC|282.0|DESCANSO|Velocidade Incompatível|Saída de leito carroçável|Sem Vítimas|Plena Noite|Nublado|2|0|0|0
269568|2020-02-16|domingo|07:20:00|TO|153.0|CARIRI DO TOCANTINS|Ingestão de Álcool|Saída de leito carroçável|Com Vítimas Feridas|Amanhecer|Céu Claro|5|0|2|3
269570|2020-02-16|domingo|03:20:00|GO|50.0|CATALAO|Ingestão de Álcool|Colisão com objeto estático|Com Vítimas Feridas|Plena Noite|Ignorado|1|0|1|0
269571|2020-02-16|domingo|07:30:00|CE|222.0|TIANGUA|Não guardar distância de segurança|Colisão traseira|Com Vítimas Feridas|Pleno dia|Céu Claro|3|0|1|1
269572|2020-02-16|domingo|07:20:00|RJ|40.0|DUQUE DE CAXIAS|Falta de Atenção à Condução|Queda de ocupante de veículo|Com Vítimas Feridas|Pleno dia|Céu Claro|1|0|1|0
269573|2020-02-16|domingo|06:20:00|RR|174.0|BOA VISTA|Ultrapassagem Indevida|Colisão lateral|Com Vítimas Feridas|Pleno dia|Sol|2|0|1|0
269574|2020-02-15|sábado|23:30:00|PR|277.0|MEDIANEIRA|Falta de Atenção à Condução|Saída de leito carroçável|Com Vítimas Fatais|Plena Noite|Céu Claro|1|1|0|0
269575|2020-02-14|sexta-feira|17:30:00|MT|70.0|NOSSA SENHORA DO LIVRAMENTO|Pista Escorregadia|Colisão frontal|Com Vítimas Feridas|Anoitecer|Chuva|5|0|3|1
269576|2020-02-16|domingo|08:10:00|SC|101.0|ITAJAI|Defeito Mecânico no Veículo|Capotamento|Com Vítimas Feridas|Pleno dia|Sol|1|0|1|0
269577|2020-01-14|terça-feira|07:15:00|SC|470.0|BRUNOPOLIS|Condutor Dormindo|Colisão lateral|Com Vítimas Feridas|Pleno dia|Céu Claro|2|0|1|1
269578|2020-02-16|domingo|06:40:00|BA|415.0|ITABUNA|Ingestão de Álcool|Colisão traseira|Com Vítimas Feridas|Pleno dia|Céu Claro|3|0|1|0
269579|2020-02-16|domingo|07:10:00|PB|230.0|SANTA RITA|Falta de Atenção à Condução|Saída de leito carroçável|Sem Vítimas|Pleno dia|Sol|1|0|0|0
269581|2020-02-16|domingo|08:20:00|PI|343.0|PARNAIBA|Desobediência às normas de trânsito pelo condutor|Colisão transversal|Com Vítimas Feridas|Pleno dia|Nublado|2|0|0|1
269582|2020-02-16|domingo|02:00:00|MG|267.0|LIMA DUARTE|Deficiência ou não Acionamento do Sistema de Iluminação/Sinalização do Veículo|Colisão traseira|Com Vítimas Fatais|Plena Noite|Nevoeiro/Neblina|3|1|0|1
269583|2020-02-16|domingo|08:15:00|MG|116.0|TEOFILO OTONI|Condutor Dormindo|Saída de leito carroçável|Com Vítimas Feridas|Pleno dia|Céu Claro|1|0|1|0
269584|2020-02-16|domingo|08:40:00|MG|381.0|PERDOES|Velocidade Incompatível|Capotamento|Com Vítimas Feridas|Pleno dia|Chuva|4|0|3|0
269585|2020-02-16|domingo|07:00:00|MT|163.0|SINOP|Falta de Atenção à Condução|Saída de leito carroçável|Sem Vítimas|Amanhecer|Céu Claro|1|0|0|0
269586|2020-02-16|domingo|07:40:00|MG|365.0|ARAGUARI|Falta de Atenção à Condução|Colisão frontal|Com Vítimas Fatais|Pleno dia|Céu Claro|2|1|0|0
269588|2020-02-16|domingo|09:00:00|MG|40.0|SETE LAGOAS|Falta de Atenção à Condução|Colisão traseira|Com Vítimas Feridas|Pleno dia|Nublado|2|0|1|0
269589|2020-02-16|domingo|09:45:00|PR|277.0|CAMPO LARGO|Falta de Atenção à Condução|Queda de ocupante de veículo|Com Vítimas Feridas|Pleno dia|Céu Claro|3|0|0|1
269590|2020-02-16|domingo|09:00:00|PR|277.0|LARANJEIRAS DO SUL|Falta de Atenção à Condução|Capotamento|Com Vítimas Feridas|Pleno dia|Nublado|2|0|0|1
269591|2020-02-16|domingo|05:40:00|RS|285.0|BOM JESUS|Velocidade Incompatível|Saída de leito carroçável|Com Vítimas Fatais|Amanhecer|Céu Claro|1|1|0|0
269592|2020-02-16|domingo|10:10:00|SP|116.0|SAO LOURENCO DA SERRA|Não guardar distância de segurança|Colisão traseira|Com Vítimas Feridas|Pleno dia|Céu Claro|2|0|1|0
269593|2020-02-16|domingo|10:15:00|MG|116.0|LEOPOLDINA|Velocidade Incompatível|Saída de leito carroçável|Com Vítimas Feridas|Pleno dia|Sol|1|0|1|0
269594|2020-02-16|domingo|10:00:00|PB|230.0|CAMPINA GRANDE|Desobediência às normas de trânsito pelo condutor|Colisão traseira|Sem Vítimas|Pleno dia|Céu Claro|2|0|0|0
269595|2020-02-16|domingo|08:55:00|MT|174.0|PONTES E LACERDA|Falta de Atenção à Condução|Tombamento|Sem Vítimas|Pleno dia|Céu Claro|5|0|0|0
269597|2020-02-16|domingo|10:00:00|PE|101.0|IGARASSU|Falta de Atenção à Condução|Colisão lateral|Sem Vítimas|Pleno dia|Céu Claro|2|0|0|0
269598|2020-02-16|domingo|07:45:00|CE|222.0|FORTALEZA|Ingestão de Substâncias Psicoativas|Colisão transversal|Sem Vítimas|Pleno dia|Garoa/Chuvisco|3|0|0|0
269599|2020-02-16|domingo|07:25:00|MG|381.0|BOM JESUS DO AMPARO|Falta de Atenção à Condução|Saída de leito carroçável|Com Vítimas Feridas|Pleno dia|Céu Claro|2|0|2|0
269601|2020-02-16|domingo|09:30:00|MG|50.0|UBERLANDIA|Falta de Atenção à Condução|Colisão traseira|Com Vítimas Feridas|Pleno dia|Sol|3|0|0|2
269602|2020-02-16|domingo|06:00:00|PI|316.0|TERESINA|Desobediência às normas de trânsito pelo condutor|Colisão com objeto estático|Sem Vítimas|Amanhecer|Céu Claro|3|0|0|0
269603|2020-02-16|domingo|10:50:00|SE|101.0|ITAPORANGA DAJUDA|Defeito Mecânico no Veículo|Tombamento|Com Vítimas Feridas|Pleno dia|Céu Claro|1|0|1|0
269604|2020-02-16|domingo|11:00:00|ES|101.0|SERRA|Desobediência às normas de trânsito pelo condutor|Colisão transversal|Com Vítimas Feridas|Pleno dia|Sol|3|0|0|1
269605|2020-02-16|domingo|10:20:00|MS|163.0|COXIM|Avarias e/ou desgaste excessivo no pneu|Tombamento|Com Vítimas Feridas|Pleno dia|Céu Claro|2|0|2|0
269606|2020-02-16|domingo|11:15:00|SP|116.0|JUQUITIBA|Falta de Atenção à Condução|Colisão com objeto estático|Com Vítimas Feridas|Pleno dia|Céu Claro|1|0|0|1
269607|2020-02-16|domingo|12:00:00|RJ|356.0|CAMPOS DOS GOYTACAZES|Desobediência às normas de trânsito pelo condutor|Colisão transversal|Com Vítimas Feridas|Pleno dia|Sol|2|0|1|1
269608|2020-02-16|domingo|12:00:00|PE|101.0|ABREU E LIMA|Desobediência às normas de trânsito pelo condutor|Colisão traseira|Sem Vítimas|Pleno dia|Céu Claro|2|0|0|0
269609|2020-02-16|domingo|12:00:00|MG|251.0|FRANCISCO SA|Defeito Mecânico no Veículo|Incêndio|Sem Vítimas|Pleno dia|Céu Claro|1|0|0|0
269610|2020-02-16|domingo|12:15:00|RJ|116.0|BARRA MANSA|Pista Escorregadia|Tombamento|Com Vítimas Feridas|Pleno dia|Sol|1|0|1|0
269611|2020-02-16|domingo|08:00:00|SC|470.0|CURITIBANOS|Ingestão de Álcool|Tombamento|Com Vítimas Feridas|Amanhecer|Nublado|2|0|1|0
269612|2020-02-16|domingo|07:35:00|RS|468.0|BOM PROGRESSO|Ingestão de Álcool|Colisão traseira|Com Vítimas Feridas|Pleno dia|Céu Claro|2|0|1|0
269613|2020-02-16|domingo|10:30:00|SC|116.0|CORREIA PINTO|Animais na Pista|Tombamento|Com Vítimas Feridas|Pleno dia|Nublado|1|0|1|0
269614|2020-02-16|domingo|12:00:00|PI|230.0|SAO JOAO DA VARJOTA|Falta de Atenção à Condução|Saída de leito carroçável|Sem Vítimas|Pleno dia|Céu Claro|1|0|0|0
269615|2020-02-16|domingo|13:40:00|TO|153.0|CRIXAS DO TOCANTINS|Falta de Atenção à Condução|Colisão frontal|Com Vítimas Fatais|Pleno dia|Sol|2|1|0|0
269616|2020-02-16|domingo|13:00:00|SC|101.0|SANGAO|Defeito Mecânico no Veículo|Tombamento|Com Vítimas Feridas|Pleno dia|Céu Claro|2|0|2|0
269617|2020-02-16|domingo|13:30:00|GO|60.0|ALEXANIA|Desobediência às normas de trânsito pelo condutor|Saída de leito carroçável|Sem Vítimas|Pleno dia|Chuva|1|0|0|0
269618|2020-02-16|domingo|13:15:00|PR|163.0|PRANCHITA|Desobediência às normas de trânsito pelo condutor|Saída de leito carroçável|Com Vítimas Feridas|Pleno dia|Garoa/Chuvisco|3|0|1|0
269619|2020-02-16|domingo|09:30:00|RO|429.0|ALVORADA DOESTE|Defeito na Via|Queda de ocupante de veículo|Com Vítimas Feridas|Pleno dia|Nublado|2|0|2|0
269620|2020-02-16|domingo|13:20:00|PR|376.0|SAO JOSE DOS PINHAIS|Ingestão de Álcool|Colisão lateral|Sem Vítimas|Pleno dia|Nublado|3|0|0|0
269621|2020-02-16|domingo|14:10:00|MG|381.0|SABARA|Falta de Atenção à Condução|Colisão traseira|Com Vítimas Feridas|Pleno dia|Céu Claro|2|0|1|0
269622|2020-02-16|domingo|14:00:00|SP|116.0|GUARULHOS|Falta de Atenção à Condução|Colisão lateral|Com Vítimas Feridas|Pleno dia|Nublado|2|0|1|0
269623|2020-02-16|domingo|14:00:00|GO|60.0|ABADIANIA|Velocidade Incompatível|Capotamento|Com Vítimas Feridas|Pleno dia|Chuva|6|0|4|2
269624|2020-02-16|domingo|14:10:00|SC|101.0|BIGUACU|Falta de Atenção à Condução|Capotamento|Com Vítimas Feridas|Pleno dia|Céu Claro|5|0|4|0
269625|2020-02-16|domingo|14:30:00|TO|153.0|ARAGUAINA|Falta de Atenção à Condução|Queda de ocupante de veículo|Com Vítimas Feridas|Pleno dia|Nublado|1|0|1|0
269626|2020-02-16|domingo|12:10:00|MG|381.0|NAQUE|Mal Súbito|Colisão lateral|Com Vítimas Feridas|Pleno dia|Céu Claro|2|0|0|1
269627|2020-02-16|domingo|14:10:00|SC|280.0|BALNEARIO BARRA DO SUL|Falta de Atenção à Condução|Colisão traseira|Com Vítimas Feridas|Pleno dia|Céu Claro|2|0|1|0
269628|2020-02-16|domingo|14:00:00|SC|101.0|PALHOCA|Ingestão de álcool e/ou substâncias psicoativas pelo pedestre|Saída de leito carroçável|Sem Vítimas|Pleno dia|Céu Claro|1|0|0|0
269629|2020-02-16|domingo|04:00:00|RJ|101.0|PARATY|Velocidade Incompatível|Capotamento|Sem Vítimas|Plena Noite|Céu Claro|1|0|0|0
269630|2020-02-16|domingo|14:29:00|GO|80.0|BARRO ALTO|Desobediência às normas de trânsito pelo condutor|Saída de leito carroçável|Com Vítimas Feridas|Pleno dia|Céu Claro|1|0|1|0
269631|2020-02-16|domingo|12:40:00|MS|267.0|NOVA ALVORADA DO SUL|Agressão Externa|Tombamento|Sem Vítimas|Pleno dia|Sol|1|0|0|0
269632|2020-02-16|domingo|14:45:00|MG|356.0|EUGENOPOLIS|Falta de Atenção à Condução|Atropelamento de Pedestre|Com Vítimas Feridas|Pleno dia|Sol|3|0|1|0
269633|2020-02-16|domingo|14:10:00|MS|163.0|CAMPO GRANDE|Defeito Mecânico no Veículo|Tombamento|Com Vítimas Feridas|Pleno dia|Sol|1|0|1|0
269634|2020-02-16|domingo|12:00:00|BA|242.0|OLIVEIRA DOS BREJINHOS|Falta de Atenção à Condução|Colisão traseira|Com Vítimas Fatais|Pleno dia|Sol|2|1|0|0
269635|2020-02-16|domingo|13:50:00|MT|70.0|CACERES|Falta de Atenção à Condução|Colisão com objeto estático|Com Vítimas Feridas|Pleno dia|Céu Claro|1|0|1|0
269636|2020-02-16|domingo|11:45:00|RS|471.0|RIO PARDO|Desobediência às normas de trânsito pelo condutor|Colisão transversal|Com Vítimas Feridas|Pleno dia|Céu Claro|3|0|2|0
269637|2020-02-16|domingo|14:30:00|GO|60.0|INDIARA|Pista Escorregadia|Saída de leito carroçável|Com Vítimas Feridas|Pleno dia|Chuva|1|0|1|0
269638|2020-02-16|domingo|12:00:00|PR|277.0|PARANAGUA|Desobediência às normas de trânsito pelo condutor|Colisão transversal|Com Vítimas Feridas|Pleno dia|Sol|2|0|1|0
269639|2020-02-16|domingo|15:20:00|PA|316.0|BENEVIDES|Falta de Atenção à Condução|Colisão lateral|Com Vítimas Feridas|Pleno dia|Garoa/Chuvisco|2|0|1|0
269640|2020-02-16|domingo|15:45:00|SP|116.0|ITAPECERICA DA SERRA|Não guardar distância de segurança|Colisão lateral|Com Vítimas Feridas|Pleno dia|Céu Claro|1|0|1|0
269641|2020-02-16|domingo|15:00:00|MG|381.0|SABARA|Velocidade Incompatível|Saída de leito carroçável|Com Vítimas Feridas|Pleno dia|Céu Claro|1|0|1|0
269642|2020-02-16|domingo|14:30:00|SP|116.0|SANTA ISABEL|Falta de Atenção à Condução|Capotamento|Com Vítimas Feridas|Pleno dia|Chuva|2|0|1|1
269643|2020-02-16|domingo|15:35:00|PR|116.0|PIRAQUARA|Falta de Atenção à Condução|Tombamento|Com Vítimas Feridas|Pleno dia|Sol|2|0|1|0
269645|2020-02-16|domingo|15:55:00|GO|60.0|ALEXANIA|Defeito Mecânico no Veículo|Saída de leito carroçável|Com Vítimas Feridas|Pleno dia|Nublado|3|0|1|0
269647|2020-02-16|domingo|16:30:00|RS|386.0|FREDERICO WESTPHALEN|Desobediência às normas de trânsito pelo condutor|Colisão transversal|Com Vítimas Feridas|Pleno dia|Nublado|2|0|1|0
269648|2020-02-16|domingo|16:30:00|SC|101.0|PALHOCA|Não guardar distância de segurança|Colisão traseira|Com Vítimas Feridas|Pleno dia|Nublado|2|0|0|1
269649|2020-02-16|domingo|16:25:00|GO|40.0|VALPARAISO DE GOIAS|Velocidade Incompatível|Colisão traseira|Sem Vítimas|Pleno dia|Chuva|2|0|0|0
269650|2020-02-16|domingo|16:30:00|SC|101.0|PALHOCA|Desobediência às normas de trânsito pelo condutor|Colisão traseira|Com Vítimas Feridas|Pleno dia|Céu Claro|2|0|1|0
269651|2020-02-16|domingo|15:00:00|SC|282.0|PONTE SERRADA|Velocidade Incompatível|Saída de leito carroçável|Sem Vítimas|Pleno dia|Chuva|1|0|0|0
269652|2020-02-16|domingo|16:20:00|SE|235.0|ITABAIANA|Não guardar distância de segurança|Colisão traseira|Com Vítimas Feridas|Anoitecer|Céu Claro|2|0|1|0
269653|2020-02-16|domingo|17:29:00|GO|40.0|CIDADE OCIDENTAL|Falta de Atenção do Pedestre|Atropelamento de Pedestre|Com Vítimas Feridas|Anoitecer|Garoa/Chuvisco|2|0|1|0
269656|2020-02-16|domingo|11:50:00|MG|262.0|PERDIZES|Pista Escorregadia|Saída de leito carroçável|Com Vítimas Feridas|Pleno dia|Nublado|1|0|1|0
269658|2020-02-16|domingo|16:50:00|PR|277.0|CURITIBA|Falta de Atenção à Condução|Colisão traseira|Com Vítimas Feridas|Pleno dia|Céu Claro|2|0|1|0
269659|2020-02-16|domingo|17:45:00|RS|290.0|PORTO ALEGRE|Não guardar distância de segurança|Colisão traseira|Sem Vítimas|Pleno dia|Céu Claro|2|0|0|0
269661|2020-02-16|domingo|18:00:00|MG|262.0|UBERABA|Falta de Atenção à Condução|Tombamento|Com Vítimas Feridas|Pleno dia|Nublado|1|0|1|0
269662|2020-02-16|domingo|16:45:00|BA|324.0|FEIRA DE SANTANA|Falta de Atenção à Condução|Colisão traseira|Com Vítimas Feridas|Pleno dia|Céu Claro|2|0|1|0
269663|2020-02-16|domingo|14:40:00|GO|20.0|FORMOSA|Não guardar distância de segurança|Queda de ocupante de veículo|Com Vítimas Feridas|Pleno dia|Céu Claro|1|0|1|0
269664|2020-02-16|domingo|17:20:00|PR|153.0|PORTO VITORIA|Falta de Atenção à Condução|Colisão transversal|Com Vítimas Feridas|Pleno dia|Nublado|3|0|2|0
269665|2020-02-16|domingo|18:00:00|PR|376.0|TIBAGI|Animais na Pista|Saída de leito carroçável|Com Vítimas Feridas|Pleno dia|Sol|2|0|2|0
269666|2020-02-16|domingo|14:30:00|GO|20.0|FORMOSA|Falta de Atenção à Condução|Saída de leito carroçável|Com Vítimas Feridas|Pleno dia|Nublado|3|0|0|1
269667|2020-02-16|domingo|17:10:00|SC|101.0|ITAPEMA|Velocidade Incompatível|Colisão traseira|Com Vítimas Feridas|Pleno dia|Céu Claro|2|0|1|0
269668|2020-02-16|domingo|15:30:00|SC|280.0|CANOINHAS|Falta de Atenção à Condução|Capotamento|Sem Vítimas|Pleno dia|Céu Claro|1|0|0|0
269669|2020-02-16|domingo|15:40:00|AC|364.0|RIO BRANCO|Defeito na Via|Colisão traseira|Com Vítimas Feridas|Pleno dia|Sol|2|0|1|0
269670|2020-02-16|domingo|17:20:00|PR|476.0|CURITIBA|Avarias e/ou desgaste excessivo no pneu|Saída de leito carroçável|Com Vítimas Fatais|Anoitecer|Céu Claro|3|1|0|2
269671|2020-02-16|domingo|14:10:00|BA|110.0|CICERO DANTAS|Ingestão de Álcool|Colisão lateral|Com Vítimas Feridas|Pleno dia|Céu Claro|3|0|0|1
269672|2020-02-16|domingo|18:29:00|SP|116.0|GUARULHOS|Falta de Atenção à Condução|Colisão lateral|Sem Vítimas|Anoitecer|Céu Claro|3|0|0|0
269673|2020-02-16|domingo|16:00:00|SP|381.0|SAO PAULO|Falta de Atenção à Condução|Tombamento|Com Vítimas Feridas|Pleno dia|Céu Claro|3|0|2|0
269674|2020-02-16|domingo|18:00:00|PR|376.0|JANDAIA DO SUL|Desobediência às normas de trânsito pelo condutor|Colisão transversal|Com Vítimas Feridas|Anoitecer|Céu Claro|7|0|2|0
269675|2020-02-16|domingo|18:28:00|PR|153.0|GENERAL CARNEIRO|Desobediência às normas de trânsito pelo condutor|Capotamento|Com Vítimas Feridas|Pleno dia|Céu Claro|2|0|1|0
269676|2020-02-16|domingo|17:14:00|MG|40.0|RIBEIRAO DAS NEVES|Falta de Atenção à Condução|Colisão traseira|Sem Vítimas|Pleno dia|Nublado|3|0|0|0
269678|2020-02-16|domingo|18:50:00|SE|235.0|ITABAIANA|Falta de Atenção à Condução|Colisão frontal|Com Vítimas Feridas|Plena Noite|Céu Claro|3|0|0|2
269681|2020-02-16|domingo|19:00:00|AL|416.0|IBATEGUARA|Ingestão de Álcool|Colisão frontal|Com Vítimas Feridas|Plena Noite|Céu Claro|4|0|1|3
269682|2020-02-16|domingo|17:00:00|CE|222.0|CAUCAIA|Desobediência às normas de trânsito pelo condutor|Colisão transversal|Com Vítimas Feridas|Anoitecer|Nublado|3|0|1|1
269684|2020-02-16|domingo|16:25:00|SC|158.0|CUNHA PORA|Falta de Atenção à Condução|Colisão transversal|Com Vítimas Feridas|Pleno dia|Nublado|4|0|1|3
269685|2020-02-16|domingo|07:30:00|MA|402.0|PRIMEIRA CRUZ|Animais na Pista|Saída de leito carroçável|Com Vítimas Fatais|Pleno dia|Nublado|5|1|0|4
269686|2020-02-16|domingo|19:15:00|SP|116.0|SAO JOSE DOS CAMPOS|Desobediência às normas de trânsito pelo pedestre|Atropelamento de Pedestre|Com Vítimas Feridas|Plena Noite|Céu Claro|6|0|0|1
269687|2020-02-16|domingo|19:20:00|SC|101.0|SAO JOSE|Não guardar distância de segurança|Engavetamento|Com Vítimas Feridas|Plena Noite|Céu Claro|5|0|1|0
269688|2020-02-16|domingo|19:20:00|RJ|101.0|ITAGUAI|Desobediência às normas de trânsito pelo condutor|Colisão com objeto estático|Com Vítimas Feridas|Plena Noite|Chuva|4|0|0|3
269689|2020-02-16|domingo|19:10:00|BA|324.0|FEIRA DE SANTANA|Ingestão de Álcool|Colisão traseira|Com Vítimas Feridas|Plena Noite|Céu Claro|3|0|2|0
269690|2020-02-16|domingo|19:30:00|RS|392.0|PELOTAS|Falta de Atenção à Condução|Colisão transversal|Com Vítimas Feridas|Anoitecer|Céu Claro|3|0|1|0
269691|2020-02-16|domingo|09:30:00|BA|101.0|IBIRAPITANGA|Falta de Atenção à Condução|Saída de leito carroçável|Sem Vítimas|Pleno dia|Sol|1|0|0|0
269692|2020-02-16|domingo|16:55:00|SC|101.0|ARAQUARI|Falta de Atenção à Condução|Queda de ocupante de veículo|Com Vítimas Feridas|Pleno dia|Sol|2|0|2|0
269693|2020-02-16|domingo|19:38:00|SP|116.0|TAUBATE|Falta de Atenção à Condução|Colisão frontal|Com Vítimas Feridas|Plena Noite|Nublado|2|0|1|1
269694|2020-02-16|domingo|15:20:00|SC|282.0|XAXIM|Ingestão de Álcool|Colisão frontal|Com Vítimas Feridas|Pleno dia|Chuva|6|0|2|2
269695|2020-02-16|domingo|19:10:00|PR|277.0|CAMPO LARGO|Ingestão de Álcool|Colisão lateral|Sem Vítimas|Plena Noite|Nublado|2|0|0|0
269696|2020-02-16|domingo|20:12:00|RN|101.0|NATAL|Animais na Pista|Atropelamento de Animal|Com Vítimas Feridas|Plena Noite|Céu Claro|1|0|1|0
269697|2020-02-16|domingo|18:00:00|MS|163.0|CAMPO GRANDE|Falta de Atenção à Condução|Colisão transversal|Sem Vítimas|Plena Noite|Nublado|3|0|0|0
269698|2020-02-16|domingo|20:15:00|MG|116.0|MIRADOURO|Restrição de Visibilidade|Tombamento|Com Vítimas Feridas|Plena Noite|Céu Claro|2|0|2|0
269699|2020-02-16|domingo|20:00:00|PR|376.0|IMBAU|Falta de Atenção do Pedestre|Atropelamento de Pedestre|Com Vítimas Feridas|Plena Noite|Nublado|2|0|0|1
269700|2020-02-16|domingo|20:25:00|SC|470.0|NAVEGANTES|Velocidade Incompatível|Colisão traseira|Com Vítimas Feridas|Plena Noite|Nublado|10|0|1|0
269701|2020-02-16|domingo|15:30:00|SC|282.0|NOVA ITABERABA|Velocidade Incompatível|Saída de leito carroçável|Com Vítimas Feridas|Pleno dia|Nublado|2|0|1|0
269702|2020-02-16|domingo|20:35:00|RS|287.0|SANTA MARIA|Não guardar distância de segurança|Colisão traseira|Com Vítimas Feridas|Plena Noite|Céu Claro|4|0|2|0
269703|2020-02-16|domingo|15:30:00|BA|116.0|BOA NOVA|Falta de Atenção do Pedestre|Atropelamento de Pedestre|Com Vítimas Feridas|Pleno dia|Céu Claro|2|0|0|1
269704|2020-02-16|domingo|19:40:00|MT|70.0|CUIABA|Desobediência às normas de trânsito pelo condutor|Colisão lateral|Com Vítimas Feridas|Plena Noite|Céu Claro|4|0|1|2
269705|2020-02-16|domingo|19:30:00|RJ|116.0|GUAPIMIRIM|Velocidade Incompatível|Colisão com objeto estático|Com Vítimas Feridas|Plena Noite|Chuva|2|0|1|0
269706|2020-02-16|domingo|18:40:00|SC|101.0|TIJUCAS|Defeito Mecânico no Veículo|Saída de leito carroçável|Com Vítimas Feridas|Anoitecer|Céu Claro|1|0|0|1
269707|2020-02-16|domingo|13:00:00|MS|359.0|COSTA RICA|Falta de Atenção à Condução|Tombamento|Sem Vítimas|Pleno dia|Céu Claro|2|0|0|0
269708|2020-02-16|domingo|19:40:00|MS|60.0|SIDROLANDIA|Falta de Atenção à Condução|Colisão lateral|Com Vítimas Feridas|Plena Noite|Nublado|4|0|1|0
269709|2020-02-16|domingo|20:45:00|SP|116.0|JUQUITIBA|Desobediência às normas de trânsito pelo pedestre|Atropelamento de Pedestre|Com Vítimas Fatais|Plena Noite|Nublado|2|1|0|0
269710|2020-02-16|domingo|18:00:00|RJ|116.0|NOVA IGUACU|Falta de Atenção à Condução|Engavetamento|Sem Vítimas|Anoitecer|Chuva|4|0|0|0
269711|2020-02-16|domingo|20:15:00|DF|20.0|BRASILIA|Desobediência às normas de trânsito pelo condutor|Colisão traseira|Com Vítimas Feridas|Plena Noite|Nublado|5|0|1|3
269712|2020-02-16|domingo|18:00:00|MA|10.0|ESTREITO|Ingestão de Álcool|Tombamento|Com Vítimas Feridas|Anoitecer|Céu Claro|1|0|1|0
269713|2020-02-16|domingo|21:20:00|RJ|116.0|RESENDE|Fenômenos da Natureza|Colisão com objeto estático|Com Vítimas Feridas|Plena Noite|Chuva|1|0|1|0
269714|2020-02-16|domingo|20:30:00|SP|116.0|CANAS|Desobediência às normas de trânsito pelo condutor|Colisão traseira|Sem Vítimas|Plena Noite|Chuva|2|0|0|0
269716|2020-02-16|domingo|20:45:00|RJ|40.0|DUQUE DE CAXIAS|Ingestão de Álcool|Colisão traseira|Com Vítimas Feridas|Plena Noite|Garoa/Chuvisco|3|0|1|0
269717|2020-02-16|domingo|18:00:00|SC|282.0|LAGES|Ingestão de Álcool|Saída de leito carroçável|Sem Vítimas|Pleno dia|Chuva|1|0|0|0
269719|2020-02-16|domingo|19:30:00|RJ|101.0|SILVA JARDIM|Falta de Atenção à Condução|Colisão traseira|Com Vítimas Feridas|Plena Noite|Chuva|4|0|1|0
269720|2020-02-16|domingo|18:10:00|SC|282.0|PONTE SERRADA|Velocidade Incompatível|Saída de leito carroçável|Com Vítimas Feridas|Anoitecer|Chuva|3|0|2|0
269721|2020-02-16|domingo|21:00:00|PR|369.0|JATAIZINHO|Ingestão de Álcool|Colisão lateral|Com Vítimas Feridas|Plena Noite|Céu Claro|4|0|0|1
269722|2020-02-16|domingo|21:10:00|SP|116.0|GUARULHOS|Não guardar distância de segurança|Colisão traseira|Com Vítimas Feridas|Plena Noite|Céu Claro|4|0|1|0
269723|2020-02-16|domingo|18:00:00|SC|282.0|PONTE SERRADA|Velocidade Incompatível|Saída de leito carroçável|Com Vítimas Feridas|Anoitecer|Chuva|4|0|1|0
269724|2020-02-16|domingo|21:15:00|PR|376.0|MARIALVA|Defeito Mecânico no Veículo|Saída de leito carroçável|Com Vítimas Feridas|Plena Noite|Céu Claro|1|0|1|0