id|data_inversa|dia_semana|horario|uf|br|municipio|causa_acidente|tipo_acidente|classificacao_acidente|fase_dia|condicao_metereologica|pessoas|mortos|feridos_leves|feridos_graves
269725|2020-02-16|domingo|20:00:00|MG|381.0|SABARA|Falta de Atenção do Pedestre|Colisão lateral|Com Vítimas Feridas|Plena Noite|Nublado|2|0|1|0
269727|2020-02-16|domingo|21:20:00|MG|381.0|CONTAGEM|Ingestão de Álcool|Colisão transversal|Com Vítimas Feridas|Plena Noite|Céu Claro|4|0|0|2
269728|2020-02-16|domingo|18:30:00|PI|316.0|TERESINA|Falta de Atenção à Condução|Saída de leito carroçável|Com Vítimas Feridas|Plena Noite|Céu Claro|1|0|1|0
269729|2020-02-16|domingo|22:20:00|RS|116.0|SAO LEOPOLDO|Defeito Mecânico no Veículo|Saída de leito carroçável|Com Vítimas Feridas|Plena Noite|Ignorado|3|0|1|0
269730|2020-02-16|domingo|21:00:00|MT|364.0|ROSARIO OESTE|Falta de Atenção à Condução|Tombamento|Com Vítimas Feridas|Plena Noite|Ignorado|2|0|1|1
269731|2020-02-16|domingo|22:30:00|PE|232.0|JABOATAO DOS GUARARAPES|Não guardar distância de segurança|Colisão traseira|Sem Vítimas|Plena Noite|Céu Claro|5|0|0|0
269732|2020-02-16|domingo|21:00:00|PR|277.0|BALSA NOVA|Falta de Atenção à Condução|Saída de leito carroçável|Sem Vítimas|Plena Noite|Céu Claro|1|0|0|0
269733|2020-02-16|domingo|22:35:00|PB|104.0|LAGOA SECA|Desobediência às normas de trânsito pelo pedestre|Atropelamento de Pedestre|Com Vítimas Feridas|Plena Noite|Céu Claro|2|0|1|0
269734|2020-02-16|domingo|19:50:00|MA|135.0|BACABEIRA|Condutor Dormindo|Saída de leito carroçável|Com Vítimas Feridas|Plena Noite|Garoa/Chuvisco|1|0|0|1
269736|2020-02-16|domingo|21:30:00|SP|381.0|MAIRIPORA|Ingestão de Álcool|Colisão traseira|Com Vítimas Feridas|Plena Noite|Céu Claro|3|0|2|0
269737|2020-02-16|domingo|19:30:00|CE|230.0|LAVRAS DA MANGABEIRA|Desobediência às normas de trânsito pelo condutor|Colisão traseira|Com Vítimas Fatais|Plena Noite|Céu Claro|2|2|0|0
269738|2020-02-16|domingo|21:00:00|RS|468.0|PALMEIRA DAS MISSOES|Falta de Atenção à Condução|Colisão frontal|Com Vítimas Feridas|Plena Noite|Céu Claro|2|0|0|1
269739|2020-02-16|domingo|16:40:00|MA|10.0|IMPERATRIZ|Defeito Mecânico no Veículo|Colisão transversal|Sem Vítimas|Pleno dia|Céu Claro|4|0|0|0
269740|2020-02-16|domingo|18:20:00|PI|402.0|BURITI DOS LOPES|Ingestão de Álcool|Saída de leito carroçável|Sem Vítimas|Plena Noite|Chuva|1|0|0|0
269741|2020-02-16|domingo|23:10:00|GO|60.0|ALEXANIA|Ingestão de Álcool|Saída de leito carroçável|Com Vítimas Feridas|Plena Noite|Céu Claro|2|0|1|0
269742|2020-02-16|domingo|20:30:00|MS|158.0|TRES LAGOAS|Condutor Dormindo|Saída de leito carroçável|Com Vítimas Feridas|Plena Noite|Céu Claro|1|0|1|0
269744|2020-02-16|domingo|22:45:00|RS|116.0|GUAIBA|Ingestão de Álcool|Colisão com objeto estático|Sem Vítimas|Plena Noite|Nublado|1|0|0|0
269745|2020-02-16|domingo|22:30:00|PR|158.0|PATO BRANCO|Pista Escorregadia|Saída de leito carroçável|Com Vítimas Feridas|Plena Noite|Céu Claro|1|0|1|0
269746|2020-02-16|domingo|23:30:00|TO|153.0|ARAGUAINA|Ingestão de Álcool|Saída de leito carroçável|Sem Vítimas|Plena Noite|Ignorado|2|0|0|0
269747|2020-02-16|domingo|21:20:00|SC|101.0|SANTA ROSA DO SUL|Falta de Atenção à Condução|Colisão traseira|Com Vítimas Feridas|Plena Noite|Nublado|1|0|1|0
269748|2020-02-16|domingo|21:30:00|BA|410.0|TUCANO|Ingestão de Álcool|Colisão traseira|Sem Vítimas|Plena Noite|Céu Claro|3|0|0|0
269750|2020-02-16|domingo|20:00:00|PR|369.0|JURANDA|Ultrapassagem Indevida|Colisão frontal|Com Vítimas Fatais|Plena Noite|Céu Claro|4|1|1|2
269751|2020-02-16|domingo|22:15:00|SC|282.0|SAO JOSE DO CERRITO|Velocidade Incompatível|Colisão lateral|Com Vítimas Feridas|Plena Noite|Céu Claro|3|0|1|1
269752|2020-02-16|domingo|22:45:00|PR|277.0|BALSA NOVA|Falta de Atenção à Condução|Colisão com objeto estático|Com Vítimas Feridas|Plena Noite|Céu Claro|1|0|0|1
269753|2020-02-16|domingo|17:35:00|RS|386.0|TRIUNFO|Ingestão de Álcool|Saída de leito carroçável|Com Vítimas Feridas|Pleno dia|Céu Claro|2|0|2|0
269754|2020-02-16|domingo|20:15:00|RS|386.0|TRIUNFO|Pista Escorregadia|Saída de leito carroçável|Com Vítimas Feridas|Anoitecer|Chuva|3|0|3|0
269755|2020-02-17|segunda-feira|00:25:00|SP|116.0|CANAS|Falta de Atenção à Condução|Colisão com objeto estático|Com Vítimas Feridas|Plena Noite|Nublado|1|0|1|0
269756|2020-02-17|segunda-feira|00:30:00|SE|235.0|AREIA BRANCA|Velocidade Incompatível|Tombamento|Sem Vítimas|Plena Noite|Céu Claro|1|0|0|0
269757|2020-02-17|segunda-feira|00:02:00|MG|356.0|MURIAE|Falta de Atenção à Condução|Danos eventuais|Sem Vítimas|Plena Noite|Nublado|2|0|0|0
269758|2020-02-17|segunda-feira|01:09:00|SP|381.0|BRAGANCA PAULISTA|Velocidade Incompatível|Colisão traseira|Com Vítimas Feridas|Plena Noite|Céu Claro|4|0|0|1
269759|2020-02-17|segunda-feira|02:00:00|SP|116.0|GUARATINGUETA|Velocidade Incompatível|Saída de leito carroçável|Sem Vítimas|Plena Noite|Céu Claro|1|0|0|0
269760|2020-02-17|segunda-feira|02:30:00|PE|101.0|CABO DE SANTO AGOSTINHO|Falta de Atenção à Condução|Colisão com objeto estático|Com Vítimas Feridas|Plena Noite|Céu Claro|1|0|0|1
269761|2020-02-17|segunda-feira|02:00:00|PR|116.0|CAMPINA GRANDE DO SUL|Falta de Atenção à Condução|Saída de leito carroçável|Com Vítimas Feridas|Plena Noite|Céu Claro|4|0|1|0
269762|2020-02-17|segunda-feira|02:10:00|PE|423.0|SAO JOAO|Ingestão de Álcool|Colisão lateral|Com Vítimas Feridas|Plena Noite|Céu Claro|3|0|0|2
269763|2020-02-17|segunda-feira|02:30:00|MG|40.0|PARAOPEBA|Não guardar distância de segurança|Colisão lateral|Com Vítimas Feridas|Plena Noite|Nublado|9|0|7|0
269764|2020-02-17|segunda-feira|02:50:00|PR|376.0|TIJUCAS DO SUL|Defeito Mecânico no Veículo|Incêndio|Sem Vítimas|Plena Noite|Nublado|1|0|0|0
269765|2020-02-17|segunda-feira|02:50:00|RJ|116.0|DUQUE DE CAXIAS|Falta de Atenção à Condução|Colisão com objeto estático|Com Vítimas Feridas|Plena Noite|Nublado|1|0|1|0
269766|2020-02-17|segunda-feira|02:30:00|RO|364.0|PORTO VELHO|Defeito na Via|Tombamento|Com Vítimas Feridas|Plena Noite|Céu Claro|1|0|1|0
269767|2020-02-16|domingo|22:30:00|SC|470.0|POUSO REDONDO|Ingestão de Álcool|Capotamento|Com Vítimas Feridas|Plena Noite|Nublado|1|0|1|0
269768|2020-02-17|segunda-feira|02:00:00|BA|101.0|BUERAREMA|Restrição de Visibilidade|Colisão com objeto estático|Com Vítimas Feridas|Plena Noite|Céu Claro|8|0|7|0
269769|2020-02-17|segunda-feira|02:40:00|DF|20.0|BRASILIA|Desobediência às normas de trânsito pelo condutor|Colisão transversal|Com Vítimas Feridas|Plena Noite|Nublado|5|0|5|0
269770|2020-02-17|segunda-feira|03:30:00|MT|163.0|SORRISO|Falta de Atenção à Condução|Queda de ocupante de veículo|Com Vítimas Feridas|Plena Noite|Céu Claro|1|0|1|0
269771|2020-02-17|segunda-feira|05:15:00|RS|468.0|TRES PASSOS|Falta de Atenção à Condução|Colisão traseira|Com Vítimas Fatais|Amanhecer|Céu Claro|2|1|0|0
269772|2020-02-17|segunda-feira|05:10:00|SC|101.0|TUBARAO|Animais na Pista|Atropelamento de Animal|Com Vítimas Feridas|Amanhecer|Nublado|3|0|1|0
269773|2020-02-17|segunda-feira|05:40:00|SE|101.0|UMBAUBA|Ingestão de Álcool|Saída de leito carroçável|Com Vítimas Fatais|Amanhecer|Nublado|1|1|0|0
269774|2020-02-17|segunda-feira|05:00:00|RN|110.0|MOSSORO|Animais na Pista|Atropelamento de Animal|Com Vítimas Feridas|Amanhecer|Nublado|1|0|1|0
269775|2020-02-17|segunda-feira|05:00:00|RN|304.0|MOSSORO|Animais na Pista|Atropelamento de Animal|Com Vítimas Feridas|Amanhecer|Nublado|2|0|2|0
269776|2020-02-16|domingo|23:00:00|PR|116.0|CURITIBA|Falta de Atenção à Condução|Colisão traseira|Com Vítimas Feridas|Plena Noite|Nublado|3|0|2|0
269777|2020-02-16|domingo|21:50:00|PA|230.0|MARABA|Desobediência às normas de trânsito pelo condutor|Colisão transversal|Com Vítimas Feridas|Plena Noite|Céu Claro|3|0|1|2
269778|2020-02-17|segunda-feira|05:30:00|MG|40.0|JOAO PINHEIRO|Condutor Dormindo|Colisão traseira|Com Vítimas Feridas|Amanhecer|Céu Claro|2|0|1|0
269779|2020-02-17|segunda-feira|05:05:00|CE|304.0|ARACATI|Desobediência às normas de trânsito pelo pedestre|Atropelamento de Pedestre|Com Vítimas Fatais|Amanhecer|Chuva|7|1|0|0
269780|2020-02-17|segunda-feira|06:05:00|MG|267.0|BAEPENDI|Falta de Atenção à Condução|Colisão frontal|Com Vítimas Fatais|Pleno dia|Céu Claro|2|1|0|0
269781|2020-02-17|segunda-feira|06:20:00|BA|324.0|CANDEIAS|Falta de Atenção à Condução|Colisão traseira|Com Vítimas Feridas|Pleno dia|Céu Claro|3|0|1|0
269782|2020-02-16|domingo|19:00:00|MG|381.0|BETIM|Falta de Atenção à Condução|Capotamento|Com Vítimas Feridas|Plena Noite|Céu Claro|2|0|2|0
269783|2020-02-16|domingo|22:45:00|MG|381.0|BETIM|Objeto estático sobre o leito carroçável|Colisão com objeto estático|Com Vítimas Feridas|Plena Noite|Nublado|2|0|1|0
269784|2020-02-17|segunda-feira|00:30:00|SP|381.0|ATIBAIA|Velocidade Incompatível|Saída de leito carroçável|Com Vítimas Feridas|Plena Noite|Céu Claro|1|0|1|0
269785|2020-02-17|segunda-feira|06:30:00|DF|20.0|BRASILIA|Avarias e/ou desgaste excessivo no pneu|Saída de leito carroçável|Com Vítimas Feridas|Pleno dia|Céu Claro|2|0|2|0
269786|2020-02-17|segunda-feira|06:55:00|MG|40.0|SETE LAGOAS|Ingestão de Álcool|Colisão traseira|Sem Vítimas|Amanhecer|Chuva|2|0|0|0
269788|2020-02-17|segunda-feira|07:05:00|PR|369.0|LONDRINA|Falta de Atenção à Condução|Saída de leito carroçável|Com Vítimas Feridas|Pleno dia|Céu Claro|2|0|2|0
269789|2020-02-17|segunda-feira|06:50:00|MG|40.0|SETE LAGOAS|Velocidade Incompatível|Saída de leito carroçável|Com Vítimas Feridas|Pleno dia|Chuva|1|0|1|0
269790|2020-02-16|domingo|22:30:00|MG|381.0|OLIVEIRA|Falta de Atenção à Condução|Saída de leito carroçável|Sem Vítimas|Plena Noite|Nublado|1|0|0|0
269791|2020-02-17|segunda-feira|06:55:00|RS|116.0|PELOTAS|Desobediência às normas de trânsito pelo condutor|Colisão transversal|Sem Vítimas|Pleno dia|Céu Claro|3|0|0|0
269792|2020-02-17|segunda-feira|07:30:00|SP|116.0|GUARULHOS|Avarias e/ou desgaste excessivo no pneu|Queda de ocupante de veículo|Com Vítimas Feridas|Pleno dia|Nublado|2|0|2|0
269793|2020-02-17|segunda-feira|06:55:00|PB|101.0|BAYEUX|Não guardar distância de segurança|Colisão traseira|Sem Vítimas|Pleno dia|Céu Claro|2|0|0|0
269794|2020-02-17|segunda-feira|05:00:00|MT|70.0|CACERES|Objeto estático sobre o leito carroçável|Colisão com objeto estático|Com Vítimas Feridas|Amanhecer|Céu Claro|1|0|1|0
269795|2020-02-17|segunda-feira|07:35:00|PR|277.0|CAMPO LARGO|Não guardar distância de segurança|Colisão traseira|Com Vítimas Feridas|Pleno dia|Céu Claro|2|0|1|0
269796|2020-02-17|segunda-feira|06:00:00|SC|280.0|ARAQUARI|Falta de Atenção à Condução|Colisão transversal|Com Vítimas Feridas|Pleno dia|Céu Claro|2|0|1|0
269797|2020-02-17|segunda-feira|07:10:00|PR|116.0|CURITIBA|Não guardar distância de segurança|Colisão traseira|Com Vítimas Feridas|Pleno dia|Céu Claro|2|0|1|0
269798|2020-02-17|segunda-feira|04:50:00|SC|470.0|PONTE ALTA|Defeito na Via|Saída de leito carroçável|Com Vítimas Feridas|Amanhecer|Garoa/Chuvisco|1|0|1|0
269799|2020-02-17|segunda-feira|06:20:00|MG|381.0|POUSO ALEGRE|Falta de Atenção à Condução|Saída de leito carroçável|Com Vítimas Feridas|Amanhecer|Céu Claro|6|0|3|0
269800|2020-02-17|segunda-feira|07:45:00|PR|376.0|SARANDI|Falta de Atenção à Condução|Colisão traseira|Com Vítimas Feridas|Pleno dia|Céu Claro|2|0|0|1
269801|2020-02-17|segunda-feira|08:00:00|AL|316.0|PALMEIRA DOS INDIOS|Falta de Atenção à Condução|Tombamento|Com Vítimas Feridas|Pleno dia|Céu Claro|2|0|1|0
269802|2020-02-17|segunda-feira|07:20:00|RS|290.0|PORTO ALEGRE|Não guardar distância de segurança|Colisão traseira|Com Vítimas Feridas|Pleno dia|Céu Claro|2|0|1|0
269803|2020-02-16|domingo|23:00:00|PI|402.0|PARNAIBA|Velocidade Incompatível|Saída de leito carroçável|Com Vítimas Feridas|Plena Noite|Chuva|2|0|2|0
269805|2020-02-17|segunda-feira|08:10:00|ES|101.0|SERRA|Falta de Atenção do Pedestre|Atropelamento de Pedestre|Com Vítimas Feridas|Pleno dia|Céu Claro|2|0|1|0
269806|2020-02-17|segunda-feira|07:30:00|PR|369.0|CAMBE|Desobediência às normas de trânsito pelo condutor|Colisão traseira|Com Vítimas Feridas|Pleno dia|Céu Claro|2|0|1|0
269808|2020-02-17|segunda-feira|07:30:00|PA|230.0|MARABA|Falta de Atenção à Condução|Colisão transversal|Com Vítimas Feridas|Pleno dia|Céu Claro|2|0|0|1
269809|2020-02-17|segunda-feira|07:30:00|MA|135.0|SAO LUIS|Desobediência às normas de trânsito pelo condutor|Colisão transversal|Com Vítimas Feridas|Pleno dia|Céu Claro|2|0|1|0
269810|2020-02-17|segunda-feira|07:20:00|PR|277.0|CEU AZUL|Não guardar distância de segurança|Colisão traseira|Com Vítimas Feridas|Amanhecer|Céu Claro|4|0|1|0
269811|2020-02-17|segunda-feira|08:00:00|RN|304.0|MACAIBA|Defeito Mecânico no Veículo|Saída de leito carroçável|Com Vítimas Feridas|Pleno dia|Céu Claro|2|0|2|0
269812|2020-02-17|segunda-feira|08:10:00|PR|369.0|CAMBE|Desobediência às normas de trânsito pelo condutor|Colisão transversal|Com Vítimas Feridas|Pleno dia|Sol|2|0|1|0
269813|2020-02-17|segunda-feira|08:20:00|MG|381.0|ITATIAIUCU|Velocidade Incompatível|Saída de leito carroçável|Com Vítimas Feridas|Pleno dia|Chuva|1|0|1|0
269814|2020-02-17|segunda-feira|08:30:00|PE|101.0|RECIFE|Desobediência às normas de trânsito pelo condutor|Colisão traseira|Sem Vítimas|Pleno dia|Sol|2|0|0|0
269815|2020-02-17|segunda-feira|08:15:00|GO|153.0|APARECIDA DE GOIANIA|Falta de Atenção à Condução|Colisão traseira|Com Vítimas Feridas|Pleno dia|Céu Claro|5|0|0|1
269816|2020-02-17|segunda-feira|05:15:00|BA|116.0|JAGUAQUARA|Falta de Atenção à Condução|Colisão traseira|Sem Vítimas|Amanhecer|Céu Claro|3|0|0|0
269817|2020-02-17|segunda-feira|08:40:00|DF|20.0|BRASILIA|Desobediência às normas de trânsito pelo condutor|Colisão traseira|Com Vítimas Feridas|Pleno dia|Céu Claro|3|0|1|0
269818|2020-02-17|segunda-feira|08:00:00|RS|386.0|LAJEADO|Falta de Atenção à Condução|Colisão frontal|Com Vítimas Feridas|Pleno dia|Céu Claro|4|0|0|1
269819|2020-02-17|segunda-feira|06:30:00|RJ|116.0|NOVA IGUACU|Falta de Atenção à Condução|Queda de ocupante de veículo|Com Vítimas Feridas|Amanhecer|Sol|2|0|0|2
269820|2020-02-17|segunda-feira|07:55:00|PB|230.0|INGA|Falta de Atenção à Condução|Colisão lateral|Com Vítimas Feridas|Pleno dia|Chuva|3|0|0|1
269821|2020-02-17|segunda-feira|07:15:00|PI|343.0|FLORIANO|Condutor Dormindo|Saída de leito carroçável|Com Vítimas Feridas|Pleno dia|Nublado|4|0|4|0
269822|2020-02-17|segunda-feira|08:50:00|DF|20.0|BRASILIA|Falta de Atenção à Condução|Colisão traseira|Com Vítimas Feridas|Pleno dia|Céu Claro|2|0|1|0
269823|2020-02-17|segunda-feira|08:00:00|SC|101.0|ITAJAI|Falta de Atenção à Condução|Colisão lateral|Com Vítimas Feridas|Pleno dia|Nublado|2|0|1|0
269824|2020-02-17|segunda-feira|06:40:00|PR|116.0|SAO JOSE DOS PINHAIS|Falta de Atenção à Condução|Capotamento|Com Vítimas Feridas|Pleno dia|Nublado|2|0|1|0
269825|2020-02-17|segunda-feira|08:55:00|MG|381.0|BETIM|Falta de Atenção à Condução|Colisão traseira|Com Vítimas Feridas|Pleno dia|Garoa/Chuvisco|2|0|1|0
269827|2020-02-16|domingo|19:15:00|RJ|40.0|DUQUE DE CAXIAS|Ingestão de Substâncias Psicoativas|Colisão traseira|Sem Vítimas|Plena Noite|Nublado|4|0|0|0
269828|2020-02-17|segunda-feira|08:25:00|PR|153.0|SANTO ANTONIO DA PLATINA|Defeito Mecânico no Veículo|Colisão transversal|Sem Vítimas|Pleno dia|Céu Claro|2|0|0|0
269829|2020-02-17|segunda-feira|07:30:00|SP|381.0|GUARULHOS|Falta de Atenção à Condução|Colisão traseira|Com Vítimas Feridas|Pleno dia|Céu Claro|3|0|1|0
269830|2020-02-17|segunda-feira|09:00:00|PE|232.0|MORENO|Não guardar distância de segurança|Colisão traseira|Com Vítimas Feridas|Pleno dia|Céu Claro|3|0|1|0
269831|2020-02-17|segunda-feira|08:30:00|SC|101.0|ITAJAI|Falta de Atenção à Condução|Colisão lateral|Com Vítimas Feridas|Pleno dia|Nublado|3|0|1|1
269832|2020-02-17|segunda-feira|08:50:00|PR|476.0|CURITIBA|Falta de Atenção à Condução|Colisão lateral|Com Vítimas Feridas|Pleno dia|Céu Claro|3|0|1|0
269833|2020-02-17|segunda-feira|09:30:00|PE|101.0|RECIFE|Falta de Atenção à Condução|Colisão transversal|Com Vítimas Feridas|Pleno dia|Nublado|2|0|1|0
269835|2020-02-17|segunda-feira|08:50:00|SP|116.0|TABOAO DA SERRA|Falta de Atenção à Condução|Colisão traseira|Com Vítimas Feridas|Pleno dia|Céu Claro|5|0|2|1
269837|2020-02-17|segunda-feira|08:30:00|MG|40.0|RIBEIRAO DAS NEVES|Falta de Atenção à Condução|Engavetamento|Com Vítimas Feridas|Pleno dia|Chuva|4|0|2|0
269839|2020-02-17|segunda-feira|09:10:00|GO|60.0|RIO VERDE|Ingestão de Álcool|Saída de leito carroçável|Com Vítimas Feridas|Pleno dia|Céu Claro|1|0|1|0
269840|2020-02-17|segunda-feira|05:15:00|RJ|116.0|NOVA IGUACU|Falta de Atenção à Condução|Colisão com objeto estático|Sem Vítimas|Amanhecer|Nublado|1|0|0|0
269841|2020-02-17|segunda-feira|09:45:00|SC|101.0|ITAJAI|Não guardar distância de segurança|Engavetamento|Com Vítimas Feridas|Pleno dia|Céu Claro|6|0|1|1
269842|2020-02-17|segunda-feira|10:15:00|PE|407.0|PETROLINA|Desobediência às normas de trânsito pelo condutor|Colisão transversal|Com Vítimas Feridas|Pleno dia|Céu Claro|3|0|1|1
269843|2020-02-17|segunda-feira|03:25:00|MG|116.0|ITAOBIM|Falta de Atenção à Condução|Colisão lateral|Com Vítimas Fatais|Plena Noite|Nublado|2|1|1|0
269844|2020-02-17|segunda-feira|09:50:00|SP|116.0|REGISTRO|Defeito Mecânico no Veículo|Tombamento|Com Vítimas Feridas|Pleno dia|Sol|2|0|2|0
269845|2020-02-17|segunda-feira|10:20:00|GO|40.0|VALPARAISO DE GOIAS|Falta de Atenção à Condução|Colisão lateral|Com Vítimas Feridas|Pleno dia|Céu Claro|1|0|1|0
269846|2020-02-17|segunda-feira|10:45:00|PE|408.0|SAO LOURENCO DA MATA|Ingestão de Álcool|Colisão lateral|Com Vítimas Feridas|Pleno dia|Céu Claro|2|0|1|0
269847|2020-02-17|segunda-feira|11:00:00|PE|101.0|CABO DE SANTO AGOSTINHO|Falta de Atenção à Condução|Colisão traseira|Sem Vítimas|Pleno dia|Céu Claro|2|0|0|0
269849|2020-01-28|terça-feira|07:35:00|PR|369.0|LONDRINA|Falta de Atenção à Condução|Colisão traseira|Com Vítimas Feridas|Pleno dia|Nublado|3|0|1|1
269850|2020-02-17|segunda-feira|10:15:00|ES|101.0|FUNDAO|Ingestão de Álcool|Colisão traseira|Sem Vítimas|Pleno dia|Céu Claro|2|0|0|0
269851|2020-02-14|sexta-feira|16:47:00|MT|70.0|VARZEA GRANDE|Falta de Atenção à Condução|Colisão transversal|Com Vítimas Feridas|Pleno dia|Céu Claro|2|0|1|0
269852|2020-02-17|segunda-feira|10:55:00|MG|40.0|PARACATU|Falta de Atenção à Condução|Saída de leito carroçável|Com Vítimas Feridas|Pleno dia|Chuva|1|0|1|0
269853|2020-02-17|segunda-feira|11:35:00|ES|101.0|SERRA|Não guardar distância de segurança|Colisão traseira|Com Vítimas Feridas|Pleno dia|Sol|2|0|0|1
269854|2020-02-17|segunda-feira|07:25:00|SC|282.0|IRANI|Agressão Externa|Tombamento|Com Vítimas Feridas|Pleno dia|Céu Claro|1|0|1|0
269855|2020-02-17|segunda-feira|11:45:00|MA|222.0|ACAILANDIA|Não guardar distância de segurança|Engavetamento|Sem Vítimas|Pleno dia|Céu Claro|4|0|0|0
269856|2020-02-17|segunda-feira|11:40:00|RJ|101.0|CAMPOS DOS GOYTACAZES|Desobediência às normas de trânsito pelo condutor|Tombamento|Com Vítimas Feridas|Pleno dia|Céu Claro|1|0|1|0
269858|2020-02-17|segunda-feira|10:30:00|BA|110.0|SAO SEBASTIAO DO PASSE|Ultrapassagem Indevida|Colisão frontal|Com Vítimas Feridas|Pleno dia|Céu Claro|3|0|1|0
269859|2020-02-17|segunda-feira|12:10:00|ES|101.0|IBIRACU|Falta de Atenção à Condução|Colisão lateral|Com Vítimas Feridas|Pleno dia|Nublado|2|0|1|0
269860|2020-02-15|sábado|07:30:00|MT|70.0|PRIMAVERA DO LESTE|Ultrapassagem Indevida|Colisão frontal|Com Vítimas Feridas|Pleno dia|Nublado|2|0|1|0
269861|2020-02-17|segunda-feira|11:50:00|RJ|40.0|DUQUE DE CAXIAS|Ingestão de Álcool|Colisão lateral|Com Vítimas Feridas|Pleno dia|Céu Claro|6|0|4|0
269862|2020-02-17|segunda-feira|11:30:00|MG|50.0|UBERLANDIA|Defeito Mecânico no Veículo|Incêndio|Sem Vítimas|Pleno dia|Céu Claro|1|0|0|0
269863|2020-02-17|segunda-feira|12:32:00|SC|470.0|BLUMENAU|Falta de Atenção à Condução|Colisão transversal|Com Vítimas Feridas|Pleno dia|Céu Claro|3|0|2|0
269864|2020-02-16|domingo|20:50:00|MG|116.0|CACHOEIRA DE PAJEU|Ingestão de Álcool|Saída de leito carroçável|Sem Vítimas|Plena Noite|Céu Claro|1|0|0|0
269865|2020-02-17|segunda-feira|12:40:00|TO|153.0|ARAGUAINA|Desobediência às normas de trânsito pelo condutor|Colisão transversal|Com Vítimas Feridas|Pleno dia|Nublado|2|0|1|0
269866|2020-02-17|segunda-feira|13:00:00|GO|153.0|ANAPOLIS|Velocidade Incompatível|Colisão traseira|Com Vítimas Feridas|Pleno dia|Chuva|2|0|0|1
269867|2020-02-17|segunda-feira|13:10:00|ES|101.0|SERRA|Falta de Atenção do Pedestre|Atropelamento de Pedestre|Com Vítimas Feridas|Pleno dia|Céu Claro|2|0|0|1
269869|2020-02-17|segunda-feira|11:40:00|MT|70.0|POXOREO|Falta de Atenção à Condução|Colisão traseira|Com Vítimas Feridas|Pleno dia|Céu Claro|2|0|0|1
269872|2020-02-17|segunda-feira|13:00:00|SE|235.0|ITABAIANA|Não guardar distância de segurança|Colisão traseira|Com Vítimas Feridas|Pleno dia|Céu Claro|3|0|2|1
269873|2020-02-17|segunda-feira|13:05:00|GO|40.0|VALPARAISO DE GOIAS|Falta de Atenção do Pedestre|Atropelamento de Pedestre|Com Vítimas Feridas|Pleno dia|Céu Claro|2|0|1|0
269874|2020-02-17|segunda-feira|13:30:00|PI|343.0|TERESINA|Não guardar distância de segurança|Engavetamento|Com Vítimas Feridas|Pleno dia|Sol|3|0|0|1
269875|2020-01-20|segunda-feira|18:15:00|SC|101.0|BALNEARIO CAMBORIU|Falta de Atenção à Condução|Tombamento|Com Vítimas Feridas|Pleno dia|Céu Claro|2|0|1|0
269876|2020-02-17|segunda-feira|13:20:00|PB|230.0|CRUZ DO ESPIRITO SANTO|Condutor Dormindo|Saída de leito carroçável|Com Vítimas Feridas|Pleno dia|Sol|1|0|1|0
269877|2020-02-17|segunda-feira|11:10:00|PR|277.0|PARANAGUA|Avarias e/ou desgaste excessivo no pneu|Queda de ocupante de veículo|Com Vítimas Feridas|Pleno dia|Sol|2|0|2|0
269879|2020-02-17|segunda-feira|11:45:00|GO|60.0|ANAPOLIS|Avarias e/ou desgaste excessivo no pneu|Saída de leito carroçável|Com Vítimas Feridas|Pleno dia|Chuva|3|0|2|0
269880|2020-02-17|segunda-feira|13:35:00|MG|381.0|BOM JESUS DO AMPARO|Pista Escorregadia|Colisão frontal|Com Vítimas Fatais|Pleno dia|Céu Claro|2|1|0|0
269881|2020-02-17|segunda-feira|14:30:00|RS|471.0|SANTA VITORIA DO PALMAR|Defeito Mecânico no Veículo|Saída de leito carroçável|Com Vítimas Feridas|Pleno dia|Céu Claro|4|0|3|0
269882|2020-02-17|segunda-feira|14:40:00|BA|324.0|CANDEIAS|Falta de Atenção à Condução|Colisão traseira|Sem Vítimas|Pleno dia|Céu Claro|2|0|0|0
269883|2020-02-17|segunda-feira|14:50:00|MG|40.0|ALFREDO VASCONCELOS|Velocidade Incompatível|Colisão traseira|Com Vítimas Feridas|Pleno dia|Céu Claro|2|0|1|0
269884|2020-02-17|segunda-feira|11:40:00|GO|60.0|RIO VERDE|Falta de Atenção à Condução|Saída de leito carroçável|Com Vítimas Feridas|Pleno dia|Céu Claro|1|0|0|1
269885|2020-02-17|segunda-feira|14:00:00|RS|290.0|ROSARIO DO SUL|Falta de Atenção à Condução|Saída de leito carroçável|Com Vítimas Feridas|Pleno dia|Nublado|1|0|1|0
269886|2020-02-17|segunda-feira|14:25:00|MG|50.0|UBERLANDIA|Pista Escorregadia|Queda de ocupante de veículo|Com Vítimas Feridas|Pleno dia|Chuva|1|0|1|0
269888|2020-02-17|segunda-feira|14:00:00|SP|116.0|CAJATI|Falta de Atenção à Condução|Colisão lateral|Com Vítimas Feridas|Pleno dia|Sol|2|0|1|0