id|data_inversa|dia_semana|horario|uf|br|municipio|causa_acidente|tipo_acidente|classificacao_acidente|fase_dia|condicao_metereologica|pessoas|mortos|feridos_leves|feridos_graves
270059|2020-02-18|terça-feira|10:50:00|PR|277.0|CAMPO LARGO|Falta de Atenção à Condução|Colisão lateral|Com Vítimas Feridas|Pleno dia|Céu Claro|2|0|1|0
270060|2020-02-18|terça-feira|11:40:00|GO|40.0|CRISTALINA|Velocidade Incompatível|Saída de leito carroçável|Com Vítimas Feridas|Pleno dia|Nublado|4|0|3|1
270061|2020-02-18|terça-feira|12:00:00|RS|158.0|ITAARA|Objeto estático sobre o leito carroçável|Colisão com objeto estático|Sem Vítimas|Pleno dia|Chuva|1|0|0|0
270062|2020-02-18|terça-feira|12:00:00|RS|116.0|ESTEIO|Não guardar distância de segurança|Colisão traseira|Com Vítimas Feridas|Pleno dia|Nublado|2|0|1|0
270063|2020-02-18|terça-feira|12:10:00|PR|277.0|CURITIBA|Falta de Atenção à Condução|Colisão traseira|Com Vítimas Feridas|Pleno dia|Céu Claro|2|0|1|0
270064|2020-01-21|terça-feira|08:10:00|BA|116.0|VITORIA DA CONQUISTA|Falta de Atenção à Condução|Colisão transversal|Com Vítimas Feridas|Pleno dia|Céu Claro|2|0|0|1
270065|2020-02-18|terça-feira|08:55:00|RS|471.0|RIO PARDO|Animais na Pista|Atropelamento de Animal|Com Vítimas Feridas|Pleno dia|Nublado|1|0|1|0
270066|2020-02-18|terça-feira|12:30:00|PR|476.0|ARAUCARIA|Falta de Atenção à Condução|Colisão traseira|Com Vítimas Feridas|Pleno dia|Céu Claro|2|0|1|0
270067|2020-02-18|terça-feira|11:00:00|SC|101.0|BALNEARIO CAMBORIU|Defeito Mecânico no Veículo|Queda de ocupante de veículo|Com Vítimas Feridas|Pleno dia|Céu Claro|2|0|2|0
270068|2020-01-30|quinta-feira|06:50:00|MG|381.0|BETIM|Desobediência às normas de trânsito pelo condutor|Colisão lateral|Com Vítimas Feridas|Pleno dia|Céu Claro|2|0|1|0
270069|2020-02-18|terça-feira|13:00:00|PE|101.0|ABREU E LIMA|Falta de Atenção à Condução|Colisão lateral|Com Vítimas Feridas|Pleno dia|Sol|2|0|1|0
270070|2020-02-18|terça-feira|13:15:00|GO|60.0|RIO VERDE|Não guardar distância de segurança|Colisão traseira|Com Vítimas Feridas|Pleno dia|Céu Claro|2|0|1|0
270071|2020-02-18|terça-feira|12:40:00|SC|101.0|ITAJAI|Falta de Atenção à Condução|Colisão com objeto estático|Com Vítimas Feridas|Pleno dia|Sol|1|0|1|0
270072|2020-02-18|terça-feira|12:00:00|BA|116.0|CANDIDO SALES|Defeito Mecânico no Veículo|Colisão lateral|Com Vítimas Feridas|Pleno dia|Nublado|4|0|2|1
270074|2020-02-18|terça-feira|14:30:00|PE|424.0|ARCOVERDE|Defeito Mecânico no Veículo|Danos eventuais|Sem Vítimas|Pleno dia|Céu Claro|1|0|0|0
270075|2020-01-11|sábado|21:20:00|BA|101.0|CONCEICAO DO JACUIPE|Condutor Dormindo|Colisão transversal|Com Vítimas Feridas|Plena Noite|Céu Claro|1|0|0|1
270076|2020-02-18|terça-feira|07:45:00|SC|282.0|FAXINAL DOS GUEDES|Desobediência às normas de trânsito pelo condutor|Colisão transversal|Sem Vítimas|Pleno dia|Céu Claro|2|0|0|0
270077|2020-02-18|terça-feira|15:00:00|MG|365.0|PATROCINIO|Falta de Atenção à Condução|Colisão transversal|Com Vítimas Fatais|Pleno dia|Nublado|3|1|0|0
270078|2020-02-08|sábado|09:00:00|BA|367.0|PORTO SEGURO|Velocidade Incompatível|Colisão transversal|Com Vítimas Feridas|Pleno dia|Céu Claro|6|0|1|2
270080|2020-02-18|terça-feira|12:15:00|PR|476.0|LAPA|Falta de Atenção à Condução|Saída de leito carroçável|Com Vítimas Feridas|Pleno dia|Céu Claro|1|0|1|0
270081|2020-02-18|terça-feira|12:15:00|RJ|116.0|PIRAI|Carga excessiva e/ou mal acondicionada|Capotamento|Com Vítimas Feridas|Pleno dia|Céu Claro|1|0|1|0
270082|2020-02-18|terça-feira|12:00:00|MG|381.0|ITATIAIUCU|Velocidade Incompatível|Colisão lateral|Com Vítimas Feridas|Pleno dia|Sol|3|0|2|0
270083|2020-02-18|terça-feira|14:40:00|SP|116.0|TABOAO DA SERRA|Condutor Dormindo|Engavetamento|Com Vítimas Feridas|Pleno dia|Céu Claro|4|0|3|0
270084|2020-02-18|terça-feira|15:05:00|SC|101.0|BALNEARIO PICARRAS|Falta de Atenção à Condução|Colisão lateral|Com Vítimas Feridas|Pleno dia|Sol|2|0|1|0
270085|2020-02-18|terça-feira|15:10:00|PR|116.0|CURITIBA|Defeito Mecânico no Veículo|Queda de ocupante de veículo|Com Vítimas Feridas|Pleno dia|Céu Claro|2|0|1|0
270086|2020-02-18|terça-feira|13:20:00|SP|116.0|SANTA ISABEL|Defeito Mecânico no Veículo|Colisão com objeto estático|Sem Vítimas|Pleno dia|Céu Claro|2|0|0|0
270087|2020-02-18|terça-feira|14:51:00|SP|116.0|JACAREI|Falta de Atenção à Condução|Colisão traseira|Com Vítimas Feridas|Pleno dia|Céu Claro|2|0|1|0
270088|2020-02-18|terça-feira|08:20:00|RJ|116.0|RESENDE|Condutor Dormindo|Colisão com objeto estático|Com Vítimas Feridas|Pleno dia|Céu Claro|2|0|1|0
270089|2020-02-18|terça-feira|14:20:00|PE|232.0|SERRA TALHADA|Falta de Atenção à Condução|Tombamento|Com Vítimas Feridas|Pleno dia|Sol|1|0|0|1
270090|2020-02-18|terça-feira|15:40:00|DF|70.0|BRASILIA|Falta de Atenção à Condução|Colisão traseira|Com Vítimas Feridas|Pleno dia|Céu Claro|2|0|1|0
270091|2020-02-18|terça-feira|13:20:00|PE|232.0|CARUARU|Falta de Atenção à Condução|Colisão traseira|Com Vítimas Feridas|Pleno dia|Sol|2|0|2|0
270092|2020-02-18|terça-feira|12:45:00|SP|116.0|BARRA DO TURVO|Carga excessiva e/ou mal acondicionada|Derramamento de carga|Sem Vítimas|Pleno dia|Céu Claro|1|0|0|0
270093|2020-02-18|terça-feira|16:20:00|SP|116.0|TABOAO DA SERRA|Desobediência às normas de trânsito pelo condutor|Colisão traseira|Com Vítimas Feridas|Pleno dia|Céu Claro|2|0|0|1
270094|2020-02-18|terça-feira|16:05:00|CE|116.0|CHOROZINHO|Defeito Mecânico no Veículo|Queda de ocupante de veículo|Com Vítimas Feridas|Pleno dia|Nublado|2|0|2|0
270095|2020-02-18|terça-feira|17:00:00|RS|392.0|PELOTAS|Desobediência às normas de trânsito pelo condutor|Colisão transversal|Com Vítimas Feridas|Pleno dia|Nublado|3|0|2|0
270096|2020-02-18|terça-feira|15:50:00|GO|452.0|BOM JESUS DE GOIAS|Defeito na Via|Colisão frontal|Com Vítimas Feridas|Pleno dia|Nublado|3|0|1|1
270098|2020-02-18|terça-feira|16:45:00|SP|116.0|ITAPECERICA DA SERRA|Avarias e/ou desgaste excessivo no pneu|Tombamento|Com Vítimas Feridas|Pleno dia|Céu Claro|2|0|2|0
270099|2020-02-16|domingo|23:14:00|SC|101.0|ARARANGUA|Velocidade Incompatível|Saída de leito carroçável|Com Vítimas Fatais|Plena Noite|Chuva|1|1|0|0
270101|2020-02-18|terça-feira|16:19:00|PB|230.0|JOAO PESSOA|Falta de Atenção à Condução|Engavetamento|Com Vítimas Feridas|Pleno dia|Céu Claro|5|0|1|0
270102|2020-02-18|terça-feira|15:00:00|MG|262.0|IBIA|Restrição de Visibilidade|Saída de leito carroçável|Com Vítimas Feridas|Pleno dia|Chuva|1|0|1|0
270103|2020-02-18|terça-feira|16:40:00|PR|376.0|SAO JOSE DOS PINHAIS|Desobediência às normas de trânsito pelo condutor|Colisão transversal|Com Vítimas Feridas|Pleno dia|Céu Claro|2|0|2|0
270104|2020-02-18|terça-feira|17:45:00|DF|20.0|BRASILIA|Falta de Atenção à Condução|Colisão lateral|Com Vítimas Feridas|Anoitecer|Céu Claro|2|0|1|0
270105|2020-02-18|terça-feira|17:45:00|SC|101.0|BIGUACU|Falta de Atenção à Condução|Colisão traseira|Com Vítimas Feridas|Pleno dia|Céu Claro|3|0|1|0
270107|2020-02-18|terça-feira|18:20:00|SC|470.0|BLUMENAU|Desobediência às normas de trânsito pelo condutor|Colisão lateral|Com Vítimas Feridas|Pleno dia|Céu Claro|2|0|1|0
270108|2020-02-18|terça-feira|18:10:00|DF|251.0|BRASILIA|Desobediência às normas de trânsito pelo condutor|Colisão transversal|Com Vítimas Feridas|Anoitecer|Céu Claro|2|0|1|0
270109|2020-02-18|terça-feira|12:30:00|RS|285.0|SAO LUIZ GONZAGA|Pista Escorregadia|Saída de leito carroçável|Com Vítimas Feridas|Pleno dia|Chuva|5|0|2|0
270110|2020-02-18|terça-feira|12:25:00|RO|364.0|ALTO PARAISO|Pista Escorregadia|Saída de leito carroçável|Com Vítimas Feridas|Pleno dia|Chuva|1|0|1|0
270112|2020-02-18|terça-feira|15:20:00|MG|365.0|UBERLANDIA|Objeto estático sobre o leito carroçável|Saída de leito carroçável|Com Vítimas Feridas|Pleno dia|Nublado|1|0|1|0
270113|2020-02-18|terça-feira|16:10:00|MS|262.0|TRES LAGOAS|Pista Escorregadia|Saída de leito carroçável|Com Vítimas Feridas|Pleno dia|Chuva|1|0|1|0
270114|2020-02-18|terça-feira|18:30:00|SC|101.0|SAO JOSE|Falta de Atenção à Condução|Engavetamento|Sem Vítimas|Anoitecer|Céu Claro|3|0|0|0
270115|2020-02-18|terça-feira|16:45:00|AC|364.0|RIO BRANCO|Falta de Atenção à Condução|Colisão lateral|Com Vítimas Feridas|Pleno dia|Nublado|2|0|1|0
270116|2020-02-18|terça-feira|18:35:00|PI|343.0|PARNAIBA|Não guardar distância de segurança|Colisão traseira|Com Vítimas Feridas|Plena Noite|Garoa/Chuvisco|3|0|2|0
270117|2020-02-18|terça-feira|18:50:00|PR|376.0|NOVA ESPERANCA|Falta de Atenção à Condução|Saída de leito carroçável|Com Vítimas Feridas|Plena Noite|Nublado|1|0|1|0
270118|2020-02-18|terça-feira|16:20:00|MG|153.0|CENTRALINA|Pista Escorregadia|Colisão frontal|Com Vítimas Feridas|Pleno dia|Chuva|2|0|1|0
270119|2020-02-18|terça-feira|08:00:00|MG|116.0|CARATINGA|Desobediência às normas de trânsito pelo condutor|Atropelamento de Pedestre|Com Vítimas Feridas|Pleno dia|Céu Claro|2|0|0|1
270120|2020-02-18|terça-feira|19:15:00|ES|101.0|CARIACICA|Falta de Atenção à Condução|Colisão transversal|Com Vítimas Feridas|Plena Noite|Céu Claro|3|0|1|0
270121|2020-02-18|terça-feira|18:45:00|SP|116.0|LORENA|Falta de Atenção à Condução|Colisão traseira|Com Vítimas Feridas|Anoitecer|Céu Claro|2|0|0|1
270122|2020-02-18|terça-feira|19:20:00|PE|407.0|PETROLINA|Ingestão de Álcool|Colisão lateral|Sem Vítimas|Plena Noite|Céu Claro|2|0|0|0
270123|2020-02-18|terça-feira|14:50:00|MT|70.0|CACERES|Defeito Mecânico no Veículo|Capotamento|Com Vítimas Feridas|Pleno dia|Chuva|3|0|1|2
270124|2020-02-18|terça-feira|19:30:00|CE|222.0|FORTALEZA|Falta de Atenção à Condução|Colisão com objeto estático|Sem Vítimas|Plena Noite|Céu Claro|1|0|0|0
270126|2020-02-18|terça-feira|19:40:00|ES|101.0|GUARAPARI|Velocidade Incompatível|Tombamento|Com Vítimas Feridas|Plena Noite|Céu Claro|1|0|0|1
270127|2020-02-18|terça-feira|18:30:00|SP|116.0|SAO JOSE DOS CAMPOS|Falta de Atenção à Condução|Tombamento|Com Vítimas Feridas|Plena Noite|Nublado|3|0|1|0
270128|2020-02-16|domingo|00:10:00|RJ|40.0|PETROPOLIS|Velocidade Incompatível|Colisão traseira|Sem Vítimas|Plena Noite|Céu Claro|2|0|0|0
270129|2020-02-18|terça-feira|20:00:00|RN|101.0|PARNAMIRIM|Ingestão de Álcool|Colisão com objeto estático|Com Vítimas Feridas|Plena Noite|Nublado|1|0|0|1
270130|2020-02-18|terça-feira|18:50:00|TO|153.0|PARAISO DO TOCANTINS|Desobediência às normas de trânsito pelo condutor|Colisão lateral|Com Vítimas Fatais|Plena Noite|Céu Claro|3|1|0|0
270131|2020-02-18|terça-feira|19:07:00|BA|242.0|BARREIRAS|Mal Súbito|Colisão traseira|Com Vítimas Feridas|Plena Noite|Céu Claro|6|0|3|0
270132|2020-02-18|terça-feira|18:30:00|MT|163.0|CLAUDIA|Falta de Atenção à Condução|Colisão traseira|Com Vítimas Feridas|Plena Noite|Nublado|2|0|0|1
270133|2020-02-18|terça-feira|20:40:00|BA|116.0|SANTO ESTEVAO|Desobediência às normas de trânsito pelo condutor|Colisão transversal|Com Vítimas Feridas|Plena Noite|Céu Claro|3|0|1|1
270134|2020-02-18|terça-feira|19:00:00|MT|163.0|LUCAS DO RIO VERDE|Não guardar distância de segurança|Colisão traseira|Com Vítimas Feridas|Plena Noite|Céu Claro|3|0|1|1
270135|2020-02-18|terça-feira|19:30:00|SC|158.0|CAIBI|Pista Escorregadia|Saída de leito carroçável|Com Vítimas Feridas|Plena Noite|Chuva|1|0|0|1
270136|2020-02-15|sábado|23:30:00|SP|116.0|SAO JOSE DOS CAMPOS|Desobediência às normas de trânsito pelo condutor|Colisão lateral|Sem Vítimas|Plena Noite|Céu Claro|5|0|0|0
270137|2020-02-18|terça-feira|20:00:00|SC|470.0|RIO DO SUL|Desobediência às normas de trânsito pelo condutor|Colisão lateral|Sem Vítimas|Plena Noite|Nublado|2|0|0|0
270138|2020-02-18|terça-feira|16:20:00|TO|153.0|ALVORADA|Não guardar distância de segurança|Tombamento|Sem Vítimas|Pleno dia|Céu Claro|1|0|0|0
270139|2020-02-18|terça-feira|21:45:00|MG|40.0|CAETANOPOLIS|Velocidade Incompatível|Capotamento|Com Vítimas Feridas|Plena Noite|Céu Claro|4|0|2|0
270140|2020-02-18|terça-feira|19:50:00|PR|153.0|JACAREZINHO|Avarias e/ou desgaste excessivo no pneu|Tombamento|Com Vítimas Feridas|Plena Noite|Céu Claro|2|0|1|1
270141|2020-02-18|terça-feira|17:20:00|MT|70.0|CACERES|Falta de Atenção à Condução|Capotamento|Com Vítimas Feridas|Pleno dia|Céu Claro|2|0|2|0
270142|2020-02-18|terça-feira|21:30:00|SC|101.0|PALHOCA|Ingestão de álcool e/ou substâncias psicoativas pelo pedestre|Engavetamento|Com Vítimas Feridas|Plena Noite|Céu Claro|4|0|1|0
270143|2020-02-18|terça-feira|22:10:00|DF|40.0|BRASILIA|Ingestão de Álcool|Colisão lateral|Com Vítimas Feridas|Plena Noite|Céu Claro|2|0|1|0
270144|2020-02-18|terça-feira|22:25:00|RS|386.0|FREDERICO WESTPHALEN|Desobediência às normas de trânsito pelo condutor|Colisão frontal|Com Vítimas Feridas|Plena Noite|Garoa/Chuvisco|2|0|1|0
270145|2020-02-18|terça-feira|21:40:00|SP|116.0|JUQUITIBA|Avarias e/ou desgaste excessivo no pneu|Capotamento|Com Vítimas Feridas|Plena Noite|Céu Claro|5|0|2|0
270146|2020-02-06|quinta-feira|20:40:00|MG|365.0|ROMARIA|Falta de Atenção à Condução|Queda de ocupante de veículo|Com Vítimas Feridas|Plena Noite|Ignorado|1|0|0|1
270147|2020-02-18|terça-feira|19:40:00|PI|316.0|MONSENHOR GIL|Animais na Pista|Atropelamento de Animal|Sem Vítimas|Plena Noite|Céu Claro|1|0|0|0
270148|2020-02-18|terça-feira|21:56:00|SC|101.0|JOINVILLE|Velocidade Incompatível|Colisão traseira|Com Vítimas Feridas|Plena Noite|Céu Claro|2|0|1|0
270149|2020-02-18|terça-feira|18:30:00|RO|364.0|JI-PARANA|Desobediência às normas de trânsito pelo condutor|Colisão traseira|Com Vítimas Feridas|Plena Noite|Céu Claro|2|0|2|0
270150|2020-02-18|terça-feira|19:20:00|RJ|40.0|DUQUE DE CAXIAS|Falta de Atenção à Condução|Colisão traseira|Sem Vítimas|Plena Noite|Céu Claro|5|0|0|0
270151|2020-02-18|terça-feira|19:15:00|MG|116.0|JAMPRUCA|Ultrapassagem Indevida|Saída de leito carroçável|Com Vítimas Feridas|Plena Noite|Garoa/Chuvisco|3|0|1|0
270152|2020-02-18|terça-feira|11:50:00|ES|262.0|CARIACICA|Desobediência às normas de trânsito pelo condutor|Colisão transversal|Com Vítimas Feridas|Plena Noite|Céu Claro|2|0|1|0
270153|2020-02-19|quarta-feira|01:00:00|RS|290.0|SANTO ANTONIO DA PATRULHA|Falta de Atenção à Condução|Colisão traseira|Com Vítimas Feridas|Plena Noite|Céu Claro|2|0|1|0
270154|2020-02-19|quarta-feira|01:30:00|MG|267.0|ARGIRITA|Condutor Dormindo|Tombamento|Com Vítimas Feridas|Plena Noite|Céu Claro|1|0|1|0
270155|2020-02-19|quarta-feira|02:00:00|ES|101.0|SAO MATEUS|Condutor Dormindo|Tombamento|Com Vítimas Feridas|Plena Noite|Nublado|1|0|0|1
270156|2020-02-19|quarta-feira|02:30:00|MG|381.0|SAO JOAQUIM DE BICAS|Defeito Mecânico no Veículo|Incêndio|Sem Vítimas|Plena Noite|Céu Claro|1|0|0|0
270158|2020-02-19|quarta-feira|01:00:00|MS|163.0|JUTI|Ingestão de Álcool|Saída de leito carroçável|Com Vítimas Feridas|Plena Noite|Céu Claro|1|0|1|0
270159|2020-02-18|terça-feira|01:00:00|RS|293.0|QUARAI|Falta de Atenção à Condução|Saída de leito carroçável|Com Vítimas Feridas|Plena Noite|Ignorado|1|0|0|1
270160|2020-02-19|quarta-feira|01:00:00|SC|280.0|SAO FRANCISCO DO SUL|Velocidade Incompatível|Colisão transversal|Com Vítimas Feridas|Plena Noite|Céu Claro|2|0|0|1
270161|2020-02-18|terça-feira|23:05:00|MT|364.0|ALTO GARCAS|Falta de Atenção à Condução|Tombamento|Sem Vítimas|Plena Noite|Garoa/Chuvisco|1|0|0|0
270162|2020-02-19|quarta-feira|01:00:00|RJ|101.0|CAMPOS DOS GOYTACAZES|Falta de Atenção do Pedestre|Atropelamento de Pedestre|Com Vítimas Fatais|Plena Noite|Céu Claro|3|1|0|0
270163|2020-02-18|terça-feira|11:00:00|BA|324.0|RIACHAO DO JACUIPE|Falta de Atenção à Condução|Colisão lateral|Sem Vítimas|Pleno dia|Céu Claro|2|0|0|0
270164|2020-02-19|quarta-feira|03:55:00|RS|116.0|SAPUCAIA DO SUL|Falta de Atenção à Condução|Colisão lateral|Com Vítimas Feridas|Plena Noite|Céu Claro|1|0|1|0
270165|2020-02-19|quarta-feira|04:00:00|ES|262.0|CARIACICA|Falta de Atenção à Condução|Colisão com objeto estático|Sem Vítimas|Amanhecer|Nublado|1|0|0|0
270166|2020-02-19|quarta-feira|05:15:00|PR|376.0|MANDAGUARI|Velocidade Incompatível|Saída de leito carroçável|Com Vítimas Feridas|Plena Noite|Nublado|1|0|1|0
270167|2020-02-19|quarta-feira|04:20:00|AL|316.0|PILAR|Animais na Pista|Atropelamento de Animal|Com Vítimas Feridas|Amanhecer|Nublado|1|0|1|0
270168|2020-02-19|quarta-feira|04:50:00|PR|116.0|CURITIBA|Falta de Atenção à Condução|Colisão transversal|Com Vítimas Feridas|Plena Noite|Céu Claro|6|0|4|0
270169|2020-02-18|terça-feira|08:40:00|BA|324.0|SALVADOR|Falta de Atenção à Condução|Colisão lateral|Sem Vítimas|Pleno dia|Nublado|2|0|0|0
270170|2020-02-19|quarta-feira|06:25:00|SC|101.0|BIGUACU|Falta de Atenção à Condução|Colisão transversal|Sem Vítimas|Pleno dia|Céu Claro|2|0|0|0
270171|2020-02-19|quarta-feira|00:10:00|MG|50.0|ARAGUARI|Defeito Mecânico no Veículo|Incêndio|Com Vítimas Feridas|Plena Noite|Garoa/Chuvisco|1|0|1|0
270172|2020-02-18|terça-feira|20:10:00|CE|222.0|TIANGUA|Desobediência às normas de trânsito pelo condutor|Colisão transversal|Com Vítimas Feridas|Plena Noite|Nevoeiro/Neblina|2|0|1|0
270173|2020-02-19|quarta-feira|06:00:00|SP|116.0|EMBU DAS ARTES|Falta de Atenção à Condução|Tombamento|Com Vítimas Feridas|Pleno dia|Céu Claro|1|0|1|0
270174|2020-02-19|quarta-feira|06:40:00|RJ|101.0|NITEROI|Falta de Atenção à Condução|Colisão lateral|Sem Vítimas|Pleno dia|Céu Claro|2|0|0|0
270175|2020-02-18|terça-feira|23:00:00|MG|50.0|UBERLANDIA|Velocidade Incompatível|Saída de leito carroçável|Com Vítimas Feridas|Plena Noite|Céu Claro|1|0|1|0
270176|2020-02-19|quarta-feira|05:00:00|PR|277.0|IRATI|Ingestão de Álcool|Tombamento|Sem Vítimas|Amanhecer|Céu Claro|1|0|0|0
270177|2020-02-19|quarta-feira|03:10:00|RJ|101.0|CAMPOS DOS GOYTACAZES|Falta de Atenção à Condução|Saída de leito carroçável|Com Vítimas Fatais|Amanhecer|Céu Claro|4|1|3|0
270178|2020-02-19|quarta-feira|07:20:00|MG|381.0|BETIM|Falta de Atenção à Condução|Saída de leito carroçável|Com Vítimas Feridas|Pleno dia|Céu Claro|1|0|1|0
270179|2020-02-19|quarta-feira|06:50:00|CE|116.0|RUSSAS|Desobediência às normas de trânsito pelo condutor|Colisão transversal|Com Vítimas Feridas|Amanhecer|Nublado|2|0|0|1
270180|2020-02-19|quarta-feira|06:40:00|BA|116.0|VITORIA DA CONQUISTA|Falta de Atenção à Condução|Tombamento|Com Vítimas Feridas|Pleno dia|Céu Claro|1|0|1|0
270181|2020-02-19|quarta-feira|07:30:00|SC|101.0|PALHOCA|Velocidade Incompatível|Colisão lateral|Com Vítimas Feridas|Pleno dia|Céu Claro|2|0|0|1
270182|2020-02-19|quarta-feira|07:47:00|DF|20.0|BRASILIA|Não guardar distância de segurança|Colisão traseira|Sem Vítimas|Pleno dia|Nublado|2|0|0|0
270183|2020-02-19|quarta-feira|07:30:00|PR|277.0|CASCAVEL|Pista Escorregadia|Tombamento|Com Vítimas Feridas|Pleno dia|Nublado|1|0|1|0
270184|2020-02-19|quarta-feira|07:15:00|PR|476.0|CURITIBA|Pista Escorregadia|Saída de leito carroçável|Com Vítimas Feridas|Pleno dia|Chuva|1|0|1|0
270185|2020-02-19|quarta-feira|07:40:00|PB|230.0|JOAO PESSOA|Desobediência às normas de trânsito pelo condutor|Colisão lateral|Com Vítimas Feridas|Pleno dia|Sol|2|0|1|0
270186|2020-02-19|quarta-feira|07:00:00|MS|163.0|ELDORADO|Falta de Atenção à Condução|Colisão transversal|Com Vítimas Feridas|Pleno dia|Céu Claro|2|0|1|0
270187|2020-02-19|quarta-feira|08:00:00|SP|116.0|REGISTRO|Defeito na Via|Colisão com objeto estático|Com Vítimas Feridas|Pleno dia|Nublado|1|0|1|0
270188|2020-02-19|quarta-feira|07:45:00|CE|222.0|CAUCAIA|Falta de Atenção à Condução|Colisão lateral|Com Vítimas Feridas|Pleno dia|Garoa/Chuvisco|2|0|1|0
270189|2020-02-15|sábado|16:30:00|PA|230.0|ANAPU|Ingestão de Álcool|Colisão frontal|Com Vítimas Fatais|Pleno dia|Céu Claro|3|1|1|1
270191|2020-02-19|quarta-feira|08:00:00|GO|153.0|GOIANIA|Falta de Atenção à Condução|Colisão traseira|Com Vítimas Feridas|Pleno dia|Céu Claro|2|0|1|0
270192|2020-02-19|quarta-feira|07:10:00|PR|277.0|CURITIBA|Falta de Atenção à Condução|Saída de leito carroçável|Com Vítimas Feridas|Pleno dia|Chuva|2|0|1|0
270194|2020-02-19|quarta-feira|07:50:00|GO|153.0|HIDROLANDIA|Condutor Dormindo|Saída de leito carroçável|Com Vítimas Feridas|Pleno dia|Nublado|1|0|1|0
270195|2020-02-19|quarta-feira|07:30:00|MG|40.0|RIBEIRAO DAS NEVES|Velocidade Incompatível|Colisão traseira|Com Vítimas Feridas|Pleno dia|Céu Claro|2|0|1|0
270196|2020-02-19|quarta-feira|09:30:00|BA|324.0|SALVADOR|Falta de Atenção à Condução|Colisão lateral|Com Vítimas Feridas|Pleno dia|Chuva|3|0|2|0
270197|2020-02-19|quarta-feira|08:35:00|SP|381.0|ATIBAIA|Falta de Atenção à Condução|Colisão lateral|Com Vítimas Feridas|Pleno dia|Céu Claro|3|0|1|0
270198|2020-02-19|quarta-feira|09:35:00|TO|153.0|NOVA OLINDA|Pista Escorregadia|Saída de leito carroçável|Com Vítimas Fatais|Pleno dia|Chuva|2|1|1|0
270199|2020-02-19|quarta-feira|09:00:00|SE|101.0|SAO CRISTOVAO|Velocidade Incompatível|Saída de leito carroçável|Com Vítimas Feridas|Pleno dia|Chuva|1|0|1|0
270201|2020-02-19|quarta-feira|08:40:00|BA|101.0|BUERAREMA|Falta de Atenção à Condução|Colisão traseira|Com Vítimas Feridas|Pleno dia|Nublado|2|0|1|0
270203|2020-01-18|sábado|13:39:00|PR|369.0|CAMBE|Desobediência às normas de trânsito pelo condutor|Colisão transversal|Com Vítimas Feridas|Pleno dia|Nublado|4|0|1|0
270204|2020-01-12|domingo|10:10:00|SP|381.0|SAO PAULO|Pista Escorregadia|Queda de ocupante de veículo|Com Vítimas Feridas|Pleno dia|Nublado|2|0|2|0
270206|2020-02-19|quarta-feira|09:20:00|PB|230.0|SOBRADO|Defeito Mecânico no Veículo|Incêndio|Sem Vítimas|Pleno dia|Nublado|1|0|0|0
270207|2020-02-19|quarta-feira|10:45:00|MG|40.0|CURVELO|Falta de Atenção à Condução|Tombamento|Sem Vítimas|Pleno dia|Céu Claro|1|0|0|0
270208|2020-02-19|quarta-feira|10:20:00|RJ|116.0|MESQUITA|Desobediência às normas de trânsito pelo condutor|Colisão lateral|Com Vítimas Feridas|Pleno dia|Céu Claro|2|0|1|0
270209|2020-02-19|quarta-feira|09:30:00|RS|153.0|CACHOEIRA DO SUL|Falta de Atenção à Condução|Saída de leito carroçável|Com Vítimas Feridas|Pleno dia|Céu Claro|1|0|1|0
270210|2020-02-19|quarta-feira|10:40:00|PE|232.0|RECIFE|Não guardar distância de segurança|Engavetamento|Com Vítimas Feridas|Pleno dia|Céu Claro|3|0|1|0
270211|2020-02-19|quarta-feira|09:50:00|PR|116.0|CAMPINA GRANDE DO SUL|Velocidade Incompatível|Tombamento|Com Vítimas Feridas|Pleno dia|Chuva|1|0|1|0
270212|2020-02-19|quarta-feira|11:00:00|SP|116.0|SAO JOSE DOS CAMPOS|Falta de Atenção à Condução|Tombamento|Com Vítimas Feridas|Pleno dia|Céu Claro|1|0|1|0
270213|2020-02-19|quarta-feira|10:40:00|BA|101.0|EUNAPOLIS|Velocidade Incompatível|Capotamento|Com Vítimas Feridas|Pleno dia|Chuva|2|0|2|0
270214|2020-02-19|quarta-feira|10:00:00|MS|163.0|CAARAPO|Desobediência às normas de trânsito pelo condutor|Colisão lateral|Com Vítimas Feridas|Pleno dia|Sol|3|0|1|0
270215|2020-02-19|quarta-feira|09:00:00|RJ|101.0|SAO GONCALO|Defeito na Via|Queda de ocupante de veículo|Com Vítimas Feridas|Pleno dia|Céu Claro|2|0|2|0
270216|2020-02-19|quarta-feira|11:00:00|AP|210.0|MACAPA|Desobediência às normas de trânsito pelo condutor|Colisão transversal|Com Vítimas Feridas|Pleno dia|Nublado|2|0|1|0
270217|2020-02-19|quarta-feira|09:20:00|PR|369.0|JACAREZINHO|Falta de Atenção à Condução|Queda de ocupante de veículo|Com Vítimas Feridas|Pleno dia|Céu Claro|1|0|1|0
270218|2020-02-19|quarta-feira|11:15:00|PR|277.0|CANDOI|Ultrapassagem Indevida|Colisão traseira|Com Vítimas Feridas|Pleno dia|Céu Claro|4|0|1|0