id|data_inversa|dia_semana|horario|uf|br|municipio|causa_acidente|tipo_acidente|classificacao_acidente|fase_dia|condicao_metereologica|pessoas|mortos|feridos_leves|feridos_graves
270219|2020-01-19|domingo|04:35:00|RN|427.0|CAICO|Ingestão de Álcool|Saída de leito carroçável|Com Vítimas Feridas|Plena Noite|Céu Claro|1|0|0|1
270220|2020-02-19|quarta-feira|11:10:00|RS|386.0|SEBERI|Desobediência às normas de trânsito pelo condutor|Colisão transversal|Com Vítimas Feridas|Pleno dia|Céu Claro|2|0|1|0
270221|2020-02-19|quarta-feira|05:00:00|PA|10.0|DOM ELISEU|Defeito na Via|Saída de leito carroçável|Sem Vítimas|Amanhecer|Chuva|1|0|0|0
270223|2020-02-19|quarta-feira|11:40:00|RN|101.0|NATAL|Desobediência às normas de trânsito pelo condutor|Colisão transversal|Com Vítimas Feridas|Pleno dia|Chuva|4|0|2|0
270224|2020-02-19|quarta-feira|12:00:00|MG|365.0|MONTE ALEGRE DE MINAS|Defeito na Via|Capotamento|Com Vítimas Feridas|Pleno dia|Nublado|1|0|1|0
270225|2020-02-19|quarta-feira|11:30:00|MS|163.0|ITAQUIRAI|Defeito Mecânico no Veículo|Colisão com objeto em movimento|Com Vítimas Feridas|Pleno dia|Nublado|2|0|1|0
270229|2020-02-19|quarta-feira|07:00:00|MT|364.0|PEDRA PRETA|Condutor Dormindo|Colisão lateral|Com Vítimas Feridas|Pleno dia|Céu Claro|2|0|1|1
270230|2020-02-19|quarta-feira|10:40:00|AL|423.0|AGUA BRANCA|Falta de Atenção à Condução|Colisão lateral|Sem Vítimas|Pleno dia|Céu Claro|2|0|0|0
270231|2020-02-19|quarta-feira|11:40:00|PR|376.0|TIJUCAS DO SUL|Velocidade Incompatível|Capotamento|Sem Vítimas|Pleno dia|Nublado|1|0|0|0
270232|2020-02-19|quarta-feira|12:50:00|RS|386.0|TRIUNFO|Pista Escorregadia|Tombamento|Com Vítimas Feridas|Pleno dia|Céu Claro|1|0|0|1
270233|2020-02-19|quarta-feira|08:20:00|PR|376.0|MARINGA|Agressão Externa|Saída de leito carroçável|Sem Vítimas|Pleno dia|Céu Claro|1|0|0|0
270234|2020-01-08|quarta-feira|02:10:00|MG|381.0|LAVRAS|Falta de Atenção à Condução|Saída de leito carroçável|Sem Vítimas|Plena Noite|Nublado|1|0|0|0
270235|2020-02-19|quarta-feira|13:45:00|SC|280.0|JARAGUA DO SUL|Falta de Atenção à Condução|Colisão traseira|Com Vítimas Feridas|Pleno dia|Céu Claro|3|0|1|0
270237|2020-02-19|quarta-feira|13:52:00|RS|470.0|BENTO GONCALVES|Desobediência às normas de trânsito pelo condutor|Colisão lateral|Com Vítimas Feridas|Pleno dia|Céu Claro|4|0|1|0
270238|2020-01-06|segunda-feira|18:30:00|PE|424.0|GARANHUNS|Deficiência ou não Acionamento do Sistema de Iluminação/Sinalização do Veículo|Colisão transversal|Com Vítimas Feridas|Plena Noite|Céu Claro|2|0|0|1
270239|2020-02-19|quarta-feira|14:25:00|SP|116.0|EMBU DAS ARTES|Não guardar distância de segurança|Colisão traseira|Com Vítimas Feridas|Pleno dia|Nublado|3|0|2|0
270240|2020-02-19|quarta-feira|09:00:00|TO|153.0|NOVA OLINDA|Pista Escorregadia|Saída de leito carroçável|Sem Vítimas|Pleno dia|Chuva|1|0|0|0
270241|2020-02-19|quarta-feira|13:10:00|MT|163.0|SORRISO|Velocidade Incompatível|Saída de leito carroçável|Com Vítimas Feridas|Pleno dia|Chuva|6|0|2|1
270242|2020-02-19|quarta-feira|14:40:00|RJ|493.0|SEROPEDICA|Não guardar distância de segurança|Colisão traseira|Com Vítimas Feridas|Pleno dia|Céu Claro|2|0|1|0
270243|2020-02-19|quarta-feira|14:20:00|PR|116.0|MANDIRITUBA|Falta de Atenção à Condução|Saída de leito carroçável|Com Vítimas Feridas|Pleno dia|Céu Claro|1|0|0|1
270244|2020-02-19|quarta-feira|14:50:00|RS|158.0|SANTA MARIA|Falta de Atenção à Condução|Colisão traseira|Com Vítimas Feridas|Pleno dia|Céu Claro|2|0|1|0
270245|2020-02-19|quarta-feira|13:40:00|PR|376.0|MARINGA|Desobediência às normas de trânsito pelo condutor|Colisão transversal|Com Vítimas Feridas|Pleno dia|Sol|2|0|1|0
270246|2020-02-19|quarta-feira|13:50:00|MS|163.0|NOVA ALVORADA DO SUL|Pista Escorregadia|Saída de leito carroçável|Com Vítimas Feridas|Pleno dia|Chuva|1|0|1|0
270247|2020-02-19|quarta-feira|15:00:00|RS|116.0|CANOAS|Pista Escorregadia|Tombamento|Com Vítimas Feridas|Pleno dia|Sol|1|0|1|0
270248|2020-02-19|quarta-feira|15:40:00|PE|101.0|ABREU E LIMA|Desobediência às normas de trânsito pelo condutor|Colisão lateral|Com Vítimas Feridas|Pleno dia|Nublado|2|0|1|0
270249|2020-01-26|domingo|17:50:00|PE|232.0|GRAVATA|Velocidade Incompatível|Colisão lateral|Com Vítimas Feridas|Anoitecer|Céu Claro|2|0|0|1
270250|2020-02-19|quarta-feira|14:40:00|RJ|101.0|ITAGUAI|Desobediência às normas de trânsito pelo condutor|Colisão frontal|Com Vítimas Feridas|Pleno dia|Céu Claro|7|0|5|1
270251|2020-02-19|quarta-feira|15:30:00|RJ|465.0|SEROPEDICA|Falta de Atenção à Condução|Colisão transversal|Com Vítimas Feridas|Pleno dia|Céu Claro|2|0|1|0
270253|2020-02-08|sábado|02:30:00|MS|60.0|SIDROLANDIA|Falta de Atenção à Condução|Tombamento|Com Vítimas Feridas|Plena Noite|Céu Claro|2|0|1|0
270254|2020-02-07|sexta-feira|06:30:00|SP|381.0|GUARULHOS|Falta de Atenção à Condução|Colisão traseira|Com Vítimas Feridas|Pleno dia|Céu Claro|2|0|1|0
270255|2020-02-19|quarta-feira|14:30:00|PI|316.0|TERESINA|Falta de Atenção à Condução|Colisão lateral|Com Vítimas Feridas|Pleno dia|Céu Claro|2|0|1|0
270257|2020-02-19|quarta-feira|12:50:00|RO|174.0|VILHENA|Falta de Atenção à Condução|Colisão transversal|Com Vítimas Feridas|Pleno dia|Céu Claro|4|0|1|0
270258|2020-02-19|quarta-feira|08:40:00|RO|319.0|PORTO VELHO|Falta de Atenção à Condução|Engavetamento|Sem Vítimas|Pleno dia|Nublado|3|0|0|0
270260|2020-02-19|quarta-feira|15:50:00|RN|304.0|MACAIBA|Falta de Atenção à Condução|Colisão traseira|Sem Vítimas|Pleno dia|Chuva|2|0|0|0
270261|2020-02-19|quarta-feira|09:00:00|CE|222.0|FORTALEZA|Falta de Atenção à Condução|Tombamento|Com Vítimas Feridas|Pleno dia|Nublado|1|0|1|0
270263|2020-02-19|quarta-feira|16:00:00|SP|116.0|GUARULHOS|Velocidade Incompatível|Colisão lateral|Com Vítimas Feridas|Pleno dia|Nublado|2|0|0|1
270264|2020-02-19|quarta-feira|16:00:00|PR|476.0|CURITIBA|Falta de Atenção do Pedestre|Atropelamento de Pedestre|Com Vítimas Feridas|Pleno dia|Nublado|2|0|1|0
270266|2020-02-19|quarta-feira|15:25:00|SE|101.0|CAPELA|Não guardar distância de segurança|Tombamento|Com Vítimas Feridas|Pleno dia|Sol|1|0|1|0
270267|2020-02-19|quarta-feira|16:28:00|ES|101.0|SERRA|Desobediência às normas de trânsito pelo condutor|Colisão transversal|Com Vítimas Feridas|Pleno dia|Céu Claro|4|0|0|1
270268|2020-02-19|quarta-feira|14:20:00|MT|70.0|CACERES|Falta de Atenção à Condução|Colisão frontal|Com Vítimas Feridas|Pleno dia|Céu Claro|2|0|2|0
270269|2020-02-19|quarta-feira|16:20:00|PR|277.0|GUARANIACU|Desobediência às normas de trânsito pelo condutor|Colisão transversal|Com Vítimas Feridas|Pleno dia|Sol|3|0|1|1
270270|2020-02-19|quarta-feira|15:50:00|CE|20.0|CANINDE|Condutor Dormindo|Colisão transversal|Sem Vítimas|Pleno dia|Chuva|2|0|0|0
270271|2020-02-19|quarta-feira|15:30:00|RS|116.0|VACARIA|Desobediência às normas de trânsito pelo condutor|Colisão transversal|Com Vítimas Feridas|Pleno dia|Céu Claro|3|0|3|0
270272|2020-02-19|quarta-feira|17:45:00|PE|101.0|ABREU E LIMA|Desobediência às normas de trânsito pelo condutor|Colisão lateral|Com Vítimas Feridas|Plena Noite|Céu Claro|2|0|0|1
270273|2020-02-19|quarta-feira|15:30:00|SC|101.0|JOINVILLE|Falta de Atenção à Condução|Colisão lateral|Com Vítimas Feridas|Pleno dia|Nublado|2|0|1|0
270274|2020-02-19|quarta-feira|14:45:00|MG|262.0|CAMPOS ALTOS|Falta de Atenção à Condução|Colisão traseira|Com Vítimas Feridas|Pleno dia|Chuva|3|0|1|0
270275|2020-02-19|quarta-feira|16:50:00|RJ|40.0|DUQUE DE CAXIAS|Falta de Atenção à Condução|Colisão lateral|Com Vítimas Feridas|Pleno dia|Céu Claro|2|0|1|0
270276|2020-02-19|quarta-feira|18:00:00|PR|277.0|CASCAVEL|Desobediência às normas de trânsito pelo condutor|Colisão transversal|Com Vítimas Feridas|Pleno dia|Céu Claro|3|0|1|1
270277|2020-02-19|quarta-feira|17:50:00|ES|101.0|CARIACICA|Falta de Atenção à Condução|Colisão lateral|Com Vítimas Feridas|Pleno dia|Céu Claro|3|0|2|0
270278|2020-02-19|quarta-feira|18:00:00|ES|101.0|SERRA|Falta de Atenção do Pedestre|Atropelamento de Pedestre|Com Vítimas Fatais|Plena Noite|Céu Claro|5|1|1|0
270280|2020-02-19|quarta-feira|16:05:00|SC|470.0|LONTRAS|Falta de Atenção à Condução|Colisão transversal|Com Vítimas Feridas|Pleno dia|Céu Claro|2|0|0|1
270281|2020-02-19|quarta-feira|17:00:00|PR|277.0|MATELANDIA|Falta de Atenção à Condução|Tombamento|Com Vítimas Feridas|Pleno dia|Céu Claro|1|0|1|0
270282|2020-02-19|quarta-feira|17:00:00|GO|153.0|HIDROLANDIA|Pista Escorregadia|Saída de leito carroçável|Com Vítimas Feridas|Pleno dia|Chuva|2|0|2|0
270283|2020-02-19|quarta-feira|18:15:00|ES|101.0|LINHARES|Falta de Atenção à Condução|Engavetamento|Com Vítimas Feridas|Anoitecer|Céu Claro|6|0|3|0
270284|2020-02-19|quarta-feira|07:30:00|PI|343.0|FLORIANO|Falta de Atenção à Condução|Queda de ocupante de veículo|Com Vítimas Feridas|Pleno dia|Nublado|2|0|1|0
270285|2020-02-19|quarta-feira|17:20:00|PR|277.0|MEDIANEIRA|Falta de Atenção à Condução|Colisão traseira|Sem Vítimas|Pleno dia|Sol|2|0|0|0
270286|2020-02-19|quarta-feira|18:00:00|PR|277.0|CASCAVEL|Não guardar distância de segurança|Colisão traseira|Sem Vítimas|Anoitecer|Nublado|2|0|0|0
270287|2020-02-19|quarta-feira|17:00:00|SP|116.0|TAUBATE|Avarias e/ou desgaste excessivo no pneu|Tombamento|Com Vítimas Feridas|Pleno dia|Nublado|1|0|1|0
270288|2020-02-19|quarta-feira|18:30:00|PB|230.0|CAMPINA GRANDE|Ingestão de Álcool|Colisão lateral|Com Vítimas Feridas|Plena Noite|Céu Claro|2|0|1|0
270289|2020-02-19|quarta-feira|18:20:00|GO|50.0|CATALAO|Falta de Atenção à Condução|Colisão transversal|Com Vítimas Feridas|Anoitecer|Nublado|3|0|1|0
270290|2020-02-19|quarta-feira|17:30:00|MG|116.0|TEOFILO OTONI|Falta de Atenção à Condução|Colisão com objeto estático|Com Vítimas Feridas|Pleno dia|Céu Claro|1|0|1|0
270291|2020-02-19|quarta-feira|18:15:00|RS|290.0|ROSARIO DO SUL|Defeito Mecânico no Veículo|Incêndio|Sem Vítimas|Pleno dia|Céu Claro|1|0|0|0
270292|2020-02-19|quarta-feira|18:40:00|GO|153.0|GOIANIA|Falta de Atenção à Condução|Queda de ocupante de veículo|Com Vítimas Feridas|Anoitecer|Garoa/Chuvisco|1|0|1|0
270293|2020-02-19|quarta-feira|16:30:00|MG|365.0|GUIMARANIA|Condutor Dormindo|Saída de leito carroçável|Com Vítimas Feridas|Pleno dia|Céu Claro|1|0|1|0
270294|2020-02-19|quarta-feira|18:15:00|SC|470.0|POUSO REDONDO|Falta de Atenção à Condução|Colisão transversal|Com Vítimas Feridas|Pleno dia|Nublado|2|0|1|0
270295|2020-02-19|quarta-feira|17:20:00|RJ|40.0|DUQUE DE CAXIAS|Agressão Externa|Queda de ocupante de veículo|Com Vítimas Feridas|Pleno dia|Céu Claro|1|0|1|0
270296|2020-02-19|quarta-feira|17:40:00|BA|116.0|JEQUIE|Não guardar distância de segurança|Colisão traseira|Com Vítimas Feridas|Pleno dia|Sol|2|0|1|0
270298|2020-02-19|quarta-feira|18:10:00|RN|226.0|JUCURUTU|Defeito Mecânico no Veículo|Saída de leito carroçável|Com Vítimas Feridas|Plena Noite|Chuva|2|0|0|1
270299|2020-02-19|quarta-feira|18:30:00|MG|50.0|UBERLANDIA|Falta de Atenção à Condução|Colisão lateral|Sem Vítimas|Anoitecer|Céu Claro|3|0|0|0
270301|2020-02-19|quarta-feira|17:55:00|GO|70.0|AGUAS LINDAS DE GOIAS|Ingestão de Álcool|Danos eventuais|Sem Vítimas|Pleno dia|Céu Claro|1|0|0|0
270302|2020-02-19|quarta-feira|19:20:00|PR|373.0|IPIRANGA|Desobediência às normas de trânsito pelo condutor|Colisão lateral|Com Vítimas Feridas|Plena Noite|Nublado|4|0|0|2
270303|2020-02-19|quarta-feira|14:16:00|MG|40.0|FELIXLANDIA|Defeito Mecânico no Veículo|Danos eventuais|Com Vítimas Feridas|Pleno dia|Céu Claro|2|0|0|1
270304|2020-02-19|quarta-feira|19:00:00|RJ|116.0|SAO JOAO DE MERITI|Defeito Mecânico no Veículo|Colisão com objeto estático|Com Vítimas Feridas|Plena Noite|Céu Claro|2|0|1|0
270305|2020-02-19|quarta-feira|19:15:00|ES|262.0|CONCEICAO DO CASTELO|Velocidade Incompatível|Colisão transversal|Com Vítimas Feridas|Plena Noite|Nublado|2|0|1|0
270306|2020-02-19|quarta-feira|16:30:00|MT|364.0|JACIARA|Desobediência às normas de trânsito pelo condutor|Saída de leito carroçável|Com Vítimas Feridas|Pleno dia|Chuva|2|0|2|0
270307|2020-02-19|quarta-feira|20:00:00|PR|376.0|APUCARANA|Desobediência às normas de trânsito pelo condutor|Colisão transversal|Com Vítimas Feridas|Plena Noite|Chuva|2|0|0|1
270308|2020-02-19|quarta-feira|19:50:00|PR|476.0|CURITIBA|Pista Escorregadia|Saída de leito carroçável|Com Vítimas Feridas|Plena Noite|Garoa/Chuvisco|1|0|1|0
270309|2020-02-19|quarta-feira|19:50:00|SP|116.0|JACAREI|Falta de Atenção à Condução|Colisão lateral|Com Vítimas Feridas|Plena Noite|Chuva|1|0|1|0
270310|2020-02-19|quarta-feira|19:15:00|AL|104.0|RIO LARGO|Falta de Atenção à Condução|Colisão traseira|Com Vítimas Feridas|Plena Noite|Céu Claro|2|0|1|0
270311|2020-02-19|quarta-feira|14:35:00|BA|242.0|BARREIRAS|Defeito Mecânico no Veículo|Capotamento|Com Vítimas Feridas|Pleno dia|Nublado|1|0|1|0
270312|2020-02-19|quarta-feira|19:45:00|PB|101.0|MAMANGUAPE|Ingestão de Álcool|Queda de ocupante de veículo|Com Vítimas Feridas|Plena Noite|Céu Claro|1|0|1|0
270313|2020-02-19|quarta-feira|20:15:00|PR|476.0|CURITIBA|Falta de Atenção à Condução|Engavetamento|Sem Vítimas|Plena Noite|Nublado|4|0|0|0
270314|2020-01-19|domingo|02:10:00|ES|101.0|ATILIO VIVACQUA|Condutor Dormindo|Colisão frontal|Com Vítimas Feridas|Plena Noite|Nublado|2|0|1|1
270315|2020-02-19|quarta-feira|14:45:00|RS|290.0|VILA NOVA DO SUL|Falta de Atenção à Condução|Saída de leito carroçável|Com Vítimas Feridas|Pleno dia|Céu Claro|4|0|4|0
270316|2020-02-19|quarta-feira|21:00:00|ES|101.0|ITAPEMIRIM|Falta de Atenção à Condução|Colisão transversal|Com Vítimas Feridas|Plena Noite|Céu Claro|2|0|0|1
270317|2020-02-19|quarta-feira|20:50:00|PR|376.0|ALTO PARANA|Ingestão de Álcool|Colisão com objeto estático|Com Vítimas Feridas|Plena Noite|Nublado|1|0|1|0
270319|2020-02-19|quarta-feira|21:10:00|DF|40.0|BRASILIA|Desobediência às normas de trânsito pelo condutor|Colisão lateral|Com Vítimas Feridas|Plena Noite|Nublado|2|0|1|0
270320|2020-02-19|quarta-feira|21:15:00|MG|262.0|JUATUBA|Falta de Atenção à Condução|Capotamento|Com Vítimas Feridas|Plena Noite|Nublado|1|0|1|0
270321|2020-02-19|quarta-feira|20:10:00|RS|293.0|HULHA NEGRA|Falta de Atenção à Condução|Queda de ocupante de veículo|Com Vítimas Feridas|Plena Noite|Céu Claro|1|0|0|1
270322|2020-02-19|quarta-feira|18:00:00|RJ|116.0|RIO DE JANEIRO|Não guardar distância de segurança|Colisão traseira|Com Vítimas Feridas|Anoitecer|Nublado|3|0|2|0
270323|2020-02-19|quarta-feira|20:00:00|RJ|465.0|SEROPEDICA|Ultrapassagem Indevida|Colisão lateral|Com Vítimas Feridas|Plena Noite|Garoa/Chuvisco|3|0|1|0
270324|2020-02-19|quarta-feira|21:30:00|MG|40.0|NOVA LIMA|Falta de Atenção à Condução|Colisão com objeto estático|Com Vítimas Feridas|Plena Noite|Nublado|1|0|1|0
270325|2020-02-19|quarta-feira|18:10:00|MG|116.0|DOM CAVATI|Falta de Atenção à Condução|Colisão lateral|Com Vítimas Feridas|Anoitecer|Céu Claro|3|0|1|0
270327|2020-02-19|quarta-feira|17:40:00|MG|116.0|CARATINGA|Não guardar distância de segurança|Colisão traseira|Com Vítimas Feridas|Pleno dia|Céu Claro|2|0|0|1
270328|2020-02-19|quarta-feira|21:40:00|PB|101.0|JOAO PESSOA|Falta de Atenção à Condução|Tombamento|Com Vítimas Feridas|Plena Noite|Chuva|1|0|1|0
270329|2020-02-19|quarta-feira|22:40:00|PR|376.0|MARINGA|Restrição de Visibilidade|Atropelamento de Pedestre|Com Vítimas Feridas|Plena Noite|Céu Claro|4|0|1|1
270330|2020-02-19|quarta-feira|22:22:00|MG|381.0|BETIM|Desobediência às normas de trânsito pelo condutor|Saída de leito carroçável|Sem Vítimas|Plena Noite|Céu Claro|1|0|0|0
270331|2020-02-19|quarta-feira|22:30:00|SC|101.0|BIGUACU|Ingestão de Álcool|Colisão lateral|Com Vítimas Feridas|Plena Noite|Nublado|2|0|1|0
270332|2020-02-19|quarta-feira|22:45:00|SC|101.0|PAULO LOPES|Defeito Mecânico no Veículo|Incêndio|Sem Vítimas|Plena Noite|Nublado|1|0|0|0
270333|2020-02-19|quarta-feira|23:00:00|PA|230.0|MARABA|Ingestão de Álcool|Colisão lateral|Com Vítimas Feridas|Plena Noite|Céu Claro|2|0|1|0
270334|2020-02-19|quarta-feira|21:30:00|PE|428.0|LAGOA GRANDE|Falta de Atenção do Pedestre|Atropelamento de Pedestre|Com Vítimas Fatais|Plena Noite|Céu Claro|2|1|0|0
270335|2020-02-19|quarta-feira|16:30:00|SE|101.0|MARUIM|Ultrapassagem Indevida|Saída de leito carroçável|Sem Vítimas|Pleno dia|Nublado|1|0|0|0
270336|2020-02-19|quarta-feira|23:00:00|PR|476.0|CURITIBA|Falta de Atenção à Condução|Colisão traseira|Com Vítimas Feridas|Plena Noite|Nublado|1|0|1|0
270337|2020-02-19|quarta-feira|21:40:00|BA|116.0|VITORIA DA CONQUISTA|Falta de Atenção à Condução|Capotamento|Com Vítimas Feridas|Plena Noite|Céu Claro|3|0|2|0
270338|2020-02-19|quarta-feira|23:10:00|SC|280.0|GUARAMIRIM|Falta de Atenção à Condução|Colisão traseira|Com Vítimas Feridas|Plena Noite|Chuva|2|0|2|0
270339|2020-02-19|quarta-feira|22:55:00|MG|262.0|IBIA|Falta de Atenção à Condução|Colisão traseira|Com Vítimas Feridas|Plena Noite|Nublado|2|0|1|0
270340|2020-02-20|quinta-feira|00:20:00|SC|470.0|BLUMENAU|Ingestão de Álcool|Colisão frontal|Sem Vítimas|Plena Noite|Céu Claro|2|0|0|0
270341|2020-02-19|quarta-feira|23:30:00|MA|10.0|IMPERATRIZ|Ingestão de Álcool|Colisão frontal|Com Vítimas Feridas|Plena Noite|Garoa/Chuvisco|3|0|1|1
270342|2020-02-19|quarta-feira|23:50:00|SC|101.0|JAGUARUNA|Ingestão de Álcool|Colisão com objeto estático|Com Vítimas Feridas|Plena Noite|Céu Claro|1|0|1|0
270343|2020-02-19|quarta-feira|19:30:00|SC|470.0|RIO DO SUL|Falta de Atenção à Condução|Colisão transversal|Com Vítimas Fatais|Plena Noite|Céu Claro|2|1|0|0
270344|2020-02-19|quarta-feira|20:00:00|SC|470.0|POUSO REDONDO|Velocidade Incompatível|Tombamento|Com Vítimas Feridas|Plena Noite|Nublado|2|0|1|1
270345|2020-02-19|quarta-feira|23:40:00|MG|116.0|ITAMBACURI|Condutor Dormindo|Colisão frontal|Com Vítimas Feridas|Plena Noite|Nublado|3|0|1|1
270346|2020-02-19|quarta-feira|21:50:00|MT|364.0|ALTO GARCAS|Defeito Mecânico no Veículo|Incêndio|Sem Vítimas|Plena Noite|Chuva|1|0|0|0
270347|2020-02-20|quinta-feira|00:45:00|SC|101.0|TUBARAO|Falta de Atenção à Condução|Colisão traseira|Sem Vítimas|Plena Noite|Nublado|2|0|0|0
270348|2020-02-20|quinta-feira|01:15:00|SC|282.0|RANCHO QUEIMADO|Falta de Atenção à Condução|Tombamento|Com Vítimas Feridas|Plena Noite|Chuva|1|0|1|0
270349|2020-02-19|quarta-feira|19:00:00|PI|316.0|IPIRANGA DO PIAUI|Falta de Atenção à Condução|Colisão traseira|Sem Vítimas|Plena Noite|Céu Claro|2|0|0|0
270350|2020-02-20|quinta-feira|01:00:00|CE|222.0|CAUCAIA|Pista Escorregadia|Saída de leito carroçável|Sem Vítimas|Plena Noite|Chuva|1|0|0|0
270351|2020-02-20|quinta-feira|02:15:00|RJ|116.0|MAGE|Animais na Pista|Atropelamento de Animal|Com Vítimas Fatais|Plena Noite|Céu Claro|3|1|1|0
270352|2020-02-20|quinta-feira|01:30:00|RS|116.0|VACARIA|Falta de Atenção à Condução|Colisão com objeto estático|Sem Vítimas|Plena Noite|Nevoeiro/Neblina|1|0|0|0
270353|2020-02-20|quinta-feira|01:00:00|SC|101.0|TUBARAO|Ingestão de Álcool|Saída de leito carroçável|Sem Vítimas|Plena Noite|Céu Claro|1|0|0|0
270354|2020-02-20|quinta-feira|02:00:00|RJ|101.0|CAMPOS DOS GOYTACAZES|Desobediência às normas de trânsito pelo condutor|Atropelamento de Pedestre|Com Vítimas Fatais|Plena Noite|Céu Claro|2|1|0|0
270355|2020-02-20|quinta-feira|03:20:00|PR|277.0|CAMPO LARGO|Condutor Dormindo|Colisão traseira|Sem Vítimas|Plena Noite|Céu Claro|2|0|0|0
270356|2020-02-20|quinta-feira|03:25:00|PB|101.0|ALHANDRA|Falta de Atenção à Condução|Colisão com objeto estático|Com Vítimas Feridas|Plena Noite|Nublado|2|0|2|0
270357|2020-02-20|quinta-feira|04:00:00|PE|232.0|CUSTODIA|Condutor Dormindo|Colisão traseira|Com Vítimas Feridas|Plena Noite|Vento|2|0|0|1
270358|2020-02-20|quinta-feira|03:45:00|PE|232.0|POMBOS|Falta de Atenção à Condução|Colisão lateral|Com Vítimas Fatais|Plena Noite|Chuva|2|1|0|0
270359|2020-02-20|quinta-feira|05:30:00|SP|381.0|MAIRIPORA|Condutor Dormindo|Colisão traseira|Com Vítimas Feridas|Amanhecer|Nublado|3|0|0|1
270360|2020-02-20|quinta-feira|05:20:00|SP|116.0|EMBU DAS ARTES|Velocidade Incompatível|Capotamento|Sem Vítimas|Amanhecer|Céu Claro|1|0|0|0
270361|2020-02-20|quinta-feira|04:20:00|SC|153.0|PONTE SERRADA|Velocidade Incompatível|Tombamento|Com Vítimas Feridas|Plena Noite|Céu Claro|1|0|1|0
270362|2020-02-20|quinta-feira|05:30:00|SC|280.0|GUARAMIRIM|Defeito Mecânico no Veículo|Incêndio|Sem Vítimas|Amanhecer|Garoa/Chuvisco|1|0|0|0
270363|2020-02-20|quinta-feira|05:00:00|PI|316.0|PICOS|Velocidade Incompatível|Saída de leito carroçável|Com Vítimas Feridas|Amanhecer|Céu Claro|1|0|1|0
270364|2020-02-20|quinta-feira|06:35:00|GO|60.0|ANAPOLIS|Falta de Atenção à Condução|Queda de ocupante de veículo|Com Vítimas Fatais|Pleno dia|Céu Claro|3|1|0|1
270365|2020-02-20|quinta-feira|06:15:00|PB|230.0|CRUZ DO ESPIRITO SANTO|Defeito Mecânico no Veículo|Tombamento|Com Vítimas Feridas|Pleno dia|Nublado|2|0|2|0
270366|2020-02-20|quinta-feira|06:30:00|GO|153.0|CAMPINORTE|Falta de Atenção à Condução|Saída de leito carroçável|Com Vítimas Feridas|Amanhecer|Chuva|2|0|1|0
270367|2020-02-20|quinta-feira|05:30:00|MG|262.0|UBERABA|Defeito Mecânico no Veículo|Incêndio|Sem Vítimas|Amanhecer|Nublado|1|0|0|0
270368|2020-02-20|quinta-feira|06:50:00|SE|235.0|NOSSA SENHORA DO SOCORRO|Objeto estático sobre o leito carroçável|Queda de ocupante de veículo|Com Vítimas Feridas|Pleno dia|Céu Claro|1|0|1|0
270369|2020-02-20|quinta-feira|06:50:00|RS|386.0|NOVA SANTA RITA|Desobediência às normas de trânsito pelo condutor|Colisão lateral|Com Vítimas Feridas|Pleno dia|Céu Claro|2|0|0|1
270370|2020-02-19|quarta-feira|23:40:00|BA|101.0|CAMACAN|Condutor Dormindo|Colisão com objeto estático|Com Vítimas Feridas|Plena Noite|Céu Claro|2|0|1|1
270371|2020-02-20|quinta-feira|06:00:00|RJ|116.0|PIRAI|Velocidade Incompatível|Tombamento|Sem Vítimas|Pleno dia|Céu Claro|1|0|0|0
270372|2020-02-20|quinta-feira|07:15:00|SP|381.0|ATIBAIA|Não guardar distância de segurança|Colisão traseira|Com Vítimas Feridas|Pleno dia|Céu Claro|2|0|1|0
270373|2020-02-20|quinta-feira|06:27:00|PE|408.0|PAUDALHO|Desobediência às normas de trânsito pelo condutor|Colisão frontal|Sem Vítimas|Pleno dia|Sol|2|0|0|0
270374|2020-02-20|quinta-feira|06:50:00|ES|101.0|SERRA|Não guardar distância de segurança|Colisão traseira|Com Vítimas Fatais|Pleno dia|Sol|4|1|1|0
270375|2020-02-20|quinta-feira|07:00:00|ES|101.0|SERRA|Falta de Atenção do Pedestre|Atropelamento de Pedestre|Com Vítimas Feridas|Pleno dia|Sol|2|0|0|1
270376|2020-02-20|quinta-feira|07:40:00|AL|101.0|JOAQUIM GOMES|Falta de Atenção à Condução|Saída de leito carroçável|Com Vítimas Feridas|Pleno dia|Nublado|1|0|1|0
270377|2020-02-20|quinta-feira|07:30:00|SC|101.0|PALHOCA|Pista Escorregadia|Tombamento|Com Vítimas Feridas|Pleno dia|Céu Claro|1|0|0|1
270378|2020-02-20|quinta-feira|07:40:00|ES|262.0|CARIACICA|Falta de Atenção do Pedestre|Atropelamento de Pedestre|Com Vítimas Feridas|Pleno dia|Sol|3|0|1|0
270379|2020-02-20|quinta-feira|07:30:00|RS|116.0|NOVO HAMBURGO|Falta de Atenção à Condução|Colisão traseira|Com Vítimas Feridas|Pleno dia|Céu Claro|2|0|1|0
270380|2020-02-20|quinta-feira|07:30:00|RN|110.0|MOSSORO|Desobediência às normas de trânsito pelo condutor|Tombamento|Com Vítimas Feridas|Pleno dia|Nublado|3|0|1|0
270382|2020-02-19|quarta-feira|16:10:00|RO|435.0|VILHENA|Velocidade Incompatível|Saída de leito carroçável|Com Vítimas Feridas|Pleno dia|Céu Claro|1|0|1|0