id|data_inversa|dia_semana|horario|uf|br|municipio|causa_acidente|tipo_acidente|classificacao_acidente|fase_dia|condicao_metereologica|pessoas|mortos|feridos_leves|feridos_graves
270383|2020-02-20|quinta-feira|07:05:00|PR|116.0|SAO JOSE DOS PINHAIS|Não guardar distância de segurança|Queda de ocupante de veículo|Com Vítimas Feridas|Pleno dia|Céu Claro|1|0|1|0
270384|2020-02-19|quarta-feira|22:15:00|MT|364.0|JANGADA|Falta de Atenção à Condução|Saída de leito carroçável|Sem Vítimas|Plena Noite|Céu Claro|1|0|0|0
270386|2020-02-19|quarta-feira|15:00:00|MG|365.0|JOAO PINHEIRO|Velocidade Incompatível|Colisão com objeto estático|Sem Vítimas|Pleno dia|Céu Claro|1|0|0|0
270387|2020-02-20|quinta-feira|07:55:00|PR|476.0|ARAUCARIA|Falta de Atenção à Condução|Colisão traseira|Com Vítimas Feridas|Pleno dia|Céu Claro|3|0|2|0
270389|2020-02-20|quinta-feira|07:45:00|MG|40.0|RIBEIRAO DAS NEVES|Desobediência às normas de trânsito pelo condutor|Colisão lateral|Sem Vítimas|Pleno dia|Sol|2|0|0|0
270390|2020-02-20|quinta-feira|08:30:00|MG|365.0|GURINHATA|Condutor Dormindo|Saída de leito carroçável|Com Vítimas Feridas|Pleno dia|Céu Claro|1|0|1|0
270391|2020-02-20|quinta-feira|08:20:00|SE|101.0|ESTANCIA|Falta de Atenção à Condução|Saída de leito carroçável|Sem Vítimas|Pleno dia|Céu Claro|4|0|0|0
270392|2020-02-20|quinta-feira|06:40:00|PR|476.0|CURITIBA|Falta de Atenção à Condução|Atropelamento de Pedestre|Com Vítimas Feridas|Pleno dia|Sol|3|0|0|2
270393|2020-02-20|quinta-feira|07:55:00|RJ|116.0|TERESOPOLIS|Desobediência às normas de trânsito pelo condutor|Colisão lateral|Com Vítimas Feridas|Pleno dia|Céu Claro|2|0|1|0
270394|2020-02-20|quinta-feira|06:10:00|PR|376.0|GUARATUBA|Velocidade Incompatível|Tombamento|Com Vítimas Feridas|Amanhecer|Nublado|1|0|1|0
270395|2020-02-20|quinta-feira|08:55:00|SP|381.0|MAIRIPORA|Não guardar distância de segurança|Colisão traseira|Com Vítimas Feridas|Pleno dia|Céu Claro|2|0|1|0
270396|2020-02-20|quinta-feira|08:40:00|GO|70.0|AGUAS LINDAS DE GOIAS|Falta de Atenção do Pedestre|Colisão com objeto em movimento|Com Vítimas Feridas|Pleno dia|Sol|2|0|1|0
270399|2020-02-20|quinta-feira|08:00:00|RJ|101.0|RIO BONITO|Falta de Atenção à Condução|Queda de ocupante de veículo|Com Vítimas Feridas|Pleno dia|Céu Claro|1|0|1|0
270401|2020-02-20|quinta-feira|08:00:00|SP|381.0|MAIRIPORA|Falta de Atenção à Condução|Colisão lateral|Com Vítimas Feridas|Pleno dia|Céu Claro|3|0|1|0
270402|2020-02-20|quinta-feira|09:15:00|BA|324.0|SALVADOR|Desobediência às normas de trânsito pelo condutor|Colisão transversal|Sem Vítimas|Pleno dia|Céu Claro|2|0|0|0
270403|2020-02-20|quinta-feira|08:20:00|SP|116.0|ITAPECERICA DA SERRA|Não guardar distância de segurança|Colisão traseira|Com Vítimas Feridas|Pleno dia|Céu Claro|2|0|1|0
270405|2020-02-20|quinta-feira|09:00:00|SC|101.0|NAVEGANTES|Falta de Atenção à Condução|Colisão lateral|Com Vítimas Feridas|Pleno dia|Céu Claro|2|0|0|1
270406|2020-02-20|quinta-feira|09:00:00|RN|405.0|ITAU|Defeito Mecânico no Veículo|Incêndio|Sem Vítimas|Pleno dia|Sol|1|0|0|0
270410|2020-02-20|quinta-feira|09:50:00|SC|116.0|MAFRA|Falta de Atenção à Condução|Colisão traseira|Com Vítimas Feridas|Pleno dia|Nublado|2|0|1|0
270411|2020-02-20|quinta-feira|10:00:00|MG|381.0|SABARA|Não guardar distância de segurança|Colisão traseira|Sem Vítimas|Pleno dia|Céu Claro|2|0|0|0
270412|2020-02-20|quinta-feira|10:00:00|PE|101.0|XEXEU|Pista Escorregadia|Saída de leito carroçável|Com Vítimas Feridas|Pleno dia|Chuva|1|0|0|1
270413|2020-02-19|quarta-feira|21:30:00|MT|163.0|SINOP|Ultrapassagem Indevida|Saída de leito carroçável|Sem Vítimas|Plena Noite|Chuva|1|0|0|0
270422|2020-02-20|quinta-feira|09:00:00|PR|272.0|TERRA ROXA|Velocidade Incompatível|Colisão com objeto estático|Sem Vítimas|Pleno dia|Céu Claro|3|0|0|0
270423|2020-02-08|sábado|13:30:00|MT|70.0|PRIMAVERA DO LESTE|Falta de Atenção à Condução|Colisão transversal|Com Vítimas Feridas|Pleno dia|Céu Claro|2|0|1|0
270424|2020-02-20|quinta-feira|09:30:00|MT|364.0|VARZEA GRANDE|Defeito Mecânico no Veículo|Saída de leito carroçável|Sem Vítimas|Pleno dia|Céu Claro|1|0|0|0
270425|2020-02-20|quinta-feira|10:50:00|SC|282.0|PALHOCA|Desobediência às normas de trânsito pelo condutor|Colisão transversal|Com Vítimas Feridas|Pleno dia|Céu Claro|3|0|0|2
270426|2020-01-19|domingo|13:15:00|MG|40.0|LAGOA GRANDE|Falta de Atenção à Condução|Colisão transversal|Com Vítimas Fatais|Pleno dia|Céu Claro|3|1|1|1
270427|2020-02-20|quinta-feira|10:30:00|BA|135.0|BARREIRAS|Falta de Atenção à Condução|Colisão transversal|Com Vítimas Fatais|Pleno dia|Sol|2|1|0|0
270428|2020-02-20|quinta-feira|10:20:00|MA|10.0|ESTREITO|Pista Escorregadia|Colisão lateral|Com Vítimas Feridas|Pleno dia|Chuva|2|0|2|0
270429|2020-02-20|quinta-feira|11:13:00|PE|428.0|PETROLINA|Desobediência às normas de trânsito pelo condutor|Colisão traseira|Com Vítimas Feridas|Pleno dia|Sol|2|0|1|0
270430|2020-02-20|quinta-feira|11:20:00|ES|101.0|CARIACICA|Defeito Mecânico no Veículo|Incêndio|Sem Vítimas|Pleno dia|Céu Claro|1|0|0|0
270431|2020-02-12|quarta-feira|08:40:00|MS|163.0|CAMPO GRANDE|Falta de Atenção à Condução|Tombamento|Com Vítimas Feridas|Pleno dia|Nublado|2|0|2|0
270432|2020-02-20|quinta-feira|10:55:00|GO|153.0|GOIANIA|Ingestão de Álcool|Atropelamento de Pedestre|Com Vítimas Feridas|Pleno dia|Céu Claro|3|0|2|1
270433|2020-02-20|quinta-feira|11:15:00|DF|20.0|BRASILIA|Falta de Atenção à Condução|Colisão lateral|Com Vítimas Feridas|Pleno dia|Céu Claro|2|0|0|1
270434|2020-02-20|quinta-feira|11:00:00|PB|230.0|POMBAL|Falta de Atenção à Condução|Colisão lateral|Com Vítimas Feridas|Pleno dia|Céu Claro|2|0|0|1
270435|2020-02-04|terça-feira|15:30:00|MA|226.0|ESTREITO|Desobediência às normas de trânsito pelo condutor|Colisão transversal|Com Vítimas Feridas|Pleno dia|Nublado|2|0|1|0
270436|2020-02-20|quinta-feira|11:00:00|RN|101.0|PARNAMIRIM|Desobediência às normas de trânsito pelo condutor|Colisão lateral|Com Vítimas Feridas|Pleno dia|Chuva|2|0|2|0
270438|2020-02-20|quinta-feira|10:50:00|PE|101.0|RECIFE|Desobediência às normas de trânsito pelo condutor|Colisão lateral|Com Vítimas Feridas|Pleno dia|Sol|3|0|2|0
270439|2020-02-20|quinta-feira|10:00:00|GO|153.0|ITUMBIARA|Carga excessiva e/ou mal acondicionada|Saída de leito carroçável|Sem Vítimas|Pleno dia|Céu Claro|1|0|0|0
270440|2020-02-20|quinta-feira|11:20:00|RS|386.0|FREDERICO WESTPHALEN|Falta de Atenção à Condução|Colisão traseira|Com Vítimas Feridas|Pleno dia|Céu Claro|2|0|1|1
270441|2020-02-20|quinta-feira|11:15:00|PR|376.0|GUARATUBA|Desobediência às normas de trânsito pelo condutor|Colisão com objeto estático|Com Vítimas Feridas|Pleno dia|Sol|2|0|0|1
270442|2020-02-20|quinta-feira|10:40:00|MT|364.0|JANGADA|Falta de Atenção à Condução|Tombamento|Sem Vítimas|Pleno dia|Garoa/Chuvisco|1|0|0|0
270443|2020-02-20|quinta-feira|12:00:00|SC|470.0|RIO DO SUL|Velocidade Incompatível|Colisão traseira|Com Vítimas Feridas|Pleno dia|Sol|2|0|1|0
270444|2020-02-20|quinta-feira|11:30:00|AL|101.0|MESSIAS|Falta de Atenção à Condução|Tombamento|Com Vítimas Feridas|Pleno dia|Chuva|1|0|1|0
270445|2020-02-20|quinta-feira|12:00:00|SP|116.0|EMBU DAS ARTES|Não guardar distância de segurança|Tombamento|Com Vítimas Feridas|Pleno dia|Céu Claro|1|0|0|1
270446|2020-02-20|quinta-feira|12:15:00|DF|80.0|BRASILIA|Falta de Atenção à Condução|Colisão com objeto estático|Sem Vítimas|Pleno dia|Céu Claro|1|0|0|0
270447|2020-02-20|quinta-feira|12:10:00|GO|60.0|RIO VERDE|Falta de Atenção à Condução|Atropelamento de Pedestre|Com Vítimas Feridas|Pleno dia|Céu Claro|2|0|2|0
270449|2020-02-20|quinta-feira|12:30:00|PR|373.0|PONTA GROSSA|Falta de Atenção à Condução|Atropelamento de Pedestre|Com Vítimas Feridas|Pleno dia|Céu Claro|5|0|4|1
270450|2020-02-20|quinta-feira|12:00:00|RS|116.0|PEDRO OSORIO|Falta de Atenção à Condução|Tombamento|Com Vítimas Feridas|Pleno dia|Céu Claro|1|0|1|0
270451|2020-02-20|quinta-feira|11:30:00|RJ|101.0|NITEROI|Falta de Atenção à Condução|Colisão lateral|Com Vítimas Feridas|Pleno dia|Céu Claro|2|0|1|0
270453|2020-02-20|quinta-feira|07:10:00|RJ|101.0|SAO GONCALO|Falta de Atenção à Condução|Colisão lateral|Com Vítimas Feridas|Pleno dia|Sol|2|0|1|0
270454|2020-02-20|quinta-feira|08:45:00|SP|116.0|REGISTRO|Falta de Atenção à Condução|Colisão lateral|Com Vítimas Feridas|Pleno dia|Sol|3|0|1|0
270455|2020-02-20|quinta-feira|12:40:00|SP|116.0|GUARULHOS|Pista Escorregadia|Queda de ocupante de veículo|Com Vítimas Feridas|Pleno dia|Chuva|2|0|1|0
270456|2020-02-20|quinta-feira|12:30:00|RN|304.0|SAO PEDRO|Defeito Mecânico no Veículo|Derramamento de carga|Sem Vítimas|Pleno dia|Chuva|1|0|0|0
270457|2020-02-20|quinta-feira|10:00:00|SC|282.0|CUNHA PORA|Falta de Atenção à Condução|Colisão transversal|Com Vítimas Feridas|Pleno dia|Céu Claro|2|0|1|0
270458|2020-02-20|quinta-feira|13:30:00|PE|101.0|GOIANA|Defeito Mecânico no Veículo|Colisão com objeto estático|Com Vítimas Feridas|Pleno dia|Chuva|1|0|0|1
270459|2020-02-20|quinta-feira|12:45:00|RJ|101.0|ITABORAI|Falta de Atenção à Condução|Tombamento|Com Vítimas Feridas|Pleno dia|Céu Claro|1|0|1|0
270460|2020-02-20|quinta-feira|13:35:00|MG|40.0|SETE LAGOAS|Não guardar distância de segurança|Saída de leito carroçável|Com Vítimas Feridas|Pleno dia|Céu Claro|1|0|1|0
270462|2020-02-20|quinta-feira|12:30:00|SC|101.0|BALNEARIO PICARRAS|Defeito Mecânico no Veículo|Saída de leito carroçável|Com Vítimas Feridas|Pleno dia|Céu Claro|1|0|1|0
270463|2020-02-20|quinta-feira|14:00:00|GO|40.0|LUZIANIA|Desobediência às normas de trânsito pelo condutor|Colisão traseira|Com Vítimas Feridas|Pleno dia|Céu Claro|3|0|1|0
270464|2020-02-20|quinta-feira|12:40:00|SC|101.0|BALNEARIO PICARRAS|Falta de Atenção à Condução|Colisão lateral|Com Vítimas Feridas|Pleno dia|Céu Claro|1|0|1|0
270465|2020-02-20|quinta-feira|13:55:00|SC|101.0|SAO JOSE|Não guardar distância de segurança|Colisão traseira|Com Vítimas Feridas|Pleno dia|Sol|2|0|1|0
270466|2020-02-20|quinta-feira|13:20:00|MG|262.0|NOVA SERRANA|Falta de Atenção à Condução|Saída de leito carroçável|Com Vítimas Feridas|Pleno dia|Céu Claro|1|0|1|0
270467|2020-02-20|quinta-feira|14:10:00|SP|116.0|ITAPECERICA DA SERRA|Não guardar distância de segurança|Colisão traseira|Com Vítimas Feridas|Pleno dia|Chuva|2|0|0|1
270468|2020-02-20|quinta-feira|11:40:00|PR|376.0|GUARATUBA|Velocidade Incompatível|Colisão traseira|Com Vítimas Feridas|Pleno dia|Nublado|2|0|0|1
270469|2020-02-20|quinta-feira|13:45:00|MS|262.0|ANASTACIO|Condutor Dormindo|Colisão com objeto estático|Com Vítimas Feridas|Pleno dia|Nublado|1|0|1|0
270470|2020-02-20|quinta-feira|12:20:00|PR|376.0|MARILANDIA DO SUL|Velocidade Incompatível|Colisão traseira|Sem Vítimas|Pleno dia|Sol|2|0|0|0
270471|2020-02-20|quinta-feira|13:35:00|RJ|101.0|SAO GONCALO|Falta de Atenção à Condução|Engavetamento|Com Vítimas Feridas|Pleno dia|Sol|5|0|3|0
270472|2020-02-20|quinta-feira|12:55:00|MS|262.0|CAMPO GRANDE|Falta de Atenção à Condução|Colisão lateral|Com Vítimas Feridas|Pleno dia|Nublado|2|0|1|0
270473|2020-02-20|quinta-feira|11:45:00|MA|10.0|IMPERATRIZ|Desobediência às normas de trânsito pelo condutor|Colisão lateral|Com Vítimas Feridas|Pleno dia|Céu Claro|2|0|0|1
270474|2020-01-17|sexta-feira|20:20:00|PR|376.0|TIJUCAS DO SUL|Defeito Mecânico no Veículo|Colisão com objeto estático|Com Vítimas Feridas|Plena Noite|Nublado|4|0|1|2
270475|2020-02-20|quinta-feira|14:50:00|PA|163.0|SANTAREM|Não guardar distância de segurança|Engavetamento|Com Vítimas Feridas|Pleno dia|Nublado|4|0|1|0
270476|2020-02-20|quinta-feira|15:05:00|SC|101.0|SAO JOSE|Não guardar distância de segurança|Colisão traseira|Com Vítimas Feridas|Pleno dia|Nublado|3|0|1|0
270477|2020-02-20|quinta-feira|14:48:00|SC|116.0|CORREIA PINTO|Desobediência às normas de trânsito pelo condutor|Colisão transversal|Com Vítimas Feridas|Pleno dia|Céu Claro|3|0|2|0
270478|2020-02-20|quinta-feira|14:00:00|PR|277.0|SAO JOSE DOS PINHAIS|Falta de Atenção à Condução|Atropelamento de Pedestre|Com Vítimas Feridas|Pleno dia|Céu Claro|3|0|1|0
270479|2020-02-20|quinta-feira|08:25:00|PA|10.0|IRITUIA|Defeito Mecânico no Veículo|Tombamento|Sem Vítimas|Pleno dia|Chuva|1|0|0|0
270480|2020-02-20|quinta-feira|15:00:00|MT|364.0|VARZEA GRANDE|Pista Escorregadia|Saída de leito carroçável|Sem Vítimas|Pleno dia|Chuva|1|0|0|0
270481|2020-02-20|quinta-feira|16:20:00|SE|235.0|ARACAJU|Falta de Atenção à Condução|Colisão traseira|Sem Vítimas|Pleno dia|Céu Claro|2|0|0|0
270482|2020-02-20|quinta-feira|15:50:00|AL|101.0|SAO MIGUEL DOS CAMPOS|Avarias e/ou desgaste excessivo no pneu|Saída de leito carroçável|Com Vítimas Feridas|Pleno dia|Chuva|5|0|1|0
270483|2020-02-20|quinta-feira|15:15:00|BA|116.0|PLANALTO|Defeito Mecânico no Veículo|Atropelamento de Pedestre|Com Vítimas Feridas|Pleno dia|Céu Claro|2|0|0|1
270484|2020-02-20|quinta-feira|15:40:00|RS|116.0|CANOAS|Desobediência às normas de trânsito pelo condutor|Colisão frontal|Com Vítimas Feridas|Pleno dia|Sol|2|0|1|0
270488|2020-02-20|quinta-feira|16:00:00|PE|101.0|RECIFE|Falta de Atenção à Condução|Colisão traseira|Com Vítimas Feridas|Pleno dia|Nublado|3|0|1|0
270489|2020-02-20|quinta-feira|15:20:00|MT|163.0|MATUPA|Desobediência às normas de trânsito pelo condutor|Colisão transversal|Com Vítimas Feridas|Pleno dia|Chuva|3|0|2|0
270490|2020-02-20|quinta-feira|17:15:00|SP|153.0|SAO JOSE DO RIO PRETO|Falta de Atenção à Condução|Colisão traseira|Sem Vítimas|Pleno dia|Nublado|2|0|0|0
270491|2020-02-20|quinta-feira|17:15:00|RS|293.0|CAPAO DO LEAO|Falta de Atenção à Condução|Colisão transversal|Com Vítimas Feridas|Pleno dia|Céu Claro|3|0|2|0
270492|2020-02-20|quinta-feira|11:00:00|BA|242.0|LENCOIS|Velocidade Incompatível|Tombamento|Com Vítimas Fatais|Pleno dia|Sol|2|1|1|0
270493|2020-02-20|quinta-feira|17:05:00|SC|282.0|FLORIANOPOLIS|Falta de Atenção à Condução|Engavetamento|Com Vítimas Feridas|Pleno dia|Céu Claro|3|0|1|0
270494|2020-01-25|sábado|21:30:00|RN|101.0|NATAL|Agressão Externa|Queda de ocupante de veículo|Com Vítimas Feridas|Plena Noite|Ignorado|1|0|1|0
270495|2020-02-20|quinta-feira|16:10:00|CE|20.0|CAUCAIA|Desobediência às normas de trânsito pelo condutor|Colisão transversal|Com Vítimas Feridas|Pleno dia|Nublado|8|0|4|0
270496|2020-02-20|quinta-feira|17:10:00|PR|277.0|MATELANDIA|Defeito Mecânico no Veículo|Saída de leito carroçável|Sem Vítimas|Pleno dia|Céu Claro|1|0|0|0
270497|2020-02-20|quinta-feira|17:25:00|RS|290.0|PORTO ALEGRE|Desobediência às normas de trânsito pelo condutor|Colisão lateral|Com Vítimas Feridas|Pleno dia|Céu Claro|2|0|0|1
270498|2020-02-20|quinta-feira|14:15:00|SC|116.0|CORREIA PINTO|Não guardar distância de segurança|Colisão traseira|Com Vítimas Feridas|Pleno dia|Sol|2|0|1|0
270500|2020-02-20|quinta-feira|15:00:00|BA|324.0|TANQUINHO|Condutor Dormindo|Colisão lateral|Com Vítimas Feridas|Pleno dia|Céu Claro|4|0|3|0
270501|2020-02-20|quinta-feira|10:50:00|ES|101.0|SAO MATEUS|Falta de Atenção à Condução|Colisão transversal|Com Vítimas Feridas|Pleno dia|Céu Claro|2|0|0|2
270502|2020-02-20|quinta-feira|16:15:00|PR|272.0|FRANCISCO ALVES|Velocidade Incompatível|Saída de leito carroçável|Com Vítimas Feridas|Pleno dia|Chuva|1|0|1|0
270503|2020-02-20|quinta-feira|16:00:00|SC|282.0|PONTE SERRADA|Ultrapassagem Indevida|Colisão lateral|Com Vítimas Feridas|Pleno dia|Céu Claro|4|0|1|1
270504|2020-02-20|quinta-feira|16:00:00|SC|116.0|CORREIA PINTO|Falta de Atenção à Condução|Colisão lateral|Com Vítimas Feridas|Pleno dia|Sol|2|0|0|1
270505|2020-02-20|quinta-feira|17:45:00|SP|116.0|SAO JOSE DOS CAMPOS|Falta de Atenção à Condução|Colisão traseira|Com Vítimas Feridas|Pleno dia|Nublado|2|0|1|0
270506|2020-02-20|quinta-feira|16:20:00|SC|101.0|BALNEARIO CAMBORIU|Falta de Atenção à Condução|Colisão lateral|Com Vítimas Feridas|Pleno dia|Céu Claro|3|0|1|0
270507|2020-02-20|quinta-feira|17:10:00|CE|20.0|MARACANAU|Não guardar distância de segurança|Colisão traseira|Com Vítimas Feridas|Pleno dia|Céu Claro|2|0|0|1
270509|2020-02-20|quinta-feira|16:50:00|RO|364.0|PORTO VELHO|Não guardar distância de segurança|Colisão traseira|Com Vítimas Feridas|Pleno dia|Céu Claro|3|0|1|0
270510|2020-02-20|quinta-feira|17:15:00|RO|174.0|VILHENA|Desobediência às normas de trânsito pelo condutor|Tombamento|Com Vítimas Feridas|Pleno dia|Garoa/Chuvisco|2|0|1|0
270511|2020-02-20|quinta-feira|17:45:00|SC|470.0|INDAIAL|Falta de Atenção do Pedestre|Colisão transversal|Com Vítimas Feridas|Anoitecer|Nublado|2|0|0|2
270512|2020-02-20|quinta-feira|17:45:00|RS|116.0|VACARIA|Falta de Atenção à Condução|Capotamento|Com Vítimas Feridas|Pleno dia|Céu Claro|2|0|1|0
270513|2020-02-20|quinta-feira|13:40:00|MT|174.0|JAURU|Pista Escorregadia|Saída de leito carroçável|Com Vítimas Feridas|Pleno dia|Chuva|6|0|5|1
270514|2020-02-20|quinta-feira|17:45:00|SC|282.0|SANTO AMARO DA IMPERATRIZ|Falta de Atenção à Condução|Colisão traseira|Com Vítimas Feridas|Pleno dia|Nublado|2|0|1|0
270515|2020-02-20|quinta-feira|18:20:00|PR|376.0|MARIALVA|Falta de Atenção à Condução|Tombamento|Com Vítimas Feridas|Anoitecer|Chuva|1|0|1|0
270516|2020-02-12|quarta-feira|08:45:00|SP|116.0|TABOAO DA SERRA|Falta de Atenção à Condução|Colisão lateral|Com Vítimas Feridas|Pleno dia|Nublado|3|0|1|1
270517|2020-02-20|quinta-feira|16:40:00|ES|101.0|CARIACICA|Defeito Mecânico no Veículo|Colisão lateral|Com Vítimas Feridas|Pleno dia|Céu Claro|4|0|1|0
270518|2020-02-20|quinta-feira|18:20:00|SC|116.0|LAGES|Falta de Atenção à Condução|Colisão transversal|Com Vítimas Feridas|Anoitecer|Céu Claro|2|0|1|0
270520|2020-02-20|quinta-feira|18:10:00|MG|40.0|ITABIRITO|Falta de Atenção à Condução|Saída de leito carroçável|Com Vítimas Feridas|Anoitecer|Chuva|2|0|1|0
270521|2020-02-20|quinta-feira|18:55:00|AL|101.0|SAO MIGUEL DOS CAMPOS|Não guardar distância de segurança|Colisão traseira|Com Vítimas Feridas|Plena Noite|Chuva|2|0|0|1
270522|2020-02-20|quinta-feira|18:20:00|AL|316.0|SATUBA|Pista Escorregadia|Colisão com objeto estático|Sem Vítimas|Anoitecer|Chuva|1|0|0|0
270523|2020-02-20|quinta-feira|18:40:00|MG|40.0|ESMERALDAS|Desobediência às normas de trânsito pelo condutor|Colisão lateral|Sem Vítimas|Plena Noite|Céu Claro|2|0|0|0
270525|2020-02-20|quinta-feira|16:10:00|SP|116.0|SAO PAULO|Falta de Atenção à Condução|Colisão lateral|Com Vítimas Feridas|Pleno dia|Nublado|4|0|1|0
270527|2020-02-20|quinta-feira|18:00:00|PB|230.0|CAJAZEIRAS|Pista Escorregadia|Saída de leito carroçável|Com Vítimas Feridas|Plena Noite|Chuva|2|0|2|0
270528|2020-02-20|quinta-feira|19:20:00|RJ|116.0|PIRAI|Sinalização da via insuficiente ou inadequada|Colisão traseira|Com Vítimas Feridas|Plena Noite|Céu Claro|7|0|3|0
270529|2020-02-20|quinta-feira|19:40:00|MG|381.0|BETIM|Objeto estático sobre o leito carroçável|Tombamento|Com Vítimas Feridas|Plena Noite|Chuva|1|0|1|0
270530|2020-02-20|quinta-feira|19:20:00|PE|101.0|PAULISTA|Falta de Atenção à Condução|Colisão com objeto estático|Com Vítimas Feridas|Plena Noite|Chuva|1|0|1|0
270531|2020-01-31|sexta-feira|16:00:00|PR|487.0|ARARUNA|Não guardar distância de segurança|Colisão traseira|Com Vítimas Feridas|Pleno dia|Céu Claro|2|0|1|0
270532|2020-02-20|quinta-feira|20:00:00|SC|101.0|PALHOCA|Desobediência às normas de trânsito pelo condutor|Colisão lateral|Com Vítimas Feridas|Plena Noite|Céu Claro|2|0|1|0
270533|2020-02-20|quinta-feira|19:50:00|PR|277.0|PARANAGUA|Falta de Atenção à Condução|Capotamento|Com Vítimas Feridas|Plena Noite|Nublado|1|0|1|0
270534|2020-02-20|quinta-feira|18:20:00|MS|262.0|DOIS IRMAOS DO BURITI|Pista Escorregadia|Saída de leito carroçável|Com Vítimas Feridas|Anoitecer|Chuva|1|0|0|1
270535|2020-02-20|quinta-feira|20:20:00|SC|101.0|SAO JOSE|Falta de Atenção à Condução|Colisão traseira|Com Vítimas Feridas|Plena Noite|Nublado|2|0|0|1
270536|2020-02-20|quinta-feira|19:00:00|CE|116.0|FORTALEZA|Pista Escorregadia|Queda de ocupante de veículo|Com Vítimas Feridas|Plena Noite|Chuva|2|0|2|0
270537|2020-02-11|terça-feira|19:20:00|MS|267.0|BATAGUASSU|Animais na Pista|Atropelamento de Animal|Com Vítimas Feridas|Anoitecer|Nublado|1|0|1|0
270539|2020-02-20|quinta-feira|20:20:00|MG|40.0|RIBEIRAO DAS NEVES|Falta de Atenção do Pedestre|Atropelamento de Pedestre|Com Vítimas Feridas|Plena Noite|Céu Claro|2|0|0|1
270541|2020-02-20|quinta-feira|20:40:00|PB|101.0|BAYEUX|Defeito Mecânico no Veículo|Colisão com objeto em movimento|Com Vítimas Feridas|Plena Noite|Garoa/Chuvisco|2|0|1|0
270542|2020-02-20|quinta-feira|20:40:00|PA|230.0|MARABA|Animais na Pista|Atropelamento de Animal|Com Vítimas Feridas|Plena Noite|Nublado|3|0|1|0
270543|2020-02-20|quinta-feira|21:40:00|ES|101.0|LINHARES|Desobediência às normas de trânsito pelo condutor|Colisão transversal|Com Vítimas Feridas|Plena Noite|Nublado|2|0|1|0
270544|2020-02-20|quinta-feira|17:35:00|RJ|393.0|VASSOURAS|Avarias e/ou desgaste excessivo no pneu|Colisão frontal|Com Vítimas Feridas|Pleno dia|Chuva|3|0|0|2
270545|2020-02-20|quinta-feira|21:30:00|ES|101.0|SERRA|Falta de Atenção à Condução|Colisão traseira|Com Vítimas Feridas|Plena Noite|Céu Claro|2|0|1|0
270546|2020-02-20|quinta-feira|20:30:00|MT|163.0|SINOP|Ingestão de Álcool|Colisão transversal|Com Vítimas Feridas|Plena Noite|Céu Claro|2|0|1|0
270547|2020-02-20|quinta-feira|17:40:00|ES|262.0|VENDA NOVA DO IMIGRANTE|Desobediência às normas de trânsito pelo condutor|Colisão transversal|Com Vítimas Feridas|Anoitecer|Nublado|2|0|0|1
270548|2020-02-20|quinta-feira|20:30:00|MA|10.0|ACAILANDIA|Condutor Dormindo|Saída de leito carroçável|Com Vítimas Feridas|Plena Noite|Nublado|1|0|0|1
270549|2020-02-20|quinta-feira|21:20:00|RS|386.0|SAO JOSE DO HERVAL|Falta de Atenção à Condução|Colisão lateral|Com Vítimas Feridas|Plena Noite|Ignorado|5|0|2|0
270550|2020-02-20|quinta-feira|20:45:00|SC|280.0|GUARAMIRIM|Falta de Atenção à Condução|Colisão transversal|Com Vítimas Feridas|Plena Noite|Nublado|3|0|1|0
270551|2020-02-20|quinta-feira|21:30:00|PR|158.0|PATO BRANCO|Falta de Atenção à Condução|Tombamento|Com Vítimas Feridas|Plena Noite|Céu Claro|1|0|1|0
270552|2020-02-20|quinta-feira|20:30:00|MG|40.0|CONGONHAS|Desobediência às normas de trânsito pelo condutor|Colisão transversal|Com Vítimas Fatais|Plena Noite|Nublado|3|1|0|0
270553|2020-02-20|quinta-feira|22:00:00|RJ|116.0|TERESOPOLIS|Falta de Atenção à Condução|Queda de ocupante de veículo|Com Vítimas Feridas|Plena Noite|Chuva|2|0|1|0
270554|2020-02-20|quinta-feira|20:40:00|MT|163.0|NOBRES|Desobediência às normas de trânsito pelo condutor|Saída de leito carroçável|Sem Vítimas|Plena Noite|Nublado|1|0|0|0
270555|2020-02-20|quinta-feira|21:40:00|SP|116.0|SANTA ISABEL|Falta de Atenção à Condução|Colisão traseira|Com Vítimas Feridas|Plena Noite|Céu Claro|2|0|1|0
270556|2020-02-20|quinta-feira|21:50:00|PR|116.0|SAO JOSE DOS PINHAIS|Desobediência às normas de trânsito pelo condutor|Colisão com objeto estático|Com Vítimas Feridas|Plena Noite|Céu Claro|2|0|2|0
270558|2020-02-20|quinta-feira|22:45:00|RO|364.0|CACOAL|Desobediência às normas de trânsito pelo condutor|Colisão transversal|Com Vítimas Feridas|Plena Noite|Garoa/Chuvisco|2|0|1|0
270559|2020-02-20|quinta-feira|21:50:00|TO|153.0|GUARAI|Desobediência às normas de trânsito pelo condutor|Colisão lateral|Com Vítimas Feridas|Plena Noite|Céu Claro|3|0|1|0