id|data_inversa|dia_semana|horario|uf|br|municipio|causa_acidente|tipo_acidente|classificacao_acidente|fase_dia|condicao_metereologica|pessoas|mortos|feridos_leves|feridos_graves
270560|2020-02-20|quinta-feira|22:15:00|MT|158.0|BARRA DO GARCAS|Falta de Atenção à Condução|Colisão traseira|Sem Vítimas|Plena Noite|Céu Claro|4|0|0|0
270561|2020-02-20|quinta-feira|23:20:00|SC|101.0|PORTO BELO|Falta de Atenção à Condução|Colisão traseira|Com Vítimas Feridas|Plena Noite|Nublado|2|0|1|0
270562|2020-02-20|quinta-feira|20:30:00|MS|60.0|JARDIM|Animais na Pista|Atropelamento de Animal|Com Vítimas Feridas|Plena Noite|Nevoeiro/Neblina|1|0|1|0
270563|2020-02-20|quinta-feira|23:30:00|SC|116.0|MAFRA|Mal Súbito|Colisão com objeto estático|Com Vítimas Feridas|Plena Noite|Céu Claro|1|0|1|0
270564|2020-02-21|sexta-feira|00:30:00|PR|376.0|MARINGA|Condutor Dormindo|Colisão com objeto estático|Com Vítimas Feridas|Plena Noite|Céu Claro|2|0|1|0
270566|2020-02-20|quinta-feira|10:25:00|SC|470.0|NAVEGANTES|Velocidade Incompatível|Colisão frontal|Com Vítimas Feridas|Plena Noite|Nublado|2|0|2|0
270567|2020-02-21|sexta-feira|00:12:00|TO|153.0|GUARAI|Ingestão de Álcool|Colisão traseira|Com Vítimas Feridas|Plena Noite|Céu Claro|2|0|1|0
270568|2020-02-20|quinta-feira|23:30:00|MS|163.0|CAMPO GRANDE|Animais na Pista|Atropelamento de Animal|Sem Vítimas|Plena Noite|Garoa/Chuvisco|1|0|0|0
270569|2020-02-21|sexta-feira|00:15:00|MG|381.0|PERDOES|Ingestão de Álcool|Colisão com objeto estático|Sem Vítimas|Plena Noite|Chuva|2|0|0|0
270570|2020-02-21|sexta-feira|00:55:00|CE|304.0|ARACATI|Animais na Pista|Atropelamento de Animal|Com Vítimas Feridas|Plena Noite|Ignorado|2|0|2|0
270571|2020-02-21|sexta-feira|00:10:00|SC|282.0|XAXIM|Desobediência às normas de trânsito pelo pedestre|Atropelamento de Pedestre|Com Vítimas Fatais|Plena Noite|Céu Claro|4|1|0|0
270572|2020-02-20|quinta-feira|23:00:00|PR|163.0|LINDOESTE|Não guardar distância de segurança|Colisão transversal|Com Vítimas Feridas|Plena Noite|Céu Claro|2|0|1|0
270574|2020-02-20|quinta-feira|20:00:00|MT|163.0|SORRISO|Restrição de Visibilidade|Saída de leito carroçável|Sem Vítimas|Plena Noite|Nublado|1|0|0|0
270575|2020-02-21|sexta-feira|01:30:00|PR|277.0|FOZ DO IGUACU|Falta de Atenção à Condução|Queda de ocupante de veículo|Com Vítimas Feridas|Plena Noite|Céu Claro|1|0|1|0
270576|2020-02-20|quinta-feira|21:30:00|MA|135.0|SAO LUIS|Falta de Atenção do Pedestre|Atropelamento de Pedestre|Com Vítimas Feridas|Plena Noite|Chuva|2|0|0|1
270577|2020-02-21|sexta-feira|02:50:00|SC|101.0|PORTO BELO|Ingestão de Álcool|Saída de leito carroçável|Sem Vítimas|Plena Noite|Céu Claro|1|0|0|0
270578|2020-02-21|sexta-feira|03:00:00|RJ|493.0|ITAGUAI|Condutor Dormindo|Saída de leito carroçável|Com Vítimas Feridas|Plena Noite|Nublado|3|0|3|0
270579|2020-02-21|sexta-feira|04:30:00|SC|470.0|POUSO REDONDO|Velocidade Incompatível|Capotamento|Com Vítimas Feridas|Plena Noite|Nublado|1|0|1|0
270580|2020-02-21|sexta-feira|04:45:00|RS|290.0|SANTO ANTONIO DA PATRULHA|Condutor Dormindo|Saída de leito carroçável|Sem Vítimas|Plena Noite|Nublado|1|0|0|0
270581|2020-02-21|sexta-feira|03:30:00|MS|262.0|CORUMBA|Condutor Dormindo|Saída de leito carroçável|Com Vítimas Feridas|Plena Noite|Céu Claro|1|0|0|1
270582|2020-02-21|sexta-feira|05:00:00|RJ|101.0|ANGRA DOS REIS|Ingestão de Álcool|Colisão frontal|Com Vítimas Feridas|Amanhecer|Céu Claro|4|0|1|3
270583|2020-02-21|sexta-feira|04:25:00|MS|163.0|ELDORADO|Falta de Atenção à Condução|Tombamento|Com Vítimas Feridas|Amanhecer|Céu Claro|1|0|1|0
270584|2020-02-21|sexta-feira|04:55:00|PR|277.0|SANTA TEREZINHA DE ITAIPU|Condutor Dormindo|Saída de leito carroçável|Com Vítimas Feridas|Amanhecer|Céu Claro|1|0|1|0
270585|2020-02-21|sexta-feira|06:15:00|PR|373.0|PONTA GROSSA|Falta de Atenção à Condução|Colisão traseira|Sem Vítimas|Amanhecer|Céu Claro|2|0|0|0
270586|2020-02-21|sexta-feira|06:00:00|MG|381.0|CAMPANHA|Falta de Atenção à Condução|Saída de leito carroçável|Com Vítimas Feridas|Amanhecer|Chuva|2|0|2|0
270587|2020-02-21|sexta-feira|04:00:00|RR|174.0|BOA VISTA|Falta de Atenção à Condução|Colisão com objeto estático|Com Vítimas Feridas|Plena Noite|Céu Claro|1|0|0|1
270588|2020-02-16|domingo|19:25:00|BA|367.0|PORTO SEGURO|Ingestão de Álcool|Tombamento|Com Vítimas Feridas|Plena Noite|Céu Claro|1|0|0|1
270589|2020-02-21|sexta-feira|06:00:00|TO|153.0|COLINAS DO TOCANTINS|Falta de Atenção à Condução|Colisão frontal|Com Vítimas Feridas|Amanhecer|Nublado|1|0|1|0
270590|2020-02-21|sexta-feira|05:45:00|BA|324.0|SALVADOR|Falta de Atenção do Pedestre|Atropelamento de Pedestre|Com Vítimas Feridas|Amanhecer|Céu Claro|2|0|0|1
270591|2020-01-25|sábado|09:30:00|PB|230.0|JOAO PESSOA|Ingestão de Álcool|Colisão traseira|Sem Vítimas|Pleno dia|Céu Claro|2|0|0|0
270592|2020-02-21|sexta-feira|06:15:00|RS|116.0|SAO LEOPOLDO|Desobediência às normas de trânsito pelo condutor|Colisão traseira|Sem Vítimas|Amanhecer|Céu Claro|2|0|0|0
270593|2020-02-20|quinta-feira|22:10:00|AL|316.0|SANTANA DO IPANEMA|Ingestão de álcool e/ou substâncias psicoativas pelo pedestre|Colisão com objeto em movimento|Com Vítimas Feridas|Plena Noite|Céu Claro|3|0|0|1
270594|2020-02-21|sexta-feira|00:20:00|RS|116.0|NOVA PETROPOLIS|Ingestão de Álcool|Tombamento|Com Vítimas Feridas|Plena Noite|Nublado|2|0|0|2
270595|2020-02-21|sexta-feira|06:15:00|SE|235.0|ITABAIANA|Falta de Atenção à Condução|Colisão traseira|Com Vítimas Feridas|Pleno dia|Céu Claro|5|0|2|0
270596|2020-02-21|sexta-feira|05:30:00|MS|163.0|JARAGUARI|Falta de Atenção à Condução|Saída de leito carroçável|Com Vítimas Feridas|Amanhecer|Nublado|1|0|0|1
270597|2020-02-21|sexta-feira|06:40:00|RJ|356.0|ITAPERUNA|Falta de Atenção à Condução|Colisão lateral|Com Vítimas Feridas|Pleno dia|Céu Claro|2|0|1|0
270600|2020-02-21|sexta-feira|06:50:00|BA|116.0|FEIRA DE SANTANA|Falta de Atenção à Condução|Colisão frontal|Com Vítimas Feridas|Pleno dia|Sol|2|0|1|0
270601|2020-02-21|sexta-feira|05:30:00|SC|470.0|BLUMENAU|Condutor Dormindo|Colisão lateral|Com Vítimas Feridas|Amanhecer|Nublado|3|0|0|1
270603|2020-02-21|sexta-feira|06:45:00|GO|153.0|ANAPOLIS|Desobediência às normas de trânsito pelo condutor|Colisão traseira|Com Vítimas Feridas|Amanhecer|Céu Claro|3|0|2|0
270604|2020-02-21|sexta-feira|06:30:00|SP|153.0|GETULINA|Avarias e/ou desgaste excessivo no pneu|Saída de leito carroçável|Com Vítimas Feridas|Pleno dia|Chuva|1|0|1|0
270605|2020-02-21|sexta-feira|04:10:00|PR|277.0|MORRETES|Condutor Dormindo|Saída de leito carroçável|Com Vítimas Feridas|Plena Noite|Vento|3|0|3|0
270606|2020-02-21|sexta-feira|06:30:00|PR|376.0|PONTA GROSSA|Falta de Atenção à Condução|Colisão traseira|Com Vítimas Feridas|Pleno dia|Céu Claro|5|0|1|0
270607|2020-02-20|quinta-feira|23:30:00|BA|116.0|JAGUAQUARA|Falta de Atenção do Pedestre|Atropelamento de Pedestre|Com Vítimas Feridas|Plena Noite|Céu Claro|2|0|0|1
270608|2020-02-21|sexta-feira|07:30:00|DF|70.0|BRASILIA|Falta de Atenção à Condução|Colisão transversal|Com Vítimas Feridas|Pleno dia|Garoa/Chuvisco|3|0|1|0
270609|2020-02-21|sexta-feira|07:25:00|RS|386.0|NOVA SANTA RITA|Desobediência às normas de trânsito pelo condutor|Colisão transversal|Com Vítimas Feridas|Pleno dia|Céu Claro|2|0|0|1
270610|2020-02-21|sexta-feira|07:45:00|PB|230.0|JOAO PESSOA|Não guardar distância de segurança|Colisão traseira|Com Vítimas Feridas|Pleno dia|Sol|3|0|2|0
270611|2020-02-21|sexta-feira|07:30:00|SP|153.0|SAO JOSE DO RIO PRETO|Avarias e/ou desgaste excessivo no pneu|Tombamento|Com Vítimas Feridas|Pleno dia|Garoa/Chuvisco|4|0|2|0
270612|2020-02-21|sexta-feira|04:15:00|MG|381.0|OLIVEIRA|Falta de Atenção à Condução|Colisão com objeto estático|Com Vítimas Feridas|Plena Noite|Garoa/Chuvisco|1|0|1|0
270613|2020-02-21|sexta-feira|08:00:00|DF|70.0|BRASILIA|Falta de Atenção à Condução|Colisão lateral|Com Vítimas Feridas|Pleno dia|Garoa/Chuvisco|1|0|0|1
270614|2020-02-21|sexta-feira|07:50:00|RS|392.0|SANTA MARIA|Falta de Atenção à Condução|Colisão transversal|Sem Vítimas|Pleno dia|Céu Claro|3|0|0|0
270615|2020-02-21|sexta-feira|08:05:00|PR|376.0|MARINGA|Falta de Atenção à Condução|Colisão traseira|Com Vítimas Feridas|Pleno dia|Céu Claro|3|0|1|0
270616|2020-02-20|quinta-feira|23:30:00|PR|373.0|PONTA GROSSA|Falta de Atenção à Condução|Colisão com objeto estático|Sem Vítimas|Plena Noite|Céu Claro|1|0|0|0
270617|2020-02-21|sexta-feira|07:50:00|PR|376.0|SAO JOSE DOS PINHAIS|Falta de Atenção do Pedestre|Atropelamento de Pedestre|Sem Vítimas|Pleno dia|Céu Claro|2|0|0|0
270618|2020-02-21|sexta-feira|07:30:00|GO|60.0|ANAPOLIS|Avarias e/ou desgaste excessivo no pneu|Tombamento|Com Vítimas Feridas|Pleno dia|Céu Claro|2|0|1|0
270619|2020-02-21|sexta-feira|06:10:00|GO|40.0|LUZIANIA|Desobediência às normas de trânsito pelo condutor|Colisão traseira|Com Vítimas Feridas|Amanhecer|Garoa/Chuvisco|4|0|2|0
270621|2020-02-21|sexta-feira|08:15:00|SC|101.0|SAO JOSE|Desobediência às normas de trânsito pelo condutor|Colisão traseira|Sem Vítimas|Pleno dia|Céu Claro|2|0|0|0
270622|2020-02-21|sexta-feira|07:50:00|BA|116.0|VITORIA DA CONQUISTA|Avarias e/ou desgaste excessivo no pneu|Colisão com objeto estático|Com Vítimas Feridas|Pleno dia|Céu Claro|3|0|2|0
270623|2020-02-21|sexta-feira|07:50:00|SP|116.0|GUARULHOS|Falta de Atenção à Condução|Colisão traseira|Com Vítimas Feridas|Pleno dia|Chuva|2|0|1|0
270624|2020-01-12|domingo|15:55:00|GO|70.0|JUSSARA|Falta de Atenção à Condução|Saída de leito carroçável|Com Vítimas Feridas|Pleno dia|Ignorado|2|0|2|0
270625|2020-02-07|sexta-feira|14:00:00|MG|116.0|MURIAE|Animais na Pista|Atropelamento de Animal|Com Vítimas Feridas|Pleno dia|Sol|2|0|1|0
270627|2020-02-21|sexta-feira|09:00:00|SP|116.0|EMBU DAS ARTES|Desobediência às normas de trânsito pelo condutor|Colisão traseira|Com Vítimas Feridas|Pleno dia|Nublado|3|0|2|0
270628|2020-02-21|sexta-feira|09:10:00|MG|146.0|CABO VERDE|Ultrapassagem Indevida|Colisão frontal|Com Vítimas Fatais|Pleno dia|Nublado|4|1|0|1
270629|2020-02-21|sexta-feira|04:30:00|PI|316.0|TERESINA|Ingestão de Álcool|Colisão frontal|Sem Vítimas|Plena Noite|Chuva|2|0|0|0
270631|2020-02-21|sexta-feira|09:40:00|PA|10.0|ULIANOPOLIS|Falta de Atenção do Pedestre|Atropelamento de Pedestre|Com Vítimas Feridas|Pleno dia|Céu Claro|2|0|0|1
270632|2020-02-21|sexta-feira|08:00:00|BA|101.0|SANTO ANTONIO DE JESUS|Desobediência às normas de trânsito pelo condutor|Colisão frontal|Com Vítimas Feridas|Pleno dia|Nublado|2|0|0|1
270633|2020-02-21|sexta-feira|08:10:00|RS|101.0|TERRA DE AREIA|Falta de Atenção à Condução|Colisão lateral|Com Vítimas Feridas|Pleno dia|Céu Claro|8|0|6|0
270634|2020-02-21|sexta-feira|08:45:00|MG|381.0|LAVRAS|Pista Escorregadia|Saída de leito carroçável|Com Vítimas Feridas|Pleno dia|Garoa/Chuvisco|2|0|1|0
270635|2020-02-21|sexta-feira|09:30:00|RN|226.0|SANTA CRUZ|Falta de Atenção à Condução|Tombamento|Com Vítimas Feridas|Pleno dia|Céu Claro|1|0|1|0
270637|2020-02-21|sexta-feira|09:45:00|BA|101.0|ESPLANADA|Condutor Dormindo|Colisão frontal|Com Vítimas Fatais|Pleno dia|Céu Claro|5|2|0|2
270638|2020-02-21|sexta-feira|09:30:00|MG|381.0|TRES CORACOES|Velocidade Incompatível|Saída de leito carroçável|Com Vítimas Feridas|Pleno dia|Chuva|4|0|1|0
270639|2020-02-21|sexta-feira|09:15:00|MG|381.0|CAREACU|Condutor Dormindo|Saída de leito carroçável|Com Vítimas Feridas|Pleno dia|Chuva|3|0|1|0
270640|2020-02-21|sexta-feira|07:00:00|PI|343.0|ANGICAL DO PIAUI|Falta de Atenção à Condução|Colisão traseira|Com Vítimas Feridas|Pleno dia|Chuva|5|0|3|0
270641|2020-02-21|sexta-feira|08:45:00|MT|364.0|RONDONOPOLIS|Falta de Atenção à Condução|Saída de leito carroçável|Com Vítimas Feridas|Pleno dia|Céu Claro|1|0|1|0
270642|2020-02-21|sexta-feira|10:30:00|MG|381.0|CAMANDUCAIA|Velocidade Incompatível|Saída de leito carroçável|Sem Vítimas|Pleno dia|Chuva|1|0|0|0
270643|2020-02-21|sexta-feira|10:20:00|RJ|101.0|CAMPOS DOS GOYTACAZES|Falta de Atenção à Condução|Colisão transversal|Com Vítimas Feridas|Pleno dia|Céu Claro|2|0|1|0
270644|2020-02-21|sexta-feira|10:20:00|ES|101.0|SERRA|Não guardar distância de segurança|Colisão lateral|Com Vítimas Feridas|Pleno dia|Céu Claro|3|0|1|0
270645|2020-02-21|sexta-feira|09:30:00|PE|232.0|MORENO|Ingestão de Álcool|Colisão lateral|Sem Vítimas|Pleno dia|Céu Claro|5|0|0|0
270646|2020-02-21|sexta-feira|07:30:00|PE|232.0|VERDEJANTE|Ingestão de Álcool|Saída de leito carroçável|Com Vítimas Feridas|Pleno dia|Nublado|2|0|2|0
270647|2020-02-21|sexta-feira|10:30:00|PE|423.0|GARANHUNS|Mal Súbito|Colisão traseira|Com Vítimas Fatais|Pleno dia|Céu Claro|2|1|0|0
270648|2020-02-21|sexta-feira|09:30:00|MG|365.0|MONTE ALEGRE DE MINAS|Defeito na Via|Colisão traseira|Com Vítimas Feridas|Pleno dia|Nublado|3|0|1|0
270649|2020-01-17|sexta-feira|17:30:00|AM|174.0|PRESIDENTE FIGUEIREDO|Carga excessiva e/ou mal acondicionada|Colisão traseira|Com Vítimas Feridas|Anoitecer|Céu Claro|6|0|3|1
270650|2020-02-21|sexta-feira|10:55:00|CE|116.0|FORTALEZA|Falta de Atenção à Condução|Colisão traseira|Com Vítimas Feridas|Pleno dia|Céu Claro|2|0|1|0
270651|2020-02-21|sexta-feira|09:30:00|MG|365.0|MONTE ALEGRE DE MINAS|Defeito na Via|Colisão traseira|Sem Vítimas|Pleno dia|Nublado|5|0|0|0
270652|2020-02-21|sexta-feira|08:50:00|MS|158.0|BRASILANDIA|Pista Escorregadia|Saída de leito carroçável|Com Vítimas Feridas|Pleno dia|Chuva|3|0|3|0
270653|2020-02-21|sexta-feira|11:00:00|MA|135.0|SAO LUIS|Falta de Atenção à Condução|Colisão traseira|Com Vítimas Feridas|Pleno dia|Nublado|2|0|1|0
270654|2020-02-21|sexta-feira|09:30:00|SP|116.0|SAO LOURENCO DA SERRA|Velocidade Incompatível|Saída de leito carroçável|Com Vítimas Feridas|Amanhecer|Garoa/Chuvisco|1|0|1|0
270655|2020-02-21|sexta-feira|09:45:00|RR|174.0|BOA VISTA|Falta de Atenção à Condução|Colisão traseira|Com Vítimas Feridas|Pleno dia|Sol|5|0|1|0
270656|2020-01-15|quarta-feira|14:00:00|RJ|493.0|NOVA IGUACU|Falta de Atenção à Condução|Colisão com objeto estático|Com Vítimas Feridas|Pleno dia|Céu Claro|3|0|0|1
270657|2020-02-21|sexta-feira|09:30:00|RS|290.0|ROSARIO DO SUL|Pista Escorregadia|Tombamento|Com Vítimas Feridas|Pleno dia|Céu Claro|2|0|2|0
270658|2020-02-21|sexta-feira|11:50:00|GO|20.0|SIMOLANDIA|Não guardar distância de segurança|Colisão traseira|Sem Vítimas|Pleno dia|Céu Claro|2|0|0|0
270659|2020-02-21|sexta-feira|11:30:00|PR|376.0|ARAPONGAS|Desobediência às normas de trânsito pelo condutor|Tombamento|Com Vítimas Feridas|Pleno dia|Céu Claro|2|0|2|0
270660|2020-02-21|sexta-feira|11:30:00|PE|101.0|JABOATAO DOS GUARARAPES|Carga excessiva e/ou mal acondicionada|Queda de ocupante de veículo|Com Vítimas Feridas|Pleno dia|Céu Claro|2|0|0|1
270661|2020-02-21|sexta-feira|10:30:00|RJ|101.0|RIO BONITO|Falta de Atenção à Condução|Colisão lateral|Com Vítimas Feridas|Pleno dia|Nublado|3|0|1|0
270663|2020-02-21|sexta-feira|09:40:00|BA|116.0|VITORIA DA CONQUISTA|Velocidade Incompatível|Tombamento|Com Vítimas Feridas|Pleno dia|Céu Claro|1|0|1|0
270664|2020-02-21|sexta-feira|09:40:00|PI|343.0|FLORIANO|Falta de Atenção à Condução|Saída de leito carroçável|Com Vítimas Feridas|Pleno dia|Nublado|4|0|4|0
270665|2020-02-21|sexta-feira|11:30:00|RS|287.0|SANTIAGO|Falta de Atenção à Condução|Colisão traseira|Sem Vítimas|Pleno dia|Céu Claro|3|0|0|0
270666|2020-02-21|sexta-feira|11:40:00|PR|116.0|MANDIRITUBA|Falta de Atenção à Condução|Colisão traseira|Sem Vítimas|Pleno dia|Nublado|2|0|0|0
270667|2020-02-21|sexta-feira|12:20:00|PR|376.0|MARINGA|Falta de Atenção à Condução|Tombamento|Com Vítimas Feridas|Pleno dia|Céu Claro|1|0|1|0
270668|2020-02-21|sexta-feira|12:00:00|SC|101.0|BARRA VELHA|Não guardar distância de segurança|Colisão traseira|Sem Vítimas|Pleno dia|Nublado|2|0|0|0
270670|2020-02-21|sexta-feira|12:10:00|PI|316.0|TERESINA|Desobediência às normas de trânsito pelo condutor|Colisão lateral|Com Vítimas Feridas|Pleno dia|Céu Claro|2|0|0|1
270672|2020-02-21|sexta-feira|12:45:00|PI|343.0|TERESINA|Falta de Atenção à Condução|Colisão transversal|Com Vítimas Feridas|Pleno dia|Céu Claro|2|0|1|0
270673|2020-02-21|sexta-feira|12:00:00|MG|381.0|BETIM|Falta de Atenção à Condução|Colisão traseira|Com Vítimas Feridas|Pleno dia|Nublado|2|0|1|0
270674|2020-02-21|sexta-feira|10:00:00|MG|50.0|UBERABA|Defeito Mecânico no Veículo|Tombamento|Com Vítimas Feridas|Pleno dia|Nublado|2|0|2|0
270675|2020-02-21|sexta-feira|06:40:00|MG|50.0|UBERABA|Falta de Atenção à Condução|Colisão traseira|Sem Vítimas|Pleno dia|Chuva|2|0|0|0
270676|2020-02-21|sexta-feira|12:50:00|PE|232.0|RECIFE|Falta de Atenção à Condução|Colisão lateral|Sem Vítimas|Pleno dia|Nublado|2|0|0|0
270677|2020-02-21|sexta-feira|12:30:00|GO|60.0|ANAPOLIS|Falta de Atenção à Condução|Colisão transversal|Com Vítimas Feridas|Pleno dia|Céu Claro|2|0|1|0
270678|2020-02-21|sexta-feira|12:30:00|MG|459.0|POUSO ALEGRE|Falta de Atenção à Condução|Colisão lateral|Com Vítimas Feridas|Pleno dia|Nublado|2|0|1|0
270679|2020-02-21|sexta-feira|13:45:00|MG|40.0|RESSAQUINHA|Pista Escorregadia|Saída de leito carroçável|Com Vítimas Feridas|Pleno dia|Chuva|3|0|3|0
270680|2020-02-21|sexta-feira|13:50:00|PR|376.0|MARINGA|Falta de Atenção à Condução|Colisão traseira|Com Vítimas Feridas|Pleno dia|Céu Claro|3|0|2|0
270681|2020-02-21|sexta-feira|13:00:00|RJ|101.0|MANGARATIBA|Avarias e/ou desgaste excessivo no pneu|Colisão com objeto estático|Com Vítimas Feridas|Pleno dia|Chuva|1|0|0|1
270682|2020-02-21|sexta-feira|09:05:00|MG|116.0|GOVERNADOR VALADARES|Falta de Atenção à Condução|Colisão transversal|Com Vítimas Feridas|Pleno dia|Céu Claro|2|0|1|0
270683|2020-02-21|sexta-feira|13:30:00|RJ|40.0|DUQUE DE CAXIAS|Defeito Mecânico no Veículo|Tombamento|Com Vítimas Feridas|Pleno dia|Nublado|1|0|0|1
270684|2020-02-21|sexta-feira|09:40:00|GO|364.0|JATAI|Condutor Dormindo|Saída de leito carroçável|Com Vítimas Feridas|Pleno dia|Céu Claro|4|0|1|1
270685|2020-02-21|sexta-feira|11:00:00|RJ|465.0|RIO DE JANEIRO|Desobediência às normas de trânsito pelo condutor|Colisão transversal|Com Vítimas Feridas|Pleno dia|Garoa/Chuvisco|2|0|1|0
270686|2020-02-21|sexta-feira|14:10:00|SC|101.0|TIJUCAS|Falta de Atenção à Condução|Colisão traseira|Com Vítimas Feridas|Pleno dia|Céu Claro|2|0|1|0
270687|2020-02-18|terça-feira|11:30:00|MS|163.0|SONORA|Pista Escorregadia|Colisão lateral|Com Vítimas Feridas|Pleno dia|Nublado|5|0|1|0
270688|2020-02-21|sexta-feira|14:00:00|RJ|101.0|ITAGUAI|Falta de Atenção à Condução|Colisão traseira|Sem Vítimas|Pleno dia|Chuva|2|0|0|0
270689|2020-02-21|sexta-feira|13:45:00|PR|476.0|LAPA|Falta de Atenção à Condução|Tombamento|Com Vítimas Feridas|Pleno dia|Céu Claro|1|0|1|0
270690|2020-02-21|sexta-feira|12:30:00|MT|163.0|NOVA MUTUM|Falta de Atenção à Condução|Saída de leito carroçável|Com Vítimas Feridas|Pleno dia|Nublado|1|0|1|0
270691|2020-02-21|sexta-feira|14:22:00|SC|101.0|SAO JOSE|Desobediência às normas de trânsito pelo condutor|Colisão traseira|Sem Vítimas|Pleno dia|Nublado|1|0|0|0
270692|2020-02-21|sexta-feira|13:50:00|SP|116.0|SAO JOSE DOS CAMPOS|Não guardar distância de segurança|Colisão traseira|Com Vítimas Feridas|Pleno dia|Chuva|4|0|1|0
270693|2020-02-14|sexta-feira|17:15:00|MA|135.0|SAO LUIS|Desobediência às normas de trânsito pelo condutor|Colisão transversal|Com Vítimas Feridas|Pleno dia|Céu Claro|6|0|1|0
270694|2020-02-21|sexta-feira|14:10:00|PE|101.0|RECIFE|Falta de Atenção à Condução|Queda de ocupante de veículo|Com Vítimas Feridas|Pleno dia|Nublado|2|0|1|1
270695|2020-02-21|sexta-feira|14:40:00|CE|222.0|FORTALEZA|Animais na Pista|Atropelamento de Animal|Com Vítimas Feridas|Pleno dia|Céu Claro|3|0|2|0
270696|2020-02-21|sexta-feira|14:00:00|SC|101.0|SAO JOSE|Desobediência às normas de trânsito pelo condutor|Colisão lateral|Com Vítimas Feridas|Pleno dia|Céu Claro|2|0|1|0
270698|2020-02-21|sexta-feira|10:45:00|PR|153.0|GUAPIRAMA|Desobediência às normas de trânsito pelo condutor|Colisão transversal|Com Vítimas Feridas|Pleno dia|Céu Claro|2|0|1|0
270699|2020-02-21|sexta-feira|14:15:00|PR|376.0|TIJUCAS DO SUL|Falta de Atenção à Condução|Colisão lateral|Com Vítimas Feridas|Pleno dia|Nublado|3|0|2|0
270700|2020-02-21|sexta-feira|14:25:00|MG|153.0|MONTE ALEGRE DE MINAS|Falta de Atenção à Condução|Saída de leito carroçável|Com Vítimas Feridas|Pleno dia|Sol|4|0|4|0
270701|2020-02-21|sexta-feira|13:40:00|PB|230.0|CAMPINA GRANDE|Não guardar distância de segurança|Colisão lateral|Com Vítimas Feridas|Pleno dia|Céu Claro|2|0|1|0
270702|2020-02-01|sábado|10:55:00|PR|116.0|CURITIBA|Falta de Atenção à Condução|Colisão lateral|Com Vítimas Feridas|Pleno dia|Nublado|2|0|0|1
270703|2020-02-01|sábado|20:00:00|MG|40.0|CURVELO|Velocidade Incompatível|Colisão traseira|Com Vítimas Feridas|Plena Noite|Céu Claro|3|0|2|0
270704|2020-02-21|sexta-feira|13:00:00|BA|415.0|ILHEUS|Falta de Atenção à Condução|Colisão transversal|Com Vítimas Feridas|Pleno dia|Céu Claro|2|0|1|0
270705|2020-02-21|sexta-feira|14:40:00|DF|70.0|BRASILIA|Falta de Atenção à Condução|Colisão traseira|Com Vítimas Feridas|Pleno dia|Nublado|2|0|1|0
270706|2020-02-21|sexta-feira|14:40:00|BA|101.0|NOVA VICOSA|Falta de Atenção à Condução|Colisão frontal|Com Vítimas Fatais|Pleno dia|Céu Claro|3|1|1|1
270707|2020-02-21|sexta-feira|13:40:00|RJ|101.0|NITEROI|Falta de Atenção à Condução|Queda de ocupante de veículo|Com Vítimas Feridas|Pleno dia|Céu Claro|1|0|1|0
270708|2020-02-21|sexta-feira|14:50:00|PE|232.0|BEZERROS|Pista Escorregadia|Colisão transversal|Com Vítimas Feridas|Pleno dia|Sol|8|0|4|0
270709|2020-02-21|sexta-feira|14:00:00|PE|101.0|RECIFE|Falta de Atenção do Pedestre|Atropelamento de Pedestre|Com Vítimas Feridas|Pleno dia|Nublado|2|0|0|1
270710|2020-02-21|sexta-feira|14:50:00|AL|104.0|RIO LARGO|Falta de Atenção à Condução|Colisão traseira|Com Vítimas Feridas|Pleno dia|Nublado|2|0|1|0
270711|2020-02-21|sexta-feira|15:30:00|BA|324.0|FEIRA DE SANTANA|Falta de Atenção à Condução|Queda de ocupante de veículo|Com Vítimas Feridas|Pleno dia|Céu Claro|3|0|1|0
270712|2020-02-21|sexta-feira|14:45:00|GO|60.0|GOIANIA|Carga excessiva e/ou mal acondicionada|Derramamento de carga|Sem Vítimas|Pleno dia|Céu Claro|1|0|0|0
270713|2020-02-21|sexta-feira|13:40:00|RJ|101.0|ITABORAI|Falta de Atenção à Condução|Colisão traseira|Sem Vítimas|Pleno dia|Nublado|2|0|0|0
270714|2020-02-21|sexta-feira|15:00:00|MG|116.0|ITAOBIM|Desobediência às normas de trânsito pelo condutor|Colisão traseira|Com Vítimas Feridas|Pleno dia|Sol|2|0|1|0
270715|2020-02-21|sexta-feira|15:00:00|MG|40.0|CONSELHEIRO LAFAIETE|Desobediência às normas de trânsito pelo condutor|Colisão transversal|Com Vítimas Feridas|Pleno dia|Céu Claro|3|0|1|1
270718|2020-02-21|sexta-feira|14:50:00|PB|230.0|INGA|Falta de Atenção à Condução|Colisão traseira|Com Vítimas Feridas|Pleno dia|Nublado|3|0|2|0
270719|2020-02-21|sexta-feira|10:55:00|RO|364.0|VILHENA|Desobediência às normas de trânsito pelo condutor|Colisão transversal|Com Vítimas Feridas|Pleno dia|Nublado|2|0|1|1
270720|2020-02-21|sexta-feira|14:50:00|MG|262.0|NOVA SERRANA|Falta de Atenção à Condução|Colisão traseira|Com Vítimas Feridas|Pleno dia|Chuva|2|0|1|0
270721|2020-02-21|sexta-feira|15:25:00|SE|101.0|MARUIM|Falta de Atenção à Condução|Colisão traseira|Com Vítimas Feridas|Pleno dia|Céu Claro|8|0|1|0