id|data_inversa|dia_semana|horario|uf|br|municipio|causa_acidente|tipo_acidente|classificacao_acidente|fase_dia|condicao_metereologica|pessoas|mortos|feridos_leves|feridos_graves
270891|2020-02-22|sábado|07:30:00|CE|304.0|ARACATI|Desobediência às normas de trânsito pelo condutor|Colisão transversal|Com Vítimas Feridas|Pleno dia|Céu Claro|3|0|3|0
270892|2020-02-22|sábado|07:10:00|PA|10.0|DOM ELISEU|Desobediência às normas de trânsito pelo condutor|Colisão frontal|Com Vítimas Fatais|Pleno dia|Chuva|6|3|0|3
270894|2020-02-22|sábado|07:30:00|CE|116.0|CHOROZINHO|Ingestão de Álcool|Colisão lateral|Sem Vítimas|Pleno dia|Céu Claro|3|0|0|0
270895|2020-02-21|sexta-feira|15:10:00|MA|135.0|ITAPECURU MIRIM|Defeito na Via|Colisão traseira|Com Vítimas Feridas|Pleno dia|Chuva|2|0|0|1
270896|2020-02-22|sábado|03:30:00|MT|163.0|SORRISO|Falta de Atenção à Condução|Saída de leito carroçável|Sem Vítimas|Plena Noite|Nublado|1|0|0|0
270897|2020-02-22|sábado|07:00:00|MG|381.0|TRES CORACOES|Não guardar distância de segurança|Saída de leito carroçável|Com Vítimas Feridas|Pleno dia|Nublado|2|0|1|0
270898|2020-02-22|sábado|07:53:00|RS|290.0|ROSARIO DO SUL|Ultrapassagem Indevida|Colisão lateral|Com Vítimas Feridas|Pleno dia|Céu Claro|8|0|3|0
270899|2020-02-22|sábado|08:45:00|SP|116.0|LORENA|Ingestão de Álcool|Colisão com objeto estático|Com Vítimas Feridas|Pleno dia|Nublado|6|0|1|0
270900|2020-02-22|sábado|07:50:00|MG|40.0|CAETANOPOLIS|Defeito na Via|Colisão com objeto estático|Com Vítimas Feridas|Pleno dia|Nublado|1|0|1|0
270903|2020-02-22|sábado|08:20:00|SP|153.0|ICEM|Velocidade Incompatível|Colisão traseira|Com Vítimas Feridas|Pleno dia|Sol|4|0|1|0
270904|2020-02-22|sábado|08:15:00|SC|470.0|GASPAR|Desobediência às normas de trânsito pelo condutor|Colisão transversal|Com Vítimas Feridas|Pleno dia|Sol|5|0|0|2
270905|2020-02-22|sábado|07:30:00|SC|163.0|DIONISIO CERQUEIRA|Desobediência às normas de trânsito pelo condutor|Colisão transversal|Com Vítimas Feridas|Pleno dia|Céu Claro|3|0|2|0
270906|2020-02-22|sábado|09:25:00|SP|116.0|SAO PAULO|Falta de Atenção à Condução|Colisão com objeto estático|Sem Vítimas|Pleno dia|Nublado|1|0|0|0
270907|2020-02-22|sábado|05:40:00|RO|425.0|NOVA MAMORE|Defeito na Via|Saída de leito carroçável|Com Vítimas Fatais|Amanhecer|Nublado|3|1|1|1
270908|2020-02-22|sábado|09:25:00|ES|101.0|ITAPEMIRIM|Ultrapassagem Indevida|Colisão frontal|Com Vítimas Feridas|Pleno dia|Sol|10|0|4|5
270909|2020-02-22|sábado|09:20:00|MT|70.0|BARRA DO GARCAS|Ingestão de Álcool|Atropelamento de Pedestre|Com Vítimas Feridas|Pleno dia|Céu Claro|2|0|1|0
270910|2020-02-22|sábado|09:30:00|PA|316.0|SANTA IZABEL DO PARA|Falta de Atenção à Condução|Colisão com objeto estático|Com Vítimas Feridas|Pleno dia|Nublado|2|0|1|0
270911|2020-02-22|sábado|08:30:00|BA|20.0|SAO DESIDERIO|Condutor Dormindo|Saída de leito carroçável|Com Vítimas Feridas|Pleno dia|Sol|4|0|3|1
270912|2020-02-22|sábado|09:30:00|MG|267.0|BICAS|Defeito na Via|Colisão transversal|Com Vítimas Feridas|Pleno dia|Céu Claro|2|0|1|0
270913|2020-02-22|sábado|08:30:00|ES|101.0|JAGUARE|Falta de Atenção à Condução|Saída de leito carroçável|Com Vítimas Feridas|Pleno dia|Céu Claro|4|0|2|0
270914|2020-02-22|sábado|09:10:00|MG|40.0|TRES MARIAS|Falta de Atenção à Condução|Colisão transversal|Com Vítimas Feridas|Pleno dia|Sol|8|0|3|3
270915|2020-02-22|sábado|09:50:00|MG|381.0|BETIM|Não guardar distância de segurança|Colisão traseira|Com Vítimas Feridas|Pleno dia|Céu Claro|2|0|1|0
270916|2020-02-22|sábado|10:25:00|MG|40.0|CURVELO|Sinalização da via insuficiente ou inadequada|Engavetamento|Com Vítimas Feridas|Pleno dia|Céu Claro|5|0|1|0
270917|2020-02-22|sábado|10:00:00|PR|376.0|GUARATUBA|Falta de Atenção à Condução|Colisão traseira|Com Vítimas Feridas|Pleno dia|Céu Claro|3|0|1|0
270918|2020-02-22|sábado|09:30:00|ES|101.0|ANCHIETA|Ingestão de álcool e/ou substâncias psicoativas pelo pedestre|Tombamento|Com Vítimas Feridas|Pleno dia|Nublado|1|0|1|0
270919|2020-02-22|sábado|04:20:00|PI|316.0|IPIRANGA DO PIAUI|Ingestão de Álcool|Colisão lateral|Com Vítimas Feridas|Plena Noite|Nublado|2|0|1|0
270920|2020-01-30|quinta-feira|07:30:00|RJ|116.0|NOVA IGUACU|Falta de Atenção à Condução|Engavetamento|Com Vítimas Feridas|Pleno dia|Céu Claro|5|0|3|0
270921|2020-02-22|sábado|06:50:00|PR|476.0|CURITIBA|Falta de Atenção à Condução|Colisão lateral|Com Vítimas Feridas|Pleno dia|Céu Claro|5|0|0|1
270922|2020-02-22|sábado|10:15:00|ES|101.0|JAGUARE|Não guardar distância de segurança|Engavetamento|Com Vítimas Feridas|Pleno dia|Sol|12|0|2|0
270923|2020-02-22|sábado|08:10:00|RJ|101.0|SILVA JARDIM|Falta de Atenção à Condução|Colisão transversal|Com Vítimas Feridas|Pleno dia|Céu Claro|2|0|1|0
270924|2020-02-22|sábado|11:00:00|PR|476.0|ARAUCARIA|Ingestão de Álcool|Colisão lateral|Com Vítimas Feridas|Pleno dia|Nublado|3|0|0|1
270925|2020-02-22|sábado|11:05:00|PB|101.0|SANTA RITA|Avarias e/ou desgaste excessivo no pneu|Saída de leito carroçável|Com Vítimas Feridas|Pleno dia|Sol|4|0|4|0
270927|2020-02-22|sábado|10:12:00|SP|116.0|SANTA ISABEL|Falta de Atenção à Condução|Colisão transversal|Com Vítimas Feridas|Pleno dia|Nublado|3|0|1|0
270928|2020-02-22|sábado|07:30:00|MS|158.0|APARECIDA DO TABOADO|Falta de Atenção à Condução|Saída de leito carroçável|Com Vítimas Feridas|Pleno dia|Nublado|1|0|1|0
270929|2020-02-22|sábado|08:40:00|MT|364.0|SANTO ANTONIO DO LEVERGER|Falta de Atenção à Condução|Saída de leito carroçável|Com Vítimas Feridas|Pleno dia|Chuva|1|0|1|0
270931|2020-02-22|sábado|10:45:00|SC|280.0|GUARAMIRIM|Falta de Atenção à Condução|Colisão transversal|Com Vítimas Feridas|Pleno dia|Céu Claro|2|0|1|0
270932|2020-02-22|sábado|11:40:00|PR|277.0|GUARAPUAVA|Falta de Atenção à Condução|Colisão transversal|Com Vítimas Feridas|Pleno dia|Céu Claro|2|0|1|0
270933|2020-02-22|sábado|11:00:00|PR|277.0|MORRETES|Falta de Atenção à Condução|Colisão lateral|Com Vítimas Feridas|Pleno dia|Garoa/Chuvisco|4|0|2|0
270934|2020-02-22|sábado|11:40:00|PB|101.0|BAYEUX|Desobediência às normas de trânsito pelo condutor|Engavetamento|Sem Vítimas|Pleno dia|Nublado|3|0|0|0
270935|2020-02-22|sábado|07:20:00|TO|235.0|TUPIRAMA|Falta de Atenção à Condução|Saída de leito carroçável|Com Vítimas Feridas|Pleno dia|Céu Claro|2|0|2|0
270936|2020-02-22|sábado|11:35:00|RN|406.0|SAO GONCALO DO AMARANTE|Velocidade Incompatível|Colisão traseira|Com Vítimas Feridas|Pleno dia|Sol|2|0|1|0
270937|2020-02-22|sábado|10:45:00|SC|282.0|SANTO AMARO DA IMPERATRIZ|Velocidade Incompatível|Tombamento|Com Vítimas Feridas|Pleno dia|Céu Claro|2|0|1|0
270939|2020-01-18|sábado|15:00:00|SP|116.0|JACUPIRANGA|Avarias e/ou desgaste excessivo no pneu|Saída de leito carroçável|Com Vítimas Feridas|Pleno dia|Garoa/Chuvisco|2|0|2|0
270940|2020-02-22|sábado|11:30:00|PA|316.0|CASTANHAL|Falta de Atenção à Condução|Colisão transversal|Com Vítimas Feridas|Pleno dia|Nublado|5|0|3|1
270941|2020-02-22|sábado|08:20:00|MG|116.0|TEOFILO OTONI|Pista Escorregadia|Tombamento|Com Vítimas Feridas|Pleno dia|Céu Claro|1|0|1|0
270942|2020-02-22|sábado|11:30:00|RN|110.0|MOSSORO|Falta de Atenção à Condução|Colisão transversal|Com Vítimas Feridas|Pleno dia|Nublado|2|0|2|0
270943|2020-02-22|sábado|12:00:00|MG|116.0|TEOFILO OTONI|Falta de Atenção à Condução|Colisão lateral|Com Vítimas Feridas|Pleno dia|Céu Claro|1|0|1|0
270944|2020-02-22|sábado|09:00:00|PE|101.0|RECIFE|Falta de Atenção à Condução|Capotamento|Com Vítimas Feridas|Pleno dia|Nublado|3|0|3|0
270945|2020-02-22|sábado|12:10:00|PR|376.0|SAO JOSE DOS PINHAIS|Falta de Atenção à Condução|Colisão traseira|Sem Vítimas|Pleno dia|Nublado|2|0|0|0
270946|2020-02-22|sábado|12:15:00|SC|101.0|BARRA VELHA|Falta de Atenção à Condução|Engavetamento|Com Vítimas Feridas|Pleno dia|Céu Claro|6|0|3|0
270947|2020-02-22|sábado|12:10:00|SC|280.0|ARAQUARI|Desobediência às normas de trânsito pelo condutor|Colisão transversal|Com Vítimas Feridas|Pleno dia|Céu Claro|2|0|1|0
270948|2020-02-22|sábado|12:05:00|ES|101.0|JAGUARE|Ultrapassagem Indevida|Colisão frontal|Com Vítimas Fatais|Pleno dia|Céu Claro|5|3|0|0
270949|2020-01-18|sábado|05:10:00|RJ|116.0|PARACAMBI|Defeito Mecânico no Veículo|Tombamento|Sem Vítimas|Amanhecer|Céu Claro|1|0|0|0
270950|2020-02-22|sábado|12:30:00|ES|101.0|ANCHIETA|Falta de Atenção à Condução|Engavetamento|Com Vítimas Feridas|Pleno dia|Nublado|7|0|4|0
270951|2020-02-22|sábado|10:10:00|RS|480.0|ERECHIM|Desobediência às normas de trânsito pelo condutor|Colisão transversal|Com Vítimas Feridas|Pleno dia|Céu Claro|3|0|2|0
270952|2020-02-22|sábado|10:26:00|PR|369.0|ROLANDIA|Desobediência às normas de trânsito pelo condutor|Colisão transversal|Sem Vítimas|Pleno dia|Nublado|2|0|0|0
270953|2020-02-22|sábado|11:30:00|ES|262.0|MARECHAL FLORIANO|Ingestão de Álcool|Colisão traseira|Com Vítimas Feridas|Pleno dia|Nublado|4|0|1|0
270954|2020-02-22|sábado|09:50:00|RJ|40.0|TRES RIOS|Velocidade Incompatível|Saída de leito carroçável|Com Vítimas Feridas|Pleno dia|Nublado|3|0|3|0
270955|2020-02-22|sábado|08:45:00|MT|70.0|CACERES|Pista Escorregadia|Tombamento|Sem Vítimas|Pleno dia|Chuva|3|0|0|0
270956|2020-02-22|sábado|12:30:00|AL|101.0|NOVO LINO|Falta de Atenção à Condução|Capotamento|Com Vítimas Feridas|Pleno dia|Céu Claro|5|0|2|2
270958|2020-02-22|sábado|13:00:00|RJ|116.0|PORTO REAL|Ingestão de álcool e/ou substâncias psicoativas pelo pedestre|Colisão lateral|Sem Vítimas|Pleno dia|Céu Claro|3|0|0|0
270959|2020-02-22|sábado|13:00:00|MG|381.0|SABARA|Falta de Atenção à Condução|Colisão lateral|Com Vítimas Feridas|Pleno dia|Céu Claro|2|0|1|0
270960|2020-02-06|quinta-feira|22:20:00|SP|153.0|SAO JOSE DO RIO PRETO|Defeito na Via|Tombamento|Com Vítimas Feridas|Plena Noite|Ignorado|1|0|1|0
270961|2020-02-22|sábado|13:00:00|GO|60.0|SANTO ANTONIO DO DESCOBERTO|Avarias e/ou desgaste excessivo no pneu|Saída de leito carroçável|Com Vítimas Feridas|Pleno dia|Chuva|5|0|1|0
270962|2020-02-22|sábado|13:20:00|SC|470.0|RIO DO SUL|Desobediência às normas de trânsito pelo condutor|Colisão transversal|Com Vítimas Feridas|Pleno dia|Sol|2|0|2|0
270963|2020-02-20|quinta-feira|23:20:00|MA|10.0|CAMPESTRE DO MARANHAO|Ingestão de Álcool|Tombamento|Com Vítimas Fatais|Plena Noite|Céu Claro|1|1|0|0
270964|2020-02-22|sábado|13:00:00|RJ|101.0|SAO GONCALO|Falta de Atenção à Condução|Atropelamento de Pedestre|Com Vítimas Feridas|Pleno dia|Nublado|2|0|1|0
270965|2020-02-22|sábado|12:10:00|PE|232.0|GRAVATA|Falta de Atenção à Condução|Colisão traseira|Sem Vítimas|Pleno dia|Céu Claro|2|0|0|0
270966|2020-02-22|sábado|13:30:00|MG|40.0|NOVA LIMA|Velocidade Incompatível|Colisão lateral|Com Vítimas Feridas|Pleno dia|Sol|4|0|1|2
270967|2020-02-22|sábado|11:50:00|SC|101.0|GOVERNADOR CELSO RAMOS|Velocidade Incompatível|Saída de leito carroçável|Com Vítimas Feridas|Pleno dia|Sol|2|0|2|0
270968|2020-02-22|sábado|12:50:00|SC|101.0|TUBARAO|Falta de Atenção à Condução|Tombamento|Com Vítimas Feridas|Pleno dia|Céu Claro|1|0|0|1
270969|2020-02-22|sábado|12:20:00|SC|101.0|BALNEARIO CAMBORIU|Falta de Atenção à Condução|Colisão lateral|Com Vítimas Feridas|Pleno dia|Sol|2|0|1|0
270970|2020-02-22|sábado|13:30:00|GO|60.0|GOIANIA|Não guardar distância de segurança|Colisão traseira|Com Vítimas Feridas|Pleno dia|Céu Claro|4|0|1|0
270971|2020-02-22|sábado|12:00:00|MT|163.0|SORRISO|Velocidade Incompatível|Saída de leito carroçável|Com Vítimas Feridas|Pleno dia|Chuva|1|0|1|0
270972|2020-02-22|sábado|08:05:00|SC|101.0|ICARA|Falta de Atenção do Pedestre|Atropelamento de Pedestre|Com Vítimas Feridas|Pleno dia|Céu Claro|2|0|0|1
270973|2020-02-22|sábado|12:50:00|MG|356.0|MURIAE|Falta de Atenção à Condução|Colisão transversal|Com Vítimas Feridas|Pleno dia|Sol|2|0|1|0
270974|2020-02-22|sábado|11:45:00|MG|116.0|TEOFILO OTONI|Não guardar distância de segurança|Colisão traseira|Sem Vítimas|Pleno dia|Céu Claro|2|0|0|0
270975|2020-02-06|quinta-feira|09:45:00|SP|116.0|JACUPIRANGA|Falta de Atenção à Condução|Saída de leito carroçável|Com Vítimas Feridas|Pleno dia|Céu Claro|1|0|1|0
270977|2020-02-22|sábado|14:20:00|GO|70.0|COCALZINHO DE GOIAS|Falta de Atenção à Condução|Colisão traseira|Sem Vítimas|Pleno dia|Céu Claro|2|0|0|0
270978|2020-02-22|sábado|14:20:00|SC|280.0|ARAQUARI|Desobediência às normas de trânsito pelo condutor|Colisão transversal|Com Vítimas Feridas|Pleno dia|Céu Claro|2|0|1|0
270979|2020-02-22|sábado|02:05:00|PE|423.0|GARANHUNS|Ingestão de Álcool|Queda de ocupante de veículo|Com Vítimas Feridas|Plena Noite|Nublado|1|0|1|0
270980|2020-02-22|sábado|14:30:00|BA|116.0|VITORIA DA CONQUISTA|Falta de Atenção à Condução|Colisão transversal|Com Vítimas Feridas|Pleno dia|Sol|3|0|2|0
270981|2020-02-22|sábado|08:25:00|SP|381.0|BRAGANCA PAULISTA|Condutor Dormindo|Colisão com objeto estático|Com Vítimas Feridas|Pleno dia|Nublado|2|0|2|0
270982|2020-02-22|sábado|13:45:00|PR|116.0|SAO JOSE DOS PINHAIS|Falta de Atenção à Condução|Colisão lateral|Sem Vítimas|Pleno dia|Nublado|2|0|0|0
270983|2020-02-22|sábado|12:00:00|SC|282.0|XAXIM|Velocidade Incompatível|Saída de leito carroçável|Com Vítimas Feridas|Pleno dia|Sol|1|0|1|0
270984|2020-02-22|sábado|14:20:00|PR|376.0|MARINGA|Mal Súbito|Queda de ocupante de veículo|Com Vítimas Feridas|Pleno dia|Sol|1|0|1|0
270985|2020-02-22|sábado|14:10:00|SC|101.0|ITAJAI|Não guardar distância de segurança|Colisão traseira|Com Vítimas Fatais|Pleno dia|Sol|2|1|0|0
270987|2020-02-22|sábado|14:20:00|CE|20.0|FORTALEZA|Falta de Atenção à Condução|Colisão lateral|Com Vítimas Feridas|Pleno dia|Chuva|2|0|1|0
270988|2020-02-22|sábado|12:30:00|SC|101.0|GAROPABA|Ingestão de Álcool|Saída de leito carroçável|Com Vítimas Feridas|Pleno dia|Céu Claro|2|0|1|0
270989|2020-02-22|sábado|14:40:00|SP|116.0|SAO JOSE DOS CAMPOS|Defeito Mecânico no Veículo|Tombamento|Com Vítimas Feridas|Pleno dia|Nublado|1|0|1|0
270990|2020-02-22|sábado|12:30:00|PR|277.0|NOVA LARANJEIRAS|Falta de Atenção à Condução|Colisão transversal|Com Vítimas Feridas|Pleno dia|Céu Claro|2|0|1|0
270991|2020-02-22|sábado|15:00:00|MG|40.0|CONGONHAS|Ingestão de Álcool|Saída de leito carroçável|Com Vítimas Feridas|Pleno dia|Céu Claro|2|0|1|0
270992|2020-02-22|sábado|13:27:00|SP|116.0|MIRACATU|Carga excessiva e/ou mal acondicionada|Derramamento de carga|Sem Vítimas|Pleno dia|Garoa/Chuvisco|1|0|0|0
270993|2020-02-22|sábado|13:10:00|PR|277.0|LARANJEIRAS DO SUL|Desobediência às normas de trânsito pelo condutor|Colisão transversal|Com Vítimas Feridas|Pleno dia|Céu Claro|2|0|0|1
270996|2020-02-21|sexta-feira|07:20:00|PA|163.0|SANTAREM|Desobediência às normas de trânsito pelo condutor|Colisão transversal|Com Vítimas Feridas|Pleno dia|Garoa/Chuvisco|2|0|1|0
270997|2020-02-22|sábado|13:55:00|RO|364.0|VILHENA|Não guardar distância de segurança|Engavetamento|Com Vítimas Feridas|Pleno dia|Chuva|3|0|1|0
270998|2020-02-22|sábado|14:45:00|SP|116.0|LORENA|Mal Súbito|Colisão traseira|Com Vítimas Feridas|Pleno dia|Nublado|3|0|1|0
270999|2020-02-22|sábado|15:30:00|BA|116.0|NOVA ITARANA|Ultrapassagem Indevida|Colisão frontal|Com Vítimas Fatais|Pleno dia|Céu Claro|3|1|2|0
271000|2020-02-22|sábado|13:35:00|MT|163.0|NOVA MUTUM|Defeito na Via|Capotamento|Com Vítimas Feridas|Pleno dia|Chuva|2|0|2|0
271001|2020-02-02|domingo|20:15:00|SP|116.0|GUARULHOS|Ingestão de Álcool|Colisão lateral|Sem Vítimas|Plena Noite|Chuva|3|0|0|0
271002|2020-02-22|sábado|15:30:00|ES|447.0|VILA VELHA|Falta de Atenção do Pedestre|Atropelamento de Pedestre|Com Vítimas Feridas|Pleno dia|Nublado|3|0|1|1
271004|2020-02-22|sábado|10:45:00|MG|365.0|NOVA PONTE|Avarias e/ou desgaste excessivo no pneu|Colisão com objeto estático|Com Vítimas Feridas|Pleno dia|Nublado|5|0|3|0
271006|2020-02-22|sábado|15:30:00|SC|470.0|POUSO REDONDO|Velocidade Incompatível|Tombamento|Com Vítimas Fatais|Pleno dia|Sol|2|1|0|0
271007|2020-02-22|sábado|14:00:00|MS|262.0|TRES LAGOAS|Defeito na Via|Saída de leito carroçável|Com Vítimas Feridas|Pleno dia|Céu Claro|5|0|4|1
271009|2020-02-22|sábado|15:55:00|GO|153.0|PROFESSOR JAMIL|Velocidade Incompatível|Saída de leito carroçável|Com Vítimas Feridas|Pleno dia|Chuva|1|0|1|0
271011|2020-02-22|sábado|15:40:00|BA|101.0|TEIXEIRA DE FREITAS|Falta de Atenção à Condução|Colisão transversal|Com Vítimas Feridas|Pleno dia|Sol|2|0|1|0
271012|2020-02-22|sábado|16:02:00|RN|101.0|CEARA-MIRIM|Ingestão de Álcool|Saída de leito carroçável|Com Vítimas Feridas|Pleno dia|Sol|2|0|2|0
271013|2020-02-22|sábado|16:00:00|RJ|393.0|BARRA DO PIRAI|Agressão Externa|Colisão com objeto em movimento|Sem Vítimas|Pleno dia|Nublado|1|0|0|0
271014|2020-02-22|sábado|15:30:00|PB|101.0|CAAPORA|Defeito na Via|Colisão com objeto estático|Com Vítimas Feridas|Pleno dia|Céu Claro|2|0|1|0
271015|2020-02-22|sábado|16:13:00|MG|381.0|BOM JESUS DO AMPARO|Desobediência às normas de trânsito pelo condutor|Colisão transversal|Com Vítimas Feridas|Pleno dia|Céu Claro|5|0|4|0
271016|2020-02-22|sábado|15:50:00|SC|101.0|SANGAO|Falta de Atenção à Condução|Saída de leito carroçável|Com Vítimas Feridas|Pleno dia|Céu Claro|4|0|2|2
271017|2020-02-22|sábado|09:00:00|PA|163.0|BELTERRA|Pista Escorregadia|Capotamento|Sem Vítimas|Pleno dia|Chuva|2|0|0|0
271018|2020-02-22|sábado|13:10:00|PI|316.0|TERESINA|Falta de Atenção à Condução|Colisão transversal|Com Vítimas Feridas|Pleno dia|Nublado|3|0|2|0
271019|2020-02-22|sábado|16:40:00|GO|153.0|APARECIDA DE GOIANIA|Desobediência às normas de trânsito pelo condutor|Colisão lateral|Com Vítimas Feridas|Pleno dia|Céu Claro|2|0|0|1
271020|2020-02-22|sábado|14:00:00|GO|414.0|COCALZINHO DE GOIAS|Velocidade Incompatível|Saída de leito carroçável|Com Vítimas Feridas|Pleno dia|Chuva|3|0|2|0
271021|2020-02-22|sábado|15:50:00|RS|290.0|GLORINHA|Não guardar distância de segurança|Engavetamento|Com Vítimas Feridas|Pleno dia|Céu Claro|4|0|1|0
271022|2020-02-22|sábado|15:30:00|MG|365.0|PATOS DE MINAS|Velocidade Incompatível|Colisão frontal|Com Vítimas Feridas|Pleno dia|Chuva|8|0|7|0
271023|2020-02-22|sábado|16:05:00|CE|116.0|HORIZONTE|Ingestão de Álcool|Colisão traseira|Sem Vítimas|Pleno dia|Céu Claro|2|0|0|0
271024|2020-02-22|sábado|15:00:00|SC|101.0|ITAPEMA|Ingestão de Álcool|Colisão com objeto estático|Com Vítimas Feridas|Pleno dia|Sol|2|0|1|0
271025|2020-02-22|sábado|16:00:00|MG|40.0|OLIVEIRA FORTES|Velocidade Incompatível|Saída de leito carroçável|Sem Vítimas|Pleno dia|Chuva|1|0|0|0
271027|2020-02-22|sábado|17:30:00|DF|20.0|BRASILIA|Ingestão de Álcool|Colisão traseira|Com Vítimas Feridas|Anoitecer|Chuva|6|0|5|0
271028|2020-02-22|sábado|17:40:00|PR|376.0|CURITIBA|Restrição de Visibilidade|Colisão traseira|Sem Vítimas|Pleno dia|Céu Claro|2|0|0|0
271029|2020-02-22|sábado|17:15:00|MG|459.0|POUSO ALEGRE|Ingestão de Álcool|Queda de ocupante de veículo|Com Vítimas Feridas|Pleno dia|Nublado|2|0|0|2
271030|2020-02-22|sábado|14:30:00|MG|116.0|MEDINA|Pista Escorregadia|Colisão frontal|Com Vítimas Feridas|Pleno dia|Chuva|3|0|1|1
271031|2020-02-22|sábado|14:00:00|MG|40.0|CARANDAI|Desobediência às normas de trânsito pelo condutor|Colisão transversal|Com Vítimas Feridas|Pleno dia|Nublado|4|0|1|0
271032|2020-02-22|sábado|18:15:00|BA|324.0|RIACHAO DO JACUIPE|Desobediência às normas de trânsito pelo condutor|Colisão frontal|Com Vítimas Feridas|Anoitecer|Céu Claro|8|0|7|1
271033|2020-02-22|sábado|18:30:00|CE|222.0|SOBRAL|Falta de Atenção à Condução|Colisão transversal|Com Vítimas Feridas|Plena Noite|Céu Claro|2|0|1|0
271034|2020-02-22|sábado|18:35:00|MG|116.0|MURIAE|Pista Escorregadia|Colisão frontal|Com Vítimas Feridas|Amanhecer|Chuva|2|0|1|0
271035|2020-02-22|sábado|18:09:00|SP|116.0|ARUJA|Objeto estático sobre o leito carroçável|Colisão com objeto estático|Com Vítimas Feridas|Anoitecer|Garoa/Chuvisco|3|0|2|0
271036|2020-02-22|sábado|18:45:00|RN|101.0|PARNAMIRIM|Falta de Atenção à Condução|Colisão transversal|Com Vítimas Feridas|Plena Noite|Céu Claro|2|0|0|1
271038|2020-02-22|sábado|19:00:00|RN|101.0|CEARA-MIRIM|Ingestão de Álcool|Colisão transversal|Com Vítimas Feridas|Plena Noite|Céu Claro|2|0|0|1
271039|2020-02-22|sábado|17:45:00|MS|60.0|CAMPO GRANDE|Desobediência às normas de trânsito pelo condutor|Colisão lateral|Com Vítimas Feridas|Anoitecer|Céu Claro|4|0|1|0
271040|2020-02-22|sábado|09:00:00|PR|116.0|CAMPINA GRANDE DO SUL|Velocidade Incompatível|Colisão com objeto estático|Com Vítimas Feridas|Pleno dia|Garoa/Chuvisco|3|0|1|0
271041|2020-02-22|sábado|19:20:00|GO|60.0|ALEXANIA|Avarias e/ou desgaste excessivo no pneu|Colisão traseira|Com Vítimas Feridas|Plena Noite|Chuva|6|0|1|0
271042|2020-02-22|sábado|19:00:00|PE|232.0|RECIFE|Falta de Atenção do Pedestre|Atropelamento de Pedestre|Com Vítimas Feridas|Plena Noite|Céu Claro|3|0|1|1
271044|2020-02-22|sábado|19:10:00|PI|343.0|TERESINA|Não guardar distância de segurança|Colisão traseira|Com Vítimas Feridas|Plena Noite|Nublado|2|0|1|0
271045|2020-02-22|sábado|18:00:00|SC|280.0|GUARAMIRIM|Ingestão de Álcool|Colisão frontal|Com Vítimas Fatais|Pleno dia|Céu Claro|8|1|1|4
271046|2020-02-22|sábado|17:00:00|MG|40.0|CONGONHAS|Falta de Atenção à Condução|Colisão traseira|Sem Vítimas|Pleno dia|Chuva|2|0|0|0
271047|2020-02-22|sábado|14:50:00|MT|364.0|SANTO ANTONIO DO LEVERGER|Desobediência às normas de trânsito pelo pedestre|Tombamento|Com Vítimas Feridas|Pleno dia|Céu Claro|1|0|1|0
271048|2020-02-22|sábado|19:20:00|PA|230.0|MARABA|Desobediência às normas de trânsito pelo condutor|Colisão transversal|Com Vítimas Feridas|Plena Noite|Céu Claro|4|0|2|0
271049|2020-02-22|sábado|19:20:00|GO|153.0|PORANGATU|Ingestão de Álcool|Colisão frontal|Com Vítimas Feridas|Plena Noite|Chuva|2|0|1|0
271050|2020-02-22|sábado|19:35:00|MG|40.0|CURVELO|Desobediência às normas de trânsito pelo condutor|Colisão lateral|Com Vítimas Feridas|Plena Noite|Chuva|4|0|2|0
271051|2020-02-22|sábado|17:30:00|PR|376.0|MARINGA|Falta de Atenção à Condução|Colisão lateral|Com Vítimas Feridas|Anoitecer|Nublado|2|0|1|0
271052|2020-02-22|sábado|17:30:00|PR|373.0|CHOPINZINHO|Ingestão de Álcool|Colisão frontal|Com Vítimas Fatais|Anoitecer|Céu Claro|2|1|0|0
271053|2020-02-22|sábado|17:40:00|PA|316.0|SANTA MARIA DO PARA|Carga excessiva e/ou mal acondicionada|Saída de leito carroçável|Com Vítimas Feridas|Pleno dia|Céu Claro|2|0|1|0
271054|2020-02-22|sábado|18:30:00|RJ|101.0|ITABORAI|Falta de Atenção à Condução|Queda de ocupante de veículo|Com Vítimas Feridas|Plena Noite|Garoa/Chuvisco|2|0|2|0
271055|2020-02-22|sábado|19:20:00|MG|381.0|ESTIVA|Velocidade Incompatível|Capotamento|Com Vítimas Feridas|Plena Noite|Nublado|1|0|1|0
271056|2020-02-22|sábado|19:45:00|PA|163.0|SANTAREM|Ultrapassagem Indevida|Colisão frontal|Com Vítimas Fatais|Plena Noite|Nublado|4|1|0|0
271057|2020-02-22|sábado|19:15:00|MG|40.0|JUIZ DE FORA|Falta de Atenção à Condução|Tombamento|Com Vítimas Feridas|Plena Noite|Nublado|1|0|1|0
271059|2020-02-22|sábado|19:30:00|ES|101.0|SAO MATEUS|Falta de Atenção à Condução|Colisão transversal|Com Vítimas Feridas|Plena Noite|Céu Claro|2|0|1|0
271060|2020-02-22|sábado|19:20:00|MG|459.0|CONGONHAL|Ingestão de Álcool|Saída de leito carroçável|Com Vítimas Feridas|Plena Noite|Nublado|1|0|1|0
271061|2020-02-22|sábado|19:50:00|SP|116.0|GUARULHOS|Falta de Atenção à Condução|Colisão lateral|Com Vítimas Feridas|Plena Noite|Nublado|3|0|2|0