id|data_inversa|dia_semana|horario|uf|br|municipio|causa_acidente|tipo_acidente|classificacao_acidente|fase_dia|condicao_metereologica|pessoas|mortos|feridos_leves|feridos_graves
271062|2020-02-22|sábado|19:00:00|MS|463.0|DOURADOS|Ingestão de Álcool|Tombamento|Com Vítimas Feridas|Plena Noite|Céu Claro|1|0|0|1
271063|2020-02-22|sábado|20:10:00|MG|381.0|SAO JOAQUIM DE BICAS|Falta de Atenção à Condução|Tombamento|Com Vítimas Feridas|Plena Noite|Céu Claro|1|0|1|0
271064|2020-02-22|sábado|20:00:00|GO|70.0|AGUAS LINDAS DE GOIAS|Velocidade Incompatível|Tombamento|Com Vítimas Feridas|Plena Noite|Nublado|1|0|1|0
271065|2020-02-22|sábado|19:30:00|RS|287.0|SANTA MARIA|Falta de Atenção do Pedestre|Atropelamento de Pedestre|Com Vítimas Feridas|Plena Noite|Céu Claro|2|0|2|0
271066|2020-02-22|sábado|20:10:00|PI|343.0|TERESINA|Falta de Atenção do Pedestre|Atropelamento de Pedestre|Com Vítimas Feridas|Plena Noite|Nublado|3|0|2|1
271067|2020-02-22|sábado|16:00:00|MT|70.0|CACERES|Fenômenos da Natureza|Capotamento|Sem Vítimas|Pleno dia|Chuva|4|0|0|0
271068|2020-02-22|sábado|20:30:00|ES|101.0|VIANA|Restrição de Visibilidade|Colisão com objeto estático|Com Vítimas Feridas|Plena Noite|Chuva|1|0|1|0
271069|2020-02-22|sábado|18:49:00|GO|60.0|ABADIA DE GOIAS|Falta de Atenção à Condução|Saída de leito carroçável|Sem Vítimas|Plena Noite|Chuva|2|0|0|0
271070|2020-02-22|sábado|19:25:00|MG|262.0|SAO DOMINGOS DO PRATA|Desobediência às normas de trânsito pelo condutor|Atropelamento de Pedestre|Com Vítimas Feridas|Plena Noite|Nublado|2|0|0|1
271071|2020-02-22|sábado|20:00:00|RN|101.0|NATAL|Defeito na Via|Colisão lateral|Com Vítimas Feridas|Plena Noite|Céu Claro|3|0|2|0
271072|2020-02-22|sábado|20:40:00|RS|116.0|PELOTAS|Falta de Atenção do Pedestre|Atropelamento de Pedestre|Com Vítimas Fatais|Plena Noite|Céu Claro|5|1|0|0
271073|2020-02-22|sábado|16:35:00|RS|290.0|ALEGRETE|Falta de Atenção à Condução|Colisão lateral|Sem Vítimas|Pleno dia|Céu Claro|5|0|0|0
271074|2020-02-22|sábado|18:50:00|SP|116.0|JUQUITIBA|Ingestão de Álcool|Colisão lateral|Sem Vítimas|Plena Noite|Garoa/Chuvisco|2|0|0|0
271075|2020-02-22|sábado|18:30:00|RO|364.0|PRESIDENTE MEDICI|Falta de Atenção à Condução|Queda de ocupante de veículo|Com Vítimas Feridas|Anoitecer|Chuva|1|0|1|0
271076|2020-02-22|sábado|20:30:00|SC|101.0|BARRA VELHA|Falta de Atenção à Condução|Colisão traseira|Com Vítimas Feridas|Plena Noite|Nublado|4|0|2|0
271078|2020-02-22|sábado|08:10:00|RJ|101.0|CAMPOS DOS GOYTACAZES|Velocidade Incompatível|Colisão com objeto estático|Com Vítimas Feridas|Plena Noite|Chuva|4|0|1|1
271079|2020-02-22|sábado|20:00:00|GO|60.0|ANAPOLIS|Restrição de Visibilidade|Tombamento|Com Vítimas Feridas|Plena Noite|Chuva|2|0|1|0
271080|2020-02-22|sábado|15:00:00|MT|158.0|RIBEIRAO CASCALHEIRA|Velocidade Incompatível|Saída de leito carroçável|Com Vítimas Feridas|Plena Noite|Nublado|1|0|1|0
271081|2020-02-22|sábado|08:00:00|AC|317.0|CAPIXABA|Falta de Atenção à Condução|Tombamento|Com Vítimas Feridas|Pleno dia|Céu Claro|2|0|1|0
271082|2020-02-22|sábado|20:00:00|CE|304.0|BEBERIBE|Falta de Atenção à Condução|Colisão transversal|Com Vítimas Feridas|Plena Noite|Céu Claro|3|0|2|0
271083|2020-02-22|sábado|16:20:00|MG|381.0|ITATIAIUCU|Defeito Mecânico no Veículo|Colisão traseira|Com Vítimas Feridas|Pleno dia|Nublado|3|0|0|1
271084|2020-02-22|sábado|20:40:00|BA|418.0|NOVA VICOSA|Fenômenos da Natureza|Colisão com objeto estático|Com Vítimas Feridas|Plena Noite|Chuva|2|0|2|0
271085|2020-02-22|sábado|21:25:00|PR|376.0|MARIALVA|Desobediência às normas de trânsito pelo condutor|Colisão transversal|Com Vítimas Feridas|Plena Noite|Nublado|2|0|0|1
271086|2020-02-22|sábado|21:35:00|PB|230.0|CAMPINA GRANDE|Não guardar distância de segurança|Colisão traseira|Com Vítimas Feridas|Plena Noite|Céu Claro|2|0|2|0
271087|2020-02-22|sábado|19:15:00|MG|262.0|BOM DESPACHO|Velocidade Incompatível|Derramamento de carga|Sem Vítimas|Plena Noite|Chuva|1|0|0|0
271088|2020-02-22|sábado|21:40:00|SP|116.0|GUARULHOS|Ingestão de Álcool|Colisão lateral|Com Vítimas Feridas|Plena Noite|Nublado|3|0|2|0
271089|2020-02-22|sábado|21:40:00|MT|70.0|CUIABA|Desobediência às normas de trânsito pelo condutor|Colisão transversal|Com Vítimas Feridas|Plena Noite|Céu Claro|3|0|2|0
271090|2020-02-22|sábado|20:00:00|ES|101.0|GUARAPARI|Ultrapassagem Indevida|Colisão com objeto estático|Com Vítimas Feridas|Plena Noite|Chuva|1|0|1|0
271091|2020-02-22|sábado|21:20:00|SP|116.0|JUQUITIBA|Falta de Atenção à Condução|Capotamento|Com Vítimas Feridas|Plena Noite|Garoa/Chuvisco|3|0|2|0
271092|2020-02-22|sábado|14:30:00|MS|163.0|RIO VERDE DE MATO GROSSO|Defeito Mecânico no Veículo|Colisão lateral|Sem Vítimas|Pleno dia|Nublado|2|0|0|0
271093|2020-02-22|sábado|22:20:00|MG|267.0|JUIZ DE FORA|Falta de Atenção à Condução|Colisão frontal|Com Vítimas Feridas|Plena Noite|Nublado|2|0|0|1
271094|2020-02-22|sábado|21:30:00|CE|222.0|CAUCAIA|Ingestão de Álcool|Saída de leito carroçável|Com Vítimas Feridas|Plena Noite|Chuva|2|0|2|0
271096|2020-02-14|sexta-feira|19:30:00|MS|262.0|AGUA CLARA|Desobediência às normas de trânsito pelo condutor|Saída de leito carroçável|Com Vítimas Feridas|Plena Noite|Céu Claro|8|0|1|0
271097|2020-02-22|sábado|20:10:00|PA|163.0|SANTAREM|Ingestão de Álcool|Engavetamento|Com Vítimas Feridas|Plena Noite|Céu Claro|4|0|1|0
271098|2020-02-22|sábado|17:40:00|RS|287.0|UNISTALDA|Velocidade Incompatível|Saída de leito carroçável|Com Vítimas Fatais|Pleno dia|Céu Claro|1|1|0|0
271099|2020-02-22|sábado|21:05:00|PE|428.0|SANTA MARIA DA BOA VISTA|Animais na Pista|Capotamento|Com Vítimas Feridas|Plena Noite|Céu Claro|2|0|1|0
271100|2020-02-22|sábado|22:30:00|MG|365.0|SANTA VITORIA|Ingestão de Álcool|Colisão traseira|Com Vítimas Feridas|Plena Noite|Céu Claro|1|0|0|1
271101|2020-02-22|sábado|22:50:00|MG|364.0|PLANURA|Condutor Dormindo|Colisão com objeto estático|Com Vítimas Feridas|Plena Noite|Nublado|2|0|2|0
271102|2020-02-22|sábado|22:00:00|PI|343.0|ALTOS|Agressão Externa|Colisão com objeto em movimento|Com Vítimas Feridas|Plena Noite|Garoa/Chuvisco|2|0|2|0
271103|2020-02-22|sábado|14:40:00|MG|262.0|MANHUACU|Ultrapassagem Indevida|Colisão lateral|Com Vítimas Feridas|Pleno dia|Nublado|1|0|1|0
271104|2020-02-22|sábado|20:20:00|GO|414.0|ABADIANIA|Ingestão de Álcool|Colisão lateral|Com Vítimas Feridas|Plena Noite|Chuva|2|0|0|1
271105|2020-02-22|sábado|21:00:00|PE|101.0|RECIFE|Falta de Atenção do Pedestre|Atropelamento de Pedestre|Com Vítimas Feridas|Plena Noite|Nublado|2|0|1|0
271106|2020-02-22|sábado|20:30:00|MG|381.0|BRUMADINHO|Velocidade Incompatível|Saída de leito carroçável|Com Vítimas Feridas|Plena Noite|Nublado|2|0|1|0
271107|2020-02-22|sábado|22:20:00|CE|304.0|ARACATI|Animais na Pista|Atropelamento de Animal|Sem Vítimas|Plena Noite|Céu Claro|1|0|0|0
271108|2020-02-22|sábado|22:30:00|RJ|101.0|ITABORAI|Falta de Atenção à Condução|Saída de leito carroçável|Com Vítimas Feridas|Plena Noite|Nublado|1|0|1|0
271109|2020-02-22|sábado|22:10:00|PE|423.0|GARANHUNS|Desobediência às normas de trânsito pelo condutor|Colisão frontal|Com Vítimas Feridas|Plena Noite|Céu Claro|6|0|5|0
271110|2020-02-22|sábado|20:15:00|PR|373.0|CHOPINZINHO|Ingestão de Álcool|Colisão com objeto estático|Com Vítimas Feridas|Plena Noite|Céu Claro|2|0|0|1
271111|2020-02-22|sábado|23:00:00|SP|381.0|SAO PAULO|Falta de Atenção à Condução|Colisão frontal|Com Vítimas Feridas|Plena Noite|Nublado|1|0|1|0
271112|2020-02-22|sábado|22:00:00|MT|163.0|RONDONOPOLIS|Ingestão de Álcool|Saída de leito carroçável|Sem Vítimas|Plena Noite|Nublado|1|0|0|0
271113|2020-02-22|sábado|23:00:00|RJ|116.0|TERESOPOLIS|Falta de Atenção à Condução|Colisão lateral|Sem Vítimas|Plena Noite|Nublado|2|0|0|0
271114|2020-02-22|sábado|21:00:00|MG|40.0|BARBACENA|Falta de Atenção à Condução|Colisão traseira|Com Vítimas Feridas|Plena Noite|Chuva|5|0|3|0
271115|2020-02-22|sábado|22:40:00|SP|116.0|SAO LOURENCO DA SERRA|Falta de Atenção do Pedestre|Atropelamento de Pedestre|Com Vítimas Feridas|Plena Noite|Nublado|2|0|0|1
271116|2020-02-22|sábado|23:40:00|ES|101.0|CARIACICA|Pista Escorregadia|Tombamento|Com Vítimas Feridas|Plena Noite|Chuva|1|0|1|0
271117|2020-02-23|domingo|00:25:00|PR|369.0|BOM SUCESSO|Falta de Atenção à Condução|Saída de leito carroçável|Com Vítimas Feridas|Plena Noite|Céu Claro|1|0|1|0
271118|2020-02-22|sábado|23:16:00|PR|373.0|PONTA GROSSA|Ingestão de Álcool|Colisão lateral|Sem Vítimas|Plena Noite|Céu Claro|2|0|0|0
271119|2020-02-23|domingo|00:15:00|PR|116.0|CURITIBA|Velocidade Incompatível|Colisão traseira|Com Vítimas Feridas|Plena Noite|Céu Claro|5|0|0|4
271120|2020-02-23|domingo|00:10:00|AL|316.0|DOIS RIACHOS|Animais na Pista|Atropelamento de Animal|Com Vítimas Feridas|Plena Noite|Céu Claro|8|0|1|7
271121|2020-02-22|sábado|15:30:00|MG|40.0|BARBACENA|Condutor Dormindo|Colisão traseira|Com Vítimas Feridas|Pleno dia|Nublado|4|0|3|0
271122|2020-02-23|domingo|00:45:00|RJ|116.0|MAGE|Animais na Pista|Atropelamento de Animal|Sem Vítimas|Plena Noite|Céu Claro|1|0|0|0
271123|2020-02-22|sábado|21:35:00|SC|116.0|PONTE ALTA|Falta de Atenção à Condução|Colisão traseira|Sem Vítimas|Plena Noite|Céu Claro|2|0|0|0
271124|2020-02-22|sábado|22:55:00|MG|146.0|BANDEIRA DO SUL|Falta de Atenção à Condução|Colisão com objeto estático|Com Vítimas Feridas|Plena Noite|Céu Claro|2|0|2|0
271125|2020-02-22|sábado|23:15:00|SC|280.0|ARAQUARI|Falta de Atenção à Condução|Colisão transversal|Com Vítimas Feridas|Plena Noite|Nublado|2|0|1|0
271126|2020-02-22|sábado|22:40:00|DF|70.0|BRASILIA|Velocidade Incompatível|Saída de leito carroçável|Sem Vítimas|Plena Noite|Céu Claro|3|0|0|0
271127|2020-02-22|sábado|23:30:00|RO|319.0|PORTO VELHO|Ingestão de Álcool|Colisão traseira|Sem Vítimas|Plena Noite|Garoa/Chuvisco|4|0|0|0
271128|2020-02-23|domingo|00:49:00|BA|407.0|JUAZEIRO|Desobediência às normas de trânsito pelo condutor|Colisão frontal|Com Vítimas Feridas|Plena Noite|Nublado|3|0|1|1
271129|2020-02-23|domingo|01:05:00|RS|116.0|GUAIBA|Ultrapassagem Indevida|Colisão lateral|Sem Vítimas|Plena Noite|Nublado|2|0|0|0
271130|2020-02-22|sábado|21:20:00|BA|415.0|ILHEUS|Não guardar distância de segurança|Colisão traseira|Com Vítimas Feridas|Plena Noite|Nublado|6|0|2|0
271131|2020-02-23|domingo|01:50:00|MG|364.0|PLANURA|Condutor Dormindo|Tombamento|Com Vítimas Feridas|Plena Noite|Nublado|1|0|0|1
271132|2020-02-23|domingo|01:13:00|PE|232.0|GRAVATA|Ingestão de Álcool|Saída de leito carroçável|Com Vítimas Feridas|Plena Noite|Céu Claro|1|0|1|0
271133|2020-02-23|domingo|02:07:00|PE|428.0|LAGOA GRANDE|Animais na Pista|Atropelamento de Animal|Sem Vítimas|Plena Noite|Céu Claro|2|0|0|0
271134|2020-02-23|domingo|00:40:00|MG|50.0|UBERLANDIA|Ingestão de Álcool|Atropelamento de Pedestre|Com Vítimas Feridas|Plena Noite|Nublado|2|0|1|0
271135|2020-02-23|domingo|02:00:00|RJ|101.0|CAMPOS DOS GOYTACAZES|Desobediência às normas de trânsito pelo condutor|Saída de leito carroçável|Com Vítimas Feridas|Plena Noite|Nublado|1|0|0|1
271136|2020-02-23|domingo|00:30:00|PA|316.0|BONITO|Ingestão de Álcool|Colisão com objeto estático|Com Vítimas Feridas|Plena Noite|Céu Claro|2|0|0|1
271137|2020-02-23|domingo|01:09:00|PA|163.0|SANTAREM|Ingestão de Álcool|Tombamento|Com Vítimas Feridas|Plena Noite|Céu Claro|1|0|1|0
271138|2020-02-23|domingo|02:40:00|RN|101.0|NATAL|Condutor Dormindo|Colisão com objeto estático|Sem Vítimas|Plena Noite|Céu Claro|1|0|0|0
271139|2020-02-23|domingo|03:30:00|PR|277.0|GUARAPUAVA|Ingestão de Álcool|Saída de leito carroçável|Sem Vítimas|Plena Noite|Céu Claro|1|0|0|0
271140|2020-02-23|domingo|03:55:00|MG|381.0|BETIM|Desobediência às normas de trânsito pelo condutor|Colisão lateral|Com Vítimas Feridas|Plena Noite|Céu Claro|2|0|1|0
271141|2020-02-23|domingo|04:00:00|PA|163.0|SANTAREM|Ingestão de Álcool|Queda de ocupante de veículo|Com Vítimas Feridas|Plena Noite|Céu Claro|2|0|2|0
271142|2020-02-23|domingo|03:25:00|SC|101.0|BARRA VELHA|Falta de Atenção à Condução|Colisão traseira|Com Vítimas Feridas|Plena Noite|Céu Claro|3|0|1|0
271143|2020-02-23|domingo|03:50:00|MG|40.0|SETE LAGOAS|Condutor Dormindo|Colisão com objeto estático|Com Vítimas Fatais|Plena Noite|Nublado|3|1|1|1
271145|2020-02-23|domingo|04:40:00|GO|153.0|PANAMA|Ingestão de Álcool|Saída de leito carroçável|Com Vítimas Fatais|Plena Noite|Nublado|3|1|1|1
271146|2020-02-23|domingo|04:40:00|RJ|101.0|ITABORAI|Falta de Atenção à Condução|Queda de ocupante de veículo|Com Vítimas Feridas|Amanhecer|Céu Claro|1|0|1|0
271147|2020-02-23|domingo|02:00:00|PR|277.0|PARANAGUA|Falta de Atenção à Condução|Saída de leito carroçável|Sem Vítimas|Plena Noite|Garoa/Chuvisco|1|0|0|0
271148|2020-02-23|domingo|04:30:00|MG|381.0|SANTA LUZIA|Velocidade Incompatível|Saída de leito carroçável|Com Vítimas Feridas|Plena Noite|Chuva|3|0|0|1
271149|2020-02-23|domingo|04:40:00|SC|470.0|BLUMENAU|Ingestão de Álcool|Colisão com objeto estático|Sem Vítimas|Plena Noite|Nublado|1|0|0|0
271150|2020-02-23|domingo|02:00:00|BA|110.0|JEREMOABO|Condutor Dormindo|Saída de leito carroçável|Com Vítimas Feridas|Plena Noite|Céu Claro|1|0|1|0
271151|2020-02-23|domingo|03:00:00|MA|222.0|IGARAPE DO MEIO|Ingestão de Álcool|Saída de leito carroçável|Sem Vítimas|Plena Noite|Ignorado|1|0|0|0
271152|2020-02-23|domingo|05:00:00|SP|116.0|SAO JOSE DOS CAMPOS|Velocidade Incompatível|Colisão traseira|Com Vítimas Fatais|Amanhecer|Nublado|5|1|2|0
271153|2020-02-23|domingo|04:30:00|PE|408.0|PAUDALHO|Ingestão de Álcool|Colisão traseira|Sem Vítimas|Amanhecer|Céu Claro|2|0|0|0
271154|2020-02-23|domingo|04:15:00|PR|277.0|IBEMA|Mal Súbito|Saída de leito carroçável|Com Vítimas Feridas|Plena Noite|Céu Claro|1|0|1|0
271155|2020-02-23|domingo|05:00:00|MG|40.0|CURVELO|Desobediência às normas de trânsito pelo condutor|Colisão frontal|Com Vítimas Fatais|Amanhecer|Chuva|3|2|0|0
271156|2020-02-23|domingo|05:00:00|CE|222.0|CAUCAIA|Ingestão de Álcool|Colisão traseira|Com Vítimas Fatais|Amanhecer|Céu Claro|2|1|1|0
271158|2020-02-23|domingo|05:30:00|ES|101.0|VIANA|Falta de Atenção à Condução|Saída de leito carroçável|Com Vítimas Feridas|Amanhecer|Chuva|1|0|1|0
271159|2020-02-23|domingo|05:00:00|PB|101.0|SANTA RITA|Falta de Atenção à Condução|Saída de leito carroçável|Com Vítimas Feridas|Amanhecer|Céu Claro|2|0|1|1
271160|2020-02-23|domingo|06:05:00|GO|153.0|PORANGATU|Falta de Atenção à Condução|Colisão transversal|Com Vítimas Feridas|Pleno dia|Céu Claro|3|0|1|0
271161|2020-02-23|domingo|06:30:00|ES|101.0|LINHARES|Falta de Atenção à Condução|Colisão lateral|Com Vítimas Feridas|Pleno dia|Chuva|2|0|0|1
271162|2020-02-23|domingo|04:20:00|RJ|40.0|PETROPOLIS|Agressão Externa|Saída de leito carroçável|Sem Vítimas|Plena Noite|Nevoeiro/Neblina|43|0|0|0
271163|2020-02-23|domingo|00:01:00|PI|343.0|TERESINA|Defeito Mecânico no Veículo|Incêndio|Sem Vítimas|Plena Noite|Garoa/Chuvisco|1|0|0|0
271164|2020-02-23|domingo|05:45:00|ES|101.0|CARIACICA|Falta de Atenção à Condução|Colisão com objeto estático|Com Vítimas Feridas|Plena Noite|Chuva|1|0|1|0
271165|2020-02-23|domingo|05:00:00|PR|277.0|SAO MIGUEL DO IGUACU|Ingestão de Álcool|Colisão traseira|Com Vítimas Feridas|Plena Noite|Céu Claro|3|0|1|2
271166|2020-01-30|quinta-feira|14:55:00|SC|153.0|VARGEM BONITA|Falta de Atenção à Condução|Colisão lateral|Com Vítimas Feridas|Pleno dia|Chuva|2|0|1|0
271167|2020-02-23|domingo|00:00:00|MG|40.0|ITABIRITO|Agressão Externa|Incêndio|Sem Vítimas|Plena Noite|Nublado|1|0|0|0
271168|2020-02-23|domingo|06:45:00|BA|324.0|SIMOES FILHO|Defeito Mecânico no Veículo|Queda de ocupante de veículo|Com Vítimas Feridas|Pleno dia|Céu Claro|2|0|2|0
271169|2020-02-23|domingo|06:50:00|ES|101.0|ATILIO VIVACQUA|Pista Escorregadia|Capotamento|Com Vítimas Feridas|Pleno dia|Nublado|1|0|1|0
271170|2020-02-23|domingo|06:30:00|RJ|116.0|PIRAI|Pista Escorregadia|Colisão com objeto estático|Com Vítimas Feridas|Pleno dia|Chuva|1|0|1|0
271171|2020-02-23|domingo|07:10:00|RS|448.0|SAPUCAIA DO SUL|Falta de Atenção à Condução|Colisão com objeto estático|Sem Vítimas|Pleno dia|Sol|1|0|0|0
271172|2020-02-23|domingo|03:40:00|SC|280.0|CANOINHAS|Ingestão de álcool e/ou substâncias psicoativas pelo pedestre|Saída de leito carroçável|Com Vítimas Feridas|Plena Noite|Céu Claro|1|0|1|0
271174|2020-02-23|domingo|07:45:00|RS|287.0|SANTA MARIA|Falta de Atenção à Condução|Colisão com objeto estático|Com Vítimas Feridas|Pleno dia|Céu Claro|2|0|2|0
271175|2020-02-23|domingo|04:30:00|MS|267.0|BATAGUASSU|Ingestão de Álcool|Saída de leito carroçável|Sem Vítimas|Amanhecer|Nublado|1|0|0|0
271176|2020-02-23|domingo|06:50:00|SC|101.0|BALNEARIO CAMBORIU|Falta de Atenção do Pedestre|Atropelamento de Pedestre|Com Vítimas Feridas|Pleno dia|Nublado|4|0|0|1
271177|2020-02-22|sábado|18:00:00|RO|364.0|PORTO VELHO|Desobediência às normas de trânsito pelo condutor|Colisão frontal|Com Vítimas Fatais|Anoitecer|Nublado|3|1|0|1
271178|2020-02-23|domingo|07:15:00|SC|101.0|BALNEARIO CAMBORIU|Falta de Atenção à Condução|Saída de leito carroçável|Com Vítimas Feridas|Amanhecer|Sol|4|0|2|2
271179|2020-02-23|domingo|05:40:00|RO|319.0|PORTO VELHO|Pista Escorregadia|Saída de leito carroçável|Com Vítimas Feridas|Amanhecer|Chuva|1|0|1|0
271180|2020-02-23|domingo|08:00:00|PR|476.0|CURITIBA|Condutor Dormindo|Saída de leito carroçável|Com Vítimas Feridas|Pleno dia|Céu Claro|2|0|1|0
271181|2020-02-12|quarta-feira|02:30:00|PR|116.0|CAMPINA GRANDE DO SUL|Falta de Atenção do Pedestre|Queda de ocupante de veículo|Com Vítimas Fatais|Plena Noite|Chuva|3|1|0|0
271182|2020-02-23|domingo|05:10:00|MG|116.0|GOVERNADOR VALADARES|Ingestão de Álcool|Colisão com objeto estático|Sem Vítimas|Amanhecer|Chuva|1|0|0|0
271183|2020-02-23|domingo|08:00:00|TO|153.0|FORTALEZA DO TABOCAO|Não guardar distância de segurança|Tombamento|Com Vítimas Feridas|Pleno dia|Nublado|2|0|1|0
271184|2020-02-23|domingo|09:00:00|PB|101.0|ALHANDRA|Ingestão de Álcool|Colisão traseira|Com Vítimas Feridas|Pleno dia|Céu Claro|3|0|2|0
271185|2020-02-23|domingo|09:00:00|PR|116.0|CAMPINA GRANDE DO SUL|Falta de Atenção à Condução|Tombamento|Sem Vítimas|Pleno dia|Céu Claro|1|0|0|0
271186|2020-02-23|domingo|08:15:00|MS|463.0|PONTA PORA|Avarias e/ou desgaste excessivo no pneu|Queda de ocupante de veículo|Com Vítimas Feridas|Pleno dia|Sol|2|0|2|0
271188|2020-02-23|domingo|09:50:00|DF|70.0|BRASILIA|Animais na Pista|Colisão lateral|Com Vítimas Feridas|Pleno dia|Céu Claro|2|0|1|0
271189|2020-02-23|domingo|08:30:00|MG|251.0|GRAO MOGOL|Pista Escorregadia|Saída de leito carroçável|Com Vítimas Feridas|Pleno dia|Chuva|1|0|1|0
271190|2020-02-23|domingo|10:00:00|MG|40.0|SETE LAGOAS|Defeito Mecânico no Veículo|Queda de ocupante de veículo|Com Vítimas Feridas|Pleno dia|Céu Claro|2|0|2|0
271191|2020-02-23|domingo|10:00:00|PB|230.0|CABEDELO|Velocidade Incompatível|Colisão traseira|Com Vítimas Feridas|Pleno dia|Sol|3|0|2|1
271192|2020-02-23|domingo|10:20:00|GO|153.0|MORRINHOS|Mal Súbito|Colisão com objeto estático|Com Vítimas Feridas|Pleno dia|Nublado|1|0|0|1
271193|2020-02-23|domingo|10:10:00|PR|476.0|CURITIBA|Falta de Atenção à Condução|Capotamento|Com Vítimas Feridas|Pleno dia|Céu Claro|4|0|2|1
271194|2020-02-23|domingo|10:20:00|MG|381.0|SAO SEBASTIAO DA BELA VISTA|Ultrapassagem Indevida|Colisão lateral|Com Vítimas Feridas|Pleno dia|Céu Claro|2|0|1|0
271195|2020-02-23|domingo|10:15:00|MG|267.0|BOM JARDIM DE MINAS|Desobediência às normas de trânsito pelo condutor|Colisão transversal|Com Vítimas Fatais|Pleno dia|Céu Claro|4|1|0|1
271196|2020-02-23|domingo|09:40:00|MA|10.0|IMPERATRIZ|Falta de Atenção à Condução|Colisão traseira|Com Vítimas Feridas|Pleno dia|Céu Claro|4|0|1|0
271197|2020-02-23|domingo|08:10:00|MG|381.0|BRUMADINHO|Velocidade Incompatível|Queda de ocupante de veículo|Com Vítimas Feridas|Pleno dia|Nublado|1|0|1|0
271198|2020-02-23|domingo|10:00:00|AL|104.0|SAO JOSE DA LAJE|Falta de Atenção à Condução|Saída de leito carroçável|Com Vítimas Feridas|Pleno dia|Céu Claro|2|0|2|0
271199|2020-02-23|domingo|04:30:00|MS|267.0|RIO BRILHANTE|Ingestão de Álcool|Saída de leito carroçável|Com Vítimas Feridas|Plena Noite|Céu Claro|1|0|1|0
271200|2020-02-23|domingo|07:40:00|SC|282.0|NOVA ERECHIM|Ingestão de Álcool|Saída de leito carroçável|Com Vítimas Feridas|Pleno dia|Sol|3|0|2|0
271201|2020-02-23|domingo|10:30:00|SC|101.0|ARARANGUA|Falta de Atenção à Condução|Colisão traseira|Com Vítimas Feridas|Pleno dia|Céu Claro|2|0|1|0
271202|2020-02-23|domingo|11:10:00|ES|259.0|JOAO NEIVA|Desobediência às normas de trânsito pelo condutor|Colisão frontal|Com Vítimas Feridas|Pleno dia|Garoa/Chuvisco|6|0|0|2
271203|2020-02-23|domingo|10:41:00|PI|343.0|TERESINA|Falta de Atenção à Condução|Colisão traseira|Sem Vítimas|Pleno dia|Céu Claro|2|0|0|0
271204|2020-02-23|domingo|11:12:00|MG|262.0|JUATUBA|Velocidade Incompatível|Tombamento|Com Vítimas Fatais|Pleno dia|Nublado|2|1|0|0
271205|2020-02-23|domingo|11:30:00|GO|40.0|LUZIANIA|Falta de Atenção do Pedestre|Atropelamento de Pedestre|Com Vítimas Feridas|Pleno dia|Céu Claro|2|0|0|1
271206|2020-02-23|domingo|11:40:00|DF|60.0|BRASILIA|Mal Súbito|Colisão com objeto estático|Com Vítimas Feridas|Pleno dia|Chuva|1|0|0|1
271208|2020-02-23|domingo|11:55:00|SC|282.0|PALHOCA|Falta de Atenção à Condução|Colisão traseira|Com Vítimas Feridas|Pleno dia|Sol|2|0|1|0
271209|2020-02-23|domingo|12:00:00|AL|101.0|SAO SEBASTIAO|Desobediência às normas de trânsito pelo condutor|Colisão lateral|Com Vítimas Feridas|Pleno dia|Céu Claro|2|0|1|1
271210|2020-02-23|domingo|12:00:00|GO|364.0|PORTELANDIA|Defeito na Via|Tombamento|Com Vítimas Fatais|Pleno dia|Garoa/Chuvisco|6|3|1|0
271211|2020-02-23|domingo|11:20:00|RS|470.0|SALVADOR DO SUL|Falta de Atenção à Condução|Colisão transversal|Com Vítimas Feridas|Pleno dia|Céu Claro|2|0|0|1
271212|2020-02-23|domingo|11:15:00|PI|316.0|TERESINA|Desobediência às normas de trânsito pelo condutor|Colisão transversal|Com Vítimas Feridas|Pleno dia|Céu Claro|2|0|1|0
271213|2020-02-23|domingo|10:30:00|MT|364.0|PEDRA PRETA|Ingestão de Álcool|Colisão lateral|Com Vítimas Feridas|Pleno dia|Céu Claro|2|0|1|0
271215|2020-02-23|domingo|12:00:00|TO|153.0|BARROLANDIA|Avarias e/ou desgaste excessivo no pneu|Colisão com objeto estático|Com Vítimas Feridas|Pleno dia|Chuva|1|0|1|0
271216|2020-02-23|domingo|11:30:00|MS|267.0|NOVA ALVORADA DO SUL|Falta de Atenção à Condução|Colisão frontal|Com Vítimas Fatais|Pleno dia|Céu Claro|6|1|3|0
271217|2020-02-23|domingo|10:50:00|RJ|116.0|PIRAI|Pista Escorregadia|Colisão com objeto estático|Sem Vítimas|Pleno dia|Garoa/Chuvisco|3|0|0|0
271218|2020-02-23|domingo|10:35:00|SC|280.0|GUARAMIRIM|Falta de Atenção à Condução|Colisão transversal|Com Vítimas Feridas|Pleno dia|Nublado|2|0|1|0
271219|2020-02-23|domingo|13:20:00|PE|408.0|SAO LOURENCO DA MATA|Velocidade Incompatível|Colisão traseira|Com Vítimas Feridas|Pleno dia|Sol|5|0|1|1
271220|2020-02-23|domingo|13:20:00|PR|373.0|GUAMIRANGA|Falta de Atenção à Condução|Colisão lateral|Com Vítimas Feridas|Pleno dia|Céu Claro|3|0|0|2
271221|2020-02-23|domingo|07:50:00|BA|101.0|UBAITABA|Desobediência às normas de trânsito pelo condutor|Tombamento|Com Vítimas Feridas|Pleno dia|Céu Claro|2|0|2|0
271222|2020-02-23|domingo|08:01:00|BA|330.0|UBAITABA|Velocidade Incompatível|Colisão traseira|Com Vítimas Feridas|Pleno dia|Céu Claro|3|0|1|1