id|data_inversa|dia_semana|horario|uf|br|municipio|causa_acidente|tipo_acidente|classificacao_acidente|fase_dia|condicao_metereologica|pessoas|mortos|feridos_leves|feridos_graves
271223|2020-02-23|domingo|13:30:00|RN|226.0|NATAL|Desobediência às normas de trânsito pelo condutor|Colisão frontal|Com Vítimas Feridas|Pleno dia|Nublado|2|0|1|0
271224|2020-02-23|domingo|13:35:00|SP|381.0|ATIBAIA|Defeito Mecânico no Veículo|Tombamento|Com Vítimas Feridas|Pleno dia|Nublado|2|0|2|0
271225|2020-02-23|domingo|10:45:00|PE|407.0|PETROLINA|Defeito Mecânico no Veículo|Colisão lateral|Sem Vítimas|Pleno dia|Céu Claro|2|0|0|0
271226|2020-02-23|domingo|13:55:00|SC|101.0|SAO JOSE|Ultrapassagem Indevida|Colisão lateral|Com Vítimas Feridas|Pleno dia|Céu Claro|6|0|5|0
271227|2020-02-23|domingo|13:30:00|DF|60.0|BRASILIA|Pista Escorregadia|Queda de ocupante de veículo|Com Vítimas Feridas|Pleno dia|Chuva|2|0|2|0
271230|2020-02-23|domingo|13:45:00|SC|101.0|PESCARIA BRAVA|Não guardar distância de segurança|Colisão traseira|Com Vítimas Feridas|Pleno dia|Sol|2|0|1|0
271231|2020-02-23|domingo|14:00:00|ES|101.0|MIMOSO DO SUL|Falta de Atenção à Condução|Saída de leito carroçável|Com Vítimas Feridas|Pleno dia|Nublado|1|0|1|0
271232|2020-02-23|domingo|13:30:00|PR|373.0|GUAMIRANGA|Falta de Atenção do Pedestre|Atropelamento de Pedestre|Com Vítimas Feridas|Pleno dia|Sol|3|0|0|1
271233|2020-02-23|domingo|12:50:00|RS|290.0|PANTANO GRANDE|Velocidade Incompatível|Colisão com objeto estático|Sem Vítimas|Pleno dia|Céu Claro|1|0|0|0
271234|2020-02-23|domingo|14:30:00|SC|470.0|BLUMENAU|Desobediência às normas de trânsito pelo condutor|Colisão transversal|Com Vítimas Feridas|Pleno dia|Céu Claro|3|0|1|0
271235|2020-02-23|domingo|10:30:00|GO|158.0|JATAI|Restrição de Visibilidade|Colisão frontal|Com Vítimas Feridas|Pleno dia|Céu Claro|5|0|1|1
271236|2020-02-23|domingo|14:10:00|BA|116.0|FEIRA DE SANTANA|Ingestão de Álcool|Colisão frontal|Sem Vítimas|Pleno dia|Sol|2|0|0|0
271237|2020-02-23|domingo|08:35:00|MT|70.0|PRIMAVERA DO LESTE|Falta de Atenção à Condução|Colisão lateral|Com Vítimas Feridas|Pleno dia|Céu Claro|4|0|0|2
271238|2020-02-23|domingo|14:40:00|SC|101.0|ARAQUARI|Não guardar distância de segurança|Colisão traseira|Com Vítimas Feridas|Pleno dia|Sol|4|0|2|0
271240|2020-02-23|domingo|14:55:00|GO|414.0|ABADIANIA|Mal Súbito|Saída de leito carroçável|Com Vítimas Feridas|Pleno dia|Nublado|2|0|2|0
271241|2020-02-23|domingo|15:05:00|PI|316.0|TERESINA|Desobediência às normas de trânsito pelo condutor|Colisão traseira|Sem Vítimas|Pleno dia|Céu Claro|2|0|0|0
271242|2020-02-23|domingo|14:30:00|BA|110.0|ANTAS|Mal Súbito|Saída de leito carroçável|Com Vítimas Feridas|Pleno dia|Céu Claro|1|0|1|0
271245|2020-02-23|domingo|14:15:00|MT|364.0|JACIARA|Falta de Atenção à Condução|Capotamento|Com Vítimas Feridas|Pleno dia|Chuva|2|0|2|0
271246|2020-02-23|domingo|10:00:00|MT|70.0|POCONE|Velocidade Incompatível|Saída de leito carroçável|Com Vítimas Feridas|Pleno dia|Céu Claro|3|0|2|0
271247|2020-02-23|domingo|15:00:00|SP|153.0|SAO JOSE DO RIO PRETO|Ingestão de Álcool|Saída de leito carroçável|Com Vítimas Feridas|Pleno dia|Céu Claro|2|0|2|0
271250|2020-02-23|domingo|15:00:00|BA|20.0|SAO DESIDERIO|Ingestão de Álcool|Colisão frontal|Com Vítimas Fatais|Pleno dia|Chuva|2|1|0|0
271251|2020-02-23|domingo|13:00:00|MG|381.0|BELA VISTA DE MINAS|Pista Escorregadia|Saída de leito carroçável|Com Vítimas Feridas|Pleno dia|Garoa/Chuvisco|2|0|1|0
271253|2020-02-23|domingo|16:40:00|CE|222.0|CAUCAIA|Desobediência às normas de trânsito pelo condutor|Colisão transversal|Com Vítimas Feridas|Pleno dia|Céu Claro|3|0|0|1
271254|2020-02-23|domingo|08:45:00|SC|470.0|IBIRAMA|Carga excessiva e/ou mal acondicionada|Tombamento|Com Vítimas Feridas|Pleno dia|Céu Claro|1|0|1|0
271255|2020-02-23|domingo|16:30:00|MG|381.0|SANTA LUZIA|Desobediência às normas de trânsito pelo condutor|Colisão lateral|Com Vítimas Feridas|Pleno dia|Céu Claro|2|0|1|0
271256|2020-02-23|domingo|16:40:00|MG|153.0|COMENDADOR GOMES|Falta de Atenção à Condução|Colisão lateral|Com Vítimas Fatais|Pleno dia|Nublado|2|1|1|0
271257|2020-02-23|domingo|15:00:00|AC|364.0|RIO BRANCO|Ingestão de Álcool|Tombamento|Com Vítimas Feridas|Pleno dia|Nublado|2|0|1|0
271258|2020-02-23|domingo|16:05:00|SC|116.0|CORREIA PINTO|Desobediência às normas de trânsito pelo condutor|Saída de leito carroçável|Sem Vítimas|Pleno dia|Sol|1|0|0|0
271259|2020-02-23|domingo|16:50:00|MG|354.0|ITANHANDU|Falta de Atenção à Condução|Colisão transversal|Com Vítimas Feridas|Pleno dia|Céu Claro|6|0|1|1
271260|2020-02-23|domingo|16:40:00|GO|153.0|APARECIDA DE GOIANIA|Falta de Atenção à Condução|Colisão transversal|Com Vítimas Feridas|Pleno dia|Céu Claro|4|0|2|0
271261|2020-02-23|domingo|17:00:00|BA|101.0|TEIXEIRA DE FREITAS|Desobediência às normas de trânsito pelo condutor|Colisão transversal|Com Vítimas Feridas|Pleno dia|Céu Claro|2|0|0|1
271262|2020-02-23|domingo|17:03:00|PE|101.0|RECIFE|Ingestão de Álcool|Tombamento|Com Vítimas Feridas|Pleno dia|Céu Claro|1|0|1|0
271263|2020-02-23|domingo|17:25:00|ES|101.0|SAO MATEUS|Defeito Mecânico no Veículo|Queda de ocupante de veículo|Com Vítimas Feridas|Pleno dia|Céu Claro|2|0|2|0
271264|2020-02-23|domingo|17:30:00|RJ|40.0|DUQUE DE CAXIAS|Pista Escorregadia|Tombamento|Com Vítimas Feridas|Pleno dia|Chuva|2|0|1|0
271265|2020-02-23|domingo|16:47:00|PR|469.0|FOZ DO IGUACU|Desobediência às normas de trânsito pelo condutor|Colisão frontal|Com Vítimas Feridas|Pleno dia|Sol|2|0|0|1
271268|2020-02-23|domingo|16:50:00|PE|424.0|GARANHUNS|Velocidade Incompatível|Saída de leito carroçável|Com Vítimas Feridas|Anoitecer|Céu Claro|2|0|1|1
271269|2020-02-23|domingo|17:15:00|ES|101.0|RIO NOVO DO SUL|Condutor Dormindo|Colisão com objeto estático|Sem Vítimas|Pleno dia|Céu Claro|2|0|0|0
271270|2020-02-23|domingo|17:45:00|PR|277.0|MATELANDIA|Falta de Atenção à Condução|Colisão traseira|Com Vítimas Feridas|Pleno dia|Céu Claro|3|0|0|1
271271|2020-02-23|domingo|18:10:00|CE|222.0|FORTALEZA|Ingestão de Álcool|Colisão traseira|Com Vítimas Feridas|Plena Noite|Céu Claro|2|0|1|0
271272|2020-02-23|domingo|17:50:00|RS|290.0|SANTO ANTONIO DA PATRULHA|Desobediência às normas de trânsito pelo condutor|Saída de leito carroçável|Com Vítimas Feridas|Pleno dia|Sol|1|0|0|1
271273|2020-02-23|domingo|17:35:00|BA|324.0|FEIRA DE SANTANA|Desobediência às normas de trânsito pelo condutor|Colisão transversal|Sem Vítimas|Anoitecer|Céu Claro|2|0|0|0
271274|2020-02-23|domingo|18:20:00|PE|101.0|ABREU E LIMA|Não guardar distância de segurança|Colisão traseira|Com Vítimas Feridas|Plena Noite|Céu Claro|4|0|1|0
271275|2020-02-23|domingo|17:00:00|MG|381.0|LAVRAS|Falta de Atenção à Condução|Colisão com objeto estático|Com Vítimas Feridas|Pleno dia|Ignorado|1|0|1|0
271276|2020-02-23|domingo|17:15:00|PR|277.0|MORRETES|Falta de Atenção à Condução|Queda de ocupante de veículo|Com Vítimas Feridas|Pleno dia|Céu Claro|1|0|0|1
271277|2020-02-23|domingo|17:18:00|RJ|40.0|PETROPOLIS|Falta de Atenção à Condução|Tombamento|Com Vítimas Feridas|Pleno dia|Chuva|1|0|1|0
271278|2020-02-23|domingo|18:40:00|ES|259.0|BAIXO GUANDU|Ingestão de Álcool|Colisão lateral|Com Vítimas Feridas|Plena Noite|Nublado|2|0|0|1
271279|2020-02-23|domingo|17:30:00|BA|101.0|TEIXEIRA DE FREITAS|Ingestão de Álcool|Colisão frontal|Com Vítimas Feridas|Pleno dia|Céu Claro|2|0|0|1
271280|2020-02-23|domingo|18:30:00|SE|101.0|NOSSA SENHORA DO SOCORRO|Falta de Atenção à Condução|Colisão com objeto estático|Com Vítimas Feridas|Plena Noite|Céu Claro|2|0|1|1
271281|2020-02-23|domingo|18:40:00|BA|116.0|ITATIM|Falta de Atenção à Condução|Colisão lateral|Com Vítimas Feridas|Plena Noite|Céu Claro|2|0|0|1
271282|2020-02-23|domingo|18:50:00|CE|116.0|PENAFORTE|Ingestão de Álcool|Colisão frontal|Sem Vítimas|Plena Noite|Nublado|2|0|0|0
271284|2020-02-23|domingo|19:10:00|RS|287.0|SANTA MARIA|Ingestão de Álcool|Saída de leito carroçável|Com Vítimas Feridas|Anoitecer|Céu Claro|4|0|2|0
271285|2020-02-23|domingo|18:45:00|DF|70.0|BRASILIA|Ingestão de Álcool|Colisão transversal|Com Vítimas Feridas|Anoitecer|Chuva|3|0|0|1
271286|2020-02-23|domingo|19:23:00|PR|277.0|SANTA TEREZINHA DE ITAIPU|Falta de Atenção à Condução|Saída de leito carroçável|Com Vítimas Feridas|Anoitecer|Céu Claro|4|0|1|0
271287|2020-02-23|domingo|18:40:00|PE|232.0|SALGUEIRO|Não guardar distância de segurança|Colisão traseira|Com Vítimas Feridas|Anoitecer|Céu Claro|4|0|3|0
271288|2020-02-23|domingo|18:40:00|PR|277.0|MATELANDIA|Velocidade Incompatível|Colisão com objeto estático|Sem Vítimas|Anoitecer|Céu Claro|1|0|0|0
271289|2020-02-23|domingo|19:35:00|PR|277.0|SAO JOSE DOS PINHAIS|Animais na Pista|Saída de leito carroçável|Com Vítimas Feridas|Plena Noite|Nublado|1|0|0|1
271290|2020-02-23|domingo|14:30:00|RO|429.0|SAO MIGUEL DO GUAPORE|Ingestão de Álcool|Saída de leito carroçável|Com Vítimas Feridas|Pleno dia|Nublado|3|0|1|0
271291|2020-02-23|domingo|19:50:00|PR|373.0|CANDOI|Velocidade Incompatível|Colisão traseira|Com Vítimas Feridas|Plena Noite|Céu Claro|2|0|2|0
271292|2020-02-23|domingo|19:50:00|MT|70.0|GENERAL CARNEIRO|Ingestão de Álcool|Colisão frontal|Com Vítimas Feridas|Plena Noite|Céu Claro|2|0|1|0
271293|2020-02-23|domingo|19:10:00|PA|230.0|MARABA|Falta de Atenção à Condução|Colisão lateral|Com Vítimas Feridas|Plena Noite|Céu Claro|3|0|1|0
271294|2020-02-23|domingo|18:00:00|RO|364.0|ARIQUEMES|Animais na Pista|Atropelamento de Animal|Com Vítimas Feridas|Pleno dia|Céu Claro|1|0|0|1
271295|2020-02-23|domingo|20:00:00|SP|116.0|LORENA|Falta de Atenção à Condução|Colisão traseira|Com Vítimas Feridas|Plena Noite|Chuva|2|0|0|1
271296|2020-02-23|domingo|19:30:00|MG|40.0|CURVELO|Ingestão de Álcool|Colisão lateral|Com Vítimas Feridas|Plena Noite|Chuva|2|0|1|0
271297|2020-02-23|domingo|19:20:00|GO|153.0|GOIANIA|Falta de Atenção à Condução|Colisão traseira|Com Vítimas Feridas|Plena Noite|Chuva|4|0|2|0
271298|2020-02-23|domingo|19:05:00|SC|470.0|NAVEGANTES|Desobediência às normas de trânsito pelo condutor|Colisão transversal|Com Vítimas Feridas|Plena Noite|Céu Claro|2|0|1|0
271299|2020-02-23|domingo|20:00:00|PR|277.0|CAMPO LARGO|Falta de Atenção à Condução|Colisão traseira|Com Vítimas Feridas|Plena Noite|Nublado|2|0|1|0
271300|2020-02-23|domingo|20:25:00|RN|405.0|APODI|Ingestão de Álcool|Saída de leito carroçável|Sem Vítimas|Plena Noite|Céu Claro|1|0|0|0
271301|2020-02-23|domingo|19:45:00|RS|290.0|SANTO ANTONIO DA PATRULHA|Defeito Mecânico no Veículo|Incêndio|Sem Vítimas|Plena Noite|Nublado|1|0|0|0
271302|2020-02-23|domingo|17:30:00|RS|285.0|SAO LUIZ GONZAGA|Ingestão de Álcool|Colisão traseira|Com Vítimas Feridas|Pleno dia|Sol|2|0|2|0
271303|2020-02-23|domingo|20:05:00|PE|101.0|RECIFE|Velocidade Incompatível|Atropelamento de Pedestre|Com Vítimas Feridas|Plena Noite|Nublado|2|0|0|1
271304|2020-02-23|domingo|19:30:00|RJ|493.0|SEROPEDICA|Velocidade Incompatível|Saída de leito carroçável|Com Vítimas Feridas|Plena Noite|Nublado|1|0|0|1
271305|2020-02-23|domingo|11:30:00|RS|386.0|BOA VISTA DAS MISSOES|Defeito na Via|Queda de ocupante de veículo|Com Vítimas Feridas|Pleno dia|Céu Claro|1|0|1|0
271306|2020-02-23|domingo|19:00:00|RS|386.0|NOVA SANTA RITA|Desobediência às normas de trânsito pelo condutor|Colisão lateral|Com Vítimas Feridas|Plena Noite|Céu Claro|4|0|2|1
271307|2020-02-23|domingo|18:25:00|RO|364.0|CACOAL|Ingestão de Álcool|Colisão lateral|Sem Vítimas|Anoitecer|Nublado|2|0|0|0
271308|2020-02-23|domingo|19:50:00|PB|230.0|JOAO PESSOA|Defeito na Via|Tombamento|Com Vítimas Feridas|Plena Noite|Céu Claro|1|0|1|0
271309|2020-02-23|domingo|18:50:00|PI|343.0|ALTOS|Ingestão de Álcool|Saída de leito carroçável|Com Vítimas Feridas|Plena Noite|Nublado|1|0|1|0
271310|2020-02-23|domingo|21:00:00|TO|153.0|ARAGUAINA|Ingestão de Álcool|Colisão lateral|Com Vítimas Feridas|Plena Noite|Céu Claro|4|0|2|0
271311|2020-02-23|domingo|20:50:00|GO|153.0|APARECIDA DE GOIANIA|Falta de Atenção à Condução|Saída de leito carroçável|Sem Vítimas|Plena Noite|Chuva|1|0|0|0
271312|2020-02-23|domingo|18:20:00|RN|110.0|UPANEMA|Animais na Pista|Atropelamento de Animal|Com Vítimas Feridas|Plena Noite|Céu Claro|2|0|1|1
271313|2020-02-23|domingo|08:00:00|SP|381.0|ATIBAIA|Ingestão de álcool e/ou substâncias psicoativas pelo pedestre|Engavetamento|Com Vítimas Feridas|Plena Noite|Céu Claro|4|0|1|0
271314|2020-02-23|domingo|21:35:00|PE|101.0|JOAQUIM NABUCO|Ingestão de Álcool|Colisão traseira|Com Vítimas Fatais|Plena Noite|Céu Claro|2|1|0|0
271315|2020-02-23|domingo|19:15:00|RR|401.0|CANTA|Falta de Atenção à Condução|Colisão traseira|Com Vítimas Feridas|Plena Noite|Céu Claro|3|0|1|1
271316|2020-02-23|domingo|20:45:00|RJ|40.0|PETROPOLIS|Defeito Mecânico no Veículo|Tombamento|Com Vítimas Feridas|Plena Noite|Nublado|1|0|1|0
271317|2020-02-23|domingo|21:30:00|PE|101.0|JABOATAO DOS GUARARAPES|Ingestão de Álcool|Atropelamento de Pedestre|Com Vítimas Feridas|Plena Noite|Nublado|3|0|0|1
271318|2020-02-23|domingo|22:10:00|PR|369.0|IBIPORA|Desobediência às normas de trânsito pelo condutor|Colisão frontal|Com Vítimas Feridas|Plena Noite|Nublado|3|0|1|1
271321|2020-02-23|domingo|22:25:00|RS|158.0|SANTA MARIA|Animais na Pista|Colisão frontal|Com Vítimas Feridas|Plena Noite|Céu Claro|5|0|1|0
271322|2020-02-23|domingo|19:31:00|RJ|116.0|PIRAI|Ingestão de Álcool|Colisão transversal|Com Vítimas Feridas|Plena Noite|Nublado|7|0|3|1
271323|2020-02-23|domingo|21:50:00|PR|369.0|JANDAIA DO SUL|Velocidade Incompatível|Saída de leito carroçável|Com Vítimas Fatais|Plena Noite|Céu Claro|2|1|0|0
271324|2020-02-23|domingo|19:15:00|SC|280.0|ARAQUARI|Falta de Atenção à Condução|Colisão traseira|Sem Vítimas|Anoitecer|Céu Claro|2|0|0|0
271325|2020-02-23|domingo|19:45:00|RS|472.0|SANTA ROSA|Ingestão de Álcool|Colisão frontal|Com Vítimas Feridas|Plena Noite|Céu Claro|2|0|1|0
271326|2020-02-23|domingo|20:10:00|RS|472.0|SANTA ROSA|Ingestão de Álcool|Saída de leito carroçável|Sem Vítimas|Plena Noite|Céu Claro|1|0|0|0
271327|2020-02-23|domingo|21:25:00|RJ|356.0|ITAPERUNA|Desobediência às normas de trânsito pelo condutor|Colisão lateral|Com Vítimas Feridas|Plena Noite|Céu Claro|3|0|1|0
271328|2020-02-23|domingo|23:00:00|GO|414.0|CORUMBA DE GOIAS|Ingestão de Álcool|Saída de leito carroçável|Com Vítimas Fatais|Plena Noite|Céu Claro|3|2|0|1
271329|2020-02-23|domingo|22:20:00|MG|262.0|JUATUBA|Condutor Dormindo|Saída de leito carroçável|Com Vítimas Feridas|Plena Noite|Nublado|2|0|2|0
271331|2020-02-23|domingo|22:50:00|MG|365.0|UBERLANDIA|Falta de Atenção à Condução|Colisão traseira|Com Vítimas Feridas|Plena Noite|Céu Claro|2|0|1|0
271332|2020-02-23|domingo|23:10:00|SP|116.0|CACAPAVA|Desobediência às normas de trânsito pelo pedestre|Atropelamento de Pedestre|Com Vítimas Fatais|Plena Noite|Nublado|2|1|1|0
271333|2020-02-23|domingo|22:35:00|RJ|101.0|ITABORAI|Velocidade Incompatível|Tombamento|Com Vítimas Feridas|Plena Noite|Nublado|2|0|2|0
271334|2020-02-23|domingo|23:00:00|SC|101.0|TIJUCAS|Ingestão de Álcool|Atropelamento de Pedestre|Com Vítimas Fatais|Plena Noite|Céu Claro|2|1|0|0
271336|2020-02-23|domingo|22:30:00|SP|116.0|ITAPECERICA DA SERRA|Ingestão de Álcool|Colisão lateral|Sem Vítimas|Plena Noite|Nublado|3|0|0|0
271338|2020-02-23|domingo|23:30:00|CE|116.0|CHOROZINHO|Desobediência às normas de trânsito pelo condutor|Colisão com objeto estático|Com Vítimas Feridas|Plena Noite|Céu Claro|1|0|1|0
271339|2020-02-23|domingo|22:55:00|BA|324.0|FEIRA DE SANTANA|Ingestão de Álcool|Colisão transversal|Com Vítimas Feridas|Plena Noite|Céu Claro|3|0|3|0
271340|2020-02-23|domingo|18:40:00|SC|470.0|IBIRAMA|Velocidade Incompatível|Colisão frontal|Com Vítimas Feridas|Pleno dia|Sol|2|0|1|0
271341|2020-02-23|domingo|22:00:00|SC|470.0|POUSO REDONDO|Ingestão de álcool e/ou substâncias psicoativas pelo pedestre|Colisão frontal|Com Vítimas Feridas|Plena Noite|Céu Claro|5|0|1|2
271342|2020-02-23|domingo|22:25:00|RO|319.0|PORTO VELHO|Ingestão de Álcool|Colisão transversal|Com Vítimas Feridas|Plena Noite|Céu Claro|2|0|1|1
271343|2020-02-23|domingo|19:10:00|MG|262.0|MANHUACU|Falta de Atenção à Condução|Colisão traseira|Sem Vítimas|Plena Noite|Nublado|2|0|0|0
271344|2020-02-24|segunda-feira|00:25:00|RJ|101.0|NITEROI|Desobediência às normas de trânsito pelo pedestre|Atropelamento de Pedestre|Com Vítimas Feridas|Plena Noite|Céu Claro|2|0|0|1
271345|2020-02-24|segunda-feira|00:20:00|PE|101.0|JABOATAO DOS GUARARAPES|Animais na Pista|Atropelamento de Animal|Com Vítimas Fatais|Plena Noite|Céu Claro|1|1|0|0
271346|2020-02-23|domingo|19:30:00|MT|70.0|CAMPO VERDE|Falta de Atenção à Condução|Colisão traseira|Com Vítimas Feridas|Plena Noite|Garoa/Chuvisco|5|0|0|2
271347|2020-02-23|domingo|17:40:00|RO|319.0|PORTO VELHO|Falta de Atenção à Condução|Tombamento|Com Vítimas Feridas|Plena Noite|Céu Claro|2|0|1|0
271348|2020-02-24|segunda-feira|00:10:00|SC|470.0|NAVEGANTES|Desobediência às normas de trânsito pelo condutor|Colisão frontal|Com Vítimas Feridas|Plena Noite|Nublado|2|0|0|1
271349|2020-02-23|domingo|23:25:00|SC|282.0|CATANDUVAS|Falta de Atenção do Pedestre|Atropelamento de Pedestre|Com Vítimas Fatais|Plena Noite|Céu Claro|2|1|0|0
271350|2020-02-23|domingo|22:40:00|RS|392.0|GUARANI DAS MISSOES|Desobediência às normas de trânsito pelo condutor|Saída de leito carroçável|Com Vítimas Feridas|Plena Noite|Céu Claro|4|0|0|3
271351|2020-02-23|domingo|23:25:00|PR|487.0|TUNEIRAS DO OESTE|Condutor Dormindo|Saída de leito carroçável|Com Vítimas Feridas|Plena Noite|Nublado|18|0|3|0
271352|2020-02-23|domingo|22:45:00|RR||BOA VISTA|Desobediência às normas de trânsito pelo condutor|Colisão transversal|Com Vítimas Feridas|Plena Noite|Céu Claro|2|0|1|0
271353|2020-02-24|segunda-feira|01:20:00|MG|116.0|TEOFILO OTONI|Falta de Atenção à Condução|Tombamento|Com Vítimas Feridas|Plena Noite|Céu Claro|1|0|1|0
271354|2020-02-24|segunda-feira|00:05:00|BA|101.0|ARATACA|Falta de Atenção à Condução|Tombamento|Com Vítimas Feridas|Plena Noite|Céu Claro|2|0|0|1
271355|2020-02-24|segunda-feira|00:45:00|SC|470.0|NAVEGANTES|Defeito na Via|Colisão frontal|Com Vítimas Fatais|Plena Noite|Nublado|2|1|0|0
271356|2020-02-24|segunda-feira|02:40:00|MG|364.0|FRUTAL|Ingestão de Álcool|Danos eventuais|Sem Vítimas|Plena Noite|Nublado|3|0|0|0
271357|2020-02-24|segunda-feira|02:30:00|PR|476.0|CURITIBA|Falta de Atenção à Condução|Colisão com objeto estático|Com Vítimas Feridas|Plena Noite|Nublado|2|0|2|0
271358|2020-02-23|domingo|12:00:00|MA|230.0|PASTOS BONS|Defeito Mecânico no Veículo|Incêndio|Sem Vítimas|Pleno dia|Céu Claro|2|0|0|0
271360|2020-02-24|segunda-feira|01:30:00|SE|235.0|ITABAIANA|Falta de Atenção à Condução|Queda de ocupante de veículo|Com Vítimas Feridas|Plena Noite|Céu Claro|1|0|0|1
271361|2020-02-24|segunda-feira|03:00:00|MG|365.0|PATOS DE MINAS|Condutor Dormindo|Saída de leito carroçável|Com Vítimas Feridas|Plena Noite|Chuva|1|0|1|0
271362|2020-02-24|segunda-feira|01:30:00|PI|316.0|ELESBAO VELOSO|Condutor Dormindo|Saída de leito carroçável|Com Vítimas Feridas|Plena Noite|Chuva|2|0|1|1
271363|2020-02-24|segunda-feira|03:45:00|SC|101.0|CAPIVARI DE BAIXO|Falta de Atenção à Condução|Colisão com objeto estático|Com Vítimas Feridas|Plena Noite|Céu Claro|3|0|1|0
271364|2020-02-24|segunda-feira|02:00:00|SC|101.0|BALNEARIO CAMBORIU|Falta de Atenção à Condução|Queda de ocupante de veículo|Com Vítimas Feridas|Plena Noite|Céu Claro|1|0|0|1
271365|2020-02-24|segunda-feira|04:20:00|SC|101.0|PAULO LOPES|Ingestão de Álcool|Saída de leito carroçável|Com Vítimas Feridas|Plena Noite|Céu Claro|4|0|3|1
271366|2020-02-24|segunda-feira|03:10:00|MT|163.0|RONDONOPOLIS|Pista Escorregadia|Saída de leito carroçável|Sem Vítimas|Plena Noite|Garoa/Chuvisco|1|0|0|0
271367|2020-02-24|segunda-feira|04:15:00|SP|116.0|MIRACATU|Não guardar distância de segurança|Colisão traseira|Com Vítimas Feridas|Plena Noite|Céu Claro|5|0|0|4
271368|2020-02-24|segunda-feira|03:45:00|RS|287.0|SAO VICENTE DO SUL|Ingestão de Álcool|Saída de leito carroçável|Com Vítimas Feridas|Plena Noite|Céu Claro|1|0|0|1
271369|2020-02-24|segunda-feira|05:20:00|PR|277.0|CURITIBA|Velocidade Incompatível|Colisão traseira|Com Vítimas Feridas|Amanhecer|Céu Claro|5|0|1|0
271370|2020-02-24|segunda-feira|05:40:00|SC|101.0|PALHOCA|Velocidade Incompatível|Saída de leito carroçável|Sem Vítimas|Pleno dia|Céu Claro|1|0|0|0
271371|2020-02-24|segunda-feira|05:45:00|MG|381.0|BETIM|Falta de Atenção à Condução|Atropelamento de Pedestre|Com Vítimas Feridas|Amanhecer|Nublado|2|0|1|0
271372|2020-02-24|segunda-feira|05:45:00|SC|101.0|ITAJAI|Falta de Atenção à Condução|Colisão lateral|Sem Vítimas|Amanhecer|Nublado|2|0|0|0
271373|2020-02-24|segunda-feira|03:50:00|RN|101.0|CEARA-MIRIM|Ingestão de Álcool|Colisão com objeto estático|Sem Vítimas|Plena Noite|Céu Claro|1|0|0|0
271374|2020-02-23|domingo|20:00:00|MA|316.0|ARAGUANA|Defeito na Via|Colisão frontal|Com Vítimas Fatais|Plena Noite|Céu Claro|5|1|3|1
271375|2020-02-23|domingo|22:00:00|RJ|101.0|MANGARATIBA|Falta de Atenção à Condução|Colisão frontal|Com Vítimas Feridas|Plena Noite|Chuva|3|0|1|0
271376|2020-02-24|segunda-feira|06:15:00|PR|277.0|CEU AZUL|Condutor Dormindo|Colisão lateral|Sem Vítimas|Amanhecer|Céu Claro|2|0|0|0
271377|2020-02-24|segunda-feira|07:40:00|SP|153.0|SAO JOSE DO RIO PRETO|Velocidade Incompatível|Tombamento|Com Vítimas Feridas|Pleno dia|Nublado|1|0|1|0
271378|2020-02-24|segunda-feira|06:35:00|RO|364.0|CACOAL|Falta de Atenção à Condução|Colisão transversal|Com Vítimas Fatais|Pleno dia|Céu Claro|3|1|1|0
271379|2020-02-24|segunda-feira|06:30:00|MT|364.0|PEDRA PRETA|Falta de Atenção à Condução|Queda de ocupante de veículo|Com Vítimas Feridas|Pleno dia|Nublado|1|0|1|0
271380|2020-02-24|segunda-feira|07:50:00|SC|101.0|BIGUACU|Defeito Mecânico no Veículo|Queda de ocupante de veículo|Com Vítimas Feridas|Pleno dia|Céu Claro|2|0|2|0
271381|2020-02-24|segunda-feira|07:14:00|RJ|101.0|RIO DE JANEIRO|Condutor Dormindo|Saída de leito carroçável|Com Vítimas Feridas|Pleno dia|Céu Claro|1|0|0|1
271382|2020-02-01|sábado|14:20:00|BA|330.0|JEQUIE|Falta de Atenção à Condução|Colisão transversal|Com Vítimas Feridas|Pleno dia|Céu Claro|2|0|0|1
271383|2020-02-24|segunda-feira|08:00:00|RJ|116.0|RIO DE JANEIRO|Falta de Atenção à Condução|Tombamento|Com Vítimas Feridas|Pleno dia|Céu Claro|3|0|1|0
271385|2020-02-24|segunda-feira|08:30:00|SC|101.0|PALHOCA|Defeito Mecânico no Veículo|Colisão traseira|Com Vítimas Feridas|Pleno dia|Sol|2|0|0|1
271386|2020-02-24|segunda-feira|08:00:00|SP|116.0|SAO JOSE DOS CAMPOS|Não guardar distância de segurança|Colisão lateral|Com Vítimas Feridas|Pleno dia|Nublado|3|0|1|0
271387|2020-02-24|segunda-feira|08:30:00|RS|290.0|GRAVATAI|Condutor Dormindo|Colisão traseira|Com Vítimas Feridas|Pleno dia|Sol|2|0|1|1
271388|2020-02-24|segunda-feira|06:10:00|RR|174.0|BOA VISTA|Desobediência às normas de trânsito pelo condutor|Saída de leito carroçável|Com Vítimas Fatais|Amanhecer|Céu Claro|3|1|0|1
271389|2020-02-24|segunda-feira|08:30:00|RJ|101.0|RIO BONITO|Falta de Atenção à Condução|Colisão com objeto estático|Com Vítimas Feridas|Pleno dia|Céu Claro|4|0|1|0
271390|2020-02-24|segunda-feira|09:00:00|MG|381.0|CAMPANHA|Velocidade Incompatível|Colisão com objeto estático|Com Vítimas Feridas|Pleno dia|Chuva|1|0|1|0