id|data_inversa|dia_semana|horario|uf|br|municipio|causa_acidente|tipo_acidente|classificacao_acidente|fase_dia|condicao_metereologica|pessoas|mortos|feridos_leves|feridos_graves
271391|2020-02-24|segunda-feira|09:15:00|MG|40.0|SETE LAGOAS|Avarias e/ou desgaste excessivo no pneu|Saída de leito carroçável|Com Vítimas Feridas|Pleno dia|Chuva|2|0|1|0
271392|2020-02-24|segunda-feira|09:15:00|MG|381.0|ITAGUARA|Defeito Mecânico no Veículo|Saída de leito carroçável|Com Vítimas Feridas|Pleno dia|Nublado|2|0|1|0
271393|2020-02-24|segunda-feira|09:15:00|SC|101.0|BALNEARIO CAMBORIU|Desobediência às normas de trânsito pelo condutor|Colisão transversal|Com Vítimas Feridas|Pleno dia|Céu Claro|2|0|1|0
271394|2020-02-24|segunda-feira|08:05:00|SC|282.0|XAXIM|Falta de Atenção à Condução|Colisão traseira|Sem Vítimas|Pleno dia|Céu Claro|2|0|0|0
271396|2020-02-24|segunda-feira|09:40:00|PE|101.0|RECIFE|Falta de Atenção do Pedestre|Atropelamento de Pedestre|Com Vítimas Feridas|Pleno dia|Céu Claro|3|0|0|1
271397|2020-02-24|segunda-feira|06:00:00|BA|367.0|PORTO SEGURO|Ingestão de Álcool|Saída de leito carroçável|Sem Vítimas|Amanhecer|Céu Claro|1|0|0|0
271398|2020-02-24|segunda-feira|09:40:00|PA|163.0|SANTAREM|Não guardar distância de segurança|Colisão traseira|Sem Vítimas|Pleno dia|Céu Claro|2|0|0|0
271399|2020-02-24|segunda-feira|05:30:00|CE|230.0|VARZEA ALEGRE|Falta de Atenção à Condução|Colisão traseira|Com Vítimas Feridas|Amanhecer|Chuva|3|0|0|2
271400|2020-02-24|segunda-feira|09:00:00|GO|70.0|MONTES CLAROS DE GOIAS|Falta de Atenção à Condução|Saída de leito carroçável|Com Vítimas Feridas|Pleno dia|Chuva|2|0|2|0
271401|2020-02-24|segunda-feira|05:30:00|MG|381.0|NOVA UNIAO|Falta de Atenção à Condução|Colisão frontal|Com Vítimas Feridas|Amanhecer|Ignorado|4|0|0|1
271402|2020-02-24|segunda-feira|09:30:00|SC|101.0|BARRA VELHA|Avarias e/ou desgaste excessivo no pneu|Queda de ocupante de veículo|Com Vítimas Feridas|Pleno dia|Nublado|1|0|1|0
271403|2020-02-24|segunda-feira|07:50:00|AC|364.0|RIO BRANCO|Defeito na Via|Colisão lateral|Com Vítimas Feridas|Pleno dia|Céu Claro|2|0|1|0
271404|2020-02-24|segunda-feira|09:45:00|MG|262.0|CORREGO DANTA|Velocidade Incompatível|Saída de leito carroçável|Com Vítimas Feridas|Pleno dia|Garoa/Chuvisco|2|0|2|0
271405|2020-02-24|segunda-feira|10:10:00|PB|230.0|SOBRADO|Falta de Atenção à Condução|Saída de leito carroçável|Com Vítimas Feridas|Pleno dia|Céu Claro|1|0|0|1
271406|2020-02-24|segunda-feira|10:49:00|PI|316.0|IPIRANGA DO PIAUI|Falta de Atenção à Condução|Colisão transversal|Com Vítimas Feridas|Pleno dia|Céu Claro|3|0|2|0
271407|2020-02-24|segunda-feira|11:00:00|MG|381.0|BRUMADINHO|Falta de Atenção à Condução|Tombamento|Com Vítimas Feridas|Pleno dia|Nublado|5|0|2|0
271408|2020-02-24|segunda-feira|11:20:00|GO|153.0|GOIANIA|Falta de Atenção à Condução|Colisão traseira|Com Vítimas Feridas|Pleno dia|Chuva|7|0|1|4
271409|2020-02-24|segunda-feira|09:30:00|MG|267.0|LIMA DUARTE|Defeito Mecânico no Veículo|Incêndio|Sem Vítimas|Pleno dia|Nublado|1|0|0|0
271410|2020-02-24|segunda-feira|11:15:00|RS|290.0|PORTO ALEGRE|Defeito Mecânico no Veículo|Tombamento|Com Vítimas Feridas|Pleno dia|Sol|2|0|2|0
271411|2020-02-24|segunda-feira|12:15:00|GO|60.0|ALEXANIA|Avarias e/ou desgaste excessivo no pneu|Saída de leito carroçável|Com Vítimas Feridas|Pleno dia|Chuva|3|0|2|0
271412|2020-02-24|segunda-feira|12:00:00|ES|101.0|CARIACICA|Defeito Mecânico no Veículo|Tombamento|Com Vítimas Feridas|Pleno dia|Nublado|2|0|2|0
271413|2020-02-24|segunda-feira|12:35:00|GO|20.0|ALVORADA DO NORTE|Falta de Atenção à Condução|Colisão traseira|Com Vítimas Feridas|Pleno dia|Chuva|6|0|3|1
271414|2020-02-24|segunda-feira|11:40:00|MG|381.0|OLIVEIRA|Velocidade Incompatível|Colisão com objeto estático|Com Vítimas Feridas|Pleno dia|Garoa/Chuvisco|2|0|2|0
271415|2020-02-24|segunda-feira|11:55:00|BA|116.0|JEQUIE|Pista Escorregadia|Colisão lateral|Com Vítimas Feridas|Pleno dia|Chuva|3|0|1|0
271417|2020-02-24|segunda-feira|11:25:00|PR|277.0|SAO JOSE DOS PINHAIS|Velocidade Incompatível|Saída de leito carroçável|Com Vítimas Fatais|Pleno dia|Nublado|1|1|0|0
271418|2020-02-24|segunda-feira|12:45:00|ES|101.0|LINHARES|Ultrapassagem Indevida|Colisão lateral|Com Vítimas Feridas|Pleno dia|Nublado|1|0|1|0
271419|2020-02-24|segunda-feira|13:40:00|SP|116.0|GUARULHOS|Falta de Atenção à Condução|Colisão lateral|Com Vítimas Feridas|Pleno dia|Céu Claro|2|0|1|0
271420|2020-02-24|segunda-feira|12:43:00|RO|364.0|PORTO VELHO|Não guardar distância de segurança|Colisão traseira|Sem Vítimas|Pleno dia|Nublado|2|0|0|0
271421|2020-02-24|segunda-feira|09:30:00|MT|364.0|SANTO ANTONIO DO LEVERGER|Falta de Atenção à Condução|Colisão traseira|Com Vítimas Feridas|Pleno dia|Nublado|2|0|2|0
271422|2020-02-24|segunda-feira|13:30:00|TO|153.0|GURUPI|Falta de Atenção à Condução|Colisão traseira|Com Vítimas Feridas|Pleno dia|Céu Claro|3|0|1|0
271423|2020-02-24|segunda-feira|13:10:00|RS|386.0|BOA VISTA DAS MISSOES|Defeito Mecânico no Veículo|Incêndio|Sem Vítimas|Pleno dia|Nublado|1|0|0|0
271424|2020-02-24|segunda-feira|13:00:00|RN|101.0|PARNAMIRIM|Falta de Atenção à Condução|Colisão traseira|Com Vítimas Feridas|Pleno dia|Sol|2|0|1|0
271425|2020-02-24|segunda-feira|13:25:00|MG|116.0|ITAMBACURI|Desobediência às normas de trânsito pelo condutor|Colisão frontal|Com Vítimas Fatais|Pleno dia|Nublado|4|1|3|0
271426|2020-02-24|segunda-feira|13:15:00|ES|262.0|IUNA|Falta de Atenção à Condução|Colisão lateral|Com Vítimas Feridas|Pleno dia|Céu Claro|2|0|0|1
271427|2020-02-24|segunda-feira|13:50:00|PR|116.0|FAZENDA RIO GRANDE|Falta de Atenção à Condução|Colisão lateral|Com Vítimas Feridas|Pleno dia|Nublado|2|0|1|0
271428|2020-02-24|segunda-feira|12:20:00|CE|304.0|ARACATI|Falta de Atenção à Condução|Colisão traseira|Sem Vítimas|Pleno dia|Céu Claro|2|0|0|0
271429|2020-02-24|segunda-feira|13:00:00|MS|163.0|DOURADOS|Falta de Atenção à Condução|Colisão frontal|Com Vítimas Feridas|Pleno dia|Sol|2|0|0|1
271430|2020-02-24|segunda-feira|13:15:00|AL|104.0|SAO JOSE DA LAJE|Falta de Atenção à Condução|Colisão lateral|Com Vítimas Feridas|Pleno dia|Céu Claro|3|0|0|1
271431|2020-02-24|segunda-feira|14:25:00|SC|280.0|ARAQUARI|Ingestão de Álcool|Colisão transversal|Sem Vítimas|Pleno dia|Céu Claro|2|0|0|0
271432|2020-02-24|segunda-feira|13:50:00|AL|101.0|RIO LARGO|Desobediência às normas de trânsito pelo condutor|Colisão traseira|Com Vítimas Feridas|Pleno dia|Céu Claro|2|0|1|0
271433|2020-02-24|segunda-feira|13:20:00|RJ|116.0|BARRA MANSA|Pista Escorregadia|Colisão com objeto estático|Com Vítimas Feridas|Pleno dia|Chuva|3|0|2|1
271434|2020-02-24|segunda-feira|14:30:00|MG|381.0|BETIM|Não guardar distância de segurança|Colisão lateral|Com Vítimas Feridas|Pleno dia|Garoa/Chuvisco|3|0|1|0
271436|2020-02-24|segunda-feira|14:30:00|SP|381.0|SAO PAULO|Velocidade Incompatível|Saída de leito carroçável|Com Vítimas Feridas|Pleno dia|Garoa/Chuvisco|1|0|0|1
271437|2020-02-23|domingo|18:50:00|SC|280.0|CANOINHAS|Ingestão de Álcool|Colisão traseira|Com Vítimas Feridas|Pleno dia|Céu Claro|3|0|2|0
271438|2020-02-24|segunda-feira|14:10:00|RJ|101.0|PARATY|Não guardar distância de segurança|Colisão traseira|Com Vítimas Feridas|Pleno dia|Céu Claro|2|0|1|0
271439|2020-02-24|segunda-feira|14:50:00|SP|116.0|JACAREI|Falta de Atenção à Condução|Colisão com objeto estático|Com Vítimas Feridas|Pleno dia|Nublado|2|0|1|0
271440|2020-02-24|segunda-feira|15:20:00|PE|101.0|IGARASSU|Não guardar distância de segurança|Queda de ocupante de veículo|Com Vítimas Feridas|Pleno dia|Céu Claro|2|0|1|0
271441|2020-02-24|segunda-feira|14:30:00|BA|116.0|ARACI|Falta de Atenção à Condução|Colisão transversal|Com Vítimas Feridas|Pleno dia|Céu Claro|2|0|0|1
271442|2020-02-24|segunda-feira|15:10:00|MG|381.0|CARMOPOLIS DE MINAS|Falta de Atenção à Condução|Saída de leito carroçável|Com Vítimas Feridas|Pleno dia|Nublado|1|0|1|0
271443|2020-02-24|segunda-feira|15:40:00|SP|116.0|TABOAO DA SERRA|Falta de Atenção à Condução|Colisão lateral|Com Vítimas Feridas|Pleno dia|Céu Claro|3|0|1|0
271444|2020-02-24|segunda-feira|15:00:00|PB|101.0|JOAO PESSOA|Falta de Atenção à Condução|Colisão traseira|Com Vítimas Feridas|Pleno dia|Céu Claro|1|0|1|0
271445|2020-02-24|segunda-feira|15:50:00|SP|101.0|UBATUBA|Desobediência às normas de trânsito pelo condutor|Colisão com objeto estático|Com Vítimas Feridas|Pleno dia|Céu Claro|3|0|0|1
271446|2020-02-24|segunda-feira|15:30:00|MG|381.0|SABARA|Desobediência às normas de trânsito pelo condutor|Colisão lateral|Com Vítimas Feridas|Pleno dia|Nublado|4|0|0|1
271447|2020-02-24|segunda-feira|14:10:00|MS|359.0|COXIM|Pista Escorregadia|Saída de leito carroçável|Com Vítimas Feridas|Pleno dia|Chuva|3|0|2|0
271448|2020-02-24|segunda-feira|16:08:00|SE|235.0|NOSSA SENHORA DO SOCORRO|Não guardar distância de segurança|Colisão traseira|Com Vítimas Feridas|Pleno dia|Céu Claro|6|0|4|0
271449|2020-02-24|segunda-feira|16:12:00|SP|116.0|ITAPECERICA DA SERRA|Avarias e/ou desgaste excessivo no pneu|Tombamento|Com Vítimas Feridas|Pleno dia|Nublado|3|0|2|0
271450|2020-02-24|segunda-feira|15:12:00|MG|50.0|UBERABA|Falta de Atenção à Condução|Colisão com objeto estático|Com Vítimas Feridas|Pleno dia|Céu Claro|2|0|1|0
271451|2020-02-24|segunda-feira|15:30:00|RS|158.0|SANTA MARIA|Defeito na Via|Queda de ocupante de veículo|Com Vítimas Feridas|Pleno dia|Céu Claro|2|0|2|0
271452|2020-02-24|segunda-feira|16:25:00|MG|459.0|CALDAS|Condutor Dormindo|Colisão com objeto estático|Com Vítimas Feridas|Pleno dia|Chuva|1|0|1|0
271453|2020-02-24|segunda-feira|14:50:00|RR|432.0|CANTA|Ingestão de Álcool|Saída de leito carroçável|Com Vítimas Feridas|Pleno dia|Céu Claro|1|0|0|1
271454|2020-02-24|segunda-feira|16:00:00|MG|354.0|POUSO ALTO|Velocidade Incompatível|Colisão frontal|Com Vítimas Feridas|Pleno dia|Chuva|5|0|4|0
271455|2020-02-24|segunda-feira|11:40:00|BA|101.0|CARAVELAS|Carga excessiva e/ou mal acondicionada|Tombamento|Sem Vítimas|Pleno dia|Céu Claro|1|0|0|0
271456|2020-02-24|segunda-feira|16:40:00|PR|476.0|CURITIBA|Agressão Externa|Colisão lateral|Com Vítimas Feridas|Pleno dia|Céu Claro|3|0|1|0
271457|2020-02-24|segunda-feira|17:10:00|MG|262.0|JUATUBA|Desobediência às normas de trânsito pelo condutor|Colisão transversal|Com Vítimas Feridas|Pleno dia|Chuva|2|0|1|0
271458|2020-02-24|segunda-feira|17:40:00|ES|101.0|VITORIA|Não guardar distância de segurança|Tombamento|Com Vítimas Feridas|Anoitecer|Nublado|1|0|1|0
271459|2020-02-24|segunda-feira|17:40:00|RS|116.0|PICADA CAFE|Falta de Atenção à Condução|Colisão transversal|Com Vítimas Feridas|Pleno dia|Chuva|2|0|1|0
271460|2020-02-24|segunda-feira|14:55:00|AC|317.0|EPITACIOLANDIA|Velocidade Incompatível|Saída de leito carroçável|Com Vítimas Feridas|Pleno dia|Sol|2|0|2|0
271461|2020-02-24|segunda-feira|17:21:00|BA|324.0|FEIRA DE SANTANA|Falta de Atenção à Condução|Queda de ocupante de veículo|Com Vítimas Feridas|Anoitecer|Céu Claro|2|0|2|0
271462|2020-02-24|segunda-feira|09:30:00|MA|402.0|PRIMEIRA CRUZ|Defeito Mecânico no Veículo|Saída de leito carroçável|Com Vítimas Fatais|Pleno dia|Sol|5|1|0|4
271463|2020-02-24|segunda-feira|17:00:00|MG|381.0|EXTREMA|Velocidade Incompatível|Saída de leito carroçável|Com Vítimas Feridas|Pleno dia|Chuva|2|0|1|0
271465|2020-02-14|sexta-feira|08:50:00|MG|50.0|UBERLANDIA|Falta de Atenção à Condução|Colisão traseira|Com Vítimas Feridas|Pleno dia|Sol|3|0|2|0
271466|2020-02-24|segunda-feira|17:45:00|SP|116.0|EMBU DAS ARTES|Não guardar distância de segurança|Colisão traseira|Com Vítimas Feridas|Anoitecer|Chuva|3|0|2|0
271467|2020-02-24|segunda-feira|09:45:00|RJ|101.0|PARATY|Falta de Atenção à Condução|Colisão lateral|Com Vítimas Feridas|Pleno dia|Céu Claro|3|0|0|1
271468|2020-02-24|segunda-feira|18:30:00|RN|110.0|AREIA BRANCA|Ingestão de álcool e/ou substâncias psicoativas pelo pedestre|Atropelamento de Pedestre|Com Vítimas Feridas|Plena Noite|Céu Claro|2|0|1|0
271471|2020-02-24|segunda-feira|15:55:00|PE|423.0|JUCATI|Desobediência às normas de trânsito pelo condutor|Colisão frontal|Com Vítimas Feridas|Pleno dia|Céu Claro|2|0|0|1
271472|2020-02-24|segunda-feira|18:47:00|RJ|116.0|TERESOPOLIS|Falta de Atenção à Condução|Colisão transversal|Com Vítimas Feridas|Plena Noite|Chuva|2|0|1|0
271473|2020-02-24|segunda-feira|14:05:00|MT|70.0|PRIMAVERA DO LESTE|Ingestão de Álcool|Saída de leito carroçável|Com Vítimas Feridas|Pleno dia|Nublado|1|0|1|0
271475|2020-02-24|segunda-feira|18:15:00|MS|163.0|BANDEIRANTES|Falta de Atenção à Condução|Saída de leito carroçável|Sem Vítimas|Plena Noite|Nublado|2|0|0|0
271476|2020-02-24|segunda-feira|18:50:00|RN|101.0|NATAL|Não guardar distância de segurança|Colisão traseira|Com Vítimas Feridas|Plena Noite|Céu Claro|2|0|0|1
271477|2020-02-24|segunda-feira|18:40:00|SP|116.0|MIRACATU|Velocidade Incompatível|Colisão lateral|Com Vítimas Feridas|Pleno dia|Nublado|2|0|2|0
271479|2020-02-24|segunda-feira|18:00:00|PI|316.0|LAGOINHA DO PIAUI|Desobediência às normas de trânsito pelo condutor|Colisão transversal|Com Vítimas Feridas|Plena Noite|Céu Claro|3|0|3|0
271480|2020-02-24|segunda-feira|19:05:00|GO|153.0|HIDROLANDIA|Ingestão de Álcool|Colisão traseira|Com Vítimas Feridas|Plena Noite|Nublado|2|0|1|0
271481|2020-02-24|segunda-feira|18:00:00|MG|40.0|PARAOPEBA|Velocidade Incompatível|Saída de leito carroçável|Com Vítimas Feridas|Anoitecer|Chuva|1|0|1|0
271482|2020-02-24|segunda-feira|19:20:00|RJ|116.0|PIRAI|Falta de Atenção do Pedestre|Atropelamento de Pedestre|Com Vítimas Feridas|Plena Noite|Nublado|2|0|1|0
271483|2020-02-24|segunda-feira|19:18:00|PB|101.0|MATARACA|Velocidade Incompatível|Colisão com objeto estático|Com Vítimas Feridas|Plena Noite|Céu Claro|1|0|1|0
271484|2020-02-24|segunda-feira|19:41:00|DF|60.0|BRASILIA|Animais na Pista|Atropelamento de Animal|Com Vítimas Feridas|Pleno dia|Garoa/Chuvisco|2|0|2|0
271485|2020-02-24|segunda-feira|19:35:00|PR|277.0|CASCAVEL|Ultrapassagem Indevida|Colisão lateral|Com Vítimas Feridas|Plena Noite|Céu Claro|6|0|1|0
271486|2020-02-24|segunda-feira|19:40:00|PI|343.0|PARNAIBA|Desobediência às normas de trânsito pelo condutor|Colisão traseira|Com Vítimas Feridas|Plena Noite|Nublado|4|0|1|1
271488|2020-02-24|segunda-feira|18:45:00|MT|163.0|SINOP|Ingestão de Álcool|Saída de leito carroçável|Sem Vítimas|Plena Noite|Nublado|1|0|0|0
271490|2020-02-24|segunda-feira|20:10:00|CE|116.0|FORTALEZA|Animais na Pista|Atropelamento de Animal|Com Vítimas Feridas|Plena Noite|Nublado|1|0|1|0
271491|2020-02-24|segunda-feira|20:30:00|GO|60.0|GOIANAPOLIS|Desobediência às normas de trânsito pelo pedestre|Atropelamento de Pedestre|Com Vítimas Feridas|Plena Noite|Chuva|2|0|0|1
271492|2020-02-24|segunda-feira|21:00:00|SP|153.0|BADY BASSITT|Falta de Atenção à Condução|Colisão transversal|Sem Vítimas|Plena Noite|Nublado|2|0|0|0
271493|2020-02-24|segunda-feira|19:05:00|RJ|40.0|DUQUE DE CAXIAS|Falta de Atenção à Condução|Colisão traseira|Com Vítimas Feridas|Plena Noite|Nublado|4|0|1|0
271494|2020-02-24|segunda-feira|21:00:00|GO|153.0|GOIANIA|Desobediência às normas de trânsito pelo pedestre|Atropelamento de Pedestre|Com Vítimas Fatais|Plena Noite|Céu Claro|3|1|0|1
271495|2020-02-24|segunda-feira|19:40:00|SC|101.0|JOINVILLE|Falta de Atenção do Pedestre|Atropelamento de Pedestre|Com Vítimas Feridas|Anoitecer|Céu Claro|2|0|0|1
271496|2020-02-24|segunda-feira|20:50:00|SC|470.0|RIO DO SUL|Desobediência às normas de trânsito pelo condutor|Colisão traseira|Com Vítimas Feridas|Plena Noite|Céu Claro|2|0|1|0
271497|2020-02-24|segunda-feira|20:20:00|RO|364.0|PIMENTA BUENO|Defeito na Via|Tombamento|Com Vítimas Feridas|Plena Noite|Nublado|1|0|1|0
271498|2020-02-24|segunda-feira|21:35:00|GO|50.0|CRISTALINA|Desobediência às normas de trânsito pelo condutor|Colisão frontal|Com Vítimas Feridas|Plena Noite|Nublado|2|0|0|1
271499|2020-02-24|segunda-feira|21:40:00|MG|267.0|LIMA DUARTE|Desobediência às normas de trânsito pelo condutor|Colisão frontal|Com Vítimas Feridas|Plena Noite|Chuva|4|0|3|1
271500|2020-02-24|segunda-feira|18:30:00|MG|153.0|FRUTAL|Falta de Atenção à Condução|Saída de leito carroçável|Sem Vítimas|Anoitecer|Nublado|1|0|0|0
271501|2020-02-24|segunda-feira|20:30:00|BA|407.0|JUAZEIRO|Falta de Atenção à Condução|Colisão transversal|Com Vítimas Feridas|Plena Noite|Céu Claro|2|0|1|0
271503|2020-02-24|segunda-feira|18:50:00|RJ|116.0|RIO DE JANEIRO|Falta de Atenção à Condução|Colisão com objeto estático|Sem Vítimas|Plena Noite|Chuva|1|0|0|0
271504|2020-02-24|segunda-feira|22:00:00|RS|285.0|PASSO FUNDO|Falta de Atenção à Condução|Colisão transversal|Com Vítimas Feridas|Plena Noite|Céu Claro|3|0|1|0
271505|2020-02-24|segunda-feira|22:50:00|SP|101.0|UBATUBA|Pista Escorregadia|Tombamento|Com Vítimas Feridas|Plena Noite|Garoa/Chuvisco|1|0|1|0
271506|2020-02-24|segunda-feira|22:00:00|MG|381.0|CAMPANHA|Falta de Atenção à Condução|Saída de leito carroçável|Com Vítimas Feridas|Plena Noite|Chuva|2|0|1|0
271507|2020-02-24|segunda-feira|22:15:00|DF|70.0|BRASILIA|Animais na Pista|Atropelamento de Animal|Sem Vítimas|Plena Noite|Nublado|1|0|0|0
271508|2020-02-24|segunda-feira|21:40:00|PA|316.0|CAPANEMA|Não guardar distância de segurança|Colisão traseira|Com Vítimas Feridas|Plena Noite|Nublado|2|0|2|0
271509|2020-02-24|segunda-feira|22:10:00|BA|116.0|ENCRUZILHADA|Falta de Atenção à Condução|Capotamento|Com Vítimas Feridas|Plena Noite|Céu Claro|4|0|2|1
271510|2020-02-24|segunda-feira|22:50:00|SP|116.0|SAO JOSE DOS CAMPOS|Falta de Atenção à Condução|Colisão lateral|Com Vítimas Feridas|Plena Noite|Ignorado|1|0|1|0
271511|2020-02-24|segunda-feira|20:10:00|RS|290.0|GLORINHA|Avarias e/ou desgaste excessivo no pneu|Tombamento|Com Vítimas Feridas|Plena Noite|Garoa/Chuvisco|2|0|2|0
271512|2020-02-24|segunda-feira|23:16:00|SP|116.0|ARUJA|Defeito Mecânico no Veículo|Colisão traseira|Com Vítimas Feridas|Plena Noite|Nublado|6|0|2|0
271514|2020-02-24|segunda-feira|23:01:00|RN|101.0|EXTREMOZ|Ingestão de Álcool|Colisão frontal|Com Vítimas Feridas|Plena Noite|Céu Claro|3|0|0|2
271515|2020-02-24|segunda-feira|20:30:00|RS|290.0|SAO GABRIEL|Falta de Atenção à Condução|Saída de leito carroçável|Com Vítimas Feridas|Plena Noite|Céu Claro|2|0|2|0
271516|2020-02-25|terça-feira|00:00:00|RJ|116.0|SAO JOAO DE MERITI|Falta de Atenção à Condução|Colisão com objeto estático|Com Vítimas Feridas|Plena Noite|Céu Claro|1|0|1|0
271517|2020-02-24|segunda-feira|22:05:00|SC|282.0|VARGEM|Velocidade Incompatível|Tombamento|Com Vítimas Feridas|Plena Noite|Chuva|1|0|1|0
271518|2020-02-24|segunda-feira|22:00:00|PR|376.0|MARINGA|Velocidade Incompatível|Colisão traseira|Sem Vítimas|Plena Noite|Céu Claro|2|0|0|0
271519|2020-02-25|terça-feira|00:40:00|RN|101.0|SAO GONCALO DO AMARANTE|Desobediência às normas de trânsito pelo condutor|Colisão transversal|Com Vítimas Feridas|Plena Noite|Céu Claro|2|0|1|0
271520|2020-02-25|terça-feira|00:20:00|PR|277.0|MEDIANEIRA|Falta de Atenção à Condução|Colisão transversal|Com Vítimas Fatais|Plena Noite|Céu Claro|3|1|2|0
271521|2020-02-24|segunda-feira|23:30:00|MG|354.0|POUSO ALTO|Falta de Atenção do Pedestre|Atropelamento de Pedestre|Com Vítimas Feridas|Plena Noite|Garoa/Chuvisco|2|0|1|0
271522|2020-02-25|terça-feira|00:20:00|SC|470.0|NAVEGANTES|Ingestão de Álcool|Colisão traseira|Com Vítimas Feridas|Plena Noite|Nublado|6|0|1|2
271523|2020-02-25|terça-feira|02:20:00|MG|381.0|BETIM|Restrição de Visibilidade|Colisão com objeto estático|Com Vítimas Feridas|Plena Noite|Chuva|3|0|3|0
271524|2020-02-24|segunda-feira|22:30:00|BA|101.0|ENTRE RIOS|Ultrapassagem Indevida|Colisão frontal|Com Vítimas Fatais|Plena Noite|Céu Claro|3|2|1|0
271525|2020-02-25|terça-feira|03:30:00|AL|104.0|RIO LARGO|Falta de Atenção à Condução|Colisão com objeto estático|Com Vítimas Feridas|Plena Noite|Nublado|2|0|1|1
271526|2020-02-25|terça-feira|00:30:00|ES|101.0|GUARAPARI|Falta de Atenção à Condução|Queda de ocupante de veículo|Com Vítimas Feridas|Plena Noite|Chuva|1|0|1|0
271527|2020-02-25|terça-feira|02:15:00|PR|369.0|ANDIRA|Velocidade Incompatível|Saída de leito carroçável|Sem Vítimas|Plena Noite|Céu Claro|1|0|0|0
271528|2020-02-25|terça-feira|02:35:00|SP|116.0|GUARULHOS|Ingestão de Álcool|Colisão traseira|Com Vítimas Feridas|Plena Noite|Nublado|3|0|2|0
271529|2020-02-25|terça-feira|02:50:00|RO|364.0|ARIQUEMES|Ingestão de Álcool|Queda de ocupante de veículo|Com Vítimas Feridas|Plena Noite|Nublado|1|0|1|0
271530|2020-02-25|terça-feira|04:10:00|DF|20.0|BRASILIA|Velocidade Incompatível|Colisão traseira|Com Vítimas Feridas|Plena Noite|Garoa/Chuvisco|4|0|1|0
271531|2020-02-25|terça-feira|03:55:00|RJ|493.0|ITAGUAI|Ingestão de Álcool|Colisão com objeto estático|Sem Vítimas|Plena Noite|Nublado|1|0|0|0
271532|2020-02-25|terça-feira|03:30:00|BA|324.0|SALVADOR|Falta de Atenção à Condução|Capotamento|Com Vítimas Feridas|Plena Noite|Céu Claro|1|0|1|0
271533|2020-02-25|terça-feira|05:30:00|SC|101.0|SAO JOSE|Falta de Atenção à Condução|Colisão transversal|Sem Vítimas|Amanhecer|Céu Claro|2|0|0|0
271534|2020-02-25|terça-feira|04:00:00|SP|116.0|CACAPAVA|Falta de Atenção à Condução|Colisão lateral|Com Vítimas Feridas|Plena Noite|Chuva|3|0|2|0
271536|2020-02-25|terça-feira|06:10:00|SC|101.0|SANGAO|Falta de Atenção à Condução|Capotamento|Sem Vítimas|Amanhecer|Chuva|1|0|0|0
271537|2020-02-25|terça-feira|05:20:00|SC|101.0|ITAJAI|Falta de Atenção à Condução|Queda de ocupante de veículo|Com Vítimas Feridas|Amanhecer|Céu Claro|3|0|1|0
271538|2020-02-25|terça-feira|04:00:00|SC|470.0|BLUMENAU|Velocidade Incompatível|Capotamento|Sem Vítimas|Plena Noite|Nublado|1|0|0|0
271539|2020-02-25|terça-feira|07:20:00|CE|116.0|FORTALEZA|Desobediência às normas de trânsito pelo condutor|Saída de leito carroçável|Sem Vítimas|Pleno dia|Chuva|1|0|0|0
271540|2020-02-25|terça-feira|07:00:00|SC|101.0|BALNEARIO CAMBORIU|Falta de Atenção à Condução|Tombamento|Com Vítimas Feridas|Pleno dia|Nublado|1|0|1|0
271541|2020-01-25|sábado|01:00:00|SC|282.0|FLORIANOPOLIS|Ingestão de Álcool|Colisão traseira|Sem Vítimas|Plena Noite|Nublado|2|0|0|0
271542|2020-02-25|terça-feira|07:50:00|CE|20.0|FORTALEZA|Avarias e/ou desgaste excessivo no pneu|Saída de leito carroçável|Com Vítimas Feridas|Pleno dia|Nublado|5|0|1|0
271544|2020-02-25|terça-feira|06:00:00|MG|381.0|CARMO DA CACHOEIRA|Velocidade Incompatível|Colisão com objeto estático|Sem Vítimas|Amanhecer|Chuva|1|0|0|0
271545|2020-02-25|terça-feira|07:45:00|RN|101.0|NATAL|Falta de Atenção à Condução|Colisão lateral|Com Vítimas Feridas|Pleno dia|Nublado|2|0|1|1
271546|2020-02-25|terça-feira|08:10:00|RS|158.0|SANTA MARIA|Condutor Dormindo|Saída de leito carroçável|Com Vítimas Feridas|Pleno dia|Sol|1|0|1|0
271547|2020-02-25|terça-feira|02:30:00|SP|116.0|JUQUITIBA|Ingestão de Álcool|Colisão traseira|Com Vítimas Feridas|Plena Noite|Céu Claro|2|0|1|0
271548|2020-02-25|terça-feira|08:00:00|SC|101.0|PALHOCA|Pista Escorregadia|Tombamento|Com Vítimas Feridas|Pleno dia|Garoa/Chuvisco|2|0|2|0
271549|2020-02-25|terça-feira|05:30:00|RS|116.0|VACARIA|Velocidade Incompatível|Saída de leito carroçável|Sem Vítimas|Pleno dia|Chuva|1|0|0|0
271550|2020-02-25|terça-feira|05:50:00|MG|381.0|NOVA ERA|Condutor Dormindo|Saída de leito carroçável|Com Vítimas Feridas|Amanhecer|Nublado|3|0|3|0