id|data_inversa|dia_semana|horario|uf|br|municipio|causa_acidente|tipo_acidente|classificacao_acidente|fase_dia|condicao_metereologica|pessoas|mortos|feridos_leves|feridos_graves
271551|2020-02-25|terça-feira|05:30:00|SP|116.0|BARRA DO TURVO|Velocidade Incompatível|Saída de leito carroçável|Com Vítimas Fatais|Amanhecer|Céu Claro|1|1|0|0
271552|2020-02-25|terça-feira|07:10:00|SC|282.0|FLORIANOPOLIS|Ingestão de Álcool|Colisão com objeto estático|Sem Vítimas|Pleno dia|Garoa/Chuvisco|1|0|0|0
271553|2020-02-25|terça-feira|06:30:00|RS|290.0|SANTO ANTONIO DA PATRULHA|Condutor Dormindo|Saída de leito carroçável|Com Vítimas Feridas|Amanhecer|Nublado|4|0|2|0
271554|2020-02-25|terça-feira|08:30:00|PR|277.0|FOZ DO IGUACU|Pista Escorregadia|Saída de leito carroçável|Sem Vítimas|Pleno dia|Chuva|1|0|0|0
271556|2020-02-25|terça-feira|08:00:00|BA|116.0|VITORIA DA CONQUISTA|Carga excessiva e/ou mal acondicionada|Saída de leito carroçável|Com Vítimas Feridas|Pleno dia|Nublado|3|0|1|0
271557|2020-02-25|terça-feira|08:20:00|RS|285.0|COLORADO|Não guardar distância de segurança|Colisão traseira|Com Vítimas Feridas|Pleno dia|Chuva|5|0|2|0
271558|2020-02-25|terça-feira|08:00:00|RJ|40.0|PETROPOLIS|Desobediência às normas de trânsito pelo condutor|Colisão frontal|Sem Vítimas|Pleno dia|Céu Claro|2|0|0|0
271559|2020-02-25|terça-feira|09:15:00|SP|101.0|UBATUBA|Desobediência às normas de trânsito pelo condutor|Colisão transversal|Com Vítimas Feridas|Pleno dia|Céu Claro|2|0|1|0
271560|2020-02-25|terça-feira|09:40:00|PR|277.0|CURITIBA|Objeto estático sobre o leito carroçável|Colisão com objeto estático|Com Vítimas Feridas|Pleno dia|Nublado|2|0|2|0
271561|2020-02-23|domingo|20:50:00|BA|116.0|SANTO ESTEVAO|Velocidade Incompatível|Tombamento|Com Vítimas Feridas|Plena Noite|Céu Claro|1|0|1|0
271562|2020-02-25|terça-feira|09:45:00|RS|386.0|SAO JOSE DO HERVAL|Falta de Atenção à Condução|Colisão transversal|Com Vítimas Feridas|Pleno dia|Nublado|8|0|0|4
271563|2020-02-25|terça-feira|08:50:00|MG|50.0|UBERLANDIA|Falta de Atenção à Condução|Colisão lateral|Com Vítimas Feridas|Pleno dia|Nublado|2|0|1|0
271564|2020-02-25|terça-feira|09:40:00|MG|381.0|CARMO DA CACHOEIRA|Velocidade Incompatível|Tombamento|Com Vítimas Fatais|Pleno dia|Céu Claro|1|1|0|0
271565|2020-02-25|terça-feira|09:10:00|AL|101.0|JUNQUEIRO|Defeito Mecânico no Veículo|Capotamento|Com Vítimas Feridas|Pleno dia|Céu Claro|1|0|1|0
271567|2020-02-25|terça-feira|08:00:00|SC|101.0|BARRA VELHA|Pista Escorregadia|Colisão com objeto estático|Com Vítimas Feridas|Pleno dia|Chuva|1|0|1|0
271568|2020-02-25|terça-feira|08:25:00|ES|259.0|COLATINA|Não guardar distância de segurança|Colisão traseira|Com Vítimas Feridas|Pleno dia|Nublado|2|0|1|0
271569|2020-02-25|terça-feira|10:10:00|ES|101.0|SERRA|Não guardar distância de segurança|Colisão traseira|Com Vítimas Feridas|Pleno dia|Sol|2|0|1|0
271570|2020-02-25|terça-feira|07:00:00|SC|470.0|POUSO REDONDO|Velocidade Incompatível|Tombamento|Com Vítimas Feridas|Pleno dia|Chuva|2|0|1|0
271571|2020-01-26|domingo|17:20:00|SC|282.0|NOVA ITABERABA|Mal Súbito|Colisão frontal|Com Vítimas Feridas|Pleno dia|Céu Claro|3|0|2|1
271572|2020-02-25|terça-feira|10:00:00|PE|232.0|GRAVATA|Falta de Atenção à Condução|Colisão traseira|Com Vítimas Feridas|Pleno dia|Céu Claro|2|0|0|1
271573|2020-02-25|terça-feira|09:45:00|RS|386.0|SOLEDADE|Falta de Atenção à Condução|Colisão lateral|Com Vítimas Feridas|Pleno dia|Nublado|5|0|4|0
271575|2020-02-25|terça-feira|11:25:00|RN|304.0|ACU|Desobediência às normas de trânsito pelo condutor|Colisão lateral|Com Vítimas Feridas|Pleno dia|Céu Claro|8|0|1|0
271576|2020-02-25|terça-feira|11:10:00|SC|101.0|PASSO DE TORRES|Falta de Atenção à Condução|Colisão traseira|Com Vítimas Feridas|Pleno dia|Céu Claro|3|0|1|0
271577|2020-02-25|terça-feira|08:40:00|RJ|493.0|JAPERI|Ingestão de Álcool|Colisão traseira|Sem Vítimas|Pleno dia|Céu Claro|2|0|0|0
271578|2020-02-25|terça-feira|12:20:00|PR|487.0|TUNEIRAS DO OESTE|Velocidade Incompatível|Saída de leito carroçável|Com Vítimas Feridas|Pleno dia|Chuva|2|0|2|0
271579|2020-02-25|terça-feira|11:30:00|SC|280.0|JARAGUA DO SUL|Falta de Atenção à Condução|Colisão transversal|Com Vítimas Feridas|Pleno dia|Sol|2|0|1|0
271580|2020-02-25|terça-feira|10:50:00|SC|101.0|ITAPEMA|Falta de Atenção à Condução|Engavetamento|Com Vítimas Feridas|Pleno dia|Céu Claro|6|0|1|0
271581|2020-02-25|terça-feira|11:00:00|RJ|101.0|SAO GONCALO|Não guardar distância de segurança|Colisão com objeto estático|Com Vítimas Feridas|Pleno dia|Céu Claro|3|0|1|0
271582|2020-02-25|terça-feira|12:50:00|RS|386.0|CARAZINHO|Desobediência às normas de trânsito pelo condutor|Colisão transversal|Com Vítimas Feridas|Pleno dia|Nublado|4|0|2|0
271583|2020-02-25|terça-feira|12:30:00|DF|20.0|BRASILIA|Pista Escorregadia|Saída de leito carroçável|Com Vítimas Feridas|Pleno dia|Chuva|2|0|2|0
271584|2020-02-25|terça-feira|09:05:00|SC|282.0|VARGEM|Velocidade Incompatível|Saída de leito carroçável|Com Vítimas Feridas|Pleno dia|Chuva|3|0|1|0
271585|2020-02-25|terça-feira|12:15:00|RS|153.0|ERECHIM|Pista Escorregadia|Saída de leito carroçável|Com Vítimas Feridas|Pleno dia|Chuva|1|0|1|0
271586|2020-02-25|terça-feira|10:00:00|GO|70.0|JUSSARA|Falta de Atenção à Condução|Saída de leito carroçável|Sem Vítimas|Amanhecer|Céu Claro|1|0|0|0
271587|2020-02-24|segunda-feira|17:15:00|RO|425.0|GUAJARA-MIRIM|Desobediência às normas de trânsito pelo condutor|Colisão frontal|Com Vítimas Feridas|Pleno dia|Céu Claro|2|0|1|0
271588|2020-02-22|sábado|05:00:00|SC|282.0|XAXIM|Velocidade Incompatível|Saída de leito carroçável|Sem Vítimas|Plena Noite|Céu Claro|1|0|0|0
271589|2020-02-25|terça-feira|08:45:00|MG|116.0|LEOPOLDINA|Condutor Dormindo|Saída de leito carroçável|Sem Vítimas|Pleno dia|Nublado|1|0|0|0
271590|2020-02-25|terça-feira|13:50:00|PR|476.0|CURITIBA|Objeto estático sobre o leito carroçável|Colisão traseira|Com Vítimas Feridas|Pleno dia|Chuva|5|0|3|0
271591|2020-02-25|terça-feira|11:00:00|PR|153.0|VENTANIA|Pista Escorregadia|Saída de leito carroçável|Com Vítimas Feridas|Pleno dia|Chuva|5|0|4|1
271592|2020-02-25|terça-feira|11:42:00|CE|116.0|CHOROZINHO|Defeito Mecânico no Veículo|Queda de ocupante de veículo|Com Vítimas Feridas|Pleno dia|Nublado|2|0|1|0
271593|2020-02-25|terça-feira|13:40:00|TO|226.0|DARCINOPOLIS|Pista Escorregadia|Saída de leito carroçável|Sem Vítimas|Pleno dia|Chuva|2|0|0|0
271594|2020-02-25|terça-feira|13:20:00|SC|101.0|CAPIVARI DE BAIXO|Ingestão de Álcool|Atropelamento de Pedestre|Com Vítimas Feridas|Pleno dia|Nublado|2|0|1|1
271595|2020-02-25|terça-feira|13:00:00|BA|101.0|UBAITABA|Defeito Mecânico no Veículo|Saída de leito carroçável|Com Vítimas Feridas|Pleno dia|Céu Claro|2|0|0|1
271600|2020-02-25|terça-feira|14:10:00|RS|290.0|GRAVATAI|Falta de Atenção à Condução|Saída de leito carroçável|Com Vítimas Feridas|Pleno dia|Céu Claro|1|0|1|0
271601|2020-02-25|terça-feira|14:30:00|PR|376.0|TIBAGI|Falta de Atenção à Condução|Colisão com objeto estático|Com Vítimas Feridas|Pleno dia|Chuva|1|0|0|1
271602|2020-02-25|terça-feira|13:00:00|RJ|40.0|DUQUE DE CAXIAS|Falta de Atenção à Condução|Saída de leito carroçável|Com Vítimas Feridas|Pleno dia|Céu Claro|1|0|1|0
271603|2020-02-25|terça-feira|14:30:00|SP|381.0|ATIBAIA|Desobediência às normas de trânsito pelo condutor|Colisão transversal|Com Vítimas Feridas|Pleno dia|Sol|3|0|2|0
271604|2020-02-25|terça-feira|09:30:00|MG|116.0|CARATINGA|Falta de Atenção à Condução|Colisão traseira|Com Vítimas Feridas|Pleno dia|Céu Claro|2|0|1|0
271605|2020-02-25|terça-feira|14:30:00|RN|304.0|SAO PEDRO|Ultrapassagem Indevida|Saída de leito carroçável|Com Vítimas Feridas|Pleno dia|Céu Claro|2|0|2|0
271606|2020-02-25|terça-feira|10:00:00|AC|364.0|FEIJO|Ingestão de Álcool|Saída de leito carroçável|Com Vítimas Feridas|Pleno dia|Céu Claro|1|0|0|1
271607|2020-02-25|terça-feira|14:30:00|PR|277.0|FOZ DO IGUACU|Pista Escorregadia|Tombamento|Com Vítimas Feridas|Pleno dia|Chuva|2|0|0|1
271608|2020-02-25|terça-feira|15:15:00|RS|470.0|BENTO GONCALVES|Pista Escorregadia|Colisão frontal|Com Vítimas Feridas|Pleno dia|Chuva|3|0|2|0
271609|2020-02-25|terça-feira|10:45:00|SE|101.0|CEDRO DE SAO JOAO|Defeito Mecânico no Veículo|Saída de leito carroçável|Sem Vítimas|Pleno dia|Céu Claro|1|0|0|0
271610|2020-02-22|sábado|05:30:00|MT|364.0|ALTO ARAGUAIA|Não guardar distância de segurança|Colisão traseira|Com Vítimas Feridas|Amanhecer|Chuva|2|0|1|0
271611|2020-02-25|terça-feira|14:58:00|MG|381.0|BELO HORIZONTE|Desobediência às normas de trânsito pelo condutor|Colisão transversal|Sem Vítimas|Pleno dia|Sol|2|0|0|0
271612|2020-02-25|terça-feira|15:30:00|MG|381.0|BETIM|Falta de Atenção à Condução|Colisão lateral|Com Vítimas Feridas|Pleno dia|Chuva|5|0|0|2
271613|2020-02-25|terça-feira|15:30:00|RS|470.0|BENTO GONCALVES|Velocidade Incompatível|Saída de leito carroçável|Sem Vítimas|Pleno dia|Chuva|2|0|0|0
271614|2020-02-25|terça-feira|15:40:00|MG|381.0|BETIM|Falta de Atenção à Condução|Queda de ocupante de veículo|Com Vítimas Feridas|Pleno dia|Nublado|1|0|1|0
271615|2020-02-04|terça-feira|18:10:00|SP|116.0|CACAPAVA|Desobediência às normas de trânsito pelo condutor|Atropelamento de Pedestre|Com Vítimas Feridas|Anoitecer|Chuva|4|0|0|1
271616|2020-02-25|terça-feira|15:35:00|PR|277.0|BALSA NOVA|Velocidade Incompatível|Colisão traseira|Com Vítimas Feridas|Pleno dia|Chuva|10|0|2|2
271617|2020-02-25|terça-feira|14:20:00|SC|280.0|RIO NEGRINHO|Desobediência às normas de trânsito pelo condutor|Colisão traseira|Com Vítimas Feridas|Pleno dia|Chuva|3|0|0|2
271618|2020-02-25|terça-feira|15:15:00|PR|476.0|CURITIBA|Falta de Atenção à Condução|Saída de leito carroçável|Sem Vítimas|Pleno dia|Garoa/Chuvisco|1|0|0|0
271619|2020-02-25|terça-feira|16:00:00|PR|116.0|SAO JOSE DOS PINHAIS|Falta de Atenção à Condução|Engavetamento|Sem Vítimas|Pleno dia|Céu Claro|5|0|0|0
271620|2020-02-25|terça-feira|15:10:00|MG|40.0|SANTOS DUMONT|Condutor Dormindo|Saída de leito carroçável|Com Vítimas Feridas|Pleno dia|Nublado|2|0|1|0
271622|2020-02-25|terça-feira|15:30:00|PI|222.0|PIRIPIRI|Carga excessiva e/ou mal acondicionada|Saída de leito carroçável|Com Vítimas Feridas|Pleno dia|Nublado|4|0|2|1
271623|2020-02-25|terça-feira|15:30:00|MG|153.0|FRONTEIRA|Falta de Atenção à Condução|Colisão transversal|Com Vítimas Feridas|Pleno dia|Chuva|4|0|3|0
271624|2020-02-25|terça-feira|15:40:00|RS|101.0|TRES CACHOEIRAS|Falta de Atenção à Condução|Colisão traseira|Com Vítimas Feridas|Pleno dia|Chuva|2|0|1|0
271625|2020-02-25|terça-feira|15:30:00|PE|101.0|ABREU E LIMA|Falta de Atenção à Condução|Colisão transversal|Sem Vítimas|Pleno dia|Nublado|3|0|0|0
271626|2020-02-25|terça-feira|15:45:00|RS|285.0|CASEIROS|Pista Escorregadia|Saída de leito carroçável|Sem Vítimas|Pleno dia|Chuva|1|0|0|0
271627|2020-02-25|terça-feira|16:40:00|RN|110.0|MOSSORO|Mal Súbito|Queda de ocupante de veículo|Com Vítimas Feridas|Pleno dia|Céu Claro|1|0|0|1
271629|2020-02-25|terça-feira|16:45:00|PR|369.0|LONDRINA|Desobediência às normas de trânsito pelo condutor|Colisão transversal|Com Vítimas Fatais|Pleno dia|Nublado|4|1|1|0
271630|2020-02-25|terça-feira|14:38:00|MS||ITAQUIRAI|Desobediência às normas de trânsito pelo condutor|Colisão transversal|Com Vítimas Feridas|Pleno dia|Céu Claro|2|0|0|1
271631|2020-02-25|terça-feira|14:50:00|RJ|101.0|ITABORAI|Defeito Mecânico no Veículo|Queda de ocupante de veículo|Com Vítimas Feridas|Pleno dia|Céu Claro|2|0|1|0
271632|2020-02-25|terça-feira|17:00:00|AL|101.0|RIO LARGO|Falta de Atenção à Condução|Colisão traseira|Com Vítimas Feridas|Anoitecer|Nublado|2|0|0|1
271633|2020-02-25|terça-feira|15:20:00|BA|116.0|VITORIA DA CONQUISTA|Falta de Atenção à Condução|Colisão lateral|Com Vítimas Feridas|Pleno dia|Céu Claro|3|0|3|0
271634|2020-02-25|terça-feira|16:45:00|PR|376.0|TIBAGI|Falta de Atenção à Condução|Saída de leito carroçável|Com Vítimas Feridas|Pleno dia|Chuva|2|0|1|0
271635|2020-02-25|terça-feira|17:15:00|CE|116.0|OCARA|Animais na Pista|Atropelamento de Animal|Com Vítimas Feridas|Pleno dia|Céu Claro|2|0|1|0
271637|2020-02-25|terça-feira|16:20:00|MG|365.0|MONTE ALEGRE DE MINAS|Defeito na Via|Engavetamento|Com Vítimas Feridas|Pleno dia|Céu Claro|6|0|2|1
271638|2020-02-25|terça-feira|14:20:00|PR|277.0|CANDOI|Velocidade Incompatível|Saída de leito carroçável|Com Vítimas Feridas|Pleno dia|Chuva|3|0|3|0
271641|2020-02-25|terça-feira|15:40:00|PR|369.0|CORBELIA|Velocidade Incompatível|Colisão com objeto estático|Com Vítimas Feridas|Pleno dia|Chuva|4|0|1|1
271642|2020-02-25|terça-feira|16:00:00|MG|381.0|BETIM|Desobediência às normas de trânsito pelo condutor|Colisão lateral|Com Vítimas Feridas|Pleno dia|Nublado|5|0|2|0
271643|2020-02-25|terça-feira|18:00:00|MG|40.0|SETE LAGOAS|Não guardar distância de segurança|Saída de leito carroçável|Com Vítimas Feridas|Anoitecer|Chuva|3|0|3|0
271644|2020-02-25|terça-feira|17:10:00|GO|70.0|COCALZINHO DE GOIAS|Fenômenos da Natureza|Colisão transversal|Com Vítimas Feridas|Anoitecer|Céu Claro|2|0|0|2
271645|2020-02-25|terça-feira|17:50:00|BA|324.0|FEIRA DE SANTANA|Objeto estático sobre o leito carroçável|Tombamento|Com Vítimas Feridas|Anoitecer|Céu Claro|2|0|1|1
271646|2020-02-25|terça-feira|18:20:00|PR|376.0|SARANDI|Ingestão de álcool e/ou substâncias psicoativas pelo pedestre|Colisão transversal|Com Vítimas Feridas|Anoitecer|Chuva|3|0|1|1
271648|2020-02-25|terça-feira|17:00:00|SP|116.0|REGISTRO|Velocidade Incompatível|Saída de leito carroçável|Com Vítimas Feridas|Anoitecer|Chuva|2|0|1|0
271649|2020-02-25|terça-feira|15:20:00|PR|153.0|JAPIRA|Pista Escorregadia|Saída de leito carroçável|Com Vítimas Feridas|Pleno dia|Chuva|2|0|0|2
271650|2020-02-25|terça-feira|18:30:00|PR|116.0|FAZENDA RIO GRANDE|Ingestão de Álcool|Colisão traseira|Com Vítimas Feridas|Anoitecer|Nublado|3|0|1|0
271651|2020-02-25|terça-feira|16:40:00|ES|101.0|SERRA|Não guardar distância de segurança|Tombamento|Com Vítimas Feridas|Pleno dia|Céu Claro|2|0|1|1
271652|2020-02-25|terça-feira|18:10:00|RN|101.0|SAO JOSE DE MIPIBU|Desobediência às normas de trânsito pelo condutor|Colisão traseira|Com Vítimas Feridas|Plena Noite|Céu Claro|2|0|1|0
271653|2020-02-25|terça-feira|18:30:00|PB|230.0|JOAO PESSOA|Falta de Atenção à Condução|Tombamento|Com Vítimas Feridas|Plena Noite|Céu Claro|1|0|1|0
271654|2020-02-25|terça-feira|17:50:00|PR|116.0|CAMPINA GRANDE DO SUL|Avarias e/ou desgaste excessivo no pneu|Colisão lateral|Com Vítimas Feridas|Anoitecer|Chuva|11|0|2|1
271655|2020-02-25|terça-feira|16:15:00|SP|116.0|SAO JOSE DOS CAMPOS|Não guardar distância de segurança|Engavetamento|Com Vítimas Feridas|Pleno dia|Nublado|2|0|1|0
271656|2020-02-25|terça-feira|16:35:00|SP|116.0|SAO JOSE DOS CAMPOS|Falta de Atenção à Condução|Colisão lateral|Com Vítimas Feridas|Pleno dia|Nublado|2|0|1|0
271657|2020-02-25|terça-feira|18:10:00|MG|262.0|LUZ|Pista Escorregadia|Saída de leito carroçável|Com Vítimas Feridas|Plena Noite|Chuva|4|0|2|0
271658|2020-02-25|terça-feira|18:00:00|SC|101.0|JOINVILLE|Ingestão de Álcool|Colisão traseira|Sem Vítimas|Anoitecer|Garoa/Chuvisco|3|0|0|0
271659|2020-02-25|terça-feira|18:35:00|SP|116.0|PINDAMONHANGABA|Defeito Mecânico no Veículo|Tombamento|Com Vítimas Feridas|Plena Noite|Nublado|2|0|2|0
271660|2020-02-25|terça-feira|19:10:00|SE|101.0|CEDRO DE SAO JOAO|Defeito na Via|Colisão com objeto estático|Sem Vítimas|Plena Noite|Céu Claro|1|0|0|0
271661|2020-02-25|terça-feira|18:20:00|PR|476.0|ARAUCARIA|Falta de Atenção à Condução|Colisão traseira|Com Vítimas Feridas|Plena Noite|Chuva|6|0|4|0
271662|2020-02-25|terça-feira|16:30:00|MG|262.0|SAO DOMINGOS DO PRATA|Velocidade Incompatível|Capotamento|Com Vítimas Feridas|Pleno dia|Nublado|1|0|1|0
271663|2020-02-25|terça-feira|19:15:00|RS|158.0|CRUZ ALTA|Falta de Atenção à Condução|Colisão traseira|Com Vítimas Feridas|Anoitecer|Garoa/Chuvisco|3|0|1|0
271665|2020-02-25|terça-feira|19:00:00|BA|101.0|WENCESLAU GUIMARAES|Ingestão de Álcool|Colisão transversal|Com Vítimas Feridas|Plena Noite|Céu Claro|8|0|1|3
271666|2020-02-25|terça-feira|19:20:00|ES|262.0|VIANA|Falta de Atenção à Condução|Colisão transversal|Com Vítimas Feridas|Plena Noite|Céu Claro|8|0|5|0
271667|2020-02-25|terça-feira|19:30:00|MT|70.0|BARRA DO GARCAS|Defeito na Via|Saída de leito carroçável|Com Vítimas Feridas|Plena Noite|Céu Claro|4|0|4|0
271668|2020-02-25|terça-feira|19:20:00|RS|285.0|IJUI|Desobediência às normas de trânsito pelo condutor|Colisão transversal|Com Vítimas Feridas|Plena Noite|Nublado|4|0|2|0
271669|2020-01-08|quarta-feira|14:05:00|ES|262.0|VENDA NOVA DO IMIGRANTE|Desobediência às normas de trânsito pelo condutor|Colisão lateral|Com Vítimas Feridas|Pleno dia|Céu Claro|3|0|0|2
271670|2020-02-25|terça-feira|19:15:00|BA|116.0|FEIRA DE SANTANA|Desobediência às normas de trânsito pelo condutor|Colisão frontal|Com Vítimas Feridas|Plena Noite|Céu Claro|2|0|0|1
271671|2020-02-25|terça-feira|19:00:00|MG|381.0|SABARA|Condutor Dormindo|Colisão lateral|Com Vítimas Feridas|Plena Noite|Céu Claro|4|0|0|1
271672|2020-02-25|terça-feira|19:20:00|BA|116.0|SANTA TERESINHA|Falta de Atenção à Condução|Colisão transversal|Com Vítimas Fatais|Plena Noite|Céu Claro|3|1|0|1
271673|2020-02-25|terça-feira|19:30:00|PR|376.0|TIBAGI|Velocidade Incompatível|Saída de leito carroçável|Com Vítimas Feridas|Plena Noite|Chuva|3|0|2|0
271674|2020-02-25|terça-feira|13:10:00|BA|116.0|ANTONIO CARDOSO|Condutor Dormindo|Saída de leito carroçável|Com Vítimas Feridas|Pleno dia|Céu Claro|1|0|1|0
271675|2020-02-25|terça-feira|19:30:00|PE|232.0|SAO JOSE DO BELMONTE|Animais na Pista|Atropelamento de Animal|Com Vítimas Feridas|Plena Noite|Céu Claro|2|0|1|0
271676|2020-02-25|terça-feira|18:45:00|RS|392.0|RIO GRANDE|Não guardar distância de segurança|Engavetamento|Sem Vítimas|Anoitecer|Céu Claro|8|0|0|0
271677|2020-02-25|terça-feira|19:30:00|RS|470.0|BENTO GONCALVES|Velocidade Incompatível|Colisão frontal|Com Vítimas Fatais|Plena Noite|Garoa/Chuvisco|5|1|0|2
271678|2020-02-25|terça-feira|19:50:00|RJ|40.0|DUQUE DE CAXIAS|Pista Escorregadia|Colisão traseira|Sem Vítimas|Plena Noite|Chuva|3|0|0|0
271679|2020-02-25|terça-feira|19:45:00|PR|277.0|GUARAPUAVA|Falta de Atenção à Condução|Colisão traseira|Com Vítimas Feridas|Plena Noite|Garoa/Chuvisco|4|0|2|0
271680|2020-02-25|terça-feira|15:40:00|SC|282.0|JOACABA|Pista Escorregadia|Saída de leito carroçável|Com Vítimas Feridas|Pleno dia|Chuva|1|0|1|0
271681|2020-02-25|terça-feira|20:00:00|GO|60.0|ANAPOLIS|Ingestão de Álcool|Colisão traseira|Com Vítimas Feridas|Plena Noite|Céu Claro|5|0|1|0
271682|2020-02-25|terça-feira|20:00:00|PB|230.0|CABEDELO|Desobediência às normas de trânsito pelo condutor|Colisão frontal|Com Vítimas Feridas|Plena Noite|Céu Claro|2|0|0|2
271683|2020-02-25|terça-feira|19:40:00|RS|470.0|VERANOPOLIS|Falta de Atenção à Condução|Colisão com objeto estático|Sem Vítimas|Plena Noite|Chuva|1|0|0|0
271684|2020-02-25|terça-feira|19:10:00|PE|407.0|PETROLINA|Falta de Atenção à Condução|Colisão transversal|Com Vítimas Feridas|Plena Noite|Céu Claro|3|0|1|0
271685|2020-02-25|terça-feira|13:51:00|SC|101.0|LAGUNA|Defeito Mecânico no Veículo|Incêndio|Sem Vítimas|Pleno dia|Nublado|1|0|0|0
271686|2020-02-25|terça-feira|18:20:00|PR|376.0|MANDAGUARI|Ingestão de Álcool|Saída de leito carroçável|Com Vítimas Feridas|Anoitecer|Chuva|1|0|1|0
271687|2020-02-25|terça-feira|19:50:00|PA|316.0|CASTANHAL|Não guardar distância de segurança|Colisão traseira|Com Vítimas Feridas|Plena Noite|Ignorado|2|0|0|1
271689|2020-02-25|terça-feira|19:40:00|MG|381.0|BETIM|Velocidade Incompatível|Colisão traseira|Com Vítimas Feridas|Plena Noite|Céu Claro|3|0|2|0
271690|2020-02-25|terça-feira|16:05:00|SC|101.0|PALHOCA|Não guardar distância de segurança|Colisão traseira|Com Vítimas Feridas|Pleno dia|Nublado|2|0|1|0
271691|2020-02-25|terça-feira|18:50:00|RO|364.0|VILHENA|Desobediência às normas de trânsito pelo condutor|Colisão transversal|Com Vítimas Feridas|Anoitecer|Céu Claro|3|0|1|0
271692|2020-02-25|terça-feira|21:00:00|RS|471.0|CHUI|Falta de Atenção do Pedestre|Atropelamento de Pedestre|Com Vítimas Fatais|Plena Noite|Céu Claro|2|1|0|0
271694|2020-02-25|terça-feira|21:00:00|SP|116.0|GUARULHOS|Falta de Atenção à Condução|Tombamento|Com Vítimas Feridas|Plena Noite|Chuva|2|0|2|0
271695|2020-02-25|terça-feira|18:20:00|PR|277.0|SAO MIGUEL DO IGUACU|Pista Escorregadia|Colisão traseira|Com Vítimas Feridas|Anoitecer|Nublado|2|0|0|1
271696|2020-02-25|terça-feira|19:00:00|BA|101.0|ALCOBACA|Defeito Mecânico no Veículo|Tombamento|Sem Vítimas|Plena Noite|Céu Claro|1|0|0|0
271697|2020-02-25|terça-feira|20:55:00|MG|50.0|UBERLANDIA|Velocidade Incompatível|Tombamento|Com Vítimas Feridas|Plena Noite|Céu Claro|1|0|1|0
271698|2020-02-25|terça-feira|21:20:00|PE|101.0|GOIANA|Falta de Atenção à Condução|Capotamento|Com Vítimas Feridas|Plena Noite|Nublado|1|0|1|0
271699|2020-02-25|terça-feira|19:57:00|RJ|101.0|CASIMIRO DE ABREU|Mal Súbito|Saída de leito carroçável|Com Vítimas Feridas|Plena Noite|Nublado|1|0|1|0
271700|2020-02-25|terça-feira|20:30:00|SP|153.0|SAO JOSE DO RIO PRETO|Ingestão de álcool e/ou substâncias psicoativas pelo pedestre|Saída de leito carroçável|Sem Vítimas|Plena Noite|Nublado|1|0|0|0
271701|2020-02-25|terça-feira|19:50:00|PI|343.0|CAMPO MAIOR|Falta de Atenção à Condução|Colisão frontal|Com Vítimas Feridas|Plena Noite|Nublado|3|0|3|0
271703|2020-02-25|terça-feira|22:40:00|PR|376.0|MARINGA|Desobediência às normas de trânsito pelo pedestre|Colisão transversal|Com Vítimas Feridas|Plena Noite|Chuva|2|0|1|0
271704|2020-02-24|segunda-feira|12:00:00|PE|116.0|SALGUEIRO|Objeto estático sobre o leito carroçável|Colisão com objeto estático|Sem Vítimas|Pleno dia|Nublado|1|0|0|0
271705|2020-02-25|terça-feira|22:10:00|SC|101.0|TIJUCAS|Mal Súbito|Colisão traseira|Com Vítimas Feridas|Plena Noite|Chuva|2|0|1|0
271706|2020-02-25|terça-feira|21:50:00|RR|174.0|BOA VISTA|Defeito Mecânico no Veículo|Tombamento|Com Vítimas Feridas|Plena Noite|Céu Claro|1|0|1|0
271707|2020-02-25|terça-feira|13:25:00|DF|80.0|BRASILIA|Falta de Atenção à Condução|Tombamento|Com Vítimas Feridas|Pleno dia|Céu Claro|2|0|1|0
271708|2020-02-25|terça-feira|22:40:00|SP|116.0|CAJATI|Pista Escorregadia|Capotamento|Com Vítimas Feridas|Plena Noite|Chuva|2|0|1|0
271709|2020-02-25|terça-feira|23:15:00|ES|101.0|LINHARES|Falta de Atenção à Condução|Colisão traseira|Com Vítimas Feridas|Plena Noite|Céu Claro|3|0|2|0
271710|2020-02-25|terça-feira|22:30:00|MG|40.0|JUIZ DE FORA|Velocidade Incompatível|Colisão com objeto estático|Com Vítimas Feridas|Plena Noite|Nublado|1|0|1|0
271711|2020-02-25|terça-feira|23:05:00|GO|251.0|CRISTALINA|Desobediência às normas de trânsito pelo condutor|Colisão traseira|Com Vítimas Feridas|Plena Noite|Céu Claro|4|0|1|1
271712|2020-02-25|terça-feira|23:25:00|PA|163.0|SANTAREM|Ingestão de Álcool|Colisão traseira|Com Vítimas Feridas|Plena Noite|Céu Claro|10|0|6|3
271713|2020-02-25|terça-feira|23:10:00|SC|101.0|BALNEARIO CAMBORIU|Ingestão de Álcool|Colisão traseira|Com Vítimas Feridas|Plena Noite|Chuva|5|0|2|0
271714|2020-02-25|terça-feira|21:10:00|SP|116.0|TAUBATE|Pista Escorregadia|Saída de leito carroçável|Sem Vítimas|Plena Noite|Chuva|2|0|0|0