id|data_inversa|dia_semana|horario|uf|br|municipio|causa_acidente|tipo_acidente|classificacao_acidente|fase_dia|condicao_metereologica|pessoas|mortos|feridos_leves|feridos_graves
271715|2020-02-25|terça-feira|18:30:00|MT|364.0|RONDONOPOLIS|Defeito na Via|Tombamento|Com Vítimas Feridas|Plena Noite|Céu Claro|1|0|1|0
271716|2020-02-25|terça-feira|23:30:00|GO|251.0|CRISTALINA|Ingestão de Álcool|Tombamento|Com Vítimas Feridas|Plena Noite|Céu Claro|1|0|1|0
271718|2020-02-25|terça-feira|21:15:00|MG|50.0|ARAGUARI|Desobediência às normas de trânsito pelo condutor|Colisão transversal|Com Vítimas Feridas|Plena Noite|Céu Claro|2|0|1|0
271719|2020-02-25|terça-feira|22:40:00|RS|386.0|NOVA SANTA RITA|Velocidade Incompatível|Saída de leito carroçável|Com Vítimas Feridas|Plena Noite|Chuva|2|0|2|0
271720|2020-02-25|terça-feira|22:25:00|RJ|40.0|DUQUE DE CAXIAS|Pista Escorregadia|Colisão transversal|Com Vítimas Feridas|Plena Noite|Chuva|5|0|3|0
271722|2020-02-25|terça-feira|21:50:00|SC|470.0|POUSO REDONDO|Falta de Atenção à Condução|Colisão com objeto estático|Com Vítimas Feridas|Plena Noite|Chuva|1|0|1|0
271723|2020-02-25|terça-feira|17:50:00|SC|282.0|SAO JOSE DO CERRITO|Velocidade Incompatível|Saída de leito carroçável|Com Vítimas Fatais|Anoitecer|Chuva|5|3|1|1
271724|2020-02-25|terça-feira|23:25:00|PR|116.0|PIRAQUARA|Não guardar distância de segurança|Colisão traseira|Com Vítimas Feridas|Plena Noite|Garoa/Chuvisco|3|0|2|0
271725|2020-02-25|terça-feira|22:40:00|GO|153.0|PIRACANJUBA|Condutor Dormindo|Colisão com objeto estático|Com Vítimas Feridas|Plena Noite|Nublado|1|0|1|0
271726|2020-02-26|quarta-feira|00:40:00|RN|110.0|MOSSORO|Ingestão de Álcool|Atropelamento de Animal|Com Vítimas Feridas|Plena Noite|Nublado|1|0|0|1
271729|2020-02-26|quarta-feira|01:00:00|RJ|40.0|PETROPOLIS|Velocidade Incompatível|Capotamento|Sem Vítimas|Plena Noite|Chuva|3|0|0|0
271730|2020-02-26|quarta-feira|00:45:00|SC|101.0|LAGUNA|Falta de Atenção do Pedestre|Atropelamento de Pedestre|Com Vítimas Fatais|Plena Noite|Nublado|2|1|1|0
271731|2020-02-26|quarta-feira|01:10:00|SC|101.0|SAO JOSE|Falta de Atenção à Condução|Colisão traseira|Sem Vítimas|Plena Noite|Chuva|2|0|0|0
271732|2020-02-26|quarta-feira|00:30:00|GO|153.0|HIDROLANDIA|Falta de Atenção à Condução|Saída de leito carroçável|Sem Vítimas|Plena Noite|Céu Claro|1|0|0|0
271733|2020-02-26|quarta-feira|00:50:00|RJ|101.0|ANGRA DOS REIS|Ingestão de Álcool|Colisão com objeto estático|Sem Vítimas|Plena Noite|Chuva|1|0|0|0
271734|2020-02-25|terça-feira|22:55:00|MS|158.0|APARECIDA DO TABOADO|Falta de Atenção à Condução|Saída de leito carroçável|Com Vítimas Feridas|Plena Noite|Garoa/Chuvisco|1|0|1|0
271735|2020-02-26|quarta-feira|02:10:00|MG|381.0|ITAPEVA|Velocidade Incompatível|Saída de leito carroçável|Sem Vítimas|Plena Noite|Chuva|1|0|0|0
271736|2020-02-26|quarta-feira|02:30:00|MT|364.0|RONDONOPOLIS|Objeto estático sobre o leito carroçável|Colisão com objeto estático|Sem Vítimas|Plena Noite|Céu Claro|1|0|0|0
271737|2020-02-25|terça-feira|15:05:00|RS|293.0|PIRATINI|Defeito Mecânico no Veículo|Incêndio|Sem Vítimas|Pleno dia|Céu Claro|1|0|0|0
271738|2020-02-26|quarta-feira|02:00:00|MS|262.0|TRES LAGOAS|Defeito Mecânico no Veículo|Incêndio|Sem Vítimas|Plena Noite|Céu Claro|6|0|0|0
271739|2020-02-26|quarta-feira|03:30:00|SP|116.0|TABOAO DA SERRA|Velocidade Incompatível|Saída de leito carroçável|Com Vítimas Feridas|Plena Noite|Chuva|3|0|1|1
271741|2020-02-26|quarta-feira|03:00:00|RS|290.0|GRAVATAI|Falta de Atenção à Condução|Saída de leito carroçável|Com Vítimas Feridas|Plena Noite|Chuva|4|0|1|1
271742|2020-02-26|quarta-feira|04:00:00|PR|116.0|CAMPINA GRANDE DO SUL|Pista Escorregadia|Saída de leito carroçável|Com Vítimas Feridas|Plena Noite|Garoa/Chuvisco|3|0|1|0
271743|2020-02-26|quarta-feira|04:10:00|MG|381.0|LAVRAS|Pista Escorregadia|Saída de leito carroçável|Com Vítimas Feridas|Plena Noite|Garoa/Chuvisco|1|0|1|0
271744|2020-02-26|quarta-feira|04:50:00|MA|316.0|CAXIAS|Animais na Pista|Atropelamento de Animal|Com Vítimas Feridas|Plena Noite|Nevoeiro/Neblina|1|0|1|0
271745|2020-02-26|quarta-feira|03:33:00|SP|116.0|TABOAO DA SERRA|Objeto estático sobre o leito carroçável|Colisão com objeto estático|Com Vítimas Feridas|Plena Noite|Chuva|1|0|1|0
271746|2020-02-26|quarta-feira|05:30:00|GO|60.0|ANAPOLIS|Deficiência ou não Acionamento do Sistema de Iluminação/Sinalização do Veículo|Colisão traseira|Com Vítimas Feridas|Amanhecer|Chuva|2|0|1|0
271747|2020-02-26|quarta-feira|06:00:00|SP|153.0|ICEM|Pista Escorregadia|Saída de leito carroçável|Com Vítimas Feridas|Amanhecer|Chuva|5|0|5|0
271748|2020-02-26|quarta-feira|06:15:00|MG|40.0|OURO PRETO|Falta de Atenção à Condução|Colisão frontal|Com Vítimas Feridas|Pleno dia|Chuva|5|0|0|3
271749|2020-02-26|quarta-feira|06:30:00|GO|40.0|LUZIANIA|Ingestão de Álcool|Colisão frontal|Com Vítimas Feridas|Amanhecer|Céu Claro|6|0|2|2
271750|2020-02-26|quarta-feira|06:30:00|RJ|101.0|SAO GONCALO|Condutor Dormindo|Colisão com objeto estático|Sem Vítimas|Amanhecer|Nublado|2|0|0|0
271751|2020-02-26|quarta-feira|05:35:00|MT|163.0|SORRISO|Desobediência às normas de trânsito pelo condutor|Colisão lateral|Com Vítimas Feridas|Amanhecer|Garoa/Chuvisco|2|0|1|0
271752|2020-02-26|quarta-feira|07:20:00|RN|101.0|PARNAMIRIM|Condutor Dormindo|Colisão traseira|Sem Vítimas|Pleno dia|Sol|2|0|0|0
271753|2020-02-26|quarta-feira|05:00:00|MA|135.0|BACABEIRA|Falta de Atenção à Condução|Colisão com objeto estático|Com Vítimas Feridas|Amanhecer|Nublado|16|0|5|0
271755|2020-02-26|quarta-feira|07:20:00|RN|101.0|PARNAMIRIM|Falta de Atenção à Condução|Colisão traseira|Com Vítimas Feridas|Pleno dia|Céu Claro|2|0|2|0
271756|2020-02-26|quarta-feira|06:50:00|GO|60.0|RIO VERDE|Animais na Pista|Atropelamento de Animal|Com Vítimas Feridas|Pleno dia|Céu Claro|3|0|2|0
271757|2020-02-26|quarta-feira|04:30:00|PR|369.0|CAMBARA|Condutor Dormindo|Saída de leito carroçável|Com Vítimas Feridas|Plena Noite|Chuva|1|0|1|0
271758|2020-02-26|quarta-feira|06:50:00|ES|101.0|SERRA|Falta de Atenção à Condução|Colisão com objeto estático|Com Vítimas Feridas|Pleno dia|Céu Claro|2|0|2|0
271759|2020-02-26|quarta-feira|06:30:00|PR|476.0|LAPA|Avarias e/ou desgaste excessivo no pneu|Colisão frontal|Com Vítimas Fatais|Amanhecer|Chuva|4|3|0|0
271760|2020-02-26|quarta-feira|07:00:00|SP|116.0|GUARULHOS|Pista Escorregadia|Queda de ocupante de veículo|Com Vítimas Feridas|Pleno dia|Nublado|1|0|1|0
271761|2020-02-26|quarta-feira|07:10:00|ES|101.0|ARACRUZ|Ultrapassagem Indevida|Colisão frontal|Com Vítimas Feridas|Pleno dia|Céu Claro|2|0|0|1
271762|2020-02-26|quarta-feira|07:30:00|SC|101.0|BIGUACU|Pista Escorregadia|Tombamento|Com Vítimas Feridas|Pleno dia|Chuva|1|0|1|0
271763|2020-02-26|quarta-feira|06:10:00|RS|158.0|ROSARIO DO SUL|Condutor Dormindo|Colisão lateral|Com Vítimas Feridas|Amanhecer|Céu Claro|2|0|1|0
271764|2020-02-26|quarta-feira|07:30:00|CE|116.0|ICO|Desobediência às normas de trânsito pelo condutor|Colisão transversal|Com Vítimas Feridas|Pleno dia|Céu Claro|8|0|7|0
271765|2020-02-26|quarta-feira|04:30:00|RJ|40.0|PETROPOLIS|Desobediência às normas de trânsito pelo condutor|Tombamento|Com Vítimas Feridas|Plena Noite|Chuva|2|0|2|0
271766|2020-02-26|quarta-feira|08:10:00|PR|376.0|TIJUCAS DO SUL|Velocidade Incompatível|Colisão com objeto estático|Com Vítimas Feridas|Pleno dia|Chuva|2|0|2|0
271770|2020-02-26|quarta-feira|08:20:00|MG|262.0|BETIM|Avarias e/ou desgaste excessivo no pneu|Tombamento|Com Vítimas Feridas|Pleno dia|Nublado|2|0|0|2
271772|2020-02-26|quarta-feira|08:00:00|DF|20.0|BRASILIA|Ingestão de Álcool|Colisão traseira|Sem Vítimas|Pleno dia|Chuva|2|0|0|0
271773|2020-02-26|quarta-feira|08:30:00|RJ|40.0|PETROPOLIS|Pista Escorregadia|Tombamento|Com Vítimas Feridas|Pleno dia|Chuva|1|0|1|0
271774|2020-02-26|quarta-feira|05:30:00|MG|262.0|BOM DESPACHO|Falta de Atenção à Condução|Saída de leito carroçável|Sem Vítimas|Amanhecer|Céu Claro|1|0|0|0
271775|2020-02-26|quarta-feira|07:50:00|ES|259.0|COLATINA|Velocidade Incompatível|Queda de ocupante de veículo|Com Vítimas Feridas|Pleno dia|Céu Claro|5|0|0|1
271776|2020-02-26|quarta-feira|08:50:00|ES|262.0|MARECHAL FLORIANO|Falta de Atenção à Condução|Colisão traseira|Com Vítimas Feridas|Pleno dia|Céu Claro|2|0|1|0
271777|2020-02-26|quarta-feira|09:10:00|BA|410.0|RIBEIRA DO POMBAL|Falta de Atenção à Condução|Capotamento|Com Vítimas Feridas|Pleno dia|Céu Claro|1|0|0|1
271778|2020-02-26|quarta-feira|10:00:00|GO|153.0|MORRINHOS|Condutor Dormindo|Saída de leito carroçável|Com Vítimas Feridas|Pleno dia|Céu Claro|1|0|1|0
271779|2020-02-26|quarta-feira|07:00:00|MG|40.0|MATIAS BARBOSA|Defeito Mecânico no Veículo|Colisão traseira|Com Vítimas Feridas|Pleno dia|Nublado|3|0|2|0
271780|2020-02-26|quarta-feira|08:50:00|SC|101.0|JOINVILLE|Não guardar distância de segurança|Colisão traseira|Com Vítimas Feridas|Pleno dia|Chuva|5|0|1|0
271781|2020-02-26|quarta-feira|08:10:00|SC|282.0|CATANDUVAS|Avarias e/ou desgaste excessivo no pneu|Colisão com objeto estático|Com Vítimas Feridas|Pleno dia|Garoa/Chuvisco|1|0|1|0
271782|2020-02-26|quarta-feira|10:40:00|PB|230.0|SANTA RITA|Falta de Atenção à Condução|Colisão lateral|Com Vítimas Feridas|Pleno dia|Céu Claro|5|0|1|0
271783|2020-02-26|quarta-feira|10:55:00|AL|101.0|PILAR|Defeito Mecânico no Veículo|Colisão lateral|Com Vítimas Feridas|Pleno dia|Nublado|5|0|2|0
271791|2020-02-26|quarta-feira|09:40:00|SC|280.0|ARAQUARI|Falta de Atenção à Condução|Colisão transversal|Com Vítimas Feridas|Pleno dia|Chuva|2|0|1|0
271792|2020-02-26|quarta-feira|02:00:00|SC|470.0|INDAIAL|Condutor Dormindo|Saída de leito carroçável|Com Vítimas Feridas|Amanhecer|Chuva|1|0|1|0
271793|2020-02-26|quarta-feira|11:10:00|MG|116.0|LARANJAL|Desobediência às normas de trânsito pelo condutor|Colisão transversal|Com Vítimas Feridas|Pleno dia|Céu Claro|2|0|1|1
271794|2020-02-26|quarta-feira|11:20:00|PB|101.0|JOAO PESSOA|Pista Escorregadia|Tombamento|Com Vítimas Feridas|Pleno dia|Céu Claro|2|0|1|1
271795|2020-02-26|quarta-feira|11:15:00|PE|232.0|MORENO|Objeto estático sobre o leito carroçável|Engavetamento|Sem Vítimas|Pleno dia|Sol|5|0|0|0
271796|2020-02-26|quarta-feira|10:45:00|PR|116.0|ANTONINA|Velocidade Incompatível|Capotamento|Com Vítimas Feridas|Pleno dia|Chuva|2|0|1|0
271797|2020-02-26|quarta-feira|11:07:00|PR|277.0|CAMPO LARGO|Velocidade Incompatível|Capotamento|Com Vítimas Feridas|Pleno dia|Chuva|2|0|1|0
271798|2020-02-26|quarta-feira|11:35:00|RS|116.0|NOVO HAMBURGO|Animais na Pista|Atropelamento de Animal|Com Vítimas Feridas|Pleno dia|Sol|1|0|1|0
271799|2020-02-26|quarta-feira|09:50:00|RJ|393.0|SAPUCAIA|Falta de Atenção à Condução|Colisão frontal|Com Vítimas Feridas|Pleno dia|Céu Claro|2|0|1|0
271800|2020-02-26|quarta-feira|09:50:00|BA|367.0|EUNAPOLIS|Não guardar distância de segurança|Engavetamento|Com Vítimas Feridas|Pleno dia|Céu Claro|14|0|2|0
271801|2020-02-26|quarta-feira|09:20:00|PR|116.0|COLOMBO|Velocidade Incompatível|Colisão com objeto estático|Com Vítimas Feridas|Pleno dia|Chuva|1|0|1|0
271802|2020-02-26|quarta-feira|10:20:00|MG|262.0|CORREGO DANTA|Pista Escorregadia|Saída de leito carroçável|Com Vítimas Feridas|Pleno dia|Chuva|2|0|2|0
271803|2020-02-26|quarta-feira|11:00:00|PR|373.0|IMBITUVA|Velocidade Incompatível|Tombamento|Sem Vítimas|Pleno dia|Nublado|1|0|0|0
271804|2020-02-26|quarta-feira|11:20:00|RS|116.0|IVOTI|Velocidade Incompatível|Colisão transversal|Sem Vítimas|Pleno dia|Céu Claro|2|0|0|0
271805|2020-02-26|quarta-feira|12:20:00|PR|376.0|GUARATUBA|Falta de Atenção à Condução|Saída de leito carroçável|Com Vítimas Feridas|Pleno dia|Garoa/Chuvisco|2|0|2|0
271806|2020-02-26|quarta-feira|11:30:00|PR|376.0|SAO JOSE DOS PINHAIS|Pista Escorregadia|Saída de leito carroçável|Com Vítimas Feridas|Pleno dia|Chuva|3|0|2|0
271807|2020-02-26|quarta-feira|12:30:00|RS|116.0|CAXIAS DO SUL|Não guardar distância de segurança|Colisão traseira|Com Vítimas Feridas|Pleno dia|Chuva|3|0|1|0
271808|2020-02-26|quarta-feira|11:10:00|PR|163.0|LINDOESTE|Falta de Atenção à Condução|Colisão traseira|Com Vítimas Feridas|Pleno dia|Céu Claro|2|0|1|0
271809|2020-02-26|quarta-feira|11:50:00|SC|101.0|BARRA VELHA|Falta de Atenção à Condução|Colisão traseira|Com Vítimas Feridas|Pleno dia|Garoa/Chuvisco|8|0|3|0
271810|2020-02-26|quarta-feira|08:30:00|SC|153.0|IRANI|Velocidade Incompatível|Saída de leito carroçável|Com Vítimas Feridas|Pleno dia|Garoa/Chuvisco|2|0|2|0
271812|2020-02-26|quarta-feira|12:55:00|PR|376.0|ORTIGUEIRA|Velocidade Incompatível|Colisão lateral|Com Vítimas Feridas|Pleno dia|Chuva|6|0|5|0
271815|2020-02-26|quarta-feira|11:30:00|MG|50.0|UBERABA|Velocidade Incompatível|Saída de leito carroçável|Com Vítimas Feridas|Pleno dia|Chuva|1|0|0|1
271816|2020-02-26|quarta-feira|13:00:00|TO|153.0|CRIXAS DO TOCANTINS|Agressão Externa|Colisão com objeto estático|Com Vítimas Feridas|Pleno dia|Céu Claro|1|0|1|0
271817|2020-02-26|quarta-feira|12:05:00|SC|101.0|BARRA VELHA|Restrição de Visibilidade|Colisão traseira|Sem Vítimas|Pleno dia|Nublado|2|0|0|0
271818|2020-02-26|quarta-feira|13:20:00|CE|116.0|EUSEBIO|Falta de Atenção à Condução|Colisão traseira|Com Vítimas Feridas|Pleno dia|Sol|2|0|1|0
271819|2020-02-26|quarta-feira|12:50:00|PR|376.0|SARANDI|Pista Escorregadia|Colisão com objeto estático|Com Vítimas Feridas|Pleno dia|Chuva|2|0|2|0
271821|2020-02-26|quarta-feira|13:50:00|SP|116.0|ITAPECERICA DA SERRA|Desobediência às normas de trânsito pelo condutor|Tombamento|Com Vítimas Feridas|Pleno dia|Nublado|2|0|1|0
271822|2020-02-26|quarta-feira|08:30:00|SP|116.0|BARRA DO TURVO|Falta de Atenção à Condução|Saída de leito carroçável|Com Vítimas Feridas|Pleno dia|Nublado|2|0|1|1
271823|2020-02-26|quarta-feira|10:50:00|PR|376.0|TIBAGI|Velocidade Incompatível|Colisão frontal|Com Vítimas Fatais|Pleno dia|Chuva|8|1|0|6
271824|2020-02-26|quarta-feira|14:00:00|PR|469.0|FOZ DO IGUACU|Desobediência às normas de trânsito pelo condutor|Colisão transversal|Com Vítimas Feridas|Pleno dia|Sol|2|0|1|0
271825|2020-02-26|quarta-feira|10:00:00|GO|364.0|CACHOEIRA ALTA|Pista Escorregadia|Saída de leito carroçável|Com Vítimas Feridas|Pleno dia|Céu Claro|2|0|1|0
271826|2020-02-26|quarta-feira|13:20:00|RJ|116.0|NOVA IGUACU|Falta de Atenção à Condução|Colisão lateral|Com Vítimas Feridas|Pleno dia|Céu Claro|3|0|2|0
271827|2020-02-26|quarta-feira|14:30:00|GO|40.0|VALPARAISO DE GOIAS|Pista Escorregadia|Queda de ocupante de veículo|Com Vítimas Feridas|Pleno dia|Garoa/Chuvisco|1|0|1|0
271832|2020-02-26|quarta-feira|10:05:00|PR|153.0|VENTANIA|Velocidade Incompatível|Colisão frontal|Com Vítimas Fatais|Pleno dia|Chuva|2|1|1|0
271833|2020-02-26|quarta-feira|14:20:00|PB|230.0|JOAO PESSOA|Avarias e/ou desgaste excessivo no pneu|Tombamento|Com Vítimas Feridas|Pleno dia|Sol|2|0|2|0
271834|2020-02-26|quarta-feira|14:50:00|SC|280.0|GUARAMIRIM|Falta de Atenção à Condução|Colisão transversal|Com Vítimas Feridas|Pleno dia|Garoa/Chuvisco|2|0|1|0
271835|2020-02-26|quarta-feira|11:45:00|MG|116.0|SANTA BARBARA DO LESTE|Falta de Atenção à Condução|Colisão transversal|Com Vítimas Fatais|Pleno dia|Céu Claro|3|1|2|0
271837|2020-02-26|quarta-feira|15:00:00|SE|101.0|SAO CRISTOVAO|Defeito Mecânico no Veículo|Queda de ocupante de veículo|Com Vítimas Feridas|Pleno dia|Céu Claro|2|0|1|1
271838|2020-02-26|quarta-feira|12:00:00|SC|280.0|GUARAMIRIM|Falta de Atenção à Condução|Colisão traseira|Com Vítimas Feridas|Pleno dia|Chuva|2|0|1|0
271839|2020-02-26|quarta-feira|15:00:00|CE|20.0|FORTALEZA|Não guardar distância de segurança|Colisão traseira|Com Vítimas Feridas|Pleno dia|Céu Claro|2|0|2|0
271840|2020-02-26|quarta-feira|15:00:00|MG|153.0|COMENDADOR GOMES|Desobediência às normas de trânsito pelo condutor|Colisão transversal|Com Vítimas Feridas|Pleno dia|Nublado|3|0|2|0
271841|2020-02-26|quarta-feira|15:10:00|RO|364.0|CACOAL|Ultrapassagem Indevida|Colisão transversal|Com Vítimas Feridas|Pleno dia|Céu Claro|2|0|1|1
271843|2020-02-26|quarta-feira|14:30:00|RJ|101.0|MANGARATIBA|Ingestão de Álcool|Colisão lateral|Com Vítimas Feridas|Pleno dia|Nublado|7|0|2|0
271844|2020-02-26|quarta-feira|15:50:00|PR|116.0|CAMPINA GRANDE DO SUL|Falta de Atenção à Condução|Saída de leito carroçável|Com Vítimas Feridas|Pleno dia|Chuva|1|0|1|0
271845|2020-02-26|quarta-feira|16:10:00|SC|101.0|ITAJAI|Falta de Atenção à Condução|Colisão lateral|Com Vítimas Feridas|Pleno dia|Chuva|3|0|1|0
271846|2020-02-26|quarta-feira|16:32:00|RN|304.0|MACAIBA|Falta de Atenção à Condução|Colisão traseira|Com Vítimas Feridas|Pleno dia|Céu Claro|6|0|1|0
271853|2020-02-26|quarta-feira|15:45:00|SC|470.0|RIO DO SUL|Falta de Atenção à Condução|Colisão traseira|Com Vítimas Feridas|Pleno dia|Chuva|3|0|1|0
271854|2020-02-26|quarta-feira|16:55:00|SP|153.0|JOSE BONIFACIO|Falta de Atenção à Condução|Colisão transversal|Com Vítimas Feridas|Pleno dia|Nublado|2|0|0|1
271855|2020-02-26|quarta-feira|16:35:00|GO|20.0|ALVORADA DO NORTE|Falta de Atenção à Condução|Saída de leito carroçável|Com Vítimas Feridas|Pleno dia|Céu Claro|2|0|2|0
271856|2020-02-26|quarta-feira|15:08:00|RO|364.0|CACOAL|Velocidade Incompatível|Colisão transversal|Com Vítimas Feridas|Pleno dia|Sol|3|0|2|0
271857|2020-02-26|quarta-feira|14:07:00|SC|101.0|SAO JOSE|Falta de Atenção à Condução|Atropelamento de Pedestre|Com Vítimas Feridas|Pleno dia|Céu Claro|2|0|1|0
271858|2020-02-26|quarta-feira|16:30:00|PR|277.0|SAO JOSE DOS PINHAIS|Avarias e/ou desgaste excessivo no pneu|Colisão com objeto em movimento|Com Vítimas Feridas|Pleno dia|Garoa/Chuvisco|1|0|1|0
271861|2020-02-26|quarta-feira|16:45:00|MG|381.0|NOVA UNIAO|Desobediência às normas de trânsito pelo condutor|Colisão frontal|Com Vítimas Fatais|Pleno dia|Céu Claro|2|1|0|0
271870|2020-02-26|quarta-feira|16:30:00|GO|60.0|ALEXANIA|Velocidade Incompatível|Colisão traseira|Com Vítimas Feridas|Pleno dia|Chuva|7|0|0|1
271871|2020-02-26|quarta-feira|17:35:00|DF|40.0|BRASILIA|Desobediência às normas de trânsito pelo condutor|Colisão traseira|Com Vítimas Feridas|Anoitecer|Chuva|2|0|1|0
271872|2020-02-26|quarta-feira|16:30:00|PR|277.0|CAMPO LARGO|Falta de Atenção à Condução|Colisão traseira|Com Vítimas Feridas|Pleno dia|Chuva|2|0|1|0
271875|2020-02-26|quarta-feira|17:35:00|ES|101.0|RIO NOVO DO SUL|Falta de Atenção à Condução|Colisão transversal|Com Vítimas Feridas|Anoitecer|Nublado|2|0|1|0
271876|2020-02-26|quarta-feira|12:20:00|RS|386.0|TIO HUGO|Falta de Atenção do Pedestre|Atropelamento de Pedestre|Com Vítimas Fatais|Pleno dia|Sol|2|1|0|0
271877|2020-02-26|quarta-feira|17:15:00|RS|116.0|CAXIAS DO SUL|Falta de Atenção à Condução|Colisão transversal|Com Vítimas Feridas|Pleno dia|Céu Claro|2|0|1|0
271878|2020-02-26|quarta-feira|18:00:00|MG|381.0|BETIM|Desobediência às normas de trânsito pelo condutor|Saída de leito carroçável|Com Vítimas Feridas|Anoitecer|Nublado|2|0|1|0
271879|2020-02-26|quarta-feira|12:40:00|MG|50.0|UBERABA|Falta de Atenção à Condução|Colisão traseira|Com Vítimas Feridas|Pleno dia|Céu Claro|4|0|2|0
271880|2020-02-26|quarta-feira|15:45:00|RS|392.0|RIO GRANDE|Condutor Dormindo|Saída de leito carroçável|Com Vítimas Feridas|Pleno dia|Céu Claro|1|0|1|0
271881|2020-02-26|quarta-feira|15:27:00|MG|381.0|NOVA ERA|Desobediência às normas de trânsito pelo condutor|Colisão lateral|Com Vítimas Feridas|Pleno dia|Chuva|3|0|2|0
271882|2020-02-26|quarta-feira|11:20:00|BA|116.0|VITORIA DA CONQUISTA|Falta de Atenção do Pedestre|Atropelamento de Pedestre|Com Vítimas Feridas|Pleno dia|Céu Claro|2|0|1|0
271883|2020-02-26|quarta-feira|17:10:00|SP|116.0|GUARATINGUETA|Falta de Atenção à Condução|Colisão traseira|Com Vítimas Feridas|Pleno dia|Céu Claro|2|0|1|0
271884|2020-02-26|quarta-feira|17:10:00|MT|163.0|SINOP|Falta de Atenção à Condução|Colisão traseira|Com Vítimas Feridas|Pleno dia|Nublado|3|0|2|0
271886|2020-02-26|quarta-feira|18:20:00|SC|101.0|ITAPEMA|Falta de Atenção à Condução|Colisão lateral|Sem Vítimas|Anoitecer|Nublado|2|0|0|0
271888|2020-02-26|quarta-feira|18:35:00|PR|376.0|MARINGA|Desobediência às normas de trânsito pelo condutor|Colisão lateral|Com Vítimas Feridas|Anoitecer|Nublado|2|0|1|0
271889|2020-02-26|quarta-feira|17:30:00|PR|373.0|PONTA GROSSA|Falta de Atenção à Condução|Colisão traseira|Sem Vítimas|Pleno dia|Nublado|2|0|0|0
271890|2020-02-26|quarta-feira|17:22:00|RS|386.0|FREDERICO WESTPHALEN|Desobediência às normas de trânsito pelo condutor|Colisão transversal|Sem Vítimas|Pleno dia|Céu Claro|2|0|0|0
271891|2020-02-26|quarta-feira|16:45:00|RJ|101.0|ITABORAI|Falta de Atenção à Condução|Queda de ocupante de veículo|Com Vítimas Feridas|Pleno dia|Nublado|1|0|1|0
271892|2020-02-26|quarta-feira|16:50:00|ES|101.0|LINHARES|Falta de Atenção do Pedestre|Queda de ocupante de veículo|Com Vítimas Feridas|Pleno dia|Sol|1|0|1|0
271893|2020-02-26|quarta-feira|19:00:00|PB|101.0|JOAO PESSOA|Defeito Mecânico no Veículo|Tombamento|Com Vítimas Feridas|Plena Noite|Nublado|2|0|2|0
271894|2020-02-26|quarta-feira|16:30:00|MG|40.0|BARBACENA|Pista Escorregadia|Tombamento|Com Vítimas Feridas|Pleno dia|Chuva|4|0|2|0
271895|2020-02-26|quarta-feira|18:30:00|PR|476.0|CURITIBA|Falta de Atenção à Condução|Colisão traseira|Com Vítimas Feridas|Plena Noite|Nublado|2|0|0|1
271896|2020-02-26|quarta-feira|18:10:00|PR|376.0|CURITIBA|Desobediência às normas de trânsito pelo condutor|Colisão transversal|Com Vítimas Feridas|Anoitecer|Céu Claro|3|0|0|1
271897|2020-02-26|quarta-feira|17:45:00|PI|343.0|PARNAIBA|Desobediência às normas de trânsito pelo condutor|Colisão frontal|Com Vítimas Feridas|Anoitecer|Nublado|4|0|4|0
271898|2020-02-26|quarta-feira|17:05:00|MG|262.0|MANHUACU|Fenômenos da Natureza|Tombamento|Com Vítimas Feridas|Pleno dia|Chuva|3|0|0|1
271899|2020-02-26|quarta-feira|19:25:00|TO|153.0|GURUPI|Desobediência às normas de trânsito pelo condutor|Atropelamento de Pedestre|Com Vítimas Feridas|Plena Noite|Nublado|2|0|1|0
271900|2020-02-26|quarta-feira|19:00:00|PR|116.0|CAMPINA GRANDE DO SUL|Velocidade Incompatível|Saída de leito carroçável|Com Vítimas Feridas|Plena Noite|Garoa/Chuvisco|1|0|0|1
271901|2020-02-26|quarta-feira|17:20:00|GO|60.0|ABADIA DE GOIAS|Falta de Atenção à Condução|Saída de leito carroçável|Com Vítimas Feridas|Anoitecer|Chuva|1|0|1|0
271902|2020-02-26|quarta-feira|19:30:00|DF|20.0|BRASILIA|Falta de Atenção à Condução|Colisão traseira|Com Vítimas Feridas|Plena Noite|Céu Claro|2|0|1|0
271903|2020-02-26|quarta-feira|19:40:00|CE|20.0|FORTALEZA|Falta de Atenção à Condução|Tombamento|Com Vítimas Feridas|Plena Noite|Céu Claro|2|0|2|0
271904|2020-02-26|quarta-feira|19:20:00|RS|153.0|BAGE|Falta de Atenção à Condução|Tombamento|Com Vítimas Feridas|Anoitecer|Céu Claro|1|0|1|0
271905|2020-02-26|quarta-feira|19:50:00|DF|70.0|BRASILIA|Ingestão de Álcool|Colisão lateral|Sem Vítimas|Plena Noite|Céu Claro|3|0|0|0
271906|2020-02-26|quarta-feira|19:40:00|PR|476.0|CURITIBA|Falta de Atenção à Condução|Saída de leito carroçável|Com Vítimas Feridas|Plena Noite|Garoa/Chuvisco|1|0|1|0
271907|2020-02-26|quarta-feira|19:20:00|SC|101.0|ITAPEMA|Falta de Atenção à Condução|Colisão lateral|Com Vítimas Feridas|Plena Noite|Nublado|3|0|0|1
271908|2020-02-26|quarta-feira|19:42:00|PR|277.0|CANDOI|Falta de Atenção do Pedestre|Atropelamento de Pedestre|Com Vítimas Feridas|Anoitecer|Céu Claro|2|0|0|1