id|data_inversa|dia_semana|horario|uf|br|municipio|causa_acidente|tipo_acidente|classificacao_acidente|fase_dia|condicao_metereologica|pessoas|mortos|feridos_leves|feridos_graves
271909|2020-02-26|quarta-feira|19:40:00|PE|428.0|CABROBO|Animais na Pista|Atropelamento de Animal|Com Vítimas Fatais|Plena Noite|Céu Claro|1|1|0|0
271910|2020-02-26|quarta-feira|18:30:00|MS|163.0|DOURADOS|Ingestão de Álcool|Saída de leito carroçável|Sem Vítimas|Plena Noite|Céu Claro|1|0|0|0
271911|2020-02-26|quarta-feira|19:00:00|MS|163.0|RIO VERDE DE MATO GROSSO|Falta de Atenção à Condução|Colisão transversal|Com Vítimas Feridas|Plena Noite|Nublado|4|0|3|1
271913|2020-02-26|quarta-feira|20:15:00|SC|101.0|SAO JOSE|Falta de Atenção à Condução|Colisão transversal|Com Vítimas Feridas|Plena Noite|Céu Claro|3|0|1|0
271914|2020-02-19|quarta-feira|18:00:00|MG|381.0|BETIM|Falta de Atenção à Condução|Colisão traseira|Com Vítimas Feridas|Anoitecer|Nublado|2|0|1|0
271915|2020-02-26|quarta-feira|19:30:00|PA|222.0|RONDON DO PARA|Desobediência às normas de trânsito pelo condutor|Colisão traseira|Com Vítimas Feridas|Plena Noite|Céu Claro|4|0|2|0
271916|2020-02-26|quarta-feira|20:25:00|PB|230.0|SANTA RITA|Avarias e/ou desgaste excessivo no pneu|Queda de ocupante de veículo|Com Vítimas Feridas|Plena Noite|Céu Claro|1|0|1|0
271917|2020-02-26|quarta-feira|20:40:00|PB|101.0|MAMANGUAPE|Defeito Mecânico no Veículo|Incêndio|Sem Vítimas|Plena Noite|Céu Claro|1|0|0|0
271918|2020-02-26|quarta-feira|15:20:00|RJ|101.0|MACAE|Condutor Dormindo|Colisão lateral|Com Vítimas Feridas|Pleno dia|Céu Claro|4|0|2|0
271919|2020-02-26|quarta-feira|21:10:00|PB|230.0|CABEDELO|Avarias e/ou desgaste excessivo no pneu|Colisão lateral|Com Vítimas Feridas|Plena Noite|Céu Claro|2|0|1|0
271920|2020-02-26|quarta-feira|20:40:00|BA|110.0|CICERO DANTAS|Defeito Mecânico no Veículo|Colisão transversal|Com Vítimas Feridas|Plena Noite|Céu Claro|3|0|1|1
271921|2020-02-26|quarta-feira|16:30:00|MA|316.0|BACABAL|Falta de Atenção à Condução|Colisão transversal|Com Vítimas Feridas|Pleno dia|Céu Claro|2|0|0|1
271922|2020-02-26|quarta-feira|19:10:00|BA|101.0|EUNAPOLIS|Defeito Mecânico no Veículo|Incêndio|Sem Vítimas|Plena Noite|Céu Claro|1|0|0|0
271924|2020-02-26|quarta-feira|21:00:00|PE|101.0|RECIFE|Animais na Pista|Atropelamento de Animal|Com Vítimas Feridas|Plena Noite|Céu Claro|4|0|2|0
271925|2020-02-26|quarta-feira|18:20:00|RS|290.0|GLORINHA|Falta de Atenção à Condução|Colisão traseira|Com Vítimas Feridas|Plena Noite|Céu Claro|4|0|2|0
271927|2020-02-26|quarta-feira|21:30:00|AL|104.0|UNIAO DOS PALMARES|Animais na Pista|Atropelamento de Animal|Com Vítimas Fatais|Plena Noite|Céu Claro|2|2|0|0
271928|2020-02-26|quarta-feira|17:30:00|BA|101.0|PRESIDENTE TANCREDO NEVES|Desobediência às normas de trânsito pelo condutor|Colisão lateral|Com Vítimas Fatais|Plena Noite|Céu Claro|2|1|0|0
271929|2020-02-26|quarta-feira|20:50:00|RS|290.0|GLORINHA|Falta de Atenção à Condução|Colisão traseira|Com Vítimas Feridas|Plena Noite|Nublado|4|0|1|0
271930|2020-02-26|quarta-feira|19:40:00|RJ|101.0|ANGRA DOS REIS|Ingestão de Álcool|Colisão traseira|Com Vítimas Feridas|Plena Noite|Chuva|2|0|0|1
271933|2020-02-26|quarta-feira|19:00:00|MG|262.0|ARAXA|Ingestão de Álcool|Saída de leito carroçável|Sem Vítimas|Plena Noite|Nublado|1|0|0|0
271934|2020-02-26|quarta-feira|21:40:00|SC|470.0|GASPAR|Falta de Atenção à Condução|Colisão com objeto estático|Com Vítimas Feridas|Plena Noite|Nublado|1|0|1|0
271937|2020-02-14|sexta-feira|21:05:00|MG|116.0|GOVERNADOR VALADARES|Falta de Atenção à Condução|Colisão transversal|Com Vítimas Feridas|Plena Noite|Céu Claro|2|0|0|1
271938|2020-02-26|quarta-feira|17:00:00|MG|381.0|GOVERNADOR VALADARES|Falta de Atenção à Condução|Saída de leito carroçável|Com Vítimas Feridas|Pleno dia|Céu Claro|4|0|1|1
271940|2020-02-27|quinta-feira|00:18:00|SC|470.0|BLUMENAU|Ingestão de Álcool|Colisão com objeto estático|Com Vítimas Feridas|Plena Noite|Céu Claro|1|0|1|0
271941|2020-02-26|quarta-feira|18:10:00|GO|452.0|SANTA HELENA DE GOIAS|Falta de Atenção à Condução|Colisão traseira|Com Vítimas Feridas|Anoitecer|Chuva|3|0|2|1
271942|2020-02-26|quarta-feira|23:50:00|MG|40.0|ITABIRITO|Velocidade Incompatível|Saída de leito carroçável|Com Vítimas Feridas|Plena Noite|Chuva|3|0|2|1
271944|2020-02-26|quarta-feira|22:45:00|PB|230.0|SOUSA|Não guardar distância de segurança|Colisão traseira|Com Vítimas Feridas|Plena Noite|Nublado|3|0|1|0
271946|2020-02-27|quinta-feira|01:30:00|SC|101.0|TUBARAO|Falta de Atenção à Condução|Saída de leito carroçável|Com Vítimas Feridas|Plena Noite|Céu Claro|1|0|0|1
271947|2020-02-27|quinta-feira|00:50:00|RS|470.0|VERANOPOLIS|Desobediência às normas de trânsito pelo condutor|Saída de leito carroçável|Com Vítimas Feridas|Plena Noite|Céu Claro|1|0|1|0
271948|2020-02-26|quarta-feira|23:30:00|SP|116.0|BARRA DO TURVO|Pista Escorregadia|Colisão com objeto estático|Com Vítimas Feridas|Plena Noite|Garoa/Chuvisco|2|0|1|0
271949|2020-02-26|quarta-feira|19:50:00|SP|116.0|BARRA DO TURVO|Pista Escorregadia|Saída de leito carroçável|Com Vítimas Feridas|Anoitecer|Chuva|4|0|1|0
271950|2020-02-27|quinta-feira|03:00:00|PB|101.0|JOAO PESSOA|Falta de Atenção do Pedestre|Atropelamento de Pedestre|Com Vítimas Feridas|Plena Noite|Céu Claro|3|0|2|1
271951|2020-02-27|quinta-feira|02:15:00|SP|116.0|CAJATI|Defeito Mecânico no Veículo|Incêndio|Sem Vítimas|Plena Noite|Garoa/Chuvisco|1|0|0|0
271952|2020-02-26|quarta-feira|21:40:00|MG|262.0|IBIA|Falta de Atenção à Condução|Colisão traseira|Com Vítimas Feridas|Plena Noite|Nublado|3|0|1|0
271953|2020-02-27|quinta-feira|03:45:00|PR|277.0|IBEMA|Defeito Mecânico no Veículo|Incêndio|Sem Vítimas|Plena Noite|Céu Claro|1|0|0|0
271954|2020-02-27|quinta-feira|04:45:00|SC|470.0|GASPAR|Falta de Atenção à Condução|Colisão frontal|Com Vítimas Feridas|Plena Noite|Nublado|2|0|0|1
271955|2020-02-27|quinta-feira|04:25:00|SP|488.0|APARECIDA|Condutor Dormindo|Saída de leito carroçável|Com Vítimas Feridas|Plena Noite|Chuva|1|0|0|1
271956|2020-02-27|quinta-feira|00:00:00|PE|232.0|RECIFE|Falta de Atenção à Condução|Colisão com objeto estático|Sem Vítimas|Plena Noite|Céu Claro|1|0|0|0
271957|2020-01-29|quarta-feira|12:00:00|PE|407.0|PETROLINA|Falta de Atenção à Condução|Colisão traseira|Com Vítimas Feridas|Pleno dia|Céu Claro|3|0|1|0
271959|2020-02-27|quinta-feira|06:00:00|RN|101.0|CANGUARETAMA|Velocidade Incompatível|Saída de leito carroçável|Com Vítimas Feridas|Amanhecer|Céu Claro|5|0|4|0
271960|2020-02-27|quinta-feira|07:09:00|CE|222.0|FORTALEZA|Falta de Atenção à Condução|Colisão traseira|Com Vítimas Feridas|Amanhecer|Céu Claro|2|0|1|0
271961|2020-02-27|quinta-feira|07:10:00|DF|20.0|BRASILIA|Desobediência às normas de trânsito pelo condutor|Colisão lateral|Com Vítimas Feridas|Pleno dia|Céu Claro|5|0|1|1
271962|2020-02-27|quinta-feira|07:00:00|SC|282.0|PALHOCA|Desobediência às normas de trânsito pelo condutor|Colisão transversal|Com Vítimas Feridas|Pleno dia|Sol|2|0|1|0
271963|2020-02-27|quinta-feira|06:50:00|SC|282.0|FLORIANOPOLIS|Falta de Atenção à Condução|Colisão lateral|Sem Vítimas|Pleno dia|Céu Claro|2|0|0|0
271965|2020-02-27|quinta-feira|07:55:00|SC|101.0|PALHOCA|Desobediência às normas de trânsito pelo condutor|Colisão transversal|Com Vítimas Feridas|Pleno dia|Céu Claro|2|0|0|1
271966|2020-02-27|quinta-feira|07:20:00|PR|158.0|PATO BRANCO|Falta de Atenção à Condução|Colisão transversal|Com Vítimas Feridas|Pleno dia|Céu Claro|2|0|1|0
271967|2020-02-27|quinta-feira|07:30:00|PR|116.0|FAZENDA RIO GRANDE|Falta de Atenção à Condução|Colisão lateral|Com Vítimas Feridas|Pleno dia|Céu Claro|1|0|1|0
271968|2020-02-27|quinta-feira|08:02:00|PE|101.0|JABOATAO DOS GUARARAPES|Não guardar distância de segurança|Engavetamento|Sem Vítimas|Pleno dia|Sol|3|0|0|0
271970|2020-02-27|quinta-feira|06:40:00|MT|163.0|DIAMANTINO|Falta de Atenção à Condução|Saída de leito carroçável|Com Vítimas Feridas|Pleno dia|Nublado|3|0|3|0
271971|2020-02-27|quinta-feira|07:25:00|ES|101.0|LINHARES|Ultrapassagem Indevida|Colisão lateral|Com Vítimas Feridas|Pleno dia|Céu Claro|2|0|1|0
271972|2020-02-26|quarta-feira|22:45:00|RS|392.0|SANTANA DA BOA VISTA|Velocidade Incompatível|Saída de leito carroçável|Com Vítimas Feridas|Plena Noite|Céu Claro|1|0|1|0
271973|2020-02-27|quinta-feira|04:05:00|MG|262.0|MATIPO|Falta de Atenção à Condução|Colisão traseira|Com Vítimas Feridas|Plena Noite|Nublado|2|0|1|0
271974|2020-02-27|quinta-feira|06:30:00|PI|230.0|SAO FRANCISCO DO PIAUI|Animais na Pista|Atropelamento de Animal|Com Vítimas Feridas|Pleno dia|Nublado|1|0|1|0
271975|2020-02-27|quinta-feira|08:13:00|DF|20.0|BRASILIA|Falta de Atenção à Condução|Colisão lateral|Com Vítimas Feridas|Pleno dia|Céu Claro|2|0|2|0
271977|2020-02-27|quinta-feira|08:00:00|PR|376.0|PONTA GROSSA|Objeto estático sobre o leito carroçável|Queda de ocupante de veículo|Com Vítimas Feridas|Pleno dia|Sol|1|0|1|0
271978|2020-02-27|quinta-feira|08:15:00|PR|373.0|PONTA GROSSA|Falta de Atenção à Condução|Colisão traseira|Com Vítimas Feridas|Pleno dia|Céu Claro|2|0|1|0
271979|2020-02-27|quinta-feira|08:05:00|RN|110.0|MOSSORO|Defeito Mecânico no Veículo|Capotamento|Com Vítimas Feridas|Pleno dia|Nublado|1|0|0|1
271980|2020-02-27|quinta-feira|08:00:00|MG|354.0|ITAMONTE|Falta de Atenção à Condução|Colisão transversal|Com Vítimas Feridas|Pleno dia|Céu Claro|2|0|1|0
271981|2020-02-27|quinta-feira|07:50:00|PR|116.0|COLOMBO|Falta de Atenção à Condução|Colisão traseira|Com Vítimas Feridas|Pleno dia|Céu Claro|1|0|1|0
271982|2020-02-27|quinta-feira|06:55:00|GO|60.0|ALEXANIA|Falta de Atenção à Condução|Colisão traseira|Com Vítimas Feridas|Amanhecer|Céu Claro|3|0|1|0
271983|2020-02-27|quinta-feira|07:40:00|GO|153.0|APARECIDA DE GOIANIA|Falta de Atenção à Condução|Colisão traseira|Sem Vítimas|Pleno dia|Sol|3|0|0|0
271984|2020-02-27|quinta-feira|08:51:00|PB|230.0|JOAO PESSOA|Não guardar distância de segurança|Colisão traseira|Com Vítimas Feridas|Pleno dia|Céu Claro|2|0|0|1
271985|2020-02-27|quinta-feira|08:10:00|RJ|101.0|ITABORAI|Pista Escorregadia|Tombamento|Com Vítimas Feridas|Pleno dia|Chuva|1|0|1|0
271986|2020-02-27|quinta-feira|07:30:00|MT|163.0|SINOP|Velocidade Incompatível|Colisão traseira|Com Vítimas Feridas|Pleno dia|Nublado|2|0|1|0
271988|2020-02-27|quinta-feira|08:00:00|PR|476.0|LAPA|Falta de Atenção à Condução|Colisão transversal|Com Vítimas Feridas|Pleno dia|Céu Claro|2|0|1|0
271989|2020-02-27|quinta-feira|08:00:00|PR|369.0|LONDRINA|Não guardar distância de segurança|Engavetamento|Com Vítimas Feridas|Pleno dia|Céu Claro|4|0|1|0
271990|2020-02-27|quinta-feira|08:55:00|MG|50.0|ARAGUARI|Falta de Atenção à Condução|Colisão com objeto estático|Sem Vítimas|Pleno dia|Céu Claro|1|0|0|0
271991|2020-02-27|quinta-feira|09:15:00|RN|405.0|MOSSORO|Falta de Atenção à Condução|Colisão traseira|Com Vítimas Feridas|Pleno dia|Céu Claro|2|0|1|0
271992|2020-02-27|quinta-feira|09:30:00|PR|376.0|APUCARANA|Desobediência às normas de trânsito pelo condutor|Colisão transversal|Com Vítimas Feridas|Pleno dia|Céu Claro|2|0|0|1
271994|2020-02-27|quinta-feira|08:40:00|PR|476.0|COLOMBO|Desobediência às normas de trânsito pelo condutor|Colisão lateral|Com Vítimas Feridas|Pleno dia|Céu Claro|3|0|1|0
271996|2020-02-26|quarta-feira|22:30:00|MG|153.0|PRATA|Falta de Atenção à Condução|Tombamento|Sem Vítimas|Plena Noite|Chuva|1|0|0|0
271997|2020-02-27|quinta-feira|09:40:00|PR|476.0|CURITIBA|Defeito na Via|Queda de ocupante de veículo|Com Vítimas Fatais|Pleno dia|Sol|1|1|0|0
271998|2020-01-26|domingo|14:00:00|MG|251.0|FRANCISCO SA|Falta de Atenção à Condução|Colisão traseira|Com Vítimas Feridas|Pleno dia|Chuva|1|0|1|0
271999|2020-02-27|quinta-feira|09:50:00|CE|222.0|SAO GONCALO DO AMARANTE|Defeito Mecânico no Veículo|Colisão lateral|Com Vítimas Feridas|Pleno dia|Céu Claro|5|0|2|0
272000|2020-02-27|quinta-feira|10:00:00|BA|116.0|SERRINHA|Falta de Atenção à Condução|Colisão lateral|Com Vítimas Feridas|Pleno dia|Sol|3|0|0|1
272001|2020-02-02|domingo|18:30:00|SP|116.0|BARRA DO TURVO|Falta de Atenção à Condução|Colisão traseira|Com Vítimas Feridas|Anoitecer|Chuva|1|0|1|0
272002|2020-02-27|quinta-feira|10:50:00|RJ|101.0|CAMPOS DOS GOYTACAZES|Falta de Atenção à Condução|Colisão transversal|Com Vítimas Feridas|Pleno dia|Céu Claro|3|0|3|0
272003|2020-02-27|quinta-feira|09:10:00|MG|381.0|CORONEL FABRICIANO|Ultrapassagem Indevida|Saída de leito carroçável|Com Vítimas Feridas|Pleno dia|Nublado|3|0|1|1
272004|2020-02-27|quinta-feira|11:55:00|MG|146.0|POCOS DE CALDAS|Velocidade Incompatível|Saída de leito carroçável|Com Vítimas Feridas|Pleno dia|Chuva|1|0|1|0
272005|2020-02-27|quinta-feira|12:00:00|RJ|101.0|ITAGUAI|Desobediência às normas de trânsito pelo condutor|Colisão transversal|Com Vítimas Feridas|Pleno dia|Chuva|3|0|1|0
272006|2020-02-27|quinta-feira|12:10:00|SC|101.0|BIGUACU|Falta de Atenção à Condução|Colisão com objeto estático|Com Vítimas Feridas|Pleno dia|Sol|3|0|3|0
272007|2020-02-27|quinta-feira|09:45:00|RJ|116.0|SAPUCAIA|Pista Escorregadia|Colisão com objeto estático|Com Vítimas Feridas|Pleno dia|Chuva|2|0|1|0
272008|2020-02-27|quinta-feira|12:20:00|MA|10.0|GOVERNADOR EDISON LOBAO|Desobediência às normas de trânsito pelo condutor|Colisão frontal|Com Vítimas Fatais|Pleno dia|Céu Claro|3|1|0|0
272009|2020-02-27|quinta-feira|12:11:00|SC|101.0|PALHOCA|Falta de Atenção à Condução|Colisão com objeto estático|Com Vítimas Feridas|Pleno dia|Sol|2|0|0|1
272010|2020-02-27|quinta-feira|11:15:00|PR|376.0|APUCARANA|Desobediência às normas de trânsito pelo condutor|Atropelamento de Pedestre|Com Vítimas Feridas|Pleno dia|Sol|3|0|2|1
272011|2020-02-27|quinta-feira|12:30:00|MG|153.0|MONTE ALEGRE DE MINAS|Condutor Dormindo|Saída de leito carroçável|Com Vítimas Feridas|Pleno dia|Céu Claro|1|0|1|0
272014|2020-02-27|quinta-feira|11:40:00|RJ|101.0|MANGARATIBA|Falta de Atenção à Condução|Engavetamento|Com Vítimas Feridas|Pleno dia|Chuva|6|0|2|0
272015|2020-02-27|quinta-feira|13:30:00|ES|101.0|LINHARES|Defeito Mecânico no Veículo|Queda de ocupante de veículo|Com Vítimas Feridas|Pleno dia|Céu Claro|2|0|1|1
272017|2020-02-27|quinta-feira|13:30:00|DF|70.0|BRASILIA|Falta de Atenção à Condução|Colisão transversal|Com Vítimas Feridas|Pleno dia|Céu Claro|3|0|1|0
272018|2020-02-27|quinta-feira|12:45:00|PR|476.0|COLOMBO|Falta de Atenção à Condução|Colisão transversal|Com Vítimas Feridas|Pleno dia|Céu Claro|2|0|1|0
272019|2020-02-27|quinta-feira|12:00:00|SC|163.0|SAO MIGUEL DO OESTE|Velocidade Incompatível|Colisão traseira|Com Vítimas Feridas|Pleno dia|Céu Claro|3|0|1|0
272020|2020-02-27|quinta-feira|13:00:00|CE|116.0|JAGUARIBE|Pista Escorregadia|Saída de leito carroçável|Com Vítimas Feridas|Pleno dia|Chuva|5|0|1|0
272021|2020-02-27|quinta-feira|14:10:00|SC|280.0|GUARAMIRIM|Desobediência às normas de trânsito pelo condutor|Colisão traseira|Com Vítimas Feridas|Pleno dia|Céu Claro|2|0|1|0
272022|2020-02-14|sexta-feira|14:25:00|RS|470.0|BENTO GONCALVES|Falta de Atenção à Condução|Colisão transversal|Com Vítimas Feridas|Pleno dia|Céu Claro|2|0|1|0
272024|2020-02-27|quinta-feira|12:15:00|RS|293.0|PINHEIRO MACHADO|Falta de Atenção à Condução|Colisão traseira|Com Vítimas Feridas|Pleno dia|Céu Claro|4|0|2|0
272027|2020-02-27|quinta-feira|12:30:00|PB|230.0|CAMPINA GRANDE|Ingestão de Álcool|Atropelamento de Pedestre|Com Vítimas Fatais|Pleno dia|Céu Claro|2|1|0|0
272028|2020-02-27|quinta-feira|13:10:00|MT|163.0|PEIXOTO DE AZEVEDO|Pista Escorregadia|Colisão traseira|Com Vítimas Feridas|Pleno dia|Chuva|2|0|1|0
272029|2020-02-27|quinta-feira|10:00:00|MG|153.0|ARAPORA|Mal Súbito|Colisão lateral|Com Vítimas Feridas|Pleno dia|Nublado|1|0|1|0
272030|2020-02-26|quarta-feira|05:30:00|MG|116.0|CAMPANARIO|Ultrapassagem Indevida|Colisão lateral|Com Vítimas Feridas|Amanhecer|Nublado|1|0|1|0
272031|2020-02-27|quinta-feira|15:25:00|PE|101.0|RECIFE|Falta de Atenção à Condução|Colisão traseira|Com Vítimas Feridas|Pleno dia|Céu Claro|2|0|2|0
272032|2020-02-27|quinta-feira|15:30:00|SP|116.0|TABOAO DA SERRA|Não guardar distância de segurança|Tombamento|Com Vítimas Feridas|Pleno dia|Nublado|1|0|0|1
272033|2020-02-27|quinta-feira|12:45:00|RO|364.0|PORTO VELHO|Avarias e/ou desgaste excessivo no pneu|Colisão com objeto estático|Com Vítimas Feridas|Pleno dia|Garoa/Chuvisco|1|0|1|0
272034|2020-02-27|quinta-feira|15:15:00|BA|101.0|EUNAPOLIS|Não guardar distância de segurança|Colisão lateral|Com Vítimas Feridas|Pleno dia|Céu Claro|2|0|1|0
272036|2020-02-27|quinta-feira|15:55:00|RJ|101.0|PARATY|Velocidade Incompatível|Tombamento|Com Vítimas Fatais|Pleno dia|Chuva|1|1|0|0
272037|2020-02-27|quinta-feira|11:00:00|RS|116.0|CAMAQUA|Condutor Dormindo|Saída de leito carroçável|Com Vítimas Feridas|Pleno dia|Céu Claro|5|0|0|5
272038|2020-02-27|quinta-feira|16:25:00|SC|470.0|LONTRAS|Falta de Atenção à Condução|Colisão transversal|Com Vítimas Feridas|Pleno dia|Sol|2|0|0|1
272039|2020-02-27|quinta-feira|15:00:00|MG|40.0|RIBEIRAO DAS NEVES|Falta de Atenção do Pedestre|Atropelamento de Pedestre|Com Vítimas Feridas|Pleno dia|Nublado|3|0|2|0
272040|2020-02-27|quinta-feira|16:25:00|PR|373.0|PONTA GROSSA|Falta de Atenção à Condução|Colisão lateral|Com Vítimas Feridas|Pleno dia|Céu Claro|2|0|0|1
272041|2020-02-27|quinta-feira|16:00:00|SP|459.0|PIQUETE|Velocidade Incompatível|Saída de leito carroçável|Com Vítimas Feridas|Pleno dia|Chuva|3|0|2|1
272043|2020-02-27|quinta-feira|15:40:00|MG|365.0|UBERLANDIA|Falta de Atenção à Condução|Saída de leito carroçável|Com Vítimas Feridas|Pleno dia|Nublado|2|0|1|0
272044|2020-02-27|quinta-feira|16:20:00|RJ|116.0|MAGE|Falta de Atenção à Condução|Colisão transversal|Com Vítimas Feridas|Pleno dia|Chuva|2|0|1|0
272045|2020-02-27|quinta-feira|17:15:00|SP|116.0|GUARULHOS|Não guardar distância de segurança|Colisão traseira|Com Vítimas Feridas|Anoitecer|Garoa/Chuvisco|2|0|1|0
272046|2020-02-27|quinta-feira|14:25:00|ES|101.0|ATILIO VIVACQUA|Velocidade Incompatível|Colisão lateral|Sem Vítimas|Pleno dia|Garoa/Chuvisco|5|0|0|0
272047|2020-02-27|quinta-feira|17:33:00|MG|381.0|CARMOPOLIS DE MINAS|Velocidade Incompatível|Capotamento|Com Vítimas Feridas|Anoitecer|Chuva|1|0|1|0
272049|2020-02-27|quinta-feira|14:49:00|MG|381.0|SANTO ANTONIO DO AMPARO|Falta de Atenção à Condução|Colisão traseira|Com Vítimas Feridas|Pleno dia|Céu Claro|2|0|1|0
272050|2020-02-27|quinta-feira|16:25:00|RO|364.0|CACOAL|Ultrapassagem Indevida|Colisão frontal|Com Vítimas Feridas|Pleno dia|Céu Claro|5|0|4|0
272051|2020-02-27|quinta-feira|17:10:00|GO|70.0|AGUAS LINDAS DE GOIAS|Falta de Atenção à Condução|Saída de leito carroçável|Com Vítimas Feridas|Pleno dia|Céu Claro|2|0|2|0
272052|2020-02-27|quinta-feira|17:45:00|PR|376.0|SARANDI|Falta de Atenção do Pedestre|Atropelamento de Pedestre|Com Vítimas Feridas|Anoitecer|Céu Claro|3|0|1|0
272053|2020-01-21|terça-feira|17:30:00|SC|282.0|VARGEM BONITA|Velocidade Incompatível|Colisão frontal|Sem Vítimas|Pleno dia|Chuva|2|0|0|0
272054|2020-02-27|quinta-feira|16:30:00|RJ|101.0|MANGARATIBA|Pista Escorregadia|Colisão lateral|Sem Vítimas|Pleno dia|Chuva|5|0|0|0
272055|2020-02-27|quinta-feira|14:10:00|MA|10.0|PORTO FRANCO|Falta de Atenção à Condução|Tombamento|Sem Vítimas|Pleno dia|Céu Claro|2|0|0|0
272056|2020-02-27|quinta-feira|12:25:00|MA|316.0|MARANHAOZINHO|Condutor Dormindo|Colisão frontal|Com Vítimas Fatais|Pleno dia|Céu Claro|6|1|2|2
272057|2020-02-27|quinta-feira|17:25:00|SC|470.0|LONTRAS|Falta de Atenção à Condução|Colisão lateral|Com Vítimas Feridas|Pleno dia|Céu Claro|2|0|1|0
272058|2020-02-27|quinta-feira|17:15:00|SC|282.0|BOCAINA DO SUL|Condutor Dormindo|Saída de leito carroçável|Sem Vítimas|Pleno dia|Céu Claro|1|0|0|0
272059|2020-02-27|quinta-feira|14:30:00|RS|386.0|FREDERICO WESTPHALEN|Desobediência às normas de trânsito pelo condutor|Colisão transversal|Com Vítimas Feridas|Pleno dia|Céu Claro|6|0|5|0
272060|2020-02-27|quinta-feira|13:00:00|MG|116.0|GOVERNADOR VALADARES|Desobediência às normas de trânsito pelo condutor|Tombamento|Com Vítimas Feridas|Pleno dia|Nublado|1|0|1|0
272061|2020-02-27|quinta-feira|17:50:00|PR|277.0|MATELANDIA|Falta de Atenção à Condução|Colisão traseira|Com Vítimas Feridas|Pleno dia|Céu Claro|4|0|2|0
272062|2020-02-27|quinta-feira|18:15:00|MG|40.0|SETE LAGOAS|Defeito Mecânico no Veículo|Tombamento|Com Vítimas Feridas|Anoitecer|Nublado|2|0|2|0
272063|2020-02-27|quinta-feira|18:20:00|RS|116.0|CANOAS|Não guardar distância de segurança|Colisão traseira|Com Vítimas Feridas|Pleno dia|Céu Claro|3|0|1|0
272064|2020-02-27|quinta-feira|17:45:00|PE|232.0|JABOATAO DOS GUARARAPES|Falta de Atenção do Pedestre|Atropelamento de Pedestre|Com Vítimas Feridas|Anoitecer|Céu Claro|4|0|0|1
272065|2020-02-27|quinta-feira|18:20:00|PR|116.0|CURITIBA|Falta de Atenção à Condução|Colisão traseira|Com Vítimas Feridas|Pleno dia|Nublado|2|0|1|0
272066|2020-02-27|quinta-feira|15:10:00|MA|135.0|SAO LUIS|Falta de Atenção à Condução|Colisão transversal|Sem Vítimas|Pleno dia|Nublado|3|0|0|0
272067|2020-02-27|quinta-feira|17:10:00|RO|364.0|CACOAL|Desobediência às normas de trânsito pelo condutor|Colisão transversal|Com Vítimas Feridas|Pleno dia|Céu Claro|2|0|1|0
272068|2020-02-27|quinta-feira|16:28:00|RJ|101.0|SAO GONCALO|Defeito Mecânico no Veículo|Colisão lateral|Com Vítimas Feridas|Pleno dia|Nublado|2|0|1|0
272071|2020-02-27|quinta-feira|19:05:00|PR|369.0|ARAPONGAS|Desobediência às normas de trânsito pelo condutor|Colisão transversal|Com Vítimas Feridas|Plena Noite|Céu Claro|3|0|2|0
272072|2020-02-26|quarta-feira|10:25:00|PA|316.0|CASTANHAL|Falta de Atenção à Condução|Colisão lateral|Com Vítimas Feridas|Pleno dia|Nublado|2|0|1|0
272073|2020-02-27|quinta-feira|16:40:00|SC|280.0|CORUPA|Condutor Dormindo|Saída de leito carroçável|Com Vítimas Feridas|Pleno dia|Céu Claro|2|0|1|0
272074|2020-02-27|quinta-feira|17:30:00|SC|101.0|ARARANGUA|Desobediência às normas de trânsito pelo condutor|Colisão transversal|Com Vítimas Feridas|Pleno dia|Céu Claro|3|0|0|1
272075|2020-02-27|quinta-feira|17:30:00|MT|364.0|CUIABA|Falta de Atenção à Condução|Colisão transversal|Com Vítimas Feridas|Anoitecer|Céu Claro|2|0|1|0
272076|2020-02-27|quinta-feira|18:00:00|MT|70.0|CAMPO VERDE|Desobediência às normas de trânsito pelo condutor|Colisão lateral|Sem Vítimas|Anoitecer|Céu Claro|2|0|0|0
272078|2020-02-27|quinta-feira|20:10:00|RS|153.0|ERECHIM|Desobediência às normas de trânsito pelo condutor|Colisão frontal|Com Vítimas Feridas|Plena Noite|Céu Claro|2|0|1|0
272080|2020-02-27|quinta-feira|20:00:00|SP|116.0|SANTA ISABEL|Animais na Pista|Atropelamento de Animal|Sem Vítimas|Plena Noite|Céu Claro|2|0|0|0
272081|2020-02-23|domingo|17:00:00|RS|293.0|CAPAO DO LEAO|Falta de Atenção à Condução|Colisão transversal|Com Vítimas Feridas|Pleno dia|Céu Claro|4|0|1|2
272082|2020-02-23|domingo|11:10:00|RS|392.0|RIO GRANDE|Defeito Mecânico no Veículo|Tombamento|Com Vítimas Feridas|Pleno dia|Céu Claro|2|0|1|1
272083|2020-02-27|quinta-feira|13:45:00|SC|280.0|SAO FRANCISCO DO SUL|Falta de Atenção à Condução|Colisão transversal|Com Vítimas Feridas|Pleno dia|Sol|2|0|1|0
272084|2020-02-27|quinta-feira|20:25:00|MG|116.0|TEOFILO OTONI|Falta de Atenção à Condução|Colisão transversal|Com Vítimas Feridas|Plena Noite|Garoa/Chuvisco|3|0|1|0