id|data_inversa|dia_semana|horario|uf|br|municipio|causa_acidente|tipo_acidente|classificacao_acidente|fase_dia|condicao_metereologica|pessoas|mortos|feridos_leves|feridos_graves
272085|2020-02-27|quinta-feira|18:40:00|MT|364.0|RONDONOPOLIS|Pista Escorregadia|Tombamento|Com Vítimas Feridas|Plena Noite|Céu Claro|1|0|1|0
272086|2020-02-27|quinta-feira|14:50:00|SC|116.0|SANTA CECILIA|Velocidade Incompatível|Tombamento|Com Vítimas Feridas|Pleno dia|Sol|1|0|0|1
272087|2020-02-27|quinta-feira|20:47:00|RS|386.0|LAJEADO|Falta de Atenção do Pedestre|Atropelamento de Pedestre|Com Vítimas Feridas|Plena Noite|Céu Claro|2|0|0|1
272088|2020-02-27|quinta-feira|19:45:00|MG|381.0|CAMPANHA|Velocidade Incompatível|Saída de leito carroçável|Sem Vítimas|Plena Noite|Chuva|1|0|0|0
272089|2020-02-27|quinta-feira|19:50:00|RO|435.0|CEREJEIRAS|Velocidade Incompatível|Colisão transversal|Com Vítimas Feridas|Plena Noite|Nublado|2|0|0|1
272090|2020-02-27|quinta-feira|18:50:00|RS|293.0|PIRATINI|Defeito Mecânico no Veículo|Saída de leito carroçável|Com Vítimas Feridas|Anoitecer|Céu Claro|1|0|1|0
272091|2020-02-27|quinta-feira|21:05:00|PR|369.0|APUCARANA|Desobediência às normas de trânsito pelo condutor|Queda de ocupante de veículo|Com Vítimas Feridas|Plena Noite|Céu Claro|1|0|1|0
272092|2020-02-27|quinta-feira|20:00:00|PI|343.0|FLORIANO|Desobediência às normas de trânsito pelo condutor|Colisão transversal|Com Vítimas Feridas|Plena Noite|Céu Claro|2|0|1|0
272093|2020-02-27|quinta-feira|20:20:00|DF|40.0|BRASILIA|Desobediência às normas de trânsito pelo condutor|Colisão lateral|Com Vítimas Feridas|Plena Noite|Nublado|2|0|1|0
272094|2020-02-27|quinta-feira|19:00:00|PB|230.0|PATOS|Ingestão de Álcool|Colisão traseira|Sem Vítimas|Plena Noite|Céu Claro|2|0|0|0
272095|2020-02-27|quinta-feira|18:30:00|BA|101.0|MUCURI|Falta de Atenção à Condução|Colisão transversal|Sem Vítimas|Plena Noite|Nublado|2|0|0|0
272096|2020-02-27|quinta-feira|22:00:00|MG|40.0|RIBEIRAO DAS NEVES|Mal Súbito|Colisão lateral|Com Vítimas Feridas|Plena Noite|Chuva|4|0|2|2
272097|2020-02-27|quinta-feira|21:45:00|SC|101.0|PALHOCA|Velocidade Incompatível|Colisão traseira|Com Vítimas Feridas|Plena Noite|Céu Claro|2|0|0|1
272098|2020-02-27|quinta-feira|20:40:00|PI|316.0|PICOS|Pista Escorregadia|Colisão frontal|Com Vítimas Feridas|Plena Noite|Garoa/Chuvisco|2|0|0|1
272099|2020-02-27|quinta-feira|22:30:00|SC|282.0|FLORIANOPOLIS|Desobediência às normas de trânsito pelo condutor|Saída de leito carroçável|Sem Vítimas|Plena Noite|Céu Claro|1|0|0|0
272100|2020-02-27|quinta-feira|21:15:00|PR|153.0|GENERAL CARNEIRO|Desobediência às normas de trânsito pelo condutor|Colisão frontal|Com Vítimas Fatais|Plena Noite|Céu Claro|3|1|0|1
272101|2020-02-27|quinta-feira|21:30:00|MT|163.0|MATUPA|Defeito Mecânico no Veículo|Incêndio|Sem Vítimas|Plena Noite|Céu Claro|1|0|0|0
272102|2020-02-27|quinta-feira|23:00:00|MG|381.0|CONTAGEM|Defeito Mecânico no Veículo|Queda de ocupante de veículo|Com Vítimas Feridas|Plena Noite|Nublado|2|0|2|0
272103|2020-02-27|quinta-feira|23:00:00|RJ|116.0|SAO JOAO DE MERITI|Falta de Atenção à Condução|Colisão traseira|Com Vítimas Feridas|Plena Noite|Chuva|3|0|1|0
272104|2020-02-27|quinta-feira|22:30:00|GO|153.0|CAMPINORTE|Ultrapassagem Indevida|Colisão frontal|Com Vítimas Feridas|Plena Noite|Ignorado|5|0|0|1
272105|2020-02-27|quinta-feira|09:40:00|RO|319.0|PORTO VELHO|Defeito na Via|Tombamento|Com Vítimas Feridas|Plena Noite|Nublado|1|0|1|0
272106|2020-02-28|sexta-feira|00:00:00|PA|316.0|SANTA LUZIA DO PARA|Defeito Mecânico no Veículo|Incêndio|Sem Vítimas|Plena Noite|Nublado|1|0|0|0
272107|2020-02-28|sexta-feira|01:50:00|PR|376.0|MANDAGUARI|Velocidade Incompatível|Saída de leito carroçável|Sem Vítimas|Plena Noite|Céu Claro|2|0|0|0
272108|2020-02-28|sexta-feira|02:30:00|ES|101.0|VIANA|Velocidade Incompatível|Tombamento|Com Vítimas Feridas|Plena Noite|Chuva|2|0|1|1
272109|2020-02-28|sexta-feira|02:00:00|SC|101.0|ITAPEMA|Objeto estático sobre o leito carroçável|Colisão com objeto estático|Com Vítimas Feridas|Plena Noite|Céu Claro|1|0|1|0
272110|2020-02-28|sexta-feira|02:15:00|SC|101.0|JOINVILLE|Condutor Dormindo|Colisão traseira|Com Vítimas Feridas|Plena Noite|Céu Claro|2|0|0|1
272111|2020-02-28|sexta-feira|02:30:00|MG|381.0|POUSO ALEGRE|Ingestão de Álcool|Saída de leito carroçável|Com Vítimas Feridas|Plena Noite|Nublado|1|0|1|0
272112|2020-02-28|sexta-feira|01:00:00|MS|60.0|PARAISO DAS AGUAS|Defeito Mecânico no Veículo|Incêndio|Sem Vítimas|Plena Noite|Céu Claro|2|0|0|0
272113|2020-02-28|sexta-feira|05:20:00|RS|101.0|OSORIO|Animais na Pista|Atropelamento de Animal|Com Vítimas Feridas|Amanhecer|Céu Claro|3|0|1|0
272114|2020-02-28|sexta-feira|05:35:00|MG|40.0|SETE LAGOAS|Não guardar distância de segurança|Colisão traseira|Sem Vítimas|Amanhecer|Chuva|2|0|0|0
272115|2020-02-28|sexta-feira|05:45:00|GO|60.0|ANAPOLIS|Desobediência às normas de trânsito pelo condutor|Colisão traseira|Com Vítimas Feridas|Amanhecer|Nublado|2|0|1|0
272116|2020-02-28|sexta-feira|05:35:00|RJ|493.0|GUAPIMIRIM|Condutor Dormindo|Colisão frontal|Com Vítimas Fatais|Amanhecer|Nublado|7|2|4|1
272117|2020-02-28|sexta-feira|05:30:00|BA|116.0|SERRINHA|Pista Escorregadia|Saída de leito carroçável|Com Vítimas Fatais|Amanhecer|Céu Claro|2|1|0|0
272118|2020-02-11|terça-feira|19:00:00|SP|116.0|APARECIDA|Falta de Atenção à Condução|Colisão com objeto estático|Com Vítimas Feridas|Plena Noite|Nublado|4|0|4|0
272119|2020-02-28|sexta-feira|06:45:00|RJ|40.0|PETROPOLIS|Velocidade Incompatível|Saída de leito carroçável|Com Vítimas Feridas|Pleno dia|Chuva|1|0|1|0
272120|2020-02-28|sexta-feira|06:50:00|PR|277.0|CAMPO LARGO|Restrição de Visibilidade|Colisão transversal|Com Vítimas Feridas|Pleno dia|Nublado|2|0|0|1
272121|2020-02-28|sexta-feira|07:00:00|PB|230.0|JOAO PESSOA|Defeito Mecânico no Veículo|Incêndio|Sem Vítimas|Pleno dia|Céu Claro|1|0|0|0
272122|2020-02-28|sexta-feira|07:00:00|GO|153.0|GOIANIA|Falta de Atenção à Condução|Queda de ocupante de veículo|Com Vítimas Feridas|Pleno dia|Nublado|1|0|0|1
272123|2020-02-24|segunda-feira|06:30:00|SC|282.0|SAO JOSE DO CERRITO|Velocidade Incompatível|Colisão com objeto estático|Sem Vítimas|Amanhecer|Céu Claro|1|0|0|0
272124|2020-02-28|sexta-feira|06:15:00|MG|356.0|MURIAE|Falta de Atenção à Condução|Colisão lateral|Com Vítimas Feridas|Pleno dia|Nublado|2|0|1|0
272125|2020-02-28|sexta-feira|07:00:00|SP|381.0|ATIBAIA|Defeito Mecânico no Veículo|Capotamento|Sem Vítimas|Pleno dia|Nublado|1|0|0|0
272126|2020-02-28|sexta-feira|06:45:00|MG|381.0|BELA VISTA DE MINAS|Desobediência às normas de trânsito pelo condutor|Saída de leito carroçável|Com Vítimas Feridas|Pleno dia|Chuva|1|0|1|0
272127|2020-02-28|sexta-feira|05:45:00|PR|476.0|CURITIBA|Falta de Atenção à Condução|Saída de leito carroçável|Sem Vítimas|Amanhecer|Céu Claro|1|0|0|0
272128|2020-02-28|sexta-feira|07:20:00|ES|101.0|CARIACICA|Falta de Atenção à Condução|Colisão traseira|Com Vítimas Feridas|Pleno dia|Chuva|2|0|1|0
272129|2020-02-28|sexta-feira|07:40:00|PB|230.0|JOAO PESSOA|Velocidade Incompatível|Colisão traseira|Com Vítimas Feridas|Pleno dia|Céu Claro|3|0|1|0
272130|2020-02-28|sexta-feira|07:10:00|RS|116.0|SAO LEOPOLDO|Condutor Dormindo|Colisão com objeto estático|Com Vítimas Feridas|Pleno dia|Céu Claro|1|0|0|1
272131|2020-02-27|quinta-feira|19:30:00|MT|163.0|NOVA MUTUM|Defeito na Via|Tombamento|Com Vítimas Feridas|Plena Noite|Nublado|1|0|1|0
272132|2020-02-28|sexta-feira|06:45:00|PR|476.0|PAULO FRONTIN|Defeito Mecânico no Veículo|Incêndio|Sem Vítimas|Amanhecer|Céu Claro|1|0|0|0
272133|2020-02-28|sexta-feira|06:40:00|DF|40.0|BRASILIA|Falta de Atenção à Condução|Colisão lateral|Com Vítimas Feridas|Amanhecer|Céu Claro|2|0|1|0
272134|2020-02-28|sexta-feira|07:50:00|PR|369.0|URAI|Falta de Atenção à Condução|Colisão com objeto estático|Com Vítimas Feridas|Pleno dia|Céu Claro|1|0|1|0
272135|2020-02-28|sexta-feira|07:30:00|PR|376.0|CURITIBA|Não guardar distância de segurança|Colisão traseira|Com Vítimas Feridas|Pleno dia|Sol|2|0|0|1
272136|2020-02-28|sexta-feira|08:00:00|CE|116.0|FORTALEZA|Defeito Mecânico no Veículo|Colisão traseira|Sem Vítimas|Pleno dia|Nublado|2|0|0|0
272137|2020-02-28|sexta-feira|07:10:00|PI|316.0|PICOS|Falta de Atenção à Condução|Colisão transversal|Com Vítimas Feridas|Pleno dia|Céu Claro|2|0|0|1
272138|2020-02-28|sexta-feira|06:00:00|MG|251.0|FRANCISCO SA|Ultrapassagem Indevida|Colisão frontal|Com Vítimas Feridas|Pleno dia|Chuva|6|0|3|0
272139|2020-02-28|sexta-feira|07:20:00|CE|116.0|FORTALEZA|Não guardar distância de segurança|Colisão traseira|Com Vítimas Feridas|Pleno dia|Nublado|2|0|1|0
272140|2020-02-28|sexta-feira|07:40:00|RJ|116.0|NOVA IGUACU|Desobediência às normas de trânsito pelo pedestre|Atropelamento de Pedestre|Com Vítimas Fatais|Pleno dia|Nublado|2|1|0|0
272141|2020-02-28|sexta-feira|08:35:00|SP|381.0|BRAGANCA PAULISTA|Falta de Atenção à Condução|Colisão lateral|Com Vítimas Feridas|Pleno dia|Nublado|3|0|2|0
272143|2020-02-28|sexta-feira|07:40:00|MT|70.0|CUIABA|Falta de Atenção à Condução|Colisão lateral|Com Vítimas Feridas|Pleno dia|Céu Claro|3|0|1|0
272144|2020-02-28|sexta-feira|00:30:00|MA|222.0|ACAILANDIA|Velocidade Incompatível|Tombamento|Com Vítimas Feridas|Plena Noite|Garoa/Chuvisco|2|0|2|0
272145|2020-02-28|sexta-feira|08:28:00|MG|40.0|CONTAGEM|Velocidade Incompatível|Colisão traseira|Com Vítimas Fatais|Pleno dia|Nublado|3|1|0|0
272146|2020-02-18|terça-feira|13:40:00|SC|282.0|LAGES|Falta de Atenção à Condução|Colisão transversal|Com Vítimas Feridas|Pleno dia|Céu Claro|4|0|2|0
272147|2020-02-28|sexta-feira|07:00:00|ES|101.0|ARACRUZ|Desobediência às normas de trânsito pelo condutor|Colisão traseira|Com Vítimas Feridas|Pleno dia|Chuva|4|0|1|0
272148|2020-02-28|sexta-feira|09:45:00|CE|116.0|ITAITINGA|Não guardar distância de segurança|Colisão traseira|Com Vítimas Feridas|Pleno dia|Nublado|2|0|1|0
272149|2020-02-28|sexta-feira|08:30:00|MG|381.0|OLIVEIRA|Velocidade Incompatível|Capotamento|Com Vítimas Feridas|Pleno dia|Chuva|2|0|2|0
272150|2020-02-28|sexta-feira|08:40:00|GO|60.0|ACREUNA|Pista Escorregadia|Saída de leito carroçável|Com Vítimas Feridas|Pleno dia|Chuva|4|0|0|1
272151|2020-02-28|sexta-feira|08:15:00|SC|282.0|LAGES|Falta de Atenção à Condução|Colisão transversal|Com Vítimas Feridas|Pleno dia|Céu Claro|5|0|1|0
272152|2020-02-28|sexta-feira|09:15:00|RO|364.0|CACOAL|Fenômenos da Natureza|Saída de leito carroçável|Com Vítimas Feridas|Pleno dia|Chuva|1|0|1|0
272153|2020-02-28|sexta-feira|10:35:00|MG|50.0|ARAGUARI|Defeito Mecânico no Veículo|Colisão com objeto estático|Sem Vítimas|Pleno dia|Nublado|1|0|0|0
272154|2020-02-28|sexta-feira|10:30:00|BA|116.0|FEIRA DE SANTANA|Falta de Atenção à Condução|Atropelamento de Pedestre|Com Vítimas Feridas|Pleno dia|Sol|2|0|0|1
272156|2020-02-28|sexta-feira|07:45:00|SC|470.0|CURITIBANOS|Falta de Atenção à Condução|Colisão lateral|Com Vítimas Feridas|Pleno dia|Céu Claro|2|0|1|0
272157|2020-02-28|sexta-feira|09:00:00|GO|364.0|JATAI|Não guardar distância de segurança|Colisão lateral|Sem Vítimas|Pleno dia|Nublado|2|0|0|0
272158|2020-02-28|sexta-feira|11:50:00|SC|101.0|SAO JOSE|Falta de Atenção à Condução|Colisão transversal|Com Vítimas Feridas|Pleno dia|Céu Claro|2|0|1|0
272159|2020-02-28|sexta-feira|09:00:00|RO|364.0|PORTO VELHO|Desobediência às normas de trânsito pelo condutor|Colisão traseira|Com Vítimas Feridas|Pleno dia|Nublado|3|0|1|0
272160|2020-02-28|sexta-feira|11:00:00|CE|20.0|MARACANAU|Ingestão de Substâncias Psicoativas|Colisão lateral|Sem Vítimas|Pleno dia|Céu Claro|3|0|0|0
272161|2020-02-28|sexta-feira|08:45:00|RJ|40.0|AREAL|Velocidade Incompatível|Tombamento|Com Vítimas Feridas|Pleno dia|Nublado|1|0|1|0
272163|2020-02-25|terça-feira|07:00:00|RS|285.0|SAO BORJA|Desobediência às normas de trânsito pelo condutor|Saída de leito carroçável|Sem Vítimas|Amanhecer|Nublado|1|0|0|0
272164|2020-02-28|sexta-feira|11:45:00|SP|116.0|JACAREI|Pista Escorregadia|Saída de leito carroçável|Sem Vítimas|Pleno dia|Chuva|1|0|0|0
272165|2020-02-28|sexta-feira|11:00:00|AC|364.0|RIO BRANCO|Falta de Atenção à Condução|Colisão traseira|Com Vítimas Feridas|Pleno dia|Céu Claro|2|0|1|0
272166|2020-02-28|sexta-feira|12:50:00|PI|343.0|FLORIANO|Animais na Pista|Saída de leito carroçável|Com Vítimas Feridas|Pleno dia|Sol|2|0|2|0
272167|2020-02-28|sexta-feira|11:30:00|SC|101.0|PENHA|Não guardar distância de segurança|Colisão traseira|Com Vítimas Feridas|Pleno dia|Sol|3|0|2|0
272168|2020-02-28|sexta-feira|05:45:00|MG|262.0|LUZ|Pista Escorregadia|Colisão frontal|Com Vítimas Feridas|Amanhecer|Chuva|2|0|0|1
272169|2020-02-28|sexta-feira|12:45:00|PI|343.0|PARNAIBA|Falta de Atenção à Condução|Colisão transversal|Com Vítimas Feridas|Pleno dia|Céu Claro|2|0|0|1
272170|2020-02-28|sexta-feira|12:45:00|MG|50.0|UBERLANDIA|Ingestão de Álcool|Saída de leito carroçável|Sem Vítimas|Pleno dia|Chuva|1|0|0|0
272171|2020-02-28|sexta-feira|06:20:00|MT|174.0|FIGUEIROPOLIS DOESTE|Falta de Atenção à Condução|Colisão transversal|Com Vítimas Fatais|Pleno dia|Céu Claro|2|1|0|0
272172|2020-02-28|sexta-feira|09:00:00|SC|282.0|ALFREDO WAGNER|Falta de Atenção à Condução|Colisão frontal|Com Vítimas Feridas|Pleno dia|Céu Claro|2|0|1|1
272173|2020-02-28|sexta-feira|12:30:00|ES|101.0|CARIACICA|Avarias e/ou desgaste excessivo no pneu|Tombamento|Com Vítimas Feridas|Pleno dia|Chuva|1|0|1|0
272174|2020-02-28|sexta-feira|13:00:00|MT|70.0|GENERAL CARNEIRO|Falta de Atenção à Condução|Saída de leito carroçável|Com Vítimas Feridas|Pleno dia|Garoa/Chuvisco|3|0|2|0
272175|2020-02-28|sexta-feira|08:00:00|CE|20.0|FORTALEZA|Desobediência às normas de trânsito pelo condutor|Colisão lateral|Com Vítimas Feridas|Pleno dia|Céu Claro|3|0|1|0
272177|2020-02-28|sexta-feira|12:40:00|SC|280.0|GUARAMIRIM|Falta de Atenção à Condução|Colisão transversal|Com Vítimas Feridas|Pleno dia|Sol|3|0|2|0
272179|2020-02-28|sexta-feira|14:03:00|SP|101.0|UBATUBA|Ultrapassagem Indevida|Colisão transversal|Com Vítimas Feridas|Pleno dia|Garoa/Chuvisco|2|0|1|0
272180|2020-02-28|sexta-feira|12:10:00|MS|163.0|CAARAPO|Falta de Atenção à Condução|Saída de leito carroçável|Com Vítimas Feridas|Pleno dia|Sol|2|0|2|0
272181|2020-02-28|sexta-feira|13:20:00|CE|116.0|ICO|Falta de Atenção à Condução|Colisão traseira|Sem Vítimas|Pleno dia|Céu Claro|2|0|0|0
272182|2020-02-28|sexta-feira|14:00:00|MG|381.0|POUSO ALEGRE|Falta de Atenção à Condução|Saída de leito carroçável|Com Vítimas Feridas|Pleno dia|Nublado|1|0|1|0
272183|2020-02-28|sexta-feira|13:15:00|RS|290.0|GLORINHA|Condutor Dormindo|Saída de leito carroçável|Com Vítimas Feridas|Pleno dia|Sol|1|0|0|1
272185|2020-02-28|sexta-feira|09:50:00|MT|174.0|MIRASSOL DOESTE|Falta de Atenção à Condução|Colisão lateral|Com Vítimas Feridas|Pleno dia|Sol|3|0|2|0
272186|2020-02-28|sexta-feira|13:50:00|MG|50.0|UBERLANDIA|Falta de Atenção à Condução|Engavetamento|Com Vítimas Feridas|Pleno dia|Sol|8|0|4|0
272187|2020-02-14|sexta-feira|08:30:00|RO|364.0|JI-PARANA|Falta de Atenção à Condução|Colisão transversal|Com Vítimas Feridas|Pleno dia|Céu Claro|3|0|1|1
272188|2020-02-25|terça-feira|08:15:00|MG|40.0|LAGOA GRANDE|Condutor Dormindo|Saída de leito carroçável|Com Vítimas Feridas|Pleno dia|Nublado|5|0|1|0
272189|2020-02-28|sexta-feira|12:20:00|RJ|101.0|SAO GONCALO|Não guardar distância de segurança|Queda de ocupante de veículo|Com Vítimas Feridas|Pleno dia|Garoa/Chuvisco|2|0|1|0
272190|2020-02-28|sexta-feira|14:00:00|PE|116.0|SALGUEIRO|Desobediência às normas de trânsito pelo condutor|Colisão transversal|Com Vítimas Feridas|Pleno dia|Céu Claro|2|0|1|0
272191|2020-02-28|sexta-feira|14:30:00|PR|476.0|CURITIBA|Falta de Atenção à Condução|Colisão traseira|Com Vítimas Feridas|Pleno dia|Céu Claro|3|0|1|0
272192|2020-02-28|sexta-feira|14:45:00|MG|40.0|CARANDAI|Avarias e/ou desgaste excessivo no pneu|Colisão com objeto estático|Com Vítimas Feridas|Pleno dia|Chuva|1|0|1|0
272193|2020-02-28|sexta-feira|15:20:00|MG|381.0|SABARA|Não guardar distância de segurança|Colisão frontal|Com Vítimas Feridas|Pleno dia|Chuva|3|0|1|0
272194|2020-02-28|sexta-feira|14:30:00|ES|101.0|LINHARES|Falta de Atenção à Condução|Colisão lateral|Com Vítimas Feridas|Pleno dia|Céu Claro|8|0|3|2
272195|2020-02-28|sexta-feira|14:35:00|PR|467.0|CASCAVEL|Velocidade Incompatível|Tombamento|Sem Vítimas|Pleno dia|Céu Claro|1|0|0|0
272196|2020-02-28|sexta-feira|16:00:00|MG|40.0|CAETANOPOLIS|Velocidade Incompatível|Saída de leito carroçável|Com Vítimas Feridas|Pleno dia|Chuva|1|0|1|0
272197|2020-02-28|sexta-feira|15:45:00|SC|101.0|PENHA|Falta de Atenção à Condução|Colisão traseira|Com Vítimas Feridas|Pleno dia|Sol|2|0|1|0
272198|2020-02-28|sexta-feira|13:30:00|MG|251.0|GRAO MOGOL|Condutor Dormindo|Saída de leito carroçável|Com Vítimas Feridas|Pleno dia|Céu Claro|4|0|1|3
272199|2020-02-28|sexta-feira|16:10:00|MG|381.0|SABARA|Velocidade Incompatível|Saída de leito carroçável|Com Vítimas Feridas|Pleno dia|Chuva|3|0|3|0
272200|2020-02-28|sexta-feira|10:00:00|BA|110.0|JEREMOABO|Desobediência às normas de trânsito pelo condutor|Colisão frontal|Com Vítimas Fatais|Pleno dia|Céu Claro|3|1|1|0
272201|2020-02-28|sexta-feira|15:20:00|GO|153.0|MORRINHOS|Velocidade Incompatível|Colisão traseira|Com Vítimas Feridas|Pleno dia|Chuva|3|0|1|0
272202|2020-02-23|domingo|17:30:00|AM|174.0|MANAUS|Ingestão de Álcool|Saída de leito carroçável|Com Vítimas Feridas|Anoitecer|Céu Claro|1|0|0|1
272203|2020-02-28|sexta-feira|15:15:00|SP|116.0|JUQUITIBA|Ingestão de Álcool|Atropelamento de Pedestre|Com Vítimas Feridas|Pleno dia|Nublado|3|0|0|1
272204|2020-02-28|sexta-feira|11:00:00|RJ|40.0|PETROPOLIS|Falta de Atenção à Condução|Colisão lateral|Sem Vítimas|Pleno dia|Nublado|2|0|0|0
272205|2020-02-28|sexta-feira|16:00:00|SP|116.0|SAO LOURENCO DA SERRA|Avarias e/ou desgaste excessivo no pneu|Danos eventuais|Com Vítimas Feridas|Pleno dia|Garoa/Chuvisco|2|0|1|0
272206|2020-02-28|sexta-feira|15:15:00|PR|376.0|TIBAGI|Velocidade Incompatível|Colisão com objeto estático|Com Vítimas Feridas|Pleno dia|Sol|1|0|1|0
272207|2020-02-28|sexta-feira|14:20:00|BA|330.0|JEQUIE|Falta de Atenção à Condução|Colisão transversal|Com Vítimas Feridas|Pleno dia|Céu Claro|3|0|0|2
272208|2020-02-28|sexta-feira|14:40:00|PI|135.0|ELISEU MARTINS|Desobediência às normas de trânsito pelo condutor|Colisão transversal|Com Vítimas Feridas|Pleno dia|Céu Claro|3|0|0|1
272209|2020-02-28|sexta-feira|16:15:00|PE|101.0|GAMELEIRA|Falta de Atenção à Condução|Colisão traseira|Com Vítimas Feridas|Pleno dia|Céu Claro|3|0|1|0
272211|2020-02-28|sexta-feira|17:20:00|GO|153.0|MORRINHOS|Velocidade Incompatível|Capotamento|Com Vítimas Feridas|Pleno dia|Chuva|1|0|1|0
272212|2020-02-28|sexta-feira|14:00:00|RJ|101.0|MANGARATIBA|Velocidade Incompatível|Colisão frontal|Com Vítimas Feridas|Pleno dia|Chuva|4|0|0|4
272213|2020-02-28|sexta-feira|17:15:00|SP|381.0|MAIRIPORA|Pista Escorregadia|Colisão com objeto estático|Com Vítimas Feridas|Anoitecer|Chuva|2|0|2|0
272214|2020-02-28|sexta-feira|16:20:00|RJ|116.0|DUQUE DE CAXIAS|Defeito Mecânico no Veículo|Colisão transversal|Com Vítimas Feridas|Pleno dia|Chuva|2|0|1|0
272215|2020-02-28|sexta-feira|17:25:00|SP|153.0|SAO JOSE DO RIO PRETO|Velocidade Incompatível|Colisão transversal|Com Vítimas Feridas|Pleno dia|Nublado|2|0|1|0
272216|2020-02-28|sexta-feira|16:30:00|MT|70.0|CUIABA|Falta de Atenção do Pedestre|Atropelamento de Pedestre|Com Vítimas Feridas|Pleno dia|Sol|2|0|1|0
272217|2020-01-31|sexta-feira|22:40:00|PE|101.0|JABOATAO DOS GUARARAPES|Falta de Atenção à Condução|Colisão transversal|Com Vítimas Feridas|Plena Noite|Céu Claro|2|0|1|0
272219|2020-02-28|sexta-feira|17:15:00|RS|290.0|SANTO ANTONIO DA PATRULHA|Condutor Dormindo|Saída de leito carroçável|Com Vítimas Feridas|Pleno dia|Céu Claro|2|0|0|1
272220|2020-02-28|sexta-feira|15:40:00|RO|421.0|ARIQUEMES|Desobediência às normas de trânsito pelo condutor|Colisão transversal|Com Vítimas Feridas|Pleno dia|Céu Claro|3|0|0|1
272221|2020-02-28|sexta-feira|14:29:00|SC|282.0|AGUAS MORNAS|Restrição de Visibilidade|Colisão transversal|Com Vítimas Feridas|Pleno dia|Sol|6|0|1|3
272222|2020-02-28|sexta-feira|18:10:00|PR|373.0|IMBITUVA|Ingestão de Álcool|Colisão transversal|Sem Vítimas|Plena Noite|Céu Claro|2|0|0|0
272223|2020-02-28|sexta-feira|18:15:00|SC|470.0|BLUMENAU|Falta de Atenção à Condução|Colisão transversal|Com Vítimas Feridas|Pleno dia|Sol|2|0|1|0
272224|2020-02-28|sexta-feira|18:00:00|SC|101.0|PALHOCA|Não guardar distância de segurança|Colisão traseira|Com Vítimas Feridas|Pleno dia|Céu Claro|3|0|2|0
272225|2020-01-27|segunda-feira|13:20:00|GO|60.0|JANDAIA|Defeito Mecânico no Veículo|Colisão com objeto estático|Com Vítimas Feridas|Pleno dia|Chuva|1|0|1|0
272226|2020-02-26|quarta-feira|11:50:00|MS|163.0|SAO GABRIEL DO OESTE|Avarias e/ou desgaste excessivo no pneu|Saída de leito carroçável|Com Vítimas Feridas|Pleno dia|Nublado|2|0|2|0
272227|2020-02-28|sexta-feira|17:30:00|RS|116.0|SAO LEOPOLDO|Não guardar distância de segurança|Colisão traseira|Com Vítimas Feridas|Anoitecer|Nublado|5|0|2|0
272228|2020-02-28|sexta-feira|16:00:00|GO|452.0|RIO VERDE|Falta de Atenção à Condução|Colisão traseira|Com Vítimas Feridas|Pleno dia|Céu Claro|2|0|1|0
272229|2020-02-28|sexta-feira|18:30:00|ES|101.0|JOAO NEIVA|Falta de Atenção à Condução|Colisão transversal|Com Vítimas Feridas|Plena Noite|Garoa/Chuvisco|3|0|1|0
272230|2020-02-28|sexta-feira|18:20:00|PR|116.0|CURITIBA|Falta de Atenção à Condução|Colisão traseira|Com Vítimas Feridas|Plena Noite|Nublado|2|0|1|0
272231|2020-02-28|sexta-feira|19:10:00|ES|101.0|LINHARES|Falta de Atenção à Condução|Colisão transversal|Com Vítimas Feridas|Plena Noite|Nublado|2|0|0|1
272232|2020-02-22|sábado|12:30:00|MS|163.0|RIO VERDE DE MATO GROSSO|Velocidade Incompatível|Saída de leito carroçável|Com Vítimas Feridas|Pleno dia|Chuva|4|0|2|0
272233|2020-02-28|sexta-feira|17:40:00|PR|277.0|VERA CRUZ DO OESTE|Desobediência às normas de trânsito pelo condutor|Colisão transversal|Com Vítimas Feridas|Pleno dia|Céu Claro|2|0|0|1
272234|2020-02-28|sexta-feira|19:00:00|MG|365.0|GURINHATA|Objeto estático sobre o leito carroçável|Colisão traseira|Com Vítimas Fatais|Plena Noite|Chuva|2|1|0|0
272235|2020-02-28|sexta-feira|17:51:00|GO|40.0|LUZIANIA|Desobediência às normas de trânsito pelo condutor|Colisão lateral|Sem Vítimas|Anoitecer|Céu Claro|3|0|0|0
272236|2020-02-28|sexta-feira|19:00:00|PR|277.0|FOZ DO IGUACU|Falta de Atenção à Condução|Colisão transversal|Com Vítimas Feridas|Anoitecer|Céu Claro|3|0|1|0
272237|2020-02-28|sexta-feira|19:05:00|MG|40.0|NOVA LIMA|Desobediência às normas de trânsito pelo condutor|Colisão lateral|Com Vítimas Feridas|Plena Noite|Céu Claro|3|0|2|0
272238|2020-02-28|sexta-feira|19:50:00|SP|459.0|LORENA|Mal Súbito|Colisão lateral|Com Vítimas Feridas|Anoitecer|Nublado|2|0|1|0
272239|2020-02-28|sexta-feira|16:50:00|PR|467.0|CASCAVEL|Defeito Mecânico no Veículo|Queda de ocupante de veículo|Com Vítimas Feridas|Pleno dia|Céu Claro|1|0|1|0
272240|2020-02-28|sexta-feira|16:45:00|SC|280.0|ARAQUARI|Falta de Atenção à Condução|Colisão transversal|Com Vítimas Feridas|Pleno dia|Céu Claro|2|0|1|0