id|data_inversa|dia_semana|horario|uf|br|municipio|causa_acidente|tipo_acidente|classificacao_acidente|fase_dia|condicao_metereologica|pessoas|mortos|feridos_leves|feridos_graves
272740|2020-03-01|domingo|16:40:00|BA|110.0|CATU|Defeito na Via|Atropelamento de Pedestre|Com Vítimas Feridas|Anoitecer|Nublado|2|0|2|0
272741|2020-03-01|domingo|20:40:00|BA|110.0|ALAGOINHAS|Defeito na Via|Queda de ocupante de veículo|Com Vítimas Feridas|Plena Noite|Céu Claro|1|0|1|0
272742|2020-03-02|segunda-feira|00:45:00|RN|304.0|ACU|Desobediência às normas de trânsito pelo condutor|Atropelamento de Pedestre|Com Vítimas Feridas|Plena Noite|Céu Claro|2|0|0|1
272744|2020-03-02|segunda-feira|03:00:00|GO|60.0|ABADIANIA|Animais na Pista|Colisão com objeto estático|Com Vítimas Fatais|Plena Noite|Chuva|4|1|1|2
272745|2020-03-02|segunda-feira|03:20:00|SC|116.0|SAO CRISTOVAO DO SUL|Condutor Dormindo|Saída de leito carroçável|Com Vítimas Feridas|Plena Noite|Céu Claro|1|0|1|0
272746|2020-03-02|segunda-feira|04:30:00|SE|101.0|NOSSA SENHORA DO SOCORRO|Não guardar distância de segurança|Colisão traseira|Com Vítimas Feridas|Pleno dia|Céu Claro|3|0|2|0
272747|2020-03-02|segunda-feira|04:30:00|ES|262.0|MARECHAL FLORIANO|Pista Escorregadia|Saída de leito carroçável|Com Vítimas Feridas|Plena Noite|Chuva|4|0|3|0
272748|2020-03-02|segunda-feira|05:00:00|DF|40.0|BRASILIA|Ingestão de Álcool|Colisão traseira|Sem Vítimas|Amanhecer|Nublado|2|0|0|0
272749|2020-03-02|segunda-feira|05:00:00|ES|259.0|COLATINA|Pista Escorregadia|Colisão com objeto estático|Com Vítimas Feridas|Plena Noite|Chuva|3|0|0|2
272751|2020-03-02|segunda-feira|00:01:00|RS|471.0|RIO PARDO|Velocidade Incompatível|Saída de leito carroçável|Com Vítimas Feridas|Plena Noite|Céu Claro|3|0|2|1
272752|2020-03-02|segunda-feira|04:40:00|BA|101.0|TEIXEIRA DE FREITAS|Animais na Pista|Atropelamento de Animal|Com Vítimas Feridas|Amanhecer|Céu Claro|1|0|1|0
272753|2020-03-02|segunda-feira|04:30:00|RJ|101.0|PARATY|Pista Escorregadia|Colisão com objeto estático|Com Vítimas Feridas|Amanhecer|Nublado|1|0|1|0
272754|2020-03-02|segunda-feira|05:40:00|CE|222.0|SOBRAL|Falta de Atenção à Condução|Colisão traseira|Sem Vítimas|Amanhecer|Céu Claro|2|0|0|0
272756|2020-03-02|segunda-feira|06:15:00|MG|116.0|TEOFILO OTONI|Falta de Atenção à Condução|Atropelamento de Animal|Com Vítimas Feridas|Pleno dia|Céu Claro|1|0|1|0
272757|2020-03-02|segunda-feira|06:10:00|RS|101.0|TERRA DE AREIA|Falta de Atenção à Condução|Saída de leito carroçável|Sem Vítimas|Amanhecer|Nublado|1|0|0|0
272758|2020-02-22|sábado|22:20:00|ES|101.0|ARACRUZ|Falta de Atenção à Condução|Colisão lateral|Com Vítimas Feridas|Plena Noite|Nublado|4|0|1|0
272759|2020-03-02|segunda-feira|06:50:00|ES|101.0|SAO MATEUS|Falta de Atenção à Condução|Colisão transversal|Com Vítimas Feridas|Pleno dia|Sol|2|0|1|0
272761|2020-03-02|segunda-feira|07:00:00|RN|101.0|PARNAMIRIM|Desobediência às normas de trânsito pelo condutor|Colisão transversal|Com Vítimas Feridas|Pleno dia|Céu Claro|2|0|1|0
272762|2020-03-02|segunda-feira|05:30:00|PE|424.0|GARANHUNS|Agressão Externa|Saída de leito carroçável|Com Vítimas Feridas|Amanhecer|Céu Claro|1|0|1|0
272763|2020-02-11|terça-feira|18:10:00|ES|101.0|SERRA|Falta de Atenção à Condução|Colisão lateral|Com Vítimas Feridas|Plena Noite|Chuva|2|0|1|0
272765|2020-03-01|domingo|16:30:00|MS|158.0|PARANAIBA|Defeito na Via|Tombamento|Sem Vítimas|Pleno dia|Céu Claro|1|0|0|0
272767|2020-03-02|segunda-feira|06:55:00|SC|101.0|PALHOCA|Desobediência às normas de trânsito pelo condutor|Colisão traseira|Com Vítimas Feridas|Pleno dia|Sol|2|0|1|0
272768|2020-03-02|segunda-feira|06:05:00|TO|153.0|CRIXAS DO TOCANTINS|Condutor Dormindo|Colisão lateral|Sem Vítimas|Pleno dia|Céu Claro|2|0|0|0
272769|2020-03-02|segunda-feira|06:50:00|GO|60.0|INDIARA|Pista Escorregadia|Saída de leito carroçável|Com Vítimas Feridas|Amanhecer|Chuva|2|0|0|2
272770|2020-03-02|segunda-feira|07:25:00|PE|423.0|JUPI|Falta de Atenção à Condução|Colisão lateral|Com Vítimas Fatais|Pleno dia|Céu Claro|3|1|0|0
272771|2020-03-02|segunda-feira|06:55:00|RS|116.0|SAO LEOPOLDO|Desobediência às normas de trânsito pelo condutor|Colisão lateral|Com Vítimas Feridas|Pleno dia|Sol|3|0|1|0
272772|2020-01-13|segunda-feira|17:30:00|BA|116.0|VITORIA DA CONQUISTA|Não guardar distância de segurança|Colisão lateral|Com Vítimas Feridas|Anoitecer|Céu Claro|2|0|1|0
272773|2020-03-02|segunda-feira|07:15:00|SC|101.0|SAO JOSE|Falta de Atenção à Condução|Colisão traseira|Com Vítimas Feridas|Pleno dia|Céu Claro|3|0|1|1
272774|2020-03-02|segunda-feira|07:35:00|SC|101.0|BALNEARIO CAMBORIU|Velocidade Incompatível|Colisão traseira|Com Vítimas Feridas|Pleno dia|Nublado|2|0|1|0
272775|2020-03-02|segunda-feira|06:30:00|RJ|40.0|DUQUE DE CAXIAS|Falta de Atenção à Condução|Colisão traseira|Com Vítimas Feridas|Pleno dia|Chuva|1|0|1|0
272776|2020-03-02|segunda-feira|06:40:00|PB|230.0|RIACHAO DO BACAMARTE|Falta de Atenção do Pedestre|Atropelamento de Pedestre|Com Vítimas Feridas|Amanhecer|Céu Claro|2|0|0|1
272777|2020-03-02|segunda-feira|05:50:00|MG|50.0|UBERABA|Velocidade Incompatível|Saída de leito carroçável|Com Vítimas Feridas|Amanhecer|Céu Claro|1|0|0|1
272778|2020-03-02|segunda-feira|07:40:00|RS|392.0|SANTA MARIA|Falta de Atenção à Condução|Atropelamento de Pedestre|Com Vítimas Feridas|Pleno dia|Sol|2|0|1|0
272779|2020-03-02|segunda-feira|07:45:00|RS|158.0|SANTA MARIA|Falta de Atenção à Condução|Colisão transversal|Com Vítimas Feridas|Pleno dia|Céu Claro|3|0|1|0
272780|2020-03-02|segunda-feira|07:35:00|SC|101.0|JOINVILLE|Falta de Atenção à Condução|Colisão lateral|Com Vítimas Feridas|Pleno dia|Nublado|2|0|1|0
272781|2020-03-02|segunda-feira|07:50:00|SP|153.0|SAO JOSE DO RIO PRETO|Velocidade Incompatível|Tombamento|Com Vítimas Feridas|Pleno dia|Céu Claro|1|0|1|0
272782|2020-03-02|segunda-feira|08:00:00|RS|153.0|ERECHIM|Desobediência às normas de trânsito pelo condutor|Colisão transversal|Com Vítimas Feridas|Pleno dia|Céu Claro|2|0|0|1
272783|2020-03-02|segunda-feira|08:05:00|SC|101.0|PALHOCA|Desobediência às normas de trânsito pelo condutor|Colisão lateral|Com Vítimas Feridas|Pleno dia|Sol|2|0|1|0
272784|2020-03-02|segunda-feira|08:00:00|SC|101.0|ITAJAI|Falta de Atenção à Condução|Colisão traseira|Com Vítimas Feridas|Pleno dia|Nublado|2|0|0|1
272785|2020-03-02|segunda-feira|08:00:00|PR|277.0|CURITIBA|Não guardar distância de segurança|Colisão traseira|Com Vítimas Feridas|Pleno dia|Chuva|2|0|1|0
272786|2020-03-02|segunda-feira|06:50:00|MA|135.0|SAO LUIS|Falta de Atenção à Condução|Colisão traseira|Com Vítimas Feridas|Pleno dia|Nublado|2|0|1|0
272787|2020-03-02|segunda-feira|08:08:00|BA|324.0|FEIRA DE SANTANA|Falta de Atenção à Condução|Colisão transversal|Com Vítimas Feridas|Pleno dia|Céu Claro|3|0|1|0
272788|2020-03-02|segunda-feira|08:17:00|PR|376.0|PONTA GROSSA|Desobediência às normas de trânsito pelo condutor|Colisão traseira|Com Vítimas Feridas|Pleno dia|Nublado|3|0|1|0
272790|2020-03-02|segunda-feira|08:30:00|MG|40.0|SANTOS DUMONT|Falta de Atenção à Condução|Tombamento|Com Vítimas Feridas|Pleno dia|Chuva|1|0|1|0
272791|2020-03-02|segunda-feira|08:40:00|SC|101.0|ITAPEMA|Falta de Atenção à Condução|Colisão traseira|Com Vítimas Feridas|Pleno dia|Chuva|2|0|1|0
272792|2020-03-02|segunda-feira|07:30:00|PR|116.0|CURITIBA|Velocidade Incompatível|Engavetamento|Com Vítimas Feridas|Pleno dia|Nublado|6|0|2|0
272793|2020-03-02|segunda-feira|07:45:00|MS|158.0|TRES LAGOAS|Avarias e/ou desgaste excessivo no pneu|Saída de leito carroçável|Com Vítimas Feridas|Pleno dia|Céu Claro|4|0|3|0
272794|2020-03-02|segunda-feira|05:50:00|MT|158.0|BARRA DO GARCAS|Animais na Pista|Tombamento|Com Vítimas Feridas|Amanhecer|Nublado|1|0|1|0
272795|2020-03-02|segunda-feira|06:00:00|PI|343.0|TERESINA|Falta de Atenção à Condução|Colisão com objeto estático|Sem Vítimas|Pleno dia|Céu Claro|1|0|0|0
272796|2020-03-02|segunda-feira|08:00:00|PR|116.0|CURITIBA|Falta de Atenção à Condução|Colisão lateral|Com Vítimas Feridas|Pleno dia|Nublado|3|0|1|0
272797|2020-03-02|segunda-feira|08:40:00|BA|367.0|PORTO SEGURO|Falta de Atenção à Condução|Colisão transversal|Com Vítimas Feridas|Pleno dia|Céu Claro|3|0|2|0
272798|2020-03-02|segunda-feira|08:15:00|SP|116.0|ITAPECERICA DA SERRA|Pista Escorregadia|Tombamento|Com Vítimas Feridas|Pleno dia|Garoa/Chuvisco|1|0|1|0
272799|2020-03-02|segunda-feira|09:28:00|PR|277.0|MORRETES|Velocidade Incompatível|Colisão lateral|Com Vítimas Feridas|Pleno dia|Céu Claro|3|0|1|0
272800|2020-03-02|segunda-feira|08:50:00|MS|463.0|DOURADOS|Desobediência às normas de trânsito pelo condutor|Colisão transversal|Com Vítimas Feridas|Pleno dia|Céu Claro|2|0|1|0
272801|2020-03-02|segunda-feira|09:00:00|MG|381.0|BETIM|Desobediência às normas de trânsito pelo condutor|Colisão lateral|Com Vítimas Feridas|Pleno dia|Chuva|2|0|0|1
272802|2020-03-02|segunda-feira|09:10:00|MG|262.0|IBIA|Falta de Atenção à Condução|Saída de leito carroçável|Com Vítimas Feridas|Pleno dia|Garoa/Chuvisco|1|0|1|0
272803|2020-03-02|segunda-feira|09:30:00|GO|40.0|VALPARAISO DE GOIAS|Não guardar distância de segurança|Queda de ocupante de veículo|Com Vítimas Feridas|Pleno dia|Nublado|1|0|1|0
272804|2020-03-02|segunda-feira|08:20:00|SC|101.0|SANGAO|Falta de Atenção à Condução|Colisão lateral|Com Vítimas Feridas|Pleno dia|Céu Claro|3|0|2|0
272805|2020-03-02|segunda-feira|08:30:00|BA|367.0|PORTO SEGURO|Não guardar distância de segurança|Colisão traseira|Com Vítimas Feridas|Pleno dia|Céu Claro|4|0|2|0
272806|2020-03-02|segunda-feira|08:25:00|PE|407.0|PETROLINA|Ingestão de Álcool|Colisão lateral|Com Vítimas Feridas|Pleno dia|Céu Claro|2|0|1|0
272807|2020-02-23|domingo|17:45:00|SP|153.0|SAO JOSE DO RIO PRETO|Não guardar distância de segurança|Colisão lateral|Com Vítimas Feridas|Pleno dia|Nublado|3|0|2|1
272809|2020-03-02|segunda-feira|10:25:00|ES|101.0|SERRA|Velocidade Incompatível|Colisão traseira|Com Vítimas Feridas|Pleno dia|Céu Claro|7|0|1|0
272810|2020-01-15|quarta-feira|12:50:00|PE|101.0|RECIFE|Condutor Dormindo|Colisão com objeto estático|Sem Vítimas|Pleno dia|Céu Claro|1|0|0|0
272811|2020-03-02|segunda-feira|10:30:00|SP|116.0|CAJATI|Velocidade Incompatível|Capotamento|Com Vítimas Feridas|Pleno dia|Chuva|2|0|1|0
272812|2020-03-02|segunda-feira|11:30:00|SP|116.0|GUARATINGUETA|Falta de Atenção à Condução|Colisão com objeto estático|Com Vítimas Feridas|Pleno dia|Nublado|4|0|4|0
272813|2020-03-02|segunda-feira|11:40:00|SC|101.0|SAO JOSE|Falta de Atenção à Condução|Colisão lateral|Com Vítimas Feridas|Pleno dia|Garoa/Chuvisco|2|0|1|0
272814|2020-03-02|segunda-feira|11:50:00|MG|381.0|ITAGUARA|Velocidade Incompatível|Saída de leito carroçável|Com Vítimas Feridas|Pleno dia|Chuva|5|0|1|0
272815|2020-03-02|segunda-feira|10:13:00|MT|163.0|SINOP|Desobediência às normas de trânsito pelo condutor|Colisão transversal|Com Vítimas Feridas|Pleno dia|Chuva|3|0|2|0
272818|2020-03-02|segunda-feira|11:00:00|BA|116.0|TUCANO|Ingestão de Álcool|Colisão frontal|Com Vítimas Feridas|Pleno dia|Céu Claro|2|0|1|0
272819|2020-03-02|segunda-feira|12:00:00|MG|50.0|ARAGUARI|Defeito Mecânico no Veículo|Saída de leito carroçável|Sem Vítimas|Pleno dia|Nublado|1|0|0|0
272820|2020-03-02|segunda-feira|14:15:00|MG|262.0|JUATUBA|Pista Escorregadia|Saída de leito carroçável|Sem Vítimas|Pleno dia|Garoa/Chuvisco|2|0|0|0
272821|2020-03-02|segunda-feira|10:30:00|SP|116.0|BARRA DO TURVO|Pista Escorregadia|Saída de leito carroçável|Com Vítimas Feridas|Pleno dia|Chuva|1|0|1|0
272822|2020-03-02|segunda-feira|11:30:00|BA|110.0|CATU|Carga excessiva e/ou mal acondicionada|Saída de leito carroçável|Com Vítimas Feridas|Pleno dia|Céu Claro|2|0|2|0
272823|2020-03-02|segunda-feira|12:25:00|SE|235.0|NOSSA SENHORA DO SOCORRO|Falta de Atenção à Condução|Colisão lateral|Com Vítimas Feridas|Pleno dia|Sol|2|0|1|0
272824|2020-03-02|segunda-feira|12:20:00|MG|40.0|OURO PRETO|Falta de Atenção à Condução|Colisão frontal|Com Vítimas Feridas|Pleno dia|Chuva|4|0|0|1
272825|2020-03-02|segunda-feira|10:00:00|SP|153.0|LINS|Falta de Atenção à Condução|Colisão transversal|Com Vítimas Feridas|Pleno dia|Céu Claro|3|0|1|0
272826|2020-01-18|sábado|11:30:00|AC|364.0|RIO BRANCO|Falta de Atenção à Condução|Danos eventuais|Sem Vítimas|Pleno dia|Céu Claro|8|0|0|0
272828|2020-03-02|segunda-feira|12:40:00|SC|101.0|SAO JOSE|Velocidade Incompatível|Tombamento|Com Vítimas Feridas|Pleno dia|Garoa/Chuvisco|1|0|1|0
272829|2020-01-19|domingo|19:00:00|SC|470.0|BLUMENAU|Falta de Atenção à Condução|Colisão transversal|Com Vítimas Feridas|Anoitecer|Céu Claro|3|0|2|0
272830|2020-03-02|segunda-feira|12:50:00|PE|101.0|IGARASSU|Falta de Atenção do Pedestre|Atropelamento de Pedestre|Com Vítimas Feridas|Pleno dia|Sol|2|0|1|0
272831|2020-03-02|segunda-feira|12:30:00|CE|116.0|FORTALEZA|Pista Escorregadia|Queda de ocupante de veículo|Com Vítimas Feridas|Pleno dia|Garoa/Chuvisco|2|0|2|0
272832|2020-03-02|segunda-feira|12:50:00|RS|116.0|GUAIBA|Desobediência às normas de trânsito pelo condutor|Colisão lateral|Com Vítimas Feridas|Pleno dia|Céu Claro|3|0|1|0
272833|2020-03-02|segunda-feira|12:50:00|SC|101.0|FLORIANOPOLIS|Desobediência às normas de trânsito pelo condutor|Colisão traseira|Com Vítimas Feridas|Pleno dia|Chuva|2|0|1|0
272834|2020-03-02|segunda-feira|10:00:00|RJ|495.0|PETROPOLIS|Desobediência às normas de trânsito pelo condutor|Colisão frontal|Com Vítimas Feridas|Pleno dia|Chuva|2|0|2|0
272836|2020-03-02|segunda-feira|13:00:00|PE|232.0|SAO CAITANO|Falta de Atenção à Condução|Colisão traseira|Sem Vítimas|Pleno dia|Sol|2|0|0|0
272837|2020-02-26|quarta-feira|07:30:00|MG|365.0|INDIANOPOLIS|Pista Escorregadia|Saída de leito carroçável|Com Vítimas Feridas|Pleno dia|Chuva|1|0|1|0
272838|2020-03-02|segunda-feira|12:40:00|SP|116.0|MIRACATU|Pista Escorregadia|Capotamento|Com Vítimas Feridas|Pleno dia|Chuva|5|0|1|0
272840|2020-03-02|segunda-feira|12:45:00|RO|364.0|JI-PARANA|Defeito Mecânico no Veículo|Saída de leito carroçável|Com Vítimas Feridas|Pleno dia|Céu Claro|1|0|1|0
272841|2020-03-02|segunda-feira|13:45:00|PR|376.0|MARINGA|Não guardar distância de segurança|Engavetamento|Com Vítimas Feridas|Pleno dia|Céu Claro|4|0|1|0
272842|2020-03-02|segunda-feira|13:00:00|MG|262.0|JUATUBA|Pista Escorregadia|Saída de leito carroçável|Sem Vítimas|Pleno dia|Chuva|1|0|0|0
272844|2020-03-02|segunda-feira|13:55:00|MG|365.0|UBERLANDIA|Defeito na Via|Queda de ocupante de veículo|Com Vítimas Feridas|Pleno dia|Céu Claro|2|0|1|0
272845|2020-03-02|segunda-feira|11:30:00|RO|364.0|VILHENA|Falta de Atenção do Pedestre|Atropelamento de Pedestre|Com Vítimas Feridas|Pleno dia|Céu Claro|2|0|1|1
272846|2020-03-02|segunda-feira|14:00:00|PR|376.0|MARINGA|Falta de Atenção à Condução|Engavetamento|Com Vítimas Feridas|Pleno dia|Nublado|4|0|1|0
272847|2020-03-02|segunda-feira|11:40:00|AP|156.0|TARTARUGALZINHO|Falta de Atenção à Condução|Saída de leito carroçável|Com Vítimas Feridas|Pleno dia|Chuva|3|0|3|0
272848|2020-03-02|segunda-feira|14:00:00|DF|20.0|BRASILIA|Avarias e/ou desgaste excessivo no pneu|Queda de ocupante de veículo|Com Vítimas Feridas|Pleno dia|Céu Claro|1|0|1|0
272849|2020-03-02|segunda-feira|11:40:00|ES|101.0|PEDRO CANARIO|Falta de Atenção à Condução|Colisão lateral|Com Vítimas Feridas|Pleno dia|Nublado|3|0|1|1
272850|2020-03-02|segunda-feira|14:15:00|MA|316.0|CAXIAS|Ultrapassagem Indevida|Saída de leito carroçável|Com Vítimas Feridas|Pleno dia|Chuva|4|0|2|0
272851|2020-03-02|segunda-feira|11:00:00|MG|262.0|JUATUBA|Pista Escorregadia|Saída de leito carroçável|Com Vítimas Feridas|Pleno dia|Garoa/Chuvisco|1|0|1|0
272852|2020-03-01|domingo|14:55:00|RS|290.0|SANTO ANTONIO DA PATRULHA|Condutor Dormindo|Saída de leito carroçável|Com Vítimas Feridas|Pleno dia|Céu Claro|4|0|4|0
272853|2020-03-02|segunda-feira|14:30:00|PR|376.0|TIJUCAS DO SUL|Defeito Mecânico no Veículo|Atropelamento de Pedestre|Com Vítimas Feridas|Pleno dia|Garoa/Chuvisco|2|0|2|0
272854|2020-03-02|segunda-feira|12:50:00|MG|40.0|SIMAO PEREIRA|Avarias e/ou desgaste excessivo no pneu|Saída de leito carroçável|Com Vítimas Feridas|Pleno dia|Chuva|3|0|1|0
272855|2020-03-02|segunda-feira|14:10:00|PB|101.0|ALHANDRA|Desobediência às normas de trânsito pelo condutor|Colisão traseira|Com Vítimas Feridas|Pleno dia|Sol|2|0|1|0
272856|2020-03-02|segunda-feira|14:40:00|GO|20.0|POSSE|Falta de Atenção à Condução|Tombamento|Com Vítimas Feridas|Pleno dia|Nublado|1|0|1|0
272857|2020-03-02|segunda-feira|14:30:00|DF|20.0|BRASILIA|Desobediência às normas de trânsito pelo pedestre|Atropelamento de Pedestre|Com Vítimas Feridas|Pleno dia|Nublado|2|0|1|0
272858|2020-03-02|segunda-feira|10:50:00|PE|101.0|JABOATAO DOS GUARARAPES|Falta de Atenção à Condução|Colisão traseira|Com Vítimas Feridas|Pleno dia|Sol|3|0|1|0
272859|2020-02-28|sexta-feira|23:00:00|RR|432.0|CARACARAI|Velocidade Incompatível|Tombamento|Com Vítimas Fatais|Plena Noite|Céu Claro|1|1|0|0
272860|2020-03-02|segunda-feira|11:30:00|MG|381.0|ITATIAIUCU|Velocidade Incompatível|Colisão com objeto estático|Sem Vítimas|Pleno dia|Chuva|1|0|0|0
272861|2020-03-02|segunda-feira|15:30:00|PR|376.0|TIJUCAS DO SUL|Defeito Mecânico no Veículo|Colisão traseira|Sem Vítimas|Pleno dia|Chuva|3|0|0|0
272862|2020-02-23|domingo|14:10:00|GO|153.0|URUACU|Ultrapassagem Indevida|Colisão lateral|Com Vítimas Feridas|Pleno dia|Céu Claro|5|0|1|1
272863|2020-03-02|segunda-feira|15:10:00|CE|116.0|CHOROZINHO|Velocidade Incompatível|Saída de leito carroçável|Com Vítimas Feridas|Pleno dia|Chuva|1|0|0|1
272864|2020-03-02|segunda-feira|10:45:00|MG|354.0|CAXAMBU|Mal Súbito|Saída de leito carroçável|Com Vítimas Feridas|Pleno dia|Céu Claro|1|0|1|0
272865|2020-03-02|segunda-feira|16:15:00|RJ|116.0|TERESOPOLIS|Pista Escorregadia|Colisão com objeto estático|Com Vítimas Feridas|Pleno dia|Chuva|2|0|1|0
272866|2020-03-02|segunda-feira|15:50:00|PE|101.0|RECIFE|Desobediência às normas de trânsito pelo condutor|Colisão frontal|Com Vítimas Feridas|Pleno dia|Céu Claro|2|0|1|0
272867|2020-03-02|segunda-feira|16:20:00|PR|369.0|LONDRINA|Falta de Atenção à Condução|Colisão traseira|Com Vítimas Feridas|Pleno dia|Céu Claro|2|0|0|1
272868|2020-03-02|segunda-feira|15:35:00|SC|101.0|ITAPEMA|Falta de Atenção à Condução|Engavetamento|Com Vítimas Feridas|Pleno dia|Nublado|5|0|3|0
272870|2020-03-02|segunda-feira|15:00:00|RO|364.0|PORTO VELHO|Falta de Atenção à Condução|Colisão traseira|Com Vítimas Feridas|Pleno dia|Garoa/Chuvisco|5|0|4|0
272871|2020-03-02|segunda-feira|15:30:00|MT|364.0|CUIABA|Desobediência às normas de trânsito pelo pedestre|Atropelamento de Pedestre|Com Vítimas Feridas|Pleno dia|Céu Claro|2|0|1|0
272872|2020-03-02|segunda-feira|12:30:00|PI|20.0|SAO JOAO DO PIAUI|Animais na Pista|Atropelamento de Animal|Com Vítimas Fatais|Pleno dia|Céu Claro|1|1|0|0
272873|2020-03-02|segunda-feira|12:30:00|MG|40.0|JOAO PINHEIRO|Falta de Atenção à Condução|Saída de leito carroçável|Com Vítimas Feridas|Pleno dia|Chuva|1|0|1|0
272874|2020-03-02|segunda-feira|16:10:00|MG|116.0|JAMPRUCA|Desobediência às normas de trânsito pelo condutor|Colisão lateral|Com Vítimas Feridas|Pleno dia|Céu Claro|9|0|1|0
272875|2020-03-02|segunda-feira|17:25:00|RS|285.0|PASSO FUNDO|Desobediência às normas de trânsito pelo condutor|Colisão transversal|Com Vítimas Feridas|Pleno dia|Sol|3|0|1|0
272876|2020-03-02|segunda-feira|17:00:00|SP|153.0|SAO JOSE DO RIO PRETO|Não guardar distância de segurança|Colisão traseira|Com Vítimas Feridas|Pleno dia|Nublado|3|0|1|0
272877|2020-03-02|segunda-feira|17:35:00|MG|365.0|MONTE ALEGRE DE MINAS|Defeito na Via|Saída de leito carroçável|Com Vítimas Feridas|Pleno dia|Nublado|4|0|3|0
272878|2020-03-02|segunda-feira|17:40:00|SC|280.0|ARAQUARI|Falta de Atenção à Condução|Colisão traseira|Com Vítimas Feridas|Pleno dia|Nublado|2|0|1|0
272879|2020-03-02|segunda-feira|11:55:00|RJ|101.0|SILVA JARDIM|Pista Escorregadia|Colisão com objeto estático|Sem Vítimas|Pleno dia|Chuva|3|0|0|0
272880|2020-03-02|segunda-feira|16:30:00|PE|101.0|JABOATAO DOS GUARARAPES|Desobediência às normas de trânsito pelo condutor|Colisão traseira|Com Vítimas Feridas|Pleno dia|Sol|2|0|1|0
272881|2020-03-02|segunda-feira|15:50:00|PR|116.0|RIO NEGRO|Defeito Mecânico no Veículo|Queda de ocupante de veículo|Com Vítimas Feridas|Pleno dia|Garoa/Chuvisco|1|0|1|0
272882|2020-03-02|segunda-feira|16:30:00|RR|174.0|RORAINOPOLIS|Ultrapassagem Indevida|Colisão frontal|Com Vítimas Fatais|Pleno dia|Céu Claro|3|1|0|0
272883|2020-03-02|segunda-feira|14:45:00|MG|40.0|CARANDAI|Pista Escorregadia|Saída de leito carroçável|Com Vítimas Feridas|Pleno dia|Chuva|1|0|1|0
272884|2020-03-02|segunda-feira|17:45:00|SP|116.0|GUARULHOS|Não guardar distância de segurança|Queda de ocupante de veículo|Com Vítimas Feridas|Pleno dia|Garoa/Chuvisco|2|0|1|0
272885|2020-03-02|segunda-feira|14:55:00|SC|282.0|XAXIM|Falta de Atenção do Pedestre|Atropelamento de Pedestre|Com Vítimas Feridas|Pleno dia|Céu Claro|2|0|0|1
272886|2020-03-02|segunda-feira|17:50:00|PR|116.0|CURITIBA|Falta de Atenção à Condução|Colisão traseira|Com Vítimas Feridas|Pleno dia|Nublado|3|0|2|0
272887|2020-03-02|segunda-feira|17:50:00|SP|153.0|SAO JOSE DO RIO PRETO|Falta de Atenção à Condução|Colisão traseira|Com Vítimas Feridas|Pleno dia|Céu Claro|8|0|1|0
272888|2020-02-10|segunda-feira|05:10:00|RR|174.0|CARACARAI|Animais na Pista|Atropelamento de Animal|Com Vítimas Feridas|Amanhecer|Céu Claro|2|0|2|0
272889|2020-03-02|segunda-feira|18:15:00|BA|116.0|TUCANO|Falta de Atenção à Condução|Colisão traseira|Com Vítimas Fatais|Plena Noite|Céu Claro|4|1|2|0
272890|2020-03-02|segunda-feira|17:15:00|RO|364.0|CACOAL|Falta de Atenção à Condução|Saída de leito carroçável|Com Vítimas Feridas|Anoitecer|Céu Claro|1|0|0|1
272891|2020-03-02|segunda-feira|17:15:00|RO|364.0|PORTO VELHO|Falta de Atenção à Condução|Colisão traseira|Com Vítimas Feridas|Pleno dia|Nublado|2|0|1|0
272892|2020-03-02|segunda-feira|18:30:00|GO|153.0|APARECIDA DE GOIANIA|Falta de Atenção à Condução|Colisão com objeto estático|Com Vítimas Feridas|Anoitecer|Nublado|1|0|1|0
272893|2020-03-02|segunda-feira|17:45:00|PR|277.0|CAMPO LARGO|Pista Escorregadia|Saída de leito carroçável|Sem Vítimas|Pleno dia|Garoa/Chuvisco|1|0|0|0
272894|2020-03-02|segunda-feira|18:20:00|RJ|101.0|CAMPOS DOS GOYTACAZES|Mal Súbito|Queda de ocupante de veículo|Com Vítimas Feridas|Plena Noite|Garoa/Chuvisco|1|0|1|0
272895|2020-03-02|segunda-feira|18:55:00|GO|20.0|FORMOSA|Velocidade Incompatível|Colisão traseira|Com Vítimas Feridas|Plena Noite|Chuva|2|0|1|0
272896|2020-03-02|segunda-feira|16:50:00|PR|476.0|LAPA|Desobediência às normas de trânsito pelo condutor|Colisão lateral|Com Vítimas Feridas|Pleno dia|Chuva|7|0|1|0
272897|2020-03-01|domingo|14:40:00|MG|40.0|PARACATU|Falta de Atenção à Condução|Saída de leito carroçável|Com Vítimas Feridas|Pleno dia|Nublado|2|0|1|0
272898|2020-03-02|segunda-feira|18:00:00|SC|101.0|JOINVILLE|Falta de Atenção à Condução|Saída de leito carroçável|Com Vítimas Feridas|Anoitecer|Nublado|1|0|1|0
272899|2020-03-02|segunda-feira|18:55:00|SC|282.0|FLORIANOPOLIS|Falta de Atenção à Condução|Colisão lateral|Com Vítimas Feridas|Plena Noite|Nublado|2|0|1|0
272900|2020-03-02|segunda-feira|17:35:00|MG|262.0|CORREGO DANTA|Falta de Atenção à Condução|Colisão frontal|Com Vítimas Feridas|Pleno dia|Nublado|2|0|1|0