id|data_inversa|dia_semana|horario|uf|br|municipio|causa_acidente|tipo_acidente|classificacao_acidente|fase_dia|condicao_metereologica|pessoas|mortos|feridos_leves|feridos_graves
272901|2020-03-02|segunda-feira|18:00:00|PR|116.0|CURITIBA|Falta de Atenção à Condução|Queda de ocupante de veículo|Com Vítimas Feridas|Anoitecer|Céu Claro|2|0|2|0
272903|2020-03-02|segunda-feira|19:05:00|TO|153.0|ARAGUAINA|Objeto estático sobre o leito carroçável|Colisão lateral|Com Vítimas Feridas|Plena Noite|Céu Claro|8|0|1|0
272904|2020-03-02|segunda-feira|19:05:00|RS|285.0|PASSO FUNDO|Desobediência às normas de trânsito pelo condutor|Colisão transversal|Com Vítimas Feridas|Anoitecer|Céu Claro|2|0|0|1
272906|2020-03-02|segunda-feira|18:55:00|PR|476.0|CURITIBA|Falta de Atenção do Pedestre|Atropelamento de Pedestre|Com Vítimas Feridas|Anoitecer|Nublado|2|0|0|1
272907|2020-03-02|segunda-feira|19:40:00|RS|290.0|URUGUAIANA|Desobediência às normas de trânsito pelo condutor|Colisão transversal|Com Vítimas Feridas|Plena Noite|Céu Claro|2|0|2|0
272908|2020-03-02|segunda-feira|19:10:00|RS|116.0|SAO LEOPOLDO|Falta de Atenção à Condução|Colisão traseira|Com Vítimas Feridas|Plena Noite|Céu Claro|3|0|1|0
272909|2020-03-02|segunda-feira|18:35:00|PR|153.0|JACAREZINHO|Falta de Atenção à Condução|Colisão traseira|Com Vítimas Feridas|Anoitecer|Nublado|4|0|1|0
272910|2020-03-02|segunda-feira|18:50:00|RJ|101.0|CAMPOS DOS GOYTACAZES|Não guardar distância de segurança|Queda de ocupante de veículo|Com Vítimas Feridas|Plena Noite|Garoa/Chuvisco|2|0|1|0
272911|2020-02-09|domingo|20:15:00|SP|116.0|GUARULHOS|Não guardar distância de segurança|Colisão traseira|Com Vítimas Feridas|Plena Noite|Chuva|5|0|3|0
272912|2020-03-02|segunda-feira|19:10:00|BA|324.0|CANDEIAS|Falta de Atenção do Pedestre|Atropelamento de Pedestre|Com Vítimas Fatais|Plena Noite|Céu Claro|2|1|0|0
272913|2020-03-02|segunda-feira|19:40:00|SC|101.0|SAO JOSE|Falta de Atenção à Condução|Colisão lateral|Com Vítimas Feridas|Plena Noite|Garoa/Chuvisco|1|0|1|0
272915|2020-03-02|segunda-feira|18:30:00|MT|364.0|CUIABA|Falta de Atenção à Condução|Colisão transversal|Com Vítimas Feridas|Anoitecer|Céu Claro|2|0|1|0
272916|2020-03-02|segunda-feira|18:30:00|BA|324.0|FEIRA DE SANTANA|Falta de Atenção à Condução|Colisão traseira|Com Vítimas Feridas|Pleno dia|Céu Claro|1|0|1|0
272917|2020-03-02|segunda-feira|18:40:00|MG|116.0|CARATINGA|Falta de Atenção à Condução|Colisão transversal|Com Vítimas Feridas|Plena Noite|Chuva|2|0|1|0
272918|2020-03-02|segunda-feira|20:10:00|CE|222.0|CAUCAIA|Falta de Atenção à Condução|Colisão traseira|Com Vítimas Feridas|Plena Noite|Céu Claro|4|0|0|2
272919|2020-03-02|segunda-feira|21:15:00|SC|470.0|INDAIAL|Ingestão de Álcool|Capotamento|Com Vítimas Feridas|Plena Noite|Nublado|1|0|0|1
272920|2020-03-02|segunda-feira|20:27:00|GO|60.0|ABADIANIA|Desobediência às normas de trânsito pelo condutor|Colisão transversal|Com Vítimas Fatais|Plena Noite|Céu Claro|5|2|1|1
272921|2020-03-02|segunda-feira|21:00:00|DF|70.0|BRASILIA|Ingestão de Álcool|Colisão traseira|Com Vítimas Feridas|Plena Noite|Chuva|7|0|1|0
272922|2020-03-02|segunda-feira|21:10:00|PR|116.0|PIRAQUARA|Avarias e/ou desgaste excessivo no pneu|Saída de leito carroçável|Com Vítimas Feridas|Plena Noite|Garoa/Chuvisco|3|0|2|0
272923|2020-03-02|segunda-feira|19:00:00|MT|174.0|COMODORO|Falta de Atenção à Condução|Saída de leito carroçável|Com Vítimas Feridas|Plena Noite|Céu Claro|1|0|1|0
272924|2020-03-02|segunda-feira|20:10:00|MT|364.0|RONDONOPOLIS|Falta de Atenção à Condução|Colisão frontal|Com Vítimas Feridas|Plena Noite|Céu Claro|4|0|1|1
272925|2020-03-02|segunda-feira|21:15:00|SP|116.0|GUARAREMA|Falta de Atenção do Pedestre|Atropelamento de Pedestre|Com Vítimas Fatais|Plena Noite|Céu Claro|3|1|0|0
272926|2020-03-02|segunda-feira|21:20:00|BA|242.0|CRISTOPOLIS|Falta de Atenção à Condução|Colisão frontal|Sem Vítimas|Plena Noite|Garoa/Chuvisco|2|0|0|0
272927|2020-03-02|segunda-feira|15:30:00|MG|381.0|NOVA ERA|Velocidade Incompatível|Capotamento|Com Vítimas Feridas|Pleno dia|Chuva|1|0|0|1
272928|2020-03-02|segunda-feira|17:30:00|MA|402.0|ROSARIO|Falta de Atenção à Condução|Colisão frontal|Com Vítimas Fatais|Anoitecer|Nublado|2|1|0|0
272929|2020-03-02|segunda-feira|22:00:00|PR|476.0|CURITIBA|Desobediência às normas de trânsito pelo condutor|Colisão transversal|Com Vítimas Feridas|Plena Noite|Nublado|3|0|0|1
272930|2020-03-02|segunda-feira|07:00:00|MG|251.0|SALINAS|Falta de Atenção à Condução|Colisão traseira|Com Vítimas Feridas|Pleno dia|Nublado|4|0|2|0
272931|2020-03-02|segunda-feira|21:40:00|SC|101.0|ICARA|Ingestão de Álcool|Colisão traseira|Com Vítimas Feridas|Plena Noite|Céu Claro|2|0|1|0
272932|2020-03-02|segunda-feira|21:30:00|PE|232.0|MORENO|Falta de Atenção à Condução|Colisão com objeto estático|Com Vítimas Feridas|Plena Noite|Chuva|1|0|1|0
272933|2020-03-02|segunda-feira|22:59:00|MG|50.0|UBERLANDIA|Falta de Atenção à Condução|Colisão com objeto estático|Com Vítimas Feridas|Plena Noite|Nublado|1|0|1|0
272934|2020-03-02|segunda-feira|18:45:00|MG|116.0|LEOPOLDINA|Restrição de Visibilidade|Colisão frontal|Com Vítimas Feridas|Anoitecer|Chuva|9|0|7|2
272935|2020-03-02|segunda-feira|22:40:00|RS|392.0|CANGUCU|Animais na Pista|Atropelamento de Animal|Com Vítimas Feridas|Plena Noite|Céu Claro|1|0|1|0
272936|2020-03-02|segunda-feira|23:05:00|PR|369.0|LONDRINA|Desobediência às normas de trânsito pelo condutor|Colisão transversal|Com Vítimas Feridas|Plena Noite|Céu Claro|2|0|1|0
272937|2020-03-02|segunda-feira|22:30:00|SP|116.0|GUARULHOS|Ingestão de Álcool|Colisão traseira|Sem Vítimas|Plena Noite|Chuva|2|0|0|0
272938|2020-03-02|segunda-feira|23:10:00|PR|277.0|GUARAPUAVA|Falta de Atenção do Pedestre|Atropelamento de Pedestre|Com Vítimas Feridas|Plena Noite|Nublado|3|0|0|2
272939|2020-03-02|segunda-feira|22:45:00|SC|101.0|ITAPEMA|Falta de Atenção à Condução|Colisão lateral|Com Vítimas Feridas|Plena Noite|Chuva|1|0|1|0
272940|2020-03-02|segunda-feira|23:50:00|SP|116.0|SAO PAULO|Desobediência às normas de trânsito pelo condutor|Colisão traseira|Com Vítimas Feridas|Plena Noite|Chuva|2|0|1|0
272941|2020-03-02|segunda-feira|21:25:00|RO|364.0|ARIQUEMES|Defeito na Via|Queda de ocupante de veículo|Com Vítimas Feridas|Plena Noite|Céu Claro|2|0|1|1
272942|2020-03-02|segunda-feira|23:45:00|SP|381.0|ATIBAIA|Desobediência às normas de trânsito pelo condutor|Saída de leito carroçável|Com Vítimas Feridas|Plena Noite|Nublado|2|0|1|0
272943|2020-03-03|terça-feira|00:10:00|PR|277.0|FOZ DO IGUACU|Ingestão de Álcool|Colisão transversal|Com Vítimas Feridas|Plena Noite|Céu Claro|2|0|0|1
272944|2020-03-02|segunda-feira|22:20:00|SC|282.0|ALFREDO WAGNER|Ingestão de Álcool|Colisão frontal|Com Vítimas Feridas|Plena Noite|Céu Claro|2|0|0|1
272945|2020-03-02|segunda-feira|23:30:00|PE|424.0|GARANHUNS|Deficiência ou não Acionamento do Sistema de Iluminação/Sinalização do Veículo|Colisão traseira|Com Vítimas Fatais|Plena Noite|Nublado|2|1|0|0
272946|2020-03-02|segunda-feira|23:00:00|RO|364.0|ARIQUEMES|Velocidade Incompatível|Colisão frontal|Com Vítimas Fatais|Plena Noite|Garoa/Chuvisco|2|1|0|0
272947|2020-03-02|segunda-feira|22:45:00|AC|364.0|RIO BRANCO|Defeito na Via|Tombamento|Com Vítimas Feridas|Plena Noite|Ignorado|2|0|2|0
272948|2020-03-03|terça-feira|00:30:00|DF|20.0|BRASILIA|Falta de Atenção à Condução|Colisão lateral|Com Vítimas Feridas|Plena Noite|Chuva|3|0|1|0
272950|2020-03-03|terça-feira|01:10:00|BA|135.0|FORMOSA DO RIO PRETO|Falta de Atenção à Condução|Colisão com objeto estático|Com Vítimas Feridas|Plena Noite|Ignorado|3|0|3|0
272951|2020-03-03|terça-feira|01:00:00|RS|290.0|GRAVATAI|Condutor Dormindo|Saída de leito carroçável|Com Vítimas Feridas|Plena Noite|Céu Claro|1|0|1|0
272952|2020-03-02|segunda-feira|22:14:00|BA|324.0|NOVA FATIMA|Não guardar distância de segurança|Colisão traseira|Com Vítimas Feridas|Plena Noite|Céu Claro|4|0|2|0
272953|2020-03-03|terça-feira|02:10:00|MG|381.0|TRES CORACOES|Condutor Dormindo|Saída de leito carroçável|Com Vítimas Feridas|Plena Noite|Nublado|1|0|0|1
272954|2020-03-03|terça-feira|02:10:00|PE|232.0|JABOATAO DOS GUARARAPES|Defeito Mecânico no Veículo|Incêndio|Sem Vítimas|Plena Noite|Céu Claro|1|0|0|0
272955|2020-03-03|terça-feira|01:00:00|SC|101.0|JOINVILLE|Falta de Atenção à Condução|Saída de leito carroçável|Sem Vítimas|Plena Noite|Chuva|1|0|0|0
272956|2020-03-03|terça-feira|02:55:00|PR|376.0|PONTA GROSSA|Falta de Atenção à Condução|Colisão traseira|Com Vítimas Feridas|Plena Noite|Nublado|2|0|0|1
272957|2020-03-03|terça-feira|02:20:00|PB|230.0|INGA|Condutor Dormindo|Saída de leito carroçável|Com Vítimas Feridas|Plena Noite|Nublado|1|0|1|0
272958|2020-03-03|terça-feira|05:00:00|AL|101.0|JEQUIA DA PRAIA|Animais na Pista|Saída de leito carroçável|Com Vítimas Feridas|Amanhecer|Sol|1|0|1|0
272959|2020-03-03|terça-feira|04:40:00|RJ|116.0|SEROPEDICA|Fenômenos da Natureza|Colisão com objeto estático|Com Vítimas Feridas|Amanhecer|Nublado|1|0|1|0
272960|2020-03-03|terça-feira|04:05:00|RN|304.0|ITAJA|Falta de Atenção à Condução|Colisão traseira|Com Vítimas Feridas|Plena Noite|Nublado|2|0|1|0
272961|2020-03-03|terça-feira|05:20:00|RJ|40.0|DUQUE DE CAXIAS|Ingestão de Álcool|Atropelamento de Pedestre|Com Vítimas Feridas|Amanhecer|Céu Claro|2|0|1|0
272962|2020-03-03|terça-feira|06:30:00|DF|20.0|BRASILIA|Pista Escorregadia|Queda de ocupante de veículo|Com Vítimas Feridas|Pleno dia|Garoa/Chuvisco|2|0|1|0
272963|2020-03-03|terça-feira|06:10:00|GO|40.0|CRISTALINA|Desobediência às normas de trânsito pelo condutor|Saída de leito carroçável|Sem Vítimas|Amanhecer|Nublado|1|0|0|0
272964|2020-03-03|terça-feira|06:30:00|PE|408.0|PAUDALHO|Desobediência às normas de trânsito pelo condutor|Colisão lateral|Com Vítimas Feridas|Pleno dia|Céu Claro|2|0|1|0
272965|2020-03-03|terça-feira|06:20:00|RJ|40.0|DUQUE DE CAXIAS|Defeito Mecânico no Veículo|Queda de ocupante de veículo|Com Vítimas Feridas|Pleno dia|Garoa/Chuvisco|2|0|1|0
272966|2020-02-19|quarta-feira|09:35:00|PA|316.0|SANTA IZABEL DO PARA|Defeito na Via|Tombamento|Sem Vítimas|Pleno dia|Nublado|2|0|0|0
272967|2020-03-03|terça-feira|06:10:00|MS|262.0|ANASTACIO|Não guardar distância de segurança|Colisão traseira|Com Vítimas Feridas|Pleno dia|Céu Claro|2|0|1|0
272968|2020-03-03|terça-feira|06:30:00|DF|70.0|BRASILIA|Falta de Atenção à Condução|Colisão transversal|Com Vítimas Feridas|Amanhecer|Céu Claro|2|0|1|0
272969|2020-03-03|terça-feira|03:00:00|MG|40.0|ESMERALDAS|Animais na Pista|Saída de leito carroçável|Com Vítimas Fatais|Plena Noite|Chuva|1|1|0|0
272971|2020-03-03|terça-feira|06:30:00|PE|316.0|ITACURUBA|Pista Escorregadia|Colisão com objeto estático|Sem Vítimas|Pleno dia|Garoa/Chuvisco|1|0|0|0
272972|2020-03-03|terça-feira|07:00:00|MG|262.0|UBERABA|Falta de Atenção à Condução|Colisão lateral|Com Vítimas Feridas|Pleno dia|Céu Claro|4|0|4|0
272974|2020-03-03|terça-feira|07:10:00|DF|40.0|BRASILIA|Desobediência às normas de trânsito pelo condutor|Colisão transversal|Com Vítimas Feridas|Pleno dia|Nublado|2|0|1|0
272975|2020-03-03|terça-feira|07:20:00|PR|277.0|CURITIBA|Não guardar distância de segurança|Engavetamento|Sem Vítimas|Pleno dia|Chuva|3|0|0|0
272976|2020-03-03|terça-feira|07:30:00|PR|376.0|MARINGA|Desobediência às normas de trânsito pelo condutor|Colisão transversal|Com Vítimas Feridas|Pleno dia|Céu Claro|2|0|1|0
272977|2020-03-03|terça-feira|06:45:00|RJ|40.0|DUQUE DE CAXIAS|Falta de Atenção à Condução|Saída de leito carroçável|Com Vítimas Feridas|Pleno dia|Chuva|1|0|0|1
272978|2020-03-03|terça-feira|08:00:00|PE|101.0|ABREU E LIMA|Não guardar distância de segurança|Colisão traseira|Com Vítimas Feridas|Pleno dia|Céu Claro|3|0|1|1
272979|2020-03-03|terça-feira|08:00:00|PE|101.0|IGARASSU|Falta de Atenção à Condução|Colisão traseira|Com Vítimas Feridas|Pleno dia|Céu Claro|2|0|1|0
272980|2020-03-03|terça-feira|07:50:00|RS|116.0|SAO LEOPOLDO|Falta de Atenção à Condução|Colisão lateral|Com Vítimas Feridas|Pleno dia|Céu Claro|2|0|1|0
272981|2020-03-03|terça-feira|07:25:00|SC|163.0|SAO MIGUEL DO OESTE|Falta de Atenção à Condução|Colisão traseira|Com Vítimas Feridas|Pleno dia|Céu Claro|2|0|0|1
272983|2020-03-03|terça-feira|07:20:00|SC|163.0|SAO MIGUEL DO OESTE|Desobediência às normas de trânsito pelo condutor|Colisão transversal|Com Vítimas Feridas|Pleno dia|Céu Claro|3|0|0|2
272985|2020-03-03|terça-feira|08:20:00|SC|280.0|GUARAMIRIM|Falta de Atenção à Condução|Colisão transversal|Com Vítimas Feridas|Pleno dia|Chuva|3|0|0|2
272986|2020-03-03|terça-feira|08:10:00|GO|153.0|GOIANIA|Não guardar distância de segurança|Queda de ocupante de veículo|Com Vítimas Feridas|Pleno dia|Nublado|1|0|1|0
272987|2020-03-03|terça-feira|08:20:00|RS|386.0|LAJEADO|Falta de Atenção à Condução|Colisão frontal|Com Vítimas Feridas|Pleno dia|Sol|3|0|1|1
272989|2020-03-03|terça-feira|07:25:00|RJ|493.0|ITABORAI|Falta de Atenção à Condução|Colisão traseira|Com Vítimas Fatais|Pleno dia|Nublado|2|1|0|0
272990|2020-03-03|terça-feira|08:40:00|PE|101.0|ABREU E LIMA|Desobediência às normas de trânsito pelo condutor|Colisão transversal|Sem Vítimas|Pleno dia|Sol|2|0|0|0
272991|2020-03-03|terça-feira|07:50:00|SC|101.0|BALNEARIO CAMBORIU|Velocidade Incompatível|Colisão com objeto estático|Com Vítimas Feridas|Pleno dia|Céu Claro|1|0|1|0
272992|2020-03-03|terça-feira|09:42:00|PB|230.0|CABEDELO|Falta de Atenção à Condução|Tombamento|Com Vítimas Feridas|Pleno dia|Nublado|1|0|1|0
272993|2020-03-03|terça-feira|07:40:00|PR|116.0|CURITIBA|Falta de Atenção à Condução|Colisão traseira|Com Vítimas Feridas|Pleno dia|Chuva|2|0|1|0
272994|2020-03-03|terça-feira|08:30:00|RN|304.0|MOSSORO|Objeto estático sobre o leito carroçável|Colisão com objeto estático|Com Vítimas Feridas|Pleno dia|Céu Claro|3|0|0|1
272995|2020-03-03|terça-feira|08:02:00|PR|476.0|ARAUCARIA|Mal Súbito|Colisão traseira|Com Vítimas Feridas|Pleno dia|Nublado|2|0|0|1
272996|2020-03-03|terça-feira|08:40:00|SP|116.0|EMBU DAS ARTES|Defeito Mecânico no Veículo|Saída de leito carroçável|Com Vítimas Feridas|Pleno dia|Céu Claro|1|0|1|0
272997|2020-03-03|terça-feira|09:40:00|GO|60.0|RIO VERDE|Desobediência às normas de trânsito pelo condutor|Colisão traseira|Com Vítimas Feridas|Pleno dia|Céu Claro|3|0|1|1
272998|2020-03-03|terça-feira|08:35:00|BA|324.0|SALVADOR|Falta de Atenção à Condução|Colisão lateral|Com Vítimas Feridas|Pleno dia|Céu Claro|2|0|1|0
272999|2020-03-03|terça-feira|08:10:00|MG|40.0|SIMAO PEREIRA|Falta de Atenção à Condução|Colisão traseira|Com Vítimas Feridas|Pleno dia|Chuva|2|0|1|0
273000|2020-03-03|terça-feira|09:15:00|BA|324.0|SALVADOR|Não guardar distância de segurança|Colisão traseira|Com Vítimas Feridas|Pleno dia|Sol|3|0|1|0
273001|2020-03-03|terça-feira|09:30:00|RS|392.0|CAPAO DO LEAO|Desobediência às normas de trânsito pelo condutor|Colisão transversal|Com Vítimas Feridas|Pleno dia|Céu Claro|3|0|1|0
273003|2020-02-18|terça-feira|06:50:00|MS|163.0|SONORA|Velocidade Incompatível|Capotamento|Com Vítimas Feridas|Amanhecer|Nublado|3|0|0|2
273004|2020-03-03|terça-feira|08:00:00|RJ|116.0|NOVA IGUACU|Não guardar distância de segurança|Colisão traseira|Com Vítimas Feridas|Pleno dia|Céu Claro|3|0|1|0
273005|2020-03-03|terça-feira|07:05:00|MG|251.0|FRANCISCO SA|Falta de Atenção à Condução|Colisão lateral|Sem Vítimas|Pleno dia|Chuva|2|0|0|0
273006|2020-02-04|terça-feira|23:00:00|PR|476.0|CURITIBA|Desobediência às normas de trânsito pelo condutor|Colisão traseira|Com Vítimas Feridas|Plena Noite|Garoa/Chuvisco|3|0|1|0
273007|2020-03-03|terça-feira|08:35:00|MT|163.0|SINOP|Não guardar distância de segurança|Colisão traseira|Com Vítimas Feridas|Pleno dia|Nublado|3|0|0|1
273008|2020-03-03|terça-feira|05:40:00|MG|40.0|CONTAGEM|Não guardar distância de segurança|Engavetamento|Com Vítimas Feridas|Amanhecer|Chuva|4|0|1|0
273009|2020-03-03|terça-feira|10:45:00|RN|101.0|SAO JOSE DE MIPIBU|Falta de Atenção à Condução|Colisão traseira|Com Vítimas Feridas|Pleno dia|Céu Claro|2|0|1|0
273010|2020-03-03|terça-feira|08:00:00|SC|282.0|RANCHO QUEIMADO|Velocidade Incompatível|Colisão frontal|Com Vítimas Feridas|Pleno dia|Nublado|2|0|1|0
273011|2020-03-03|terça-feira|10:04:00|MG|251.0|GRAO MOGOL|Condutor Dormindo|Saída de leito carroçável|Sem Vítimas|Pleno dia|Sol|1|0|0|0
273013|2020-03-03|terça-feira|10:50:00|PA|222.0|DOM ELISEU|Falta de Atenção à Condução|Tombamento|Com Vítimas Feridas|Pleno dia|Sol|1|0|1|0
273014|2020-03-03|terça-feira|10:40:00|CE|116.0|FORTALEZA|Falta de Atenção à Condução|Colisão traseira|Com Vítimas Feridas|Pleno dia|Céu Claro|2|0|1|0
273015|2020-03-03|terça-feira|10:55:00|RN|226.0|MACAIBA|Desobediência às normas de trânsito pelo condutor|Colisão traseira|Com Vítimas Feridas|Pleno dia|Céu Claro|2|0|1|0
273016|2020-03-03|terça-feira|10:15:00|PR|469.0|FOZ DO IGUACU|Falta de Atenção à Condução|Colisão com objeto estático|Sem Vítimas|Pleno dia|Céu Claro|1|0|0|0
273017|2020-03-03|terça-feira|10:40:00|RJ|101.0|CASIMIRO DE ABREU|Falta de Atenção à Condução|Saída de leito carroçável|Com Vítimas Feridas|Pleno dia|Garoa/Chuvisco|1|0|1|0
273019|2020-03-03|terça-feira|11:30:00|RN|110.0|MOSSORO|Desobediência às normas de trânsito pelo condutor|Colisão traseira|Com Vítimas Feridas|Pleno dia|Sol|2|0|1|0
273020|2020-03-03|terça-feira|11:20:00|BA|101.0|CRUZ DAS ALMAS|Falta de Atenção à Condução|Colisão frontal|Com Vítimas Feridas|Pleno dia|Céu Claro|5|0|1|0
273021|2020-03-03|terça-feira|12:00:00|PA|230.0|MARABA|Defeito Mecânico no Veículo|Colisão lateral|Com Vítimas Feridas|Pleno dia|Nublado|3|0|1|1
273023|2020-03-03|terça-feira|12:30:00|RJ|393.0|VOLTA REDONDA|Falta de Atenção à Condução|Colisão lateral|Com Vítimas Feridas|Pleno dia|Céu Claro|2|0|1|0
273024|2020-02-19|quarta-feira|02:28:00|SP|116.0|EMBU DAS ARTES|Objeto estático sobre o leito carroçável|Colisão com objeto estático|Com Vítimas Feridas|Plena Noite|Céu Claro|1|0|1|0
273025|2020-03-03|terça-feira|11:50:00|SC|101.0|JOINVILLE|Velocidade Incompatível|Colisão com objeto estático|Sem Vítimas|Pleno dia|Chuva|1|0|0|0
273026|2020-03-03|terça-feira|12:45:00|MG|381.0|EXTREMA|Velocidade Incompatível|Colisão com objeto estático|Com Vítimas Feridas|Pleno dia|Sol|2|0|0|1
273028|2020-03-03|terça-feira|13:00:00|SC|101.0|BARRA VELHA|Mal Súbito|Colisão lateral|Com Vítimas Feridas|Pleno dia|Céu Claro|3|0|1|0
273029|2020-03-03|terça-feira|12:30:00|GO|50.0|CAMPO ALEGRE DE GOIAS|Falta de Atenção à Condução|Saída de leito carroçável|Com Vítimas Feridas|Pleno dia|Céu Claro|1|0|1|0
273030|2020-03-03|terça-feira|12:10:00|MG|116.0|TEOFILO OTONI|Falta de Atenção à Condução|Colisão transversal|Com Vítimas Feridas|Pleno dia|Nublado|3|0|1|1
273031|2020-03-03|terça-feira|13:05:00|PR|476.0|ARAUCARIA|Defeito Mecânico no Veículo|Colisão traseira|Sem Vítimas|Pleno dia|Nublado|5|0|0|0
273032|2020-03-03|terça-feira|13:00:00|SC|101.0|ITAJAI|Desobediência às normas de trânsito pelo condutor|Colisão transversal|Com Vítimas Feridas|Pleno dia|Garoa/Chuvisco|2|0|2|0
273033|2020-03-03|terça-feira|12:45:00|SC|101.0|JOINVILLE|Falta de Atenção à Condução|Tombamento|Com Vítimas Feridas|Pleno dia|Chuva|1|0|1|0
273034|2020-03-03|terça-feira|10:40:00|PR|277.0|CANDOI|Velocidade Incompatível|Tombamento|Com Vítimas Feridas|Pleno dia|Sol|1|0|1|0
273035|2020-03-03|terça-feira|12:20:00|SC|101.0|ITAJAI|Defeito Mecânico no Veículo|Colisão lateral|Com Vítimas Feridas|Pleno dia|Céu Claro|2|0|1|0
273036|2020-03-03|terça-feira|13:20:00|PR|277.0|CURITIBA|Falta de Atenção à Condução|Colisão lateral|Com Vítimas Feridas|Pleno dia|Nublado|2|0|2|0
273037|2020-03-03|terça-feira|05:30:00|RR|174.0|CARACARAI|Desobediência às normas de trânsito pelo condutor|Colisão lateral|Com Vítimas Feridas|Amanhecer|Céu Claro|2|0|1|1
273038|2020-03-03|terça-feira|13:20:00|PR|277.0|CASCAVEL|Desobediência às normas de trânsito pelo condutor|Colisão lateral|Com Vítimas Feridas|Pleno dia|Céu Claro|2|0|1|0
273039|2020-03-03|terça-feira|13:30:00|GO|158.0|ARAGARCAS|Não guardar distância de segurança|Colisão lateral|Com Vítimas Feridas|Pleno dia|Céu Claro|2|0|0|1
273040|2020-03-03|terça-feira|08:00:00|MG|365.0|CLARO DOS POCOES|Velocidade Incompatível|Tombamento|Sem Vítimas|Pleno dia|Chuva|1|0|0|0
273041|2020-03-03|terça-feira|12:40:00|PB|101.0|MAMANGUAPE|Defeito Mecânico no Veículo|Colisão com objeto estático|Sem Vítimas|Pleno dia|Sol|1|0|0|0
273043|2020-03-03|terça-feira|12:20:00|BA|324.0|SALVADOR|Falta de Atenção à Condução|Colisão traseira|Com Vítimas Feridas|Pleno dia|Céu Claro|4|0|2|0
273044|2020-03-03|terça-feira|12:00:00|RS|116.0|VACARIA|Desobediência às normas de trânsito pelo condutor|Colisão transversal|Com Vítimas Feridas|Pleno dia|Sol|3|0|2|0
273045|2020-03-03|terça-feira|13:52:00|SP|116.0|SANTA ISABEL|Falta de Atenção à Condução|Colisão traseira|Com Vítimas Feridas|Pleno dia|Sol|2|0|1|0
273046|2020-03-03|terça-feira|14:30:00|RJ|116.0|RIO DE JANEIRO|Falta de Atenção à Condução|Colisão traseira|Com Vítimas Feridas|Pleno dia|Chuva|3|0|1|0
273047|2020-03-03|terça-feira|15:00:00|PI|316.0|TERESINA|Desobediência às normas de trânsito pelo condutor|Colisão transversal|Com Vítimas Feridas|Plena Noite|Ignorado|3|0|0|2
273049|2020-03-03|terça-feira|15:20:00|GO|60.0|RIO VERDE|Falta de Atenção à Condução|Colisão traseira|Com Vítimas Feridas|Pleno dia|Céu Claro|2|0|0|1
273050|2020-03-03|terça-feira|14:30:00|SC|280.0|RIO NEGRINHO|Desobediência às normas de trânsito pelo condutor|Tombamento|Com Vítimas Feridas|Pleno dia|Chuva|2|0|1|0
273051|2020-03-03|terça-feira|12:50:00|SC|280.0|SAO FRANCISCO DO SUL|Falta de Atenção à Condução|Colisão transversal|Com Vítimas Feridas|Pleno dia|Céu Claro|2|0|1|0
273052|2020-03-03|terça-feira|13:15:00|ES|482.0|GUACUI|Falta de Atenção à Condução|Colisão lateral|Com Vítimas Feridas|Pleno dia|Nublado|2|0|1|0
273053|2020-02-16|domingo|20:00:00|PR|116.0|RIO NEGRO|Falta de Atenção à Condução|Colisão traseira|Com Vítimas Feridas|Plena Noite|Céu Claro|2|0|0|1
273054|2020-03-03|terça-feira|13:50:00|MG|381.0|JOAO MONLEVADE|Pista Escorregadia|Saída de leito carroçável|Com Vítimas Feridas|Pleno dia|Garoa/Chuvisco|2|0|2|0
273055|2020-03-03|terça-feira|15:30:00|MG|365.0|MONTE ALEGRE DE MINAS|Defeito na Via|Colisão traseira|Com Vítimas Feridas|Pleno dia|Sol|3|0|2|0
273056|2020-03-03|terça-feira|13:00:00|SP|116.0|CACAPAVA|Não guardar distância de segurança|Colisão traseira|Com Vítimas Feridas|Pleno dia|Nublado|2|0|1|0
273057|2020-03-03|terça-feira|14:00:00|SP|381.0|MAIRIPORA|Defeito Mecânico no Veículo|Incêndio|Sem Vítimas|Pleno dia|Nublado|1|0|0|0
273058|2020-03-03|terça-feira|14:50:00|PB|230.0|CAMPINA GRANDE|Velocidade Incompatível|Colisão traseira|Com Vítimas Fatais|Pleno dia|Céu Claro|2|1|0|0
273059|2020-03-03|terça-feira|14:40:00|GO|153.0|ITUMBIARA|Falta de Atenção à Condução|Saída de leito carroçável|Sem Vítimas|Pleno dia|Céu Claro|1|0|0|0
273060|2020-03-03|terça-feira|15:00:00|GO|60.0|ALEXANIA|Falta de Atenção à Condução|Saída de leito carroçável|Com Vítimas Feridas|Pleno dia|Céu Claro|1|0|1|0
273061|2020-03-03|terça-feira|16:00:00|PR|277.0|MATELANDIA|Falta de Atenção à Condução|Colisão transversal|Com Vítimas Feridas|Pleno dia|Céu Claro|2|0|1|0