id|data_inversa|dia_semana|horario|uf|br|municipio|causa_acidente|tipo_acidente|classificacao_acidente|fase_dia|condicao_metereologica|pessoas|mortos|feridos_leves|feridos_graves
273228|2020-03-04|quarta-feira|15:30:00|SC|470.0|BLUMENAU|Desobediência às normas de trânsito pelo condutor|Colisão transversal|Com Vítimas Feridas|Pleno dia|Céu Claro|3|0|2|0
273229|2020-03-04|quarta-feira|13:45:00|RO|364.0|JI-PARANA|Desobediência às normas de trânsito pelo condutor|Colisão transversal|Com Vítimas Feridas|Pleno dia|Céu Claro|2|0|1|0
273230|2020-02-17|segunda-feira|19:30:00|MG|146.0|GUAXUPE|Falta de Atenção à Condução|Colisão transversal|Com Vítimas Feridas|Plena Noite|Céu Claro|3|0|2|0
273231|2020-03-04|quarta-feira|15:15:00|RS|290.0|ELDORADO DO SUL|Condutor Dormindo|Colisão frontal|Com Vítimas Feridas|Pleno dia|Sol|5|0|3|0
273232|2020-03-04|quarta-feira|15:40:00|RN|101.0|SAO GONCALO DO AMARANTE|Desobediência às normas de trânsito pelo condutor|Colisão traseira|Sem Vítimas|Pleno dia|Céu Claro|2|0|0|0
273233|2020-03-04|quarta-feira|15:50:00|PR|373.0|IMBITUVA|Falta de Atenção à Condução|Queda de ocupante de veículo|Com Vítimas Feridas|Pleno dia|Céu Claro|1|0|1|0
273234|2020-01-02|quinta-feira|10:00:00|PA|316.0|SANTA MARIA DO PARA|Falta de Atenção à Condução|Colisão traseira|Com Vítimas Feridas|Pleno dia|Chuva|4|0|2|0
273235|2020-03-04|quarta-feira|15:30:00|PE|232.0|MORENO|Falta de Atenção à Condução|Saída de leito carroçável|Com Vítimas Feridas|Pleno dia|Céu Claro|2|0|2|0
273236|2020-03-04|quarta-feira|16:10:00|PR|116.0|CAMPINA GRANDE DO SUL|Defeito Mecânico no Veículo|Incêndio|Sem Vítimas|Pleno dia|Nublado|1|0|0|0
273237|2020-03-04|quarta-feira|17:00:00|GO|153.0|GOIANIA|Ingestão de Álcool|Colisão traseira|Com Vítimas Feridas|Pleno dia|Nublado|2|0|0|1
273238|2020-03-04|quarta-feira|16:20:00|PA|316.0|CASTANHAL|Desobediência às normas de trânsito pelo condutor|Colisão transversal|Com Vítimas Feridas|Pleno dia|Céu Claro|2|0|1|0
273239|2020-03-04|quarta-feira|16:00:00|BA|116.0|FEIRA DE SANTANA|Falta de Atenção à Condução|Colisão traseira|Com Vítimas Feridas|Pleno dia|Céu Claro|3|0|2|0
273240|2020-03-04|quarta-feira|14:00:00|BA|101.0|EUNAPOLIS|Falta de Atenção à Condução|Colisão lateral|Com Vítimas Feridas|Pleno dia|Céu Claro|6|0|5|0
273241|2020-03-04|quarta-feira|15:55:00|PR|369.0|UBIRATA|Desobediência às normas de trânsito pelo condutor|Colisão lateral|Com Vítimas Feridas|Pleno dia|Céu Claro|2|0|1|0
273242|2020-03-04|quarta-feira|17:00:00|ES|101.0|LINHARES|Não guardar distância de segurança|Colisão traseira|Com Vítimas Feridas|Pleno dia|Céu Claro|2|0|1|0
273243|2020-03-04|quarta-feira|15:45:00|SC|470.0|LONTRAS|Falta de Atenção à Condução|Colisão transversal|Com Vítimas Fatais|Pleno dia|Céu Claro|3|1|0|0
273244|2020-03-04|quarta-feira|08:30:00|SC|116.0|SANTA CECILIA|Velocidade Incompatível|Tombamento|Com Vítimas Feridas|Pleno dia|Céu Claro|1|0|1|0
273245|2020-03-04|quarta-feira|17:30:00|ES|101.0|ICONHA|Falta de Atenção à Condução|Colisão transversal|Com Vítimas Feridas|Pleno dia|Nublado|3|0|2|0
273246|2020-03-04|quarta-feira|14:00:00|GO|60.0|CEZARINA|Agressão Externa|Capotamento|Sem Vítimas|Pleno dia|Céu Claro|2|0|0|0
273247|2020-03-04|quarta-feira|17:20:00|GO|452.0|ITUMBIARA|Falta de Atenção à Condução|Colisão transversal|Com Vítimas Feridas|Pleno dia|Céu Claro|2|0|1|0
273248|2020-03-04|quarta-feira|17:45:00|GO|40.0|VALPARAISO DE GOIAS|Falta de Atenção à Condução|Colisão transversal|Com Vítimas Feridas|Pleno dia|Nublado|5|0|4|0
273249|2020-03-04|quarta-feira|17:02:00|RS|116.0|SAO MARCOS|Falta de Atenção à Condução|Colisão transversal|Com Vítimas Feridas|Anoitecer|Céu Claro|5|0|5|0
273250|2020-03-04|quarta-feira|17:30:00|RJ|493.0|JAPERI|Defeito Mecânico no Veículo|Incêndio|Sem Vítimas|Anoitecer|Nublado|1|0|0|0
273251|2020-03-04|quarta-feira|18:00:00|PE|316.0|TRINDADE|Falta de Atenção à Condução|Colisão traseira|Com Vítimas Feridas|Anoitecer|Nublado|3|0|1|1
273252|2020-03-04|quarta-feira|17:50:00|TO|153.0|ARAGUAINA|Desobediência às normas de trânsito pelo condutor|Colisão frontal|Com Vítimas Feridas|Pleno dia|Céu Claro|2|0|0|1
273253|2020-03-04|quarta-feira|17:30:00|PR|476.0|COLOMBO|Falta de Atenção à Condução|Queda de ocupante de veículo|Com Vítimas Feridas|Anoitecer|Céu Claro|4|0|1|0
273254|2020-03-04|quarta-feira|18:10:00|GO|153.0|APARECIDA DE GOIANIA|Desobediência às normas de trânsito pelo condutor|Colisão lateral|Com Vítimas Feridas|Plena Noite|Nublado|2|0|1|0
273255|2020-03-04|quarta-feira|18:30:00|RN|304.0|MACAIBA|Falta de Atenção à Condução|Colisão lateral|Com Vítimas Feridas|Plena Noite|Céu Claro|2|0|1|0
273256|2020-03-04|quarta-feira|17:45:00|PR|116.0|CURITIBA|Falta de Atenção à Condução|Colisão traseira|Sem Vítimas|Anoitecer|Céu Claro|2|0|0|0
273257|2020-03-04|quarta-feira|17:00:00|PR|373.0|CHOPINZINHO|Falta de Atenção à Condução|Saída de leito carroçável|Sem Vítimas|Pleno dia|Céu Claro|1|0|0|0
273258|2020-03-04|quarta-feira|18:15:00|CE|116.0|FORTALEZA|Falta de Atenção à Condução|Colisão traseira|Sem Vítimas|Plena Noite|Céu Claro|2|0|0|0
273260|2020-03-04|quarta-feira|16:50:00|RO|319.0|PORTO VELHO|Não guardar distância de segurança|Colisão traseira|Com Vítimas Feridas|Pleno dia|Céu Claro|2|0|1|0
273261|2020-03-04|quarta-feira|17:50:00|PR|376.0|MARINGA|Velocidade Incompatível|Saída de leito carroçável|Com Vítimas Feridas|Pleno dia|Céu Claro|1|0|1|0
273262|2020-03-04|quarta-feira|19:09:00|PR|277.0|PARANAGUA|Falta de Atenção à Condução|Queda de ocupante de veículo|Com Vítimas Feridas|Plena Noite|Céu Claro|1|0|1|0
273263|2020-03-04|quarta-feira|13:15:00|SC|280.0|SAO BENTO DO SUL|Ingestão de Álcool|Saída de leito carroçável|Com Vítimas Feridas|Pleno dia|Céu Claro|1|0|1|0
273265|2020-03-04|quarta-feira|19:30:00|SP|116.0|ITAPECERICA DA SERRA|Defeito na Via|Tombamento|Com Vítimas Feridas|Plena Noite|Nublado|2|0|2|0
273266|2020-03-04|quarta-feira|19:30:00|GO|153.0|HIDROLANDIA|Falta de Atenção do Pedestre|Atropelamento de Pedestre|Com Vítimas Fatais|Plena Noite|Nublado|3|1|0|1
273267|2020-03-04|quarta-feira|15:30:00|MT|174.0|CACERES|Falta de Atenção à Condução|Saída de leito carroçável|Com Vítimas Feridas|Pleno dia|Céu Claro|1|0|0|1
273268|2020-03-04|quarta-feira|19:25:00|ES|101.0|SERRA|Desobediência às normas de trânsito pelo condutor|Colisão transversal|Com Vítimas Feridas|Plena Noite|Chuva|2|0|1|0
273269|2020-03-04|quarta-feira|17:30:00|RS|293.0|BAGE|Falta de Atenção à Condução|Saída de leito carroçável|Com Vítimas Feridas|Pleno dia|Céu Claro|2|0|2|0
273271|2020-03-04|quarta-feira|20:00:00|BA|116.0|NOVA ITARANA|Agressão Externa|Tombamento|Com Vítimas Fatais|Plena Noite|Céu Claro|2|1|1|0
273272|2020-03-04|quarta-feira|19:20:00|PE|232.0|SAO CAITANO|Condutor Dormindo|Colisão com objeto estático|Sem Vítimas|Plena Noite|Nublado|3|0|0|0
273274|2020-03-04|quarta-feira|20:20:00|RS|392.0|SANTA MARIA|Desobediência às normas de trânsito pelo condutor|Colisão transversal|Com Vítimas Feridas|Plena Noite|Céu Claro|2|0|1|0
273275|2020-03-04|quarta-feira|20:15:00|GO|20.0|FORMOSA|Falta de Atenção à Condução|Colisão transversal|Com Vítimas Feridas|Plena Noite|Céu Claro|7|0|4|3
273276|2020-03-04|quarta-feira|18:20:00|PI|343.0|FLORIANO|Animais na Pista|Atropelamento de Animal|Com Vítimas Feridas|Plena Noite|Nublado|2|0|2|0
273277|2020-03-04|quarta-feira|20:05:00|PR|116.0|CAMPINA GRANDE DO SUL|Ingestão de Álcool|Colisão com objeto estático|Com Vítimas Feridas|Plena Noite|Garoa/Chuvisco|1|0|1|0
273278|2020-03-04|quarta-feira|17:00:00|MG|365.0|JEQUITAI|Pista Escorregadia|Saída de leito carroçável|Com Vítimas Feridas|Pleno dia|Chuva|4|0|2|0
273279|2020-03-04|quarta-feira|20:30:00|PE|101.0|RECIFE|Falta de Atenção à Condução|Colisão transversal|Sem Vítimas|Plena Noite|Céu Claro|2|0|0|0
273280|2020-03-04|quarta-feira|19:55:00|BA|242.0|SEABRA|Falta de Atenção à Condução|Colisão frontal|Sem Vítimas|Plena Noite|Nublado|1|0|0|0
273282|2020-03-04|quarta-feira|21:30:00|PR|476.0|CURITIBA|Mal Súbito|Colisão com objeto estático|Com Vítimas Feridas|Plena Noite|Nublado|1|0|0|1
273283|2020-03-04|quarta-feira|19:15:00|BA|101.0|ALAGOINHAS|Falta de Atenção à Condução|Colisão transversal|Com Vítimas Feridas|Plena Noite|Céu Claro|3|0|1|0
273284|2020-03-04|quarta-feira|20:00:00|MT|70.0|CUIABA|Desobediência às normas de trânsito pelo condutor|Colisão transversal|Com Vítimas Fatais|Plena Noite|Céu Claro|2|1|0|0
273285|2020-02-29|sábado|22:20:00|BA|116.0|BREJOES|Desobediência às normas de trânsito pelo condutor|Colisão frontal|Com Vítimas Feridas|Plena Noite|Céu Claro|2|0|1|0
273286|2020-03-04|quarta-feira|21:15:00|SP|116.0|SAO LOURENCO DA SERRA|Defeito Mecânico no Veículo|Incêndio|Sem Vítimas|Plena Noite|Nublado|1|0|0|0
273287|2020-03-04|quarta-feira|20:20:00|GO|60.0|CEZARINA|Falta de Atenção à Condução|Colisão traseira|Com Vítimas Feridas|Plena Noite|Chuva|3|0|2|0
273288|2020-03-04|quarta-feira|21:20:00|MT|70.0|VARZEA GRANDE|Desobediência às normas de trânsito pelo condutor|Colisão com objeto estático|Com Vítimas Fatais|Plena Noite|Céu Claro|2|1|0|0
273289|2020-03-04|quarta-feira|22:00:00|PB|230.0|CAMPINA GRANDE|Animais na Pista|Atropelamento de Animal|Com Vítimas Feridas|Plena Noite|Céu Claro|2|0|2|0
273290|2020-03-04|quarta-feira|22:50:00|ES|482.0|CACHOEIRO DE ITAPEMIRIM|Desobediência às normas de trânsito pelo condutor|Colisão frontal|Sem Vítimas|Plena Noite|Chuva|2|0|0|0
273291|2020-03-04|quarta-feira|23:20:00|PE|101.0|RECIFE|Falta de Atenção à Condução|Capotamento|Com Vítimas Feridas|Plena Noite|Céu Claro|1|0|1|0
273292|2020-03-04|quarta-feira|23:10:00|GO|153.0|APARECIDA DE GOIANIA|Avarias e/ou desgaste excessivo no pneu|Saída de leito carroçável|Com Vítimas Feridas|Plena Noite|Chuva|1|0|1|0
273293|2020-03-04|quarta-feira|23:15:00|PR|277.0|CURITIBA|Falta de Atenção à Condução|Colisão com objeto estático|Sem Vítimas|Plena Noite|Nublado|1|0|0|0
273294|2020-03-05|quinta-feira|00:10:00|PR|376.0|PONTA GROSSA|Falta de Atenção à Condução|Colisão traseira|Com Vítimas Feridas|Plena Noite|Céu Claro|5|0|4|0
273295|2020-03-04|quarta-feira|22:45:00|SC|280.0|PORTO UNIAO|Falta de Atenção à Condução|Saída de leito carroçável|Com Vítimas Feridas|Plena Noite|Céu Claro|1|0|1|0
273296|2020-03-04|quarta-feira|22:10:00|RS|285.0|SAO LUIZ GONZAGA|Animais na Pista|Atropelamento de Animal|Sem Vítimas|Plena Noite|Céu Claro|3|0|0|0
273298|2020-03-04|quarta-feira|19:00:00|SC|282.0|RANCHO QUEIMADO|Defeito Mecânico no Veículo|Saída de leito carroçável|Com Vítimas Feridas|Plena Noite|Céu Claro|1|0|1|0
273299|2020-03-04|quarta-feira|23:50:00|GO|153.0|PORANGATU|Ultrapassagem Indevida|Saída de leito carroçável|Com Vítimas Feridas|Plena Noite|Céu Claro|12|0|12|0
273301|2020-03-05|quinta-feira|01:10:00|CE|116.0|FORTALEZA|Velocidade Incompatível|Colisão com objeto estático|Com Vítimas Fatais|Plena Noite|Céu Claro|2|2|0|0
273302|2020-03-05|quinta-feira|00:20:00|PR|376.0|TIBAGI|Falta de Atenção do Pedestre|Saída de leito carroçável|Com Vítimas Feridas|Plena Noite|Céu Claro|1|0|1|0
273304|2020-03-05|quinta-feira|03:00:00|SC|101.0|PORTO BELO|Falta de Atenção à Condução|Saída de leito carroçável|Sem Vítimas|Plena Noite|Céu Claro|1|0|0|0
273305|2020-03-05|quinta-feira|01:20:00|ES|259.0|COLATINA|Falta de Atenção à Condução|Tombamento|Com Vítimas Feridas|Plena Noite|Nublado|2|0|2|0
273306|2020-03-05|quinta-feira|03:45:00|CE|222.0|FORQUILHA|Animais na Pista|Atropelamento de Animal|Com Vítimas Feridas|Plena Noite|Céu Claro|5|0|1|3
273307|2020-03-05|quinta-feira|01:20:00|SP|116.0|JUQUITIBA|Não guardar distância de segurança|Colisão traseira|Sem Vítimas|Plena Noite|Céu Claro|2|0|0|0
273308|2020-03-05|quinta-feira|01:20:00|SP|116.0|SAO LOURENCO DA SERRA|Defeito Mecânico no Veículo|Incêndio|Sem Vítimas|Plena Noite|Nublado|1|0|0|0
273310|2020-03-04|quarta-feira|18:33:00|SC|101.0|JOINVILLE|Desobediência às normas de trânsito pelo pedestre|Atropelamento de Pedestre|Com Vítimas Feridas|Plena Noite|Céu Claro|2|0|1|0
273311|2020-03-04|quarta-feira|23:14:00|BA|407.0|JUAZEIRO|Animais na Pista|Atropelamento de Animal|Com Vítimas Feridas|Plena Noite|Nublado|1|0|1|0
273312|2020-03-05|quinta-feira|04:00:00|PE|101.0|RECIFE|Ingestão de Álcool|Capotamento|Sem Vítimas|Plena Noite|Nublado|2|0|0|0
273313|2020-03-05|quinta-feira|04:30:00|RN|304.0|CAICARA DO RIO DO VENTO|Condutor Dormindo|Capotamento|Com Vítimas Feridas|Plena Noite|Céu Claro|5|0|0|1
273314|2020-03-05|quinta-feira|04:30:00|DF|20.0|BRASILIA|Falta de Atenção à Condução|Colisão lateral|Sem Vítimas|Plena Noite|Nublado|3|0|0|0
273316|2020-03-05|quinta-feira|05:20:00|SC|470.0|BLUMENAU|Velocidade Incompatível|Tombamento|Com Vítimas Feridas|Plena Noite|Nublado|1|0|1|0
273317|2020-03-04|quarta-feira|18:39:00|SC|101.0|JOINVILLE|Desobediência às normas de trânsito pelo condutor|Colisão transversal|Com Vítimas Feridas|Plena Noite|Céu Claro|2|0|1|0
273318|2020-03-05|quinta-feira|05:40:00|GO|60.0|RIO VERDE|Falta de Atenção à Condução|Tombamento|Com Vítimas Feridas|Amanhecer|Céu Claro|1|0|1|0
273319|2020-03-05|quinta-feira|06:30:00|SC|470.0|NAVEGANTES|Desobediência às normas de trânsito pelo condutor|Colisão frontal|Com Vítimas Feridas|Pleno dia|Sol|2|0|0|1
273320|2020-03-04|quarta-feira|21:45:00|SC|470.0|IBIRAMA|Desobediência às normas de trânsito pelo condutor|Saída de leito carroçável|Com Vítimas Feridas|Plena Noite|Céu Claro|2|0|1|0
273321|2020-03-04|quarta-feira|16:15:00|MG|365.0|UBERLANDIA|Sinalização da via insuficiente ou inadequada|Colisão traseira|Com Vítimas Feridas|Pleno dia|Céu Claro|3|0|1|0
273322|2020-03-05|quinta-feira|06:50:00|PB|230.0|JOAO PESSOA|Não guardar distância de segurança|Colisão traseira|Com Vítimas Feridas|Pleno dia|Sol|2|0|1|0
273323|2020-03-04|quarta-feira|11:15:00|SC|101.0|ITAPEMA|Falta de Atenção à Condução|Tombamento|Com Vítimas Feridas|Pleno dia|Céu Claro|1|0|1|0
273324|2020-03-05|quinta-feira|05:40:00|PE|423.0|GARANHUNS|Desobediência às normas de trânsito pelo condutor|Colisão transversal|Com Vítimas Feridas|Amanhecer|Céu Claro|2|0|0|1
273325|2020-03-05|quinta-feira|07:17:00|BA|235.0|JUAZEIRO|Falta de Atenção à Condução|Colisão transversal|Com Vítimas Feridas|Pleno dia|Nublado|2|0|1|0
273326|2020-03-05|quinta-feira|07:10:00|SP|381.0|SAO PAULO|Falta de Atenção à Condução|Colisão traseira|Com Vítimas Feridas|Pleno dia|Céu Claro|6|0|1|0
273327|2020-03-05|quinta-feira|07:50:00|PR|376.0|MARINGA|Defeito Mecânico no Veículo|Queda de ocupante de veículo|Com Vítimas Feridas|Pleno dia|Céu Claro|2|0|2|0
273328|2020-03-05|quinta-feira|07:45:00|PB|101.0|BAYEUX|Avarias e/ou desgaste excessivo no pneu|Tombamento|Com Vítimas Feridas|Pleno dia|Sol|2|0|2|0
273329|2020-03-05|quinta-feira|06:15:00|PR|277.0|CAMPO LARGO|Condutor Dormindo|Saída de leito carroçável|Com Vítimas Feridas|Amanhecer|Nublado|1|0|1|0
273330|2020-03-05|quinta-feira|07:05:00|SE|235.0|ARACAJU|Falta de Atenção à Condução|Tombamento|Com Vítimas Feridas|Pleno dia|Céu Claro|1|0|1|0
273331|2020-03-05|quinta-feira|07:20:00|GO|153.0|GOIANIA|Agressão Externa|Queda de ocupante de veículo|Com Vítimas Feridas|Pleno dia|Céu Claro|1|0|0|1
273332|2020-03-05|quinta-feira|07:20:00|SC|470.0|RIO DO SUL|Falta de Atenção à Condução|Colisão transversal|Com Vítimas Feridas|Pleno dia|Céu Claro|2|0|1|0
273334|2020-03-05|quinta-feira|07:35:00|RS|116.0|CAMAQUA|Velocidade Incompatível|Saída de leito carroçável|Com Vítimas Feridas|Amanhecer|Sol|1|0|1|0
273335|2020-03-05|quinta-feira|07:50:00|SP|116.0|CAJATI|Mal Súbito|Saída de leito carroçável|Com Vítimas Feridas|Pleno dia|Sol|5|0|5|0
273337|2020-03-05|quinta-feira|07:00:00|MG|262.0|NOVA SERRANA|Falta de Atenção à Condução|Saída de leito carroçável|Com Vítimas Feridas|Pleno dia|Sol|3|0|1|1
273338|2020-03-05|quinta-feira|07:45:00|GO|20.0|VILA BOA|Falta de Atenção à Condução|Saída de leito carroçável|Com Vítimas Feridas|Pleno dia|Céu Claro|1|0|0|1
273339|2020-03-05|quinta-feira|08:00:00|PA|163.0|SANTAREM|Falta de Atenção à Condução|Colisão transversal|Com Vítimas Feridas|Pleno dia|Chuva|2|0|1|0
273340|2020-03-05|quinta-feira|08:13:00|MG|381.0|SAO JOAQUIM DE BICAS|Ingestão de álcool e/ou substâncias psicoativas pelo pedestre|Atropelamento de Pedestre|Com Vítimas Feridas|Pleno dia|Sol|3|0|0|1
273342|2020-03-05|quinta-feira|08:10:00|MG|365.0|UBERLANDIA|Falta de Atenção do Pedestre|Atropelamento de Pedestre|Com Vítimas Feridas|Pleno dia|Céu Claro|4|0|1|2
273343|2020-03-05|quinta-feira|07:30:00|MG|40.0|RIBEIRAO DAS NEVES|Falta de Atenção à Condução|Colisão lateral|Com Vítimas Feridas|Pleno dia|Nublado|3|0|1|0
273344|2020-03-05|quinta-feira|07:40:00|CE|116.0|CHOROZINHO|Condutor Dormindo|Colisão lateral|Com Vítimas Feridas|Pleno dia|Céu Claro|3|0|0|1
273345|2020-03-05|quinta-feira|08:50:00|PR|376.0|NOVA ESPERANCA|Não guardar distância de segurança|Colisão traseira|Com Vítimas Feridas|Pleno dia|Sol|3|0|1|0
273346|2020-02-26|quarta-feira|07:15:00|PR|277.0|PALMEIRA|Condutor Dormindo|Saída de leito carroçável|Sem Vítimas|Pleno dia|Chuva|1|0|0|0
273347|2020-03-05|quinta-feira|07:00:00|RJ||DUQUE DE CAXIAS|Defeito Mecânico no Veículo|Colisão traseira|Sem Vítimas|Pleno dia|Céu Claro|2|0|0|0
273348|2020-03-05|quinta-feira|07:20:00|MS|163.0|CAMPO GRANDE|Desobediência às normas de trânsito pelo condutor|Colisão frontal|Com Vítimas Fatais|Pleno dia|Céu Claro|2|1|0|1
273349|2020-03-05|quinta-feira|08:10:00|RO|364.0|CACOAL|Falta de Atenção à Condução|Colisão transversal|Com Vítimas Feridas|Pleno dia|Céu Claro|2|0|1|1
273350|2020-03-05|quinta-feira|09:20:00|RS|470.0|GARIBALDI|Desobediência às normas de trânsito pelo condutor|Colisão transversal|Com Vítimas Feridas|Pleno dia|Céu Claro|3|0|1|0
273351|2020-02-26|quarta-feira|18:30:00|RS|290.0|GLORINHA|Não guardar distância de segurança|Engavetamento|Com Vítimas Feridas|Anoitecer|Nublado|4|0|1|0
273352|2020-03-05|quinta-feira|08:40:00|GO|452.0|RIO VERDE|Desobediência às normas de trânsito pelo condutor|Colisão frontal|Com Vítimas Feridas|Pleno dia|Nublado|2|0|2|0
273353|2020-03-05|quinta-feira|06:45:00|BA|242.0|IBITIARA|Velocidade Incompatível|Capotamento|Com Vítimas Fatais|Amanhecer|Nublado|1|1|0|0
273355|2020-03-05|quinta-feira|09:30:00|PR|277.0|CEU AZUL|Não guardar distância de segurança|Colisão traseira|Sem Vítimas|Pleno dia|Céu Claro|2|0|0|0
273357|2020-03-05|quinta-feira|08:05:00|PE|408.0|SAO LOURENCO DA MATA|Falta de Atenção à Condução|Saída de leito carroçável|Com Vítimas Feridas|Pleno dia|Sol|1|0|1|0
273358|2020-03-05|quinta-feira|10:00:00|MG|116.0|MURIAE|Falta de Atenção à Condução|Colisão frontal|Com Vítimas Feridas|Pleno dia|Nublado|2|0|1|0
273359|2020-03-05|quinta-feira|09:00:00|SP|153.0|SAO JOSE DO RIO PRETO|Mal Súbito|Tombamento|Sem Vítimas|Pleno dia|Sol|1|0|0|0
273360|2020-03-05|quinta-feira|07:30:00|PI|343.0|PARNAIBA|Desobediência às normas de trânsito pelo condutor|Colisão lateral|Com Vítimas Feridas|Pleno dia|Nublado|2|0|1|0
273361|2020-03-05|quinta-feira|10:00:00|SP|116.0|TABOAO DA SERRA|Defeito Mecânico no Veículo|Tombamento|Com Vítimas Feridas|Pleno dia|Céu Claro|2|0|2|0
273363|2020-03-05|quinta-feira|11:00:00|SP|116.0|SAO PAULO|Não guardar distância de segurança|Colisão com objeto estático|Com Vítimas Feridas|Pleno dia|Nublado|2|0|1|0
273364|2020-03-05|quinta-feira|09:45:00|SP|116.0|CAJATI|Falta de Atenção à Condução|Saída de leito carroçável|Com Vítimas Feridas|Pleno dia|Nublado|3|0|2|0
273365|2020-02-06|quinta-feira|12:30:00|MG|365.0|PATOS DE MINAS|Velocidade Incompatível|Colisão frontal|Com Vítimas Feridas|Pleno dia|Chuva|6|0|6|0
273366|2020-03-05|quinta-feira|10:10:00|MT|364.0|JUSCIMEIRA|Falta de Atenção à Condução|Colisão frontal|Com Vítimas Feridas|Pleno dia|Céu Claro|2|0|1|0
273367|2020-03-05|quinta-feira|10:10:00|MS|163.0|RIO BRILHANTE|Falta de Atenção à Condução|Queda de ocupante de veículo|Com Vítimas Feridas|Pleno dia|Céu Claro|1|0|1|0
273368|2020-03-05|quinta-feira|11:25:00|RN|304.0|MOSSORO|Falta de Atenção à Condução|Colisão transversal|Com Vítimas Feridas|Pleno dia|Céu Claro|3|0|2|0
273369|2020-02-26|quarta-feira|07:20:00|SC|470.0|POUSO REDONDO|Ultrapassagem Indevida|Colisão lateral|Com Vítimas Feridas|Pleno dia|Chuva|3|0|2|0
273370|2020-03-05|quinta-feira|08:10:00|RJ|116.0|TERESOPOLIS|Falta de Atenção à Condução|Colisão transversal|Com Vítimas Feridas|Pleno dia|Nublado|2|0|1|0
273371|2020-02-15|sábado|15:55:00|GO|60.0|ACREUNA|Falta de Atenção à Condução|Colisão traseira|Com Vítimas Feridas|Pleno dia|Céu Claro|2|0|0|1
273373|2020-03-05|quinta-feira|10:10:00|GO|60.0|GUAPO|Falta de Atenção à Condução|Saída de leito carroçável|Com Vítimas Feridas|Pleno dia|Céu Claro|4|0|1|0
273374|2020-03-05|quinta-feira|11:20:00|RS|386.0|BOA VISTA DAS MISSOES|Falta de Atenção à Condução|Colisão transversal|Com Vítimas Feridas|Pleno dia|Sol|2|0|1|1
273375|2020-03-05|quinta-feira|10:50:00|PE|232.0|SERRA TALHADA|Desobediência às normas de trânsito pelo condutor|Colisão transversal|Com Vítimas Feridas|Pleno dia|Sol|3|0|0|2
273376|2020-03-05|quinta-feira|12:00:00|BA|116.0|VITORIA DA CONQUISTA|Falta de Atenção à Condução|Colisão transversal|Com Vítimas Feridas|Pleno dia|Céu Claro|2|0|1|0
273377|2020-03-05|quinta-feira|09:30:00|PE|232.0|GRAVATA|Falta de Atenção à Condução|Atropelamento de Pedestre|Com Vítimas Feridas|Pleno dia|Sol|3|0|0|1
273380|2020-03-05|quinta-feira|07:31:00|PR|116.0|CURITIBA|Velocidade Incompatível|Queda de ocupante de veículo|Com Vítimas Feridas|Pleno dia|Céu Claro|1|0|1|0
273381|2020-03-05|quinta-feira|13:00:00|SP|153.0|SAO JOSE DO RIO PRETO|Desobediência às normas de trânsito pelo condutor|Tombamento|Com Vítimas Feridas|Pleno dia|Sol|3|0|2|0
273383|2020-03-05|quinta-feira|12:20:00|RJ|393.0|BARRA DO PIRAI|Falta de Atenção à Condução|Colisão transversal|Com Vítimas Feridas|Pleno dia|Céu Claro|3|0|0|1
273384|2020-03-05|quinta-feira|12:00:00|PR|376.0|CURITIBA|Defeito Mecânico no Veículo|Incêndio|Sem Vítimas|Pleno dia|Sol|2|0|0|0
273385|2020-03-05|quinta-feira|11:45:00|SC|470.0|POUSO REDONDO|Desobediência às normas de trânsito pelo condutor|Colisão lateral|Com Vítimas Feridas|Pleno dia|Sol|2|0|0|1
273386|2020-03-05|quinta-feira|13:30:00|SP|116.0|CAJATI|Falta de Atenção à Condução|Danos eventuais|Com Vítimas Feridas|Pleno dia|Nublado|5|0|1|0
273387|2020-03-05|quinta-feira|13:00:00|RJ|493.0|MAGE|Desobediência às normas de trânsito pelo condutor|Colisão transversal|Com Vítimas Feridas|Pleno dia|Céu Claro|3|0|1|0
273388|2020-03-05|quinta-feira|05:00:00|BA|242.0|OLIVEIRA DOS BREJINHOS|Pista Escorregadia|Saída de leito carroçável|Sem Vítimas|Amanhecer|Chuva|1|0|0|0
273389|2020-03-05|quinta-feira|13:15:00|MG|116.0|GOVERNADOR VALADARES|Objeto estático sobre o leito carroçável|Queda de ocupante de veículo|Com Vítimas Feridas|Pleno dia|Céu Claro|1|0|1|0
273390|2020-03-05|quinta-feira|13:30:00|MG|381.0|CAREACU|Velocidade Incompatível|Colisão com objeto estático|Com Vítimas Feridas|Pleno dia|Céu Claro|1|0|1|0
273391|2020-03-05|quinta-feira|14:15:00|PB|230.0|JOAO PESSOA|Falta de Atenção à Condução|Colisão com objeto estático|Com Vítimas Feridas|Pleno dia|Céu Claro|1|0|1|0
273392|2020-01-18|sábado|04:15:00|BA|101.0|ENTRE RIOS|Falta de Atenção à Condução|Queda de ocupante de veículo|Com Vítimas Feridas|Amanhecer|Céu Claro|1|0|1|0