id|data_inversa|dia_semana|horario|uf|br|municipio|causa_acidente|tipo_acidente|classificacao_acidente|fase_dia|condicao_metereologica|pessoas|mortos|feridos_leves|feridos_graves
273393|2020-03-05|quinta-feira|13:20:00|PB|101.0|ALHANDRA|Desobediência às normas de trânsito pelo condutor|Colisão traseira|Com Vítimas Feridas|Pleno dia|Céu Claro|3|0|2|0
273394|2020-03-05|quinta-feira|13:20:00|RS|285.0|CIRIACO|Condutor Dormindo|Colisão frontal|Com Vítimas Feridas|Pleno dia|Céu Claro|3|0|3|0
273395|2020-03-05|quinta-feira|14:30:00|GO|70.0|COCALZINHO DE GOIAS|Condutor Dormindo|Colisão lateral|Com Vítimas Feridas|Pleno dia|Céu Claro|3|0|2|0
273396|2020-02-18|terça-feira|08:45:00|MG|40.0|CONTAGEM|Falta de Atenção à Condução|Colisão lateral|Com Vítimas Feridas|Pleno dia|Nublado|2|0|0|1
273397|2020-03-05|quinta-feira|13:45:00|RS|386.0|CANOAS|Velocidade Incompatível|Colisão traseira|Com Vítimas Feridas|Pleno dia|Céu Claro|2|0|1|0
273400|2020-03-05|quinta-feira|15:00:00|RN|101.0|NATAL|Falta de Atenção à Condução|Colisão traseira|Com Vítimas Feridas|Pleno dia|Céu Claro|2|0|1|0
273401|2020-03-05|quinta-feira|13:45:00|MS|163.0|CAMPO GRANDE|Falta de Atenção à Condução|Colisão transversal|Com Vítimas Feridas|Pleno dia|Céu Claro|2|0|1|0
273402|2020-03-05|quinta-feira|15:25:00|SP|116.0|APARECIDA|Condutor Dormindo|Colisão com objeto estático|Sem Vítimas|Pleno dia|Sol|1|0|0|0
273403|2020-03-05|quinta-feira|14:00:00|RJ|101.0|MANGARATIBA|Pista Escorregadia|Colisão frontal|Com Vítimas Feridas|Pleno dia|Nublado|2|0|2|0
273405|2020-02-07|sexta-feira|20:00:00|PB|230.0|JUAZEIRINHO|Ingestão de Álcool|Colisão frontal|Sem Vítimas|Plena Noite|Nublado|6|0|0|0
273406|2020-03-05|quinta-feira|12:10:00|MT|163.0|SINOP|Pista Escorregadia|Colisão com objeto estático|Sem Vítimas|Pleno dia|Chuva|1|0|0|0
273407|2020-03-05|quinta-feira|16:50:00|MG|381.0|BETIM|Falta de Atenção à Condução|Tombamento|Com Vítimas Feridas|Pleno dia|Nublado|1|0|1|0
273408|2020-03-05|quinta-feira|16:45:00|PR|277.0|CURITIBA|Não guardar distância de segurança|Colisão traseira|Com Vítimas Feridas|Anoitecer|Céu Claro|2|0|1|0
273409|2020-03-05|quinta-feira|16:25:00|MG|381.0|CAMBUI|Falta de Atenção à Condução|Colisão traseira|Com Vítimas Feridas|Pleno dia|Céu Claro|4|0|1|0
273410|2020-03-05|quinta-feira|14:00:00|MT|364.0|DIAMANTINO|Desobediência às normas de trânsito pelo condutor|Colisão traseira|Com Vítimas Fatais|Pleno dia|Céu Claro|2|1|0|0
273411|2020-03-05|quinta-feira|16:12:00|SP|116.0|TABOAO DA SERRA|Defeito Mecânico no Veículo|Tombamento|Com Vítimas Feridas|Pleno dia|Céu Claro|1|0|1|0
273412|2020-03-05|quinta-feira|16:30:00|SP|381.0|ATIBAIA|Falta de Atenção à Condução|Colisão lateral|Sem Vítimas|Pleno dia|Céu Claro|3|0|0|0
273413|2020-03-05|quinta-feira|16:30:00|DF|80.0|BRASILIA|Falta de Atenção à Condução|Atropelamento de Pedestre|Com Vítimas Feridas|Pleno dia|Ignorado|4|0|1|0
273414|2020-03-05|quinta-feira|17:15:00|MG|50.0|UBERLANDIA|Falta de Atenção à Condução|Colisão traseira|Com Vítimas Feridas|Pleno dia|Céu Claro|4|0|1|0
273415|2020-03-05|quinta-feira|17:30:00|SP|116.0|GUARULHOS|Ingestão de Álcool|Colisão traseira|Com Vítimas Feridas|Anoitecer|Céu Claro|2|0|1|0
273416|2020-03-05|quinta-feira|13:45:00|MT|364.0|ALTO ARAGUAIA|Falta de Atenção à Condução|Colisão transversal|Com Vítimas Feridas|Pleno dia|Nublado|2|0|0|1
273417|2020-03-05|quinta-feira|09:00:00|MT|158.0|RIBEIRAO CASCALHEIRA|Defeito na Via|Colisão traseira|Com Vítimas Feridas|Pleno dia|Nublado|2|0|0|1
273418|2020-03-05|quinta-feira|17:50:00|PB|101.0|BAYEUX|Defeito Mecânico no Veículo|Queda de ocupante de veículo|Com Vítimas Feridas|Plena Noite|Céu Claro|2|0|2|0
273419|2020-03-05|quinta-feira|17:20:00|BA|101.0|MUCURI|Ultrapassagem Indevida|Colisão frontal|Com Vítimas Fatais|Pleno dia|Chuva|4|2|0|0
273421|2020-03-05|quinta-feira|18:10:00|GO|40.0|LUZIANIA|Falta de Atenção do Pedestre|Atropelamento de Pedestre|Com Vítimas Feridas|Anoitecer|Garoa/Chuvisco|2|0|1|0
273422|2020-03-05|quinta-feira|17:45:00|DF|20.0|BRASILIA|Falta de Atenção à Condução|Colisão transversal|Com Vítimas Feridas|Anoitecer|Chuva|3|0|1|0
273424|2020-03-05|quinta-feira|18:00:00|GO|153.0|APARECIDA DE GOIANIA|Não guardar distância de segurança|Engavetamento|Com Vítimas Feridas|Anoitecer|Chuva|7|0|1|0
273425|2020-03-05|quinta-feira|18:35:00|MG|354.0|CAXAMBU|Falta de Atenção à Condução|Colisão lateral|Com Vítimas Feridas|Anoitecer|Céu Claro|2|0|1|0
273426|2020-03-05|quinta-feira|17:40:00|PR|369.0|URAI|Velocidade Incompatível|Tombamento|Com Vítimas Feridas|Pleno dia|Nublado|2|0|1|0
273427|2020-03-05|quinta-feira|13:00:00|MT|70.0|PRIMAVERA DO LESTE|Defeito Mecânico no Veículo|Danos eventuais|Sem Vítimas|Pleno dia|Sol|1|0|0|0
273428|2020-03-05|quinta-feira|18:05:00|PR|369.0|ARAPONGAS|Falta de Atenção à Condução|Colisão traseira|Com Vítimas Feridas|Anoitecer|Céu Claro|3|0|3|0
273429|2020-03-05|quinta-feira|18:30:00|BA|116.0|VITORIA DA CONQUISTA|Falta de Atenção à Condução|Colisão transversal|Com Vítimas Fatais|Plena Noite|Nublado|2|1|0|0
273430|2020-03-05|quinta-feira|13:20:00|MG|267.0|JUIZ DE FORA|Velocidade Incompatível|Tombamento|Com Vítimas Feridas|Pleno dia|Céu Claro|3|0|1|0
273431|2020-03-05|quinta-feira|17:30:00|SC|116.0|CORREIA PINTO|Falta de Atenção à Condução|Atropelamento de Pedestre|Com Vítimas Feridas|Pleno dia|Céu Claro|2|0|1|0
273432|2020-03-05|quinta-feira|19:10:00|MG|40.0|ESMERALDAS|Falta de Atenção do Pedestre|Atropelamento de Pedestre|Com Vítimas Fatais|Plena Noite|Garoa/Chuvisco|2|1|0|0
273433|2020-03-05|quinta-feira|19:00:00|CE|116.0|CHOROZINHO|Defeito na Via|Saída de leito carroçável|Com Vítimas Feridas|Plena Noite|Céu Claro|1|0|1|0
273434|2020-03-05|quinta-feira|18:00:00|SC|153.0|IRANI|Falta de Atenção à Condução|Colisão transversal|Com Vítimas Feridas|Pleno dia|Céu Claro|3|0|3|0
273435|2020-03-05|quinta-feira|19:10:00|SC|280.0|GUARAMIRIM|Falta de Atenção à Condução|Colisão transversal|Com Vítimas Feridas|Plena Noite|Céu Claro|3|0|0|1
273436|2020-03-05|quinta-feira|19:00:00|GO|153.0|HIDROLANDIA|Pista Escorregadia|Saída de leito carroçável|Sem Vítimas|Plena Noite|Chuva|1|0|0|0
273438|2020-03-05|quinta-feira|19:15:00|RS|293.0|CAPAO DO LEAO|Animais na Pista|Atropelamento de Animal|Com Vítimas Feridas|Plena Noite|Céu Claro|3|0|0|2
273439|2020-03-05|quinta-feira|18:35:00|PR|116.0|CURITIBA|Falta de Atenção à Condução|Colisão lateral|Com Vítimas Feridas|Pleno dia|Sol|2|0|1|0
273440|2020-03-05|quinta-feira|18:40:00|RJ|101.0|CASIMIRO DE ABREU|Falta de Atenção à Condução|Queda de ocupante de veículo|Com Vítimas Feridas|Plena Noite|Nublado|2|0|1|0
273441|2020-03-05|quinta-feira|10:40:00|MG|365.0|GUIMARANIA|Falta de Atenção à Condução|Colisão traseira|Sem Vítimas|Pleno dia|Céu Claro|2|0|0|0
273442|2020-03-05|quinta-feira|19:55:00|RS|290.0|RIO PARDO|Falta de Atenção à Condução|Colisão lateral|Com Vítimas Feridas|Plena Noite|Céu Claro|2|0|1|0
273443|2020-03-05|quinta-feira|19:00:00|RN|101.0|NATAL|Pista Escorregadia|Queda de ocupante de veículo|Com Vítimas Feridas|Plena Noite|Céu Claro|2|0|2|0
273444|2020-03-05|quinta-feira|17:25:00|RO|364.0|OURO PRETO DO OESTE|Falta de Atenção à Condução|Saída de leito carroçável|Com Vítimas Feridas|Pleno dia|Céu Claro|1|0|0|1
273445|2020-03-05|quinta-feira|15:00:00|RO|364.0|JARU|Não guardar distância de segurança|Engavetamento|Com Vítimas Feridas|Pleno dia|Nublado|6|0|2|2
273448|2020-03-05|quinta-feira|19:45:00|RN|101.0|PARNAMIRIM|Animais na Pista|Atropelamento de Animal|Com Vítimas Feridas|Plena Noite|Céu Claro|1|0|0|1
273449|2020-03-05|quinta-feira|17:55:00|PR|369.0|CAMBE|Não guardar distância de segurança|Tombamento|Com Vítimas Feridas|Pleno dia|Nublado|1|0|1|0
273450|2020-03-05|quinta-feira|19:00:00|PI|316.0|PICOS|Desobediência às normas de trânsito pelo pedestre|Atropelamento de Pedestre|Com Vítimas Feridas|Plena Noite|Nublado|2|0|0|1
273451|2020-03-05|quinta-feira|18:50:00|PR|116.0|SAO JOSE DOS PINHAIS|Não guardar distância de segurança|Colisão traseira|Sem Vítimas|Plena Noite|Céu Claro|3|0|0|0
273452|2020-03-05|quinta-feira|17:15:00|PB|230.0|CABEDELO|Falta de Atenção à Condução|Colisão lateral|Com Vítimas Feridas|Plena Noite|Céu Claro|2|0|1|0
273453|2020-03-05|quinta-feira|19:30:00|BA|101.0|GOVERNADOR MANGABEIRA|Defeito Mecânico no Veículo|Colisão com objeto estático|Com Vítimas Feridas|Plena Noite|Céu Claro|1|0|1|0
273454|2020-03-05|quinta-feira|20:20:00|RN|101.0|PARNAMIRIM|Falta de Atenção do Pedestre|Atropelamento de Pedestre|Com Vítimas Feridas|Plena Noite|Céu Claro|2|0|1|1
273455|2020-03-05|quinta-feira|20:40:00|CE|222.0|FORQUILHA|Animais na Pista|Atropelamento de Animal|Sem Vítimas|Plena Noite|Céu Claro|1|0|0|0
273456|2020-03-05|quinta-feira|19:10:00|PR|369.0|CORBELIA|Ultrapassagem Indevida|Colisão frontal|Com Vítimas Fatais|Plena Noite|Céu Claro|7|1|1|2
273457|2020-03-05|quinta-feira|18:30:00|GO|153.0|HIDROLANDIA|Pista Escorregadia|Queda de ocupante de veículo|Com Vítimas Feridas|Plena Noite|Chuva|1|0|1|0
273458|2020-03-05|quinta-feira|20:20:00|ES|101.0|SERRA|Pista Escorregadia|Capotamento|Com Vítimas Feridas|Plena Noite|Chuva|2|0|1|0
273459|2020-03-05|quinta-feira|20:55:00|RS|290.0|ALEGRETE|Condutor Dormindo|Colisão lateral|Com Vítimas Feridas|Plena Noite|Céu Claro|4|0|3|0
273460|2020-03-05|quinta-feira|21:15:00|PR|376.0|MARIALVA|Defeito Mecânico no Veículo|Colisão traseira|Com Vítimas Feridas|Plena Noite|Nublado|3|0|1|0
273461|2020-03-05|quinta-feira|21:55:00|SC|101.0|ARAQUARI|Objeto estático sobre o leito carroçável|Colisão com objeto estático|Com Vítimas Feridas|Plena Noite|Céu Claro|2|0|2|0
273462|2020-03-05|quinta-feira|19:25:00|RO|435.0|VILHENA|Falta de Atenção do Pedestre|Atropelamento de Pedestre|Com Vítimas Feridas|Plena Noite|Céu Claro|2|0|1|0
273463|2020-03-05|quinta-feira|18:30:00|MG|40.0|SANTOS DUMONT|Falta de Atenção do Pedestre|Atropelamento de Pedestre|Com Vítimas Feridas|Plena Noite|Nublado|2|0|1|0
273464|2020-03-05|quinta-feira|18:45:00|MT|174.0|CACERES|Animais na Pista|Tombamento|Com Vítimas Feridas|Plena Noite|Céu Claro|1|0|1|0
273465|2020-03-05|quinta-feira|20:30:00|RO|364.0|PORTO VELHO|Desobediência às normas de trânsito pelo condutor|Colisão lateral|Com Vítimas Feridas|Plena Noite|Céu Claro|2|0|1|1
273466|2020-03-05|quinta-feira|19:15:00|GO|153.0|ANAPOLIS|Sinalização da via insuficiente ou inadequada|Colisão lateral|Com Vítimas Fatais|Plena Noite|Nublado|4|1|1|0
273467|2020-03-05|quinta-feira|21:40:00|GO|40.0|CRISTALINA|Desobediência às normas de trânsito pelo condutor|Colisão frontal|Com Vítimas Feridas|Plena Noite|Chuva|2|0|1|1
273468|2020-03-05|quinta-feira|20:10:00|SP|381.0|MAIRIPORA|Desobediência às normas de trânsito pelo condutor|Colisão lateral|Com Vítimas Feridas|Plena Noite|Céu Claro|3|0|2|0
273469|2020-03-05|quinta-feira|17:10:00|MG|153.0|MONTE ALEGRE DE MINAS|Condutor Dormindo|Saída de leito carroçável|Sem Vítimas|Pleno dia|Céu Claro|1|0|0|0
273470|2020-03-05|quinta-feira|23:00:00|BA|101.0|AURELINO LEAL|Velocidade Incompatível|Colisão transversal|Com Vítimas Fatais|Plena Noite|Chuva|9|3|1|1
273471|2020-03-05|quinta-feira|22:30:00|RO|319.0|PORTO VELHO|Desobediência às normas de trânsito pelo condutor|Colisão transversal|Com Vítimas Feridas|Plena Noite|Céu Claro|2|0|0|1
273472|2020-03-05|quinta-feira|23:38:00|RS|472.0|URUGUAIANA|Falta de Atenção à Condução|Colisão traseira|Com Vítimas Feridas|Plena Noite|Céu Claro|5|0|2|0
273473|2020-03-05|quinta-feira|21:30:00|RS|287.0|SANTIAGO|Falta de Atenção do Pedestre|Atropelamento de Pedestre|Com Vítimas Feridas|Plena Noite|Nublado|2|0|1|0
273474|2020-03-05|quinta-feira|22:50:00|SC|470.0|IBIRAMA|Velocidade Incompatível|Tombamento|Com Vítimas Feridas|Plena Noite|Céu Claro|4|0|2|1
273475|2020-03-05|quinta-feira|22:57:00|PR|277.0|CURITIBA|Falta de Atenção à Condução|Colisão traseira|Com Vítimas Feridas|Plena Noite|Nublado|4|0|2|0
273476|2020-03-05|quinta-feira|22:55:00|MS|163.0|CAMPO GRANDE|Defeito Mecânico no Veículo|Incêndio|Com Vítimas Feridas|Plena Noite|Céu Claro|1|0|1|0
273477|2020-03-06|sexta-feira|01:40:00|AL|101.0|CAMPO ALEGRE|Falta de Atenção à Condução|Saída de leito carroçável|Com Vítimas Feridas|Plena Noite|Céu Claro|1|0|1|0
273478|2020-03-06|sexta-feira|02:05:00|ES|101.0|PEDRO CANARIO|Falta de Atenção à Condução|Colisão com objeto estático|Com Vítimas Fatais|Plena Noite|Nublado|2|1|0|0
273479|2020-03-06|sexta-feira|01:00:00|GO|40.0|LUZIANIA|Falta de Atenção à Condução|Saída de leito carroçável|Sem Vítimas|Plena Noite|Chuva|1|0|0|0
273480|2020-03-05|quinta-feira|22:35:00|SC|153.0|AGUA DOCE|Ingestão de Álcool|Tombamento|Sem Vítimas|Plena Noite|Céu Claro|1|0|0|0
273481|2020-03-06|sexta-feira|01:35:00|MS|60.0|CHAPADAO DO SUL|Falta de Atenção à Condução|Colisão com objeto estático|Com Vítimas Feridas|Plena Noite|Céu Claro|1|0|0|1
273482|2020-03-06|sexta-feira|00:15:00|RJ|116.0|PARACAMBI|Falta de Atenção à Condução|Colisão traseira|Com Vítimas Feridas|Plena Noite|Nublado|3|0|1|0
273483|2020-03-06|sexta-feira|03:30:00|RJ|40.0|TRES RIOS|Sinalização da via insuficiente ou inadequada|Tombamento|Com Vítimas Fatais|Plena Noite|Céu Claro|2|1|0|0
273484|2020-03-06|sexta-feira|04:00:00|PR|116.0|CURITIBA|Desobediência às normas de trânsito pelo condutor|Colisão frontal|Com Vítimas Feridas|Plena Noite|Nublado|2|0|1|0
273485|2020-03-05|quinta-feira|18:58:00|MG|40.0|SETE LAGOAS|Desobediência às normas de trânsito pelo pedestre|Saída de leito carroçável|Sem Vítimas|Plena Noite|Chuva|1|0|0|0
273486|2020-03-06|sexta-feira|02:50:00|SC|101.0|SOMBRIO|Ingestão de Álcool|Colisão com objeto estático|Sem Vítimas|Plena Noite|Céu Claro|1|0|0|0
273487|2020-03-06|sexta-feira|02:58:00|MG|381.0|EXTREMA|Defeito Mecânico no Veículo|Incêndio|Sem Vítimas|Plena Noite|Céu Claro|2|0|0|0
273488|2020-03-06|sexta-feira|05:00:00|MG|50.0|UBERLANDIA|Ingestão de Álcool|Colisão com objeto estático|Com Vítimas Feridas|Amanhecer|Céu Claro|1|0|1|0
273489|2020-03-06|sexta-feira|04:30:00|RJ|356.0|ITAPERUNA|Animais na Pista|Atropelamento de Animal|Com Vítimas Feridas|Plena Noite|Céu Claro|2|0|0|1
273490|2020-03-06|sexta-feira|03:50:00|SC|282.0|BOCAINA DO SUL|Condutor Dormindo|Saída de leito carroçável|Com Vítimas Feridas|Plena Noite|Nevoeiro/Neblina|1|0|1|0
273491|2020-03-06|sexta-feira|04:00:00|MT|158.0|AGUA BOA|Deficiência ou não Acionamento do Sistema de Iluminação/Sinalização do Veículo|Colisão traseira|Sem Vítimas|Plena Noite|Nevoeiro/Neblina|1|0|0|0
273492|2020-03-06|sexta-feira|05:10:00|DF|70.0|BRASILIA|Pista Escorregadia|Saída de leito carroçável|Com Vítimas Feridas|Amanhecer|Chuva|1|0|1|0
273493|2020-03-06|sexta-feira|05:10:00|SC|470.0|INDAIAL|Ingestão de Álcool|Colisão frontal|Sem Vítimas|Plena Noite|Céu Claro|3|0|0|0
273494|2020-03-06|sexta-feira|05:10:00|AL|101.0|RIO LARGO|Avarias e/ou desgaste excessivo no pneu|Queda de ocupante de veículo|Com Vítimas Feridas|Amanhecer|Sol|2|0|1|0
273495|2020-03-06|sexta-feira|05:30:00|SP|116.0|PINDAMONHANGABA|Falta de Atenção do Pedestre|Atropelamento de Pedestre|Com Vítimas Fatais|Amanhecer|Nublado|3|1|0|0
273496|2020-03-06|sexta-feira|05:30:00|MG|262.0|JUATUBA|Defeito Mecânico no Veículo|Incêndio|Sem Vítimas|Amanhecer|Nublado|1|0|0|0
273497|2020-03-06|sexta-feira|06:05:00|RS|116.0|CAPAO DO LEAO|Falta de Atenção à Condução|Saída de leito carroçável|Com Vítimas Feridas|Amanhecer|Céu Claro|1|0|1|0
273498|2020-03-06|sexta-feira|05:45:00|RJ|116.0|NOVA IGUACU|Falta de Atenção à Condução|Colisão lateral|Com Vítimas Feridas|Amanhecer|Garoa/Chuvisco|5|0|1|0
273499|2020-03-06|sexta-feira|05:30:00|PR|373.0|PONTA GROSSA|Falta de Atenção à Condução|Colisão lateral|Sem Vítimas|Amanhecer|Céu Claro|6|0|0|0
273500|2020-03-06|sexta-feira|05:50:00|RS|116.0|BARRA DO RIBEIRO|Defeito na Via|Tombamento|Com Vítimas Feridas|Amanhecer|Céu Claro|1|0|0|1
273502|2020-03-06|sexta-feira|03:50:00|MT|163.0|ITAUBA|Avarias e/ou desgaste excessivo no pneu|Saída de leito carroçável|Com Vítimas Feridas|Plena Noite|Garoa/Chuvisco|2|0|2|0
273503|2020-03-06|sexta-feira|06:50:00|SP|116.0|GUARULHOS|Não guardar distância de segurança|Colisão traseira|Com Vítimas Feridas|Pleno dia|Sol|2|0|2|0
273504|2020-03-06|sexta-feira|06:50:00|GO|153.0|ANAPOLIS|Desobediência às normas de trânsito pelo condutor|Colisão lateral|Com Vítimas Feridas|Pleno dia|Nublado|2|0|1|0
273505|2020-03-06|sexta-feira|07:00:00|BA|101.0|IBIRAPITANGA|Velocidade Incompatível|Colisão transversal|Com Vítimas Feridas|Pleno dia|Céu Claro|2|0|1|0
273506|2020-03-06|sexta-feira|07:15:00|RJ|101.0|CAMPOS DOS GOYTACAZES|Falta de Atenção à Condução|Colisão traseira|Com Vítimas Feridas|Pleno dia|Céu Claro|1|0|1|0
273507|2020-03-06|sexta-feira|07:30:00|DF|60.0|BRASILIA|Não guardar distância de segurança|Colisão traseira|Com Vítimas Feridas|Pleno dia|Chuva|2|0|1|0
273508|2020-03-06|sexta-feira|07:25:00|PR|376.0|MARINGA|Não guardar distância de segurança|Colisão lateral|Com Vítimas Feridas|Pleno dia|Céu Claro|2|0|1|0
273509|2020-03-06|sexta-feira|07:10:00|SC|470.0|BLUMENAU|Falta de Atenção à Condução|Colisão lateral|Com Vítimas Feridas|Pleno dia|Céu Claro|2|0|1|0
273510|2020-03-06|sexta-feira|06:30:00|PR|476.0|COLOMBO|Falta de Atenção à Condução|Colisão traseira|Com Vítimas Feridas|Pleno dia|Céu Claro|3|0|1|0
273511|2020-03-06|sexta-feira|07:30:00|GO|50.0|CATALAO|Falta de Atenção à Condução|Colisão transversal|Com Vítimas Feridas|Pleno dia|Nublado|3|0|0|1
273513|2020-03-06|sexta-feira|06:30:00|MG|365.0|VARJAO DE MINAS|Desobediência às normas de trânsito pelo condutor|Colisão transversal|Sem Vítimas|Pleno dia|Céu Claro|2|0|0|0
273514|2020-03-06|sexta-feira|07:15:00|SC|282.0|PINHALZINHO|Falta de Atenção à Condução|Colisão lateral|Com Vítimas Feridas|Pleno dia|Céu Claro|3|0|2|0
273515|2020-03-06|sexta-feira|06:30:00|MG|262.0|MANHUACU|Falta de Atenção à Condução|Colisão transversal|Com Vítimas Feridas|Pleno dia|Nublado|3|0|2|0
273516|2020-03-06|sexta-feira|06:30:00|MS|163.0|CAARAPO|Desobediência às normas de trânsito pelo condutor|Colisão frontal|Com Vítimas Feridas|Pleno dia|Céu Claro|3|0|1|0
273517|2020-03-06|sexta-feira|07:40:00|BA|324.0|FEIRA DE SANTANA|Desobediência às normas de trânsito pelo condutor|Colisão transversal|Com Vítimas Feridas|Pleno dia|Chuva|2|0|1|0
273518|2020-03-06|sexta-feira|08:05:00|PE|104.0|CARUARU|Não guardar distância de segurança|Colisão traseira|Com Vítimas Feridas|Pleno dia|Céu Claro|2|0|1|0
273519|2020-03-06|sexta-feira|07:55:00|MG|40.0|JUIZ DE FORA|Não guardar distância de segurança|Colisão traseira|Com Vítimas Feridas|Pleno dia|Céu Claro|3|0|2|0
273520|2020-03-06|sexta-feira|07:50:00|DF|70.0|BRASILIA|Defeito Mecânico no Veículo|Danos eventuais|Com Vítimas Feridas|Pleno dia|Garoa/Chuvisco|2|0|2|0
273521|2020-03-06|sexta-feira|07:20:00|SC|101.0|SAO JOSE|Não guardar distância de segurança|Colisão traseira|Com Vítimas Feridas|Pleno dia|Sol|6|0|4|0
273522|2020-03-06|sexta-feira|07:20:00|SC|101.0|PALHOCA|Animais na Pista|Colisão lateral|Com Vítimas Feridas|Pleno dia|Nublado|4|0|1|0
273523|2020-03-06|sexta-feira|08:20:00|DF|20.0|BRASILIA|Não guardar distância de segurança|Colisão traseira|Sem Vítimas|Pleno dia|Chuva|4|0|0|0
273524|2020-03-06|sexta-feira|08:10:00|CE|116.0|CHOROZINHO|Desobediência às normas de trânsito pelo condutor|Colisão lateral|Com Vítimas Feridas|Pleno dia|Céu Claro|2|0|0|1
273525|2020-03-06|sexta-feira|05:30:00|SP|116.0|TAUBATE|Falta de Atenção à Condução|Colisão traseira|Com Vítimas Feridas|Amanhecer|Céu Claro|3|0|1|0
273526|2020-03-06|sexta-feira|07:50:00|PR|469.0|FOZ DO IGUACU|Falta de Atenção à Condução|Colisão transversal|Com Vítimas Feridas|Pleno dia|Sol|3|0|1|0
273527|2020-03-06|sexta-feira|08:00:00|GO|153.0|GOIANIA|Falta de Atenção à Condução|Colisão traseira|Com Vítimas Feridas|Pleno dia|Céu Claro|4|0|1|0
273528|2020-03-06|sexta-feira|07:00:00|PB|230.0|CAMPINA GRANDE|Não guardar distância de segurança|Colisão traseira|Com Vítimas Feridas|Pleno dia|Sol|4|0|1|0
273529|2020-03-06|sexta-feira|07:50:00|RJ|40.0|PETROPOLIS|Pista Escorregadia|Queda de ocupante de veículo|Com Vítimas Feridas|Pleno dia|Nublado|2|0|2|0
273530|2020-03-06|sexta-feira|07:50:00|RJ|40.0|PETROPOLIS|Pista Escorregadia|Tombamento|Sem Vítimas|Amanhecer|Nublado|2|0|0|0
273531|2020-03-06|sexta-feira|08:30:00|PR|476.0|CURITIBA|Falta de Atenção à Condução|Colisão traseira|Com Vítimas Feridas|Pleno dia|Céu Claro|2|0|1|0
273532|2020-03-06|sexta-feira|05:15:00|MG|262.0|UBERABA|Condutor Dormindo|Saída de leito carroçável|Com Vítimas Feridas|Plena Noite|Céu Claro|1|0|1|0
273533|2020-03-06|sexta-feira|08:00:00|PR|277.0|PALMEIRA|Falta de Atenção à Condução|Saída de leito carroçável|Com Vítimas Feridas|Pleno dia|Céu Claro|1|0|1|0
273534|2020-03-06|sexta-feira|08:05:00|SC|470.0|GASPAR|Desobediência às normas de trânsito pelo condutor|Colisão transversal|Com Vítimas Feridas|Pleno dia|Céu Claro|5|0|2|0
273535|2020-03-06|sexta-feira|07:45:00|PR|369.0|LONDRINA|Desobediência às normas de trânsito pelo condutor|Colisão transversal|Com Vítimas Feridas|Pleno dia|Céu Claro|2|0|0|2
273536|2020-02-27|quinta-feira|13:00:00|SC|101.0|ARARANGUA|Falta de Atenção à Condução|Colisão traseira|Sem Vítimas|Pleno dia|Céu Claro|2|0|0|0
273537|2020-03-06|sexta-feira|07:10:00|MG|40.0|PARACATU|Desobediência às normas de trânsito pelo condutor|Colisão transversal|Com Vítimas Feridas|Pleno dia|Céu Claro|2|0|1|0
273538|2020-03-06|sexta-feira|05:00:00|MT|163.0|GUARANTA DO NORTE|Condutor Dormindo|Tombamento|Com Vítimas Feridas|Amanhecer|Chuva|1|0|1|0
273539|2020-03-06|sexta-feira|07:00:00|SP|116.0|SAO JOSE DOS CAMPOS|Falta de Atenção à Condução|Colisão traseira|Sem Vítimas|Pleno dia|Sol|2|0|0|0
273540|2020-03-06|sexta-feira|08:50:00|BA|324.0|FEIRA DE SANTANA|Desobediência às normas de trânsito pelo condutor|Colisão transversal|Com Vítimas Feridas|Pleno dia|Chuva|2|0|1|0
273541|2020-03-06|sexta-feira|08:55:00|SC|282.0|AGUAS MORNAS|Falta de Atenção à Condução|Colisão transversal|Com Vítimas Feridas|Pleno dia|Sol|3|0|1|0
273542|2020-03-06|sexta-feira|08:15:00|SC|101.0|GAROPABA|Velocidade Incompatível|Saída de leito carroçável|Com Vítimas Feridas|Pleno dia|Garoa/Chuvisco|5|0|4|1
273543|2020-03-06|sexta-feira|08:20:00|ES|101.0|SERRA|Falta de Atenção à Condução|Colisão traseira|Sem Vítimas|Pleno dia|Céu Claro|2|0|0|0
273544|2020-03-06|sexta-feira|08:55:00|GO|153.0|GOIANIA|Não guardar distância de segurança|Colisão traseira|Sem Vítimas|Pleno dia|Céu Claro|3|0|0|0
273545|2020-03-06|sexta-feira|08:15:00|DF|60.0|BRASILIA|Falta de Atenção à Condução|Saída de leito carroçável|Com Vítimas Feridas|Pleno dia|Garoa/Chuvisco|2|0|1|0
273546|2020-03-06|sexta-feira|02:00:00|RS|158.0|SANTANA DO LIVRAMENTO|Condutor Dormindo|Saída de leito carroçável|Sem Vítimas|Plena Noite|Céu Claro|1|0|0|0
273547|2020-03-03|terça-feira|18:50:00|SC|282.0|XAXIM|Desobediência às normas de trânsito pelo condutor|Colisão lateral|Com Vítimas Feridas|Plena Noite|Céu Claro|2|0|2|0
273548|2020-03-06|sexta-feira|07:25:00|DF|251.0|BRASILIA|Avarias e/ou desgaste excessivo no pneu|Colisão lateral|Com Vítimas Feridas|Pleno dia|Chuva|2|0|1|0
273549|2020-03-06|sexta-feira|08:30:00|MS|163.0|RIO VERDE DE MATO GROSSO|Falta de Atenção à Condução|Capotamento|Com Vítimas Feridas|Pleno dia|Céu Claro|5|0|4|0