id|data_inversa|dia_semana|horario|uf|br|municipio|causa_acidente|tipo_acidente|classificacao_acidente|fase_dia|condicao_metereologica|pessoas|mortos|feridos_leves|feridos_graves
273550|2020-03-06|sexta-feira|09:25:00|MG|381.0|BRUMADINHO|Velocidade Incompatível|Colisão com objeto estático|Com Vítimas Feridas|Pleno dia|Nublado|1|0|1|0
273551|2020-03-06|sexta-feira|08:30:00|MG|381.0|BETIM|Falta de Atenção à Condução|Tombamento|Com Vítimas Feridas|Pleno dia|Nublado|1|0|1|0
273552|2020-03-06|sexta-feira|09:30:00|PR|369.0|ARAPONGAS|Desobediência às normas de trânsito pelo condutor|Colisão lateral|Com Vítimas Feridas|Pleno dia|Céu Claro|2|0|1|0
273553|2020-03-06|sexta-feira|09:20:00|MG|40.0|SIMAO PEREIRA|Carga excessiva e/ou mal acondicionada|Colisão com objeto estático|Com Vítimas Feridas|Pleno dia|Céu Claro|2|0|1|0
273554|2020-03-06|sexta-feira|08:30:00|SC|282.0|LAGES|Não guardar distância de segurança|Colisão traseira|Com Vítimas Feridas|Pleno dia|Céu Claro|5|0|0|1
273555|2020-03-06|sexta-feira|09:50:00|RJ|101.0|CAMPOS DOS GOYTACAZES|Falta de Atenção do Pedestre|Atropelamento de Pedestre|Com Vítimas Feridas|Pleno dia|Céu Claro|2|0|1|0
273556|2020-03-06|sexta-feira|10:20:00|SE|235.0|ITABAIANA|Falta de Atenção à Condução|Colisão transversal|Sem Vítimas|Pleno dia|Sol|2|0|0|0
273557|2020-03-06|sexta-feira|10:10:00|BA|116.0|NOVA ITARANA|Velocidade Incompatível|Colisão lateral|Com Vítimas Feridas|Pleno dia|Nublado|3|0|1|0
273558|2020-03-06|sexta-feira|08:30:00|RS|285.0|CARAZINHO|Não guardar distância de segurança|Colisão lateral|Com Vítimas Feridas|Pleno dia|Sol|2|0|1|0
273560|2020-03-06|sexta-feira|07:30:00|AC|364.0|RIO BRANCO|Desobediência às normas de trânsito pelo condutor|Colisão lateral|Sem Vítimas|Pleno dia|Nublado|4|0|0|0
273561|2020-03-06|sexta-feira|11:00:00|PE|101.0|ABREU E LIMA|Falta de Atenção à Condução|Colisão transversal|Com Vítimas Feridas|Pleno dia|Céu Claro|3|0|1|0
273562|2020-03-06|sexta-feira|10:50:00|ES|262.0|VIANA|Falta de Atenção à Condução|Colisão com objeto estático|Com Vítimas Feridas|Pleno dia|Nublado|2|0|0|1
273563|2020-03-06|sexta-feira|11:15:00|RS|116.0|PORTO ALEGRE|Não guardar distância de segurança|Colisão lateral|Com Vítimas Feridas|Pleno dia|Céu Claro|4|0|2|0
273564|2020-03-06|sexta-feira|12:14:00|RS|392.0|SANTA MARIA|Desobediência às normas de trânsito pelo condutor|Colisão lateral|Com Vítimas Feridas|Pleno dia|Céu Claro|2|0|1|0
273565|2020-03-06|sexta-feira|12:10:00|SP|116.0|SAO PAULO|Defeito Mecânico no Veículo|Incêndio|Sem Vítimas|Pleno dia|Sol|1|0|0|0
273566|2020-03-06|sexta-feira|12:20:00|SP|116.0|SAO PAULO|Falta de Atenção à Condução|Colisão traseira|Com Vítimas Feridas|Pleno dia|Céu Claro|2|0|1|0
273567|2020-03-06|sexta-feira|12:00:00|PR|376.0|SAO JOSE DOS PINHAIS|Falta de Atenção do Pedestre|Atropelamento de Pedestre|Com Vítimas Feridas|Pleno dia|Céu Claro|2|0|1|1
273569|2020-03-06|sexta-feira|09:00:00|RJ|101.0|RIO DE JANEIRO|Falta de Atenção à Condução|Colisão lateral|Com Vítimas Feridas|Pleno dia|Sol|3|0|0|1
273571|2020-03-06|sexta-feira|13:15:00|ES|262.0|VENDA NOVA DO IMIGRANTE|Falta de Atenção à Condução|Colisão transversal|Com Vítimas Feridas|Pleno dia|Céu Claro|2|0|1|0
273572|2020-03-06|sexta-feira|12:35:00|RJ|116.0|PIRAI|Mal Súbito|Colisão com objeto estático|Com Vítimas Feridas|Pleno dia|Céu Claro|1|0|1|0
273573|2020-03-06|sexta-feira|13:00:00|PR|376.0|APUCARANA|Desobediência às normas de trânsito pelo condutor|Colisão lateral|Com Vítimas Feridas|Pleno dia|Sol|2|0|1|0
273574|2020-03-06|sexta-feira|13:20:00|RS|158.0|SANTA MARIA|Desobediência às normas de trânsito pelo condutor|Colisão traseira|Com Vítimas Feridas|Pleno dia|Céu Claro|3|0|2|0
273575|2020-03-06|sexta-feira|12:15:00|RS|290.0|MINAS DO LEAO|Falta de Atenção à Condução|Engavetamento|Com Vítimas Feridas|Pleno dia|Céu Claro|4|0|2|0
273576|2020-03-06|sexta-feira|11:30:00|BA|367.0|PORTO SEGURO|Ultrapassagem Indevida|Colisão lateral|Com Vítimas Feridas|Pleno dia|Garoa/Chuvisco|2|0|0|1
273577|2020-03-06|sexta-feira|11:45:00|MA|10.0|IMPERATRIZ|Falta de Atenção à Condução|Colisão traseira|Com Vítimas Feridas|Pleno dia|Céu Claro|2|0|1|0
273578|2020-03-06|sexta-feira|12:00:00|MS|163.0|NOVA ALVORADA DO SUL|Falta de Atenção à Condução|Colisão transversal|Com Vítimas Feridas|Pleno dia|Céu Claro|2|0|1|0
273579|2020-03-06|sexta-feira|11:20:00|SC|282.0|XANXERE|Desobediência às normas de trânsito pelo condutor|Colisão traseira|Com Vítimas Feridas|Pleno dia|Sol|3|0|2|0
273580|2020-03-06|sexta-feira|11:00:00|MT|174.0|PONTES E LACERDA|Desobediência às normas de trânsito pelo condutor|Colisão frontal|Com Vítimas Feridas|Pleno dia|Céu Claro|2|0|0|1
273581|2020-03-06|sexta-feira|11:40:00|MT|364.0|RONDONOPOLIS|Falta de Atenção à Condução|Tombamento|Com Vítimas Feridas|Pleno dia|Céu Claro|1|0|1|0
273582|2020-03-06|sexta-feira|14:00:00|RS|468.0|TRES PASSOS|Não guardar distância de segurança|Saída de leito carroçável|Com Vítimas Feridas|Pleno dia|Céu Claro|3|0|3|0
273583|2020-03-06|sexta-feira|14:30:00|SC|101.0|SAO JOSE|Falta de Atenção à Condução|Colisão lateral|Com Vítimas Feridas|Pleno dia|Céu Claro|2|0|1|0
273584|2020-03-06|sexta-feira|10:55:00|RO|364.0|JARU|Falta de Atenção do Pedestre|Atropelamento de Pedestre|Com Vítimas Feridas|Pleno dia|Céu Claro|2|0|1|1
273586|2020-03-06|sexta-feira|13:50:00|SC|116.0|SAO CRISTOVAO DO SUL|Falta de Atenção à Condução|Colisão lateral|Sem Vítimas|Pleno dia|Sol|2|0|0|0
273587|2020-03-06|sexta-feira|14:00:00|GO|153.0|PANAMA|Falta de Atenção à Condução|Saída de leito carroçável|Com Vítimas Feridas|Pleno dia|Chuva|3|0|2|0
273588|2020-03-06|sexta-feira|14:00:00|RJ|116.0|NOVA IGUACU|Desobediência às normas de trânsito pelo condutor|Colisão lateral|Com Vítimas Feridas|Pleno dia|Céu Claro|2|0|1|0
273590|2020-03-06|sexta-feira|14:00:00|RJ|116.0|DUQUE DE CAXIAS|Não guardar distância de segurança|Colisão traseira|Com Vítimas Feridas|Pleno dia|Sol|4|0|1|0
273591|2020-03-06|sexta-feira|15:00:00|PR|116.0|CURITIBA|Velocidade Incompatível|Colisão traseira|Com Vítimas Feridas|Pleno dia|Céu Claro|2|0|0|1
273592|2020-03-06|sexta-feira|12:30:00|MT|70.0|CACERES|Avarias e/ou desgaste excessivo no pneu|Queda de ocupante de veículo|Com Vítimas Fatais|Pleno dia|Céu Claro|2|1|0|1
273594|2020-03-06|sexta-feira|15:37:00|BA|101.0|NOVA VICOSA|Velocidade Incompatível|Saída de leito carroçável|Com Vítimas Fatais|Pleno dia|Chuva|1|1|0|0
273595|2020-03-06|sexta-feira|15:45:00|PE|232.0|SAO CAITANO|Falta de Atenção à Condução|Colisão traseira|Com Vítimas Feridas|Pleno dia|Céu Claro|2|0|0|1
273596|2020-03-06|sexta-feira|15:30:00|PR|373.0|GUAMIRANGA|Falta de Atenção à Condução|Saída de leito carroçável|Com Vítimas Feridas|Pleno dia|Céu Claro|2|0|1|1
273597|2020-03-06|sexta-feira|15:20:00|RS|290.0|PORTO ALEGRE|Falta de Atenção à Condução|Colisão lateral|Com Vítimas Feridas|Pleno dia|Céu Claro|6|0|3|0
273598|2020-03-06|sexta-feira|15:00:00|SP|116.0|EMBU DAS ARTES|Desobediência às normas de trânsito pelo condutor|Colisão lateral|Com Vítimas Feridas|Pleno dia|Nublado|2|0|1|0
273599|2020-03-06|sexta-feira|15:30:00|GO|452.0|RIO VERDE|Velocidade Incompatível|Colisão lateral|Com Vítimas Fatais|Pleno dia|Céu Claro|2|1|0|0
273600|2020-03-06|sexta-feira|12:00:00|MG|50.0|UBERABA|Falta de Atenção à Condução|Colisão com objeto estático|Sem Vítimas|Pleno dia|Céu Claro|1|0|0|0
273601|2020-03-06|sexta-feira|06:40:00|MG|50.0|UBERABA|Ultrapassagem Indevida|Colisão com objeto estático|Com Vítimas Feridas|Pleno dia|Nublado|2|0|2|0
273602|2020-03-06|sexta-feira|15:30:00|RN|304.0|ITAJA|Falta de Atenção à Condução|Colisão com objeto estático|Com Vítimas Feridas|Pleno dia|Nublado|5|0|5|0
273604|2020-03-06|sexta-feira|16:15:00|RS|290.0|URUGUAIANA|Não guardar distância de segurança|Colisão traseira|Sem Vítimas|Pleno dia|Céu Claro|2|0|0|0
273605|2020-03-06|sexta-feira|08:40:00|MA|316.0|OLHO DAGUA DAS CUNHAS|Desobediência às normas de trânsito pelo condutor|Colisão lateral|Com Vítimas Fatais|Pleno dia|Céu Claro|3|2|0|0
273606|2020-03-06|sexta-feira|16:00:00|SC|101.0|JOINVILLE|Não guardar distância de segurança|Colisão traseira|Sem Vítimas|Pleno dia|Sol|2|0|0|0
273607|2020-03-06|sexta-feira|15:50:00|PR|376.0|CURITIBA|Falta de Atenção do Pedestre|Atropelamento de Pedestre|Com Vítimas Feridas|Pleno dia|Sol|2|0|0|1
273608|2020-03-06|sexta-feira|15:00:00|SC|470.0|GASPAR|Ingestão de Álcool|Colisão traseira|Sem Vítimas|Pleno dia|Sol|2|0|0|0
273609|2020-03-06|sexta-feira|15:10:00|RS|116.0|PICADA CAFE|Velocidade Incompatível|Saída de leito carroçável|Com Vítimas Feridas|Pleno dia|Sol|1|0|0|1
273610|2020-03-06|sexta-feira|13:10:00|AC|364.0|RIO BRANCO|Defeito na Via|Tombamento|Com Vítimas Feridas|Pleno dia|Nublado|2|0|2|0
273611|2020-03-06|sexta-feira|16:30:00|SC|470.0|LONTRAS|Falta de Atenção à Condução|Colisão traseira|Sem Vítimas|Pleno dia|Sol|2|0|0|0
273612|2020-03-06|sexta-feira|10:00:00|MG|116.0|UBAPORANGA|Ultrapassagem Indevida|Colisão lateral|Com Vítimas Fatais|Pleno dia|Garoa/Chuvisco|5|3|1|0
273613|2020-03-06|sexta-feira|16:45:00|AL|104.0|RIO LARGO|Falta de Atenção à Condução|Atropelamento de Pedestre|Com Vítimas Feridas|Pleno dia|Céu Claro|3|0|1|0
273614|2020-03-06|sexta-feira|17:00:00|RS|471.0|RIO PARDO|Desobediência às normas de trânsito pelo condutor|Colisão transversal|Com Vítimas Feridas|Pleno dia|Céu Claro|2|0|0|1
273615|2020-03-06|sexta-feira|13:00:00|AL|101.0|PORTO REAL DO COLEGIO|Agressão Externa|Colisão lateral|Com Vítimas Feridas|Pleno dia|Sol|1|0|1|0
273616|2020-03-06|sexta-feira|13:40:00|GO|80.0|PADRE BERNARDO|Falta de Atenção à Condução|Colisão lateral|Com Vítimas Feridas|Pleno dia|Nublado|5|0|4|0
273617|2020-03-06|sexta-feira|14:55:00|AC|364.0|RIO BRANCO|Falta de Atenção à Condução|Colisão traseira|Com Vítimas Feridas|Pleno dia|Nublado|2|0|1|0
273618|2020-03-06|sexta-feira|16:50:00|GO|40.0|LUZIANIA|Falta de Atenção à Condução|Colisão traseira|Com Vítimas Feridas|Pleno dia|Céu Claro|3|0|1|0
273619|2020-03-06|sexta-feira|16:29:00|CE|402.0|ITAPIPOCA|Desobediência às normas de trânsito pelo condutor|Colisão frontal|Com Vítimas Feridas|Pleno dia|Sol|2|0|0|1
273620|2020-03-06|sexta-feira|17:20:00|SC|101.0|SAO JOSE|Não guardar distância de segurança|Colisão lateral|Com Vítimas Feridas|Pleno dia|Nublado|2|0|1|0
273621|2020-02-05|quarta-feira|09:40:00|MT|364.0|SANTO ANTONIO DO LEVERGER|Velocidade Incompatível|Colisão traseira|Com Vítimas Feridas|Pleno dia|Céu Claro|2|0|0|1
273622|2020-03-06|sexta-feira|17:30:00|SP|116.0|TABOAO DA SERRA|Não guardar distância de segurança|Colisão traseira|Com Vítimas Feridas|Anoitecer|Nublado|2|0|1|0
273623|2020-03-06|sexta-feira|14:00:00|CE|20.0|MARANGUAPE|Carga excessiva e/ou mal acondicionada|Saída de leito carroçável|Com Vítimas Feridas|Pleno dia|Nublado|2|0|2|0
273624|2020-03-06|sexta-feira|17:30:00|SC|280.0|JARAGUA DO SUL|Falta de Atenção à Condução|Colisão traseira|Com Vítimas Feridas|Pleno dia|Céu Claro|3|0|1|0
273625|2020-03-06|sexta-feira|17:50:00|ES|101.0|LINHARES|Defeito Mecânico no Veículo|Queda de ocupante de veículo|Com Vítimas Feridas|Anoitecer|Garoa/Chuvisco|2|0|2|0
273626|2020-01-08|quarta-feira|16:30:00|AC|364.0|BUJARI|Animais na Pista|Atropelamento de Animal|Com Vítimas Feridas|Pleno dia|Ignorado|1|0|1|0
273627|2020-03-06|sexta-feira|17:20:00|RN|427.0|ACARI|Pista Escorregadia|Capotamento|Com Vítimas Feridas|Pleno dia|Chuva|1|0|1|0
273628|2020-03-06|sexta-feira|16:40:00|RJ|101.0|RIO BONITO|Desobediência às normas de trânsito pelo pedestre|Colisão lateral|Com Vítimas Feridas|Pleno dia|Céu Claro|3|0|2|1
273629|2020-03-06|sexta-feira|17:50:00|RN|226.0|CURRAIS NOVOS|Animais na Pista|Atropelamento de Animal|Com Vítimas Feridas|Anoitecer|Chuva|1|0|1|0
273630|2020-03-06|sexta-feira|15:20:00|SC|101.0|ICARA|Ingestão de Álcool|Saída de leito carroçável|Sem Vítimas|Pleno dia|Nublado|1|0|0|0
273631|2020-03-06|sexta-feira|16:50:00|PE|116.0|BELEM DE SAO FRANCISCO|Desobediência às normas de trânsito pelo condutor|Colisão traseira|Com Vítimas Feridas|Pleno dia|Céu Claro|2|0|1|0
273632|2020-03-06|sexta-feira|15:10:00|GO|153.0|MORRINHOS|Falta de Atenção à Condução|Saída de leito carroçável|Com Vítimas Feridas|Pleno dia|Nublado|3|0|2|0
273633|2020-03-06|sexta-feira|16:44:00|GO|153.0|APARECIDA DE GOIANIA|Não guardar distância de segurança|Saída de leito carroçável|Sem Vítimas|Pleno dia|Nublado|1|0|0|0
273634|2020-03-06|sexta-feira|17:50:00|GO|153.0|APARECIDA DE GOIANIA|Não guardar distância de segurança|Colisão lateral|Com Vítimas Feridas|Anoitecer|Céu Claro|2|0|1|0
273635|2020-03-06|sexta-feira|16:07:00|RJ|101.0|ITABORAI|Defeito Mecânico no Veículo|Incêndio|Sem Vítimas|Pleno dia|Céu Claro|1|0|0|0
273636|2020-03-06|sexta-feira|18:20:00|PR|376.0|MARINGA|Falta de Atenção à Condução|Colisão traseira|Com Vítimas Feridas|Anoitecer|Céu Claro|2|0|1|0
273637|2020-03-06|sexta-feira|18:00:00|SC|470.0|RIO DO SUL|Falta de Atenção à Condução|Colisão traseira|Com Vítimas Feridas|Pleno dia|Sol|2|0|1|0
273638|2020-03-06|sexta-feira|15:50:00|SC|101.0|PENHA|Falta de Atenção à Condução|Queda de ocupante de veículo|Com Vítimas Feridas|Pleno dia|Sol|2|0|0|2
273641|2020-03-06|sexta-feira|11:25:00|MG|262.0|MANHUACU|Falta de Atenção à Condução|Colisão transversal|Com Vítimas Feridas|Pleno dia|Nublado|2|0|1|0
273642|2020-03-06|sexta-feira|18:35:00|RJ|116.0|NOVA IGUACU|Desobediência às normas de trânsito pelo condutor|Colisão lateral|Com Vítimas Feridas|Plena Noite|Céu Claro|3|0|0|1
273643|2020-03-06|sexta-feira|17:30:00|SC|470.0|RIO DO SUL|Falta de Atenção à Condução|Colisão transversal|Com Vítimas Feridas|Pleno dia|Céu Claro|2|0|2|0
273644|2020-03-06|sexta-feira|17:50:00|BA|407.0|JUAZEIRO|Carga excessiva e/ou mal acondicionada|Capotamento|Com Vítimas Feridas|Anoitecer|Nublado|1|0|1|0
273645|2020-03-06|sexta-feira|17:50:00|SC|101.0|JOINVILLE|Desobediência às normas de trânsito pelo condutor|Colisão transversal|Com Vítimas Feridas|Plena Noite|Céu Claro|2|0|0|1
273646|2020-03-06|sexta-feira|18:20:00|PR|369.0|ARAPONGAS|Desobediência às normas de trânsito pelo condutor|Colisão transversal|Com Vítimas Feridas|Pleno dia|Céu Claro|3|0|1|1
273647|2020-03-06|sexta-feira|13:15:00|BA|101.0|SAO JOSE DA VITORIA|Mal Súbito|Saída de leito carroçável|Com Vítimas Feridas|Pleno dia|Nublado|3|0|2|0
273649|2020-03-06|sexta-feira|16:35:00|SC|282.0|ERVAL VELHO|Desobediência às normas de trânsito pelo condutor|Colisão transversal|Com Vítimas Feridas|Pleno dia|Céu Claro|6|0|1|0
273650|2020-03-06|sexta-feira|19:00:00|RN|101.0|SAO GONCALO DO AMARANTE|Falta de Atenção à Condução|Colisão lateral|Com Vítimas Feridas|Plena Noite|Céu Claro|2|0|1|0
273651|2020-03-06|sexta-feira|18:40:00|PR|376.0|APUCARANA|Desobediência às normas de trânsito pelo condutor|Colisão transversal|Com Vítimas Feridas|Pleno dia|Sol|3|0|2|0
273652|2020-03-06|sexta-feira|18:30:00|BA|116.0|VITORIA DA CONQUISTA|Falta de Atenção à Condução|Colisão transversal|Com Vítimas Feridas|Plena Noite|Céu Claro|2|0|1|0
273653|2020-03-06|sexta-feira|13:00:00|ES|101.0|LINHARES|Desobediência às normas de trânsito pelo condutor|Colisão transversal|Com Vítimas Feridas|Pleno dia|Nublado|2|0|1|0
273654|2020-03-06|sexta-feira|16:35:00|CE|116.0|JAGUARIBARA|Falta de Atenção à Condução|Colisão lateral|Com Vítimas Feridas|Pleno dia|Nublado|7|0|2|0
273655|2020-03-06|sexta-feira|18:50:00|MG|381.0|BETIM|Falta de Atenção à Condução|Colisão transversal|Sem Vítimas|Plena Noite|Chuva|2|0|0|0
273656|2020-03-06|sexta-feira|17:40:00|MG|40.0|PARACATU|Pista Escorregadia|Saída de leito carroçável|Com Vítimas Feridas|Pleno dia|Nublado|5|0|5|0
273657|2020-03-06|sexta-feira|18:15:00|DF|70.0|BRASILIA|Falta de Atenção à Condução|Colisão traseira|Com Vítimas Feridas|Plena Noite|Nublado|2|0|1|0
273658|2020-03-06|sexta-feira|18:10:00|PR|369.0|CORBELIA|Ingestão de Álcool|Colisão frontal|Sem Vítimas|Pleno dia|Céu Claro|5|0|0|0
273659|2020-03-06|sexta-feira|19:00:00|PR|376.0|MARINGA|Desobediência às normas de trânsito pelo condutor|Colisão lateral|Sem Vítimas|Anoitecer|Céu Claro|3|0|0|0
273660|2020-03-06|sexta-feira|19:45:00|MG|381.0|EXTREMA|Falta de Atenção do Pedestre|Atropelamento de Pedestre|Com Vítimas Fatais|Plena Noite|Céu Claro|3|1|1|0
273662|2020-03-06|sexta-feira|19:20:00|PR|373.0|CANDOI|Falta de Atenção à Condução|Colisão lateral|Com Vítimas Fatais|Plena Noite|Céu Claro|3|1|0|1
273663|2020-03-06|sexta-feira|17:55:00|SC|280.0|GUARAMIRIM|Falta de Atenção à Condução|Colisão transversal|Com Vítimas Feridas|Pleno dia|Nublado|2|0|1|0
273664|2020-03-06|sexta-feira|13:00:00|MT|70.0|PRIMAVERA DO LESTE|Falta de Atenção à Condução|Saída de leito carroçável|Com Vítimas Feridas|Pleno dia|Céu Claro|2|0|1|1
273665|2020-03-06|sexta-feira|19:30:00|BA|324.0|FEIRA DE SANTANA|Não guardar distância de segurança|Colisão traseira|Com Vítimas Feridas|Plena Noite|Chuva|2|0|1|0
273666|2020-03-06|sexta-feira|18:00:00|PR|153.0|PORTO VITORIA|Falta de Atenção à Condução|Saída de leito carroçável|Com Vítimas Feridas|Anoitecer|Céu Claro|1|0|1|0
273667|2020-03-06|sexta-feira|19:30:00|MG|116.0|MURIAE|Falta de Atenção à Condução|Colisão lateral|Com Vítimas Feridas|Plena Noite|Céu Claro|2|0|1|0
273668|2020-03-06|sexta-feira|19:30:00|ES|101.0|CARIACICA|Desobediência às normas de trânsito pelo condutor|Colisão traseira|Com Vítimas Feridas|Plena Noite|Chuva|2|0|1|0
273669|2020-03-06|sexta-feira|20:00:00|MG|251.0|GRAO MOGOL|Velocidade Incompatível|Colisão frontal|Com Vítimas Feridas|Plena Noite|Chuva|3|0|1|0
273670|2020-03-06|sexta-feira|20:10:00|PR|376.0|PALMEIRA|Falta de Atenção do Pedestre|Atropelamento de Pedestre|Com Vítimas Feridas|Plena Noite|Nublado|2|0|1|0
273671|2020-03-06|sexta-feira|18:40:00|RR|432.0|CANTA|Ingestão de Álcool|Saída de leito carroçável|Com Vítimas Feridas|Plena Noite|Céu Claro|4|0|1|1
273672|2020-03-06|sexta-feira|19:00:00|BA|324.0|RIACHAO DO JACUIPE|Falta de Atenção à Condução|Colisão lateral|Sem Vítimas|Plena Noite|Nublado|2|0|0|0
273673|2020-03-06|sexta-feira|20:25:00|PR|277.0|PARANAGUA|Falta de Atenção à Condução|Colisão com objeto estático|Sem Vítimas|Plena Noite|Nublado|1|0|0|0
273674|2020-03-06|sexta-feira|18:00:00|MS|262.0|RIBAS DO RIO PARDO|Defeito na Via|Capotamento|Com Vítimas Feridas|Anoitecer|Céu Claro|1|0|1|0
273676|2020-03-06|sexta-feira|20:30:00|RJ|40.0|DUQUE DE CAXIAS|Falta de Atenção à Condução|Saída de leito carroçável|Com Vítimas Feridas|Plena Noite|Céu Claro|2|0|1|0
273677|2020-03-06|sexta-feira|20:30:00|GO|50.0|CATALAO|Falta de Atenção à Condução|Colisão transversal|Sem Vítimas|Plena Noite|Chuva|2|0|0|0
273678|2020-03-06|sexta-feira|21:00:00|RJ|393.0|SAPUCAIA|Falta de Atenção à Condução|Colisão frontal|Com Vítimas Fatais|Plena Noite|Céu Claro|2|1|0|0
273679|2020-03-06|sexta-feira|19:40:00|MG|381.0|JOAO MONLEVADE|Desobediência às normas de trânsito pelo condutor|Colisão transversal|Com Vítimas Feridas|Plena Noite|Garoa/Chuvisco|2|0|1|0
273680|2020-03-06|sexta-feira|20:30:00|SC|101.0|SAO JOSE|Falta de Atenção à Condução|Colisão lateral|Com Vítimas Feridas|Plena Noite|Céu Claro|2|0|1|0
273681|2020-03-06|sexta-feira|18:10:00|TO|153.0|BRASILANDIA DO TOCANTINS|Não guardar distância de segurança|Colisão traseira|Sem Vítimas|Plena Noite|Nublado|1|0|0|0
273682|2020-03-06|sexta-feira|19:10:00|RO|364.0|VILHENA|Falta de Atenção à Condução|Colisão transversal|Com Vítimas Feridas|Plena Noite|Céu Claro|3|0|2|0
273683|2020-03-06|sexta-feira|20:45:00|PR|277.0|SAO JOSE DOS PINHAIS|Falta de Atenção à Condução|Queda de ocupante de veículo|Com Vítimas Feridas|Plena Noite|Céu Claro|1|0|1|0
273684|2020-03-06|sexta-feira|18:05:00|MT|364.0|JACIARA|Falta de Atenção à Condução|Colisão transversal|Com Vítimas Feridas|Anoitecer|Céu Claro|5|0|2|0
273685|2020-03-06|sexta-feira|17:30:00|RO|364.0|VILHENA|Falta de Atenção à Condução|Queda de ocupante de veículo|Com Vítimas Feridas|Anoitecer|Céu Claro|2|0|1|0
273686|2020-03-06|sexta-feira|20:30:00|RJ|116.0|SAO JOAO DE MERITI|Não guardar distância de segurança|Colisão traseira|Com Vítimas Feridas|Plena Noite|Céu Claro|2|0|1|0
273687|2020-03-06|sexta-feira|20:49:00|SC|101.0|PALHOCA|Falta de Atenção à Condução|Colisão traseira|Sem Vítimas|Plena Noite|Nublado|3|0|0|0
273688|2020-03-06|sexta-feira|20:55:00|PR|376.0|SAO JOSE DOS PINHAIS|Ingestão de Álcool|Colisão traseira|Com Vítimas Feridas|Plena Noite|Céu Claro|3|0|1|0
273689|2020-03-06|sexta-feira|21:30:00|GO|414.0|COCALZINHO DE GOIAS|Falta de Atenção à Condução|Colisão com objeto estático|Sem Vítimas|Plena Noite|Chuva|1|0|0|0
273690|2020-03-06|sexta-feira|21:20:00|MA|230.0|BARAO DE GRAJAU|Ingestão de Álcool|Colisão lateral|Com Vítimas Feridas|Plena Noite|Céu Claro|2|0|1|0
273691|2020-03-06|sexta-feira|21:40:00|PB|104.0|LAGOA SECA|Ingestão de Álcool|Atropelamento de Pedestre|Sem Vítimas|Plena Noite|Céu Claro|1|0|0|0
273692|2020-03-06|sexta-feira|20:35:00|SC|280.0|RIO NEGRINHO|Falta de Atenção à Condução|Colisão traseira|Com Vítimas Feridas|Plena Noite|Céu Claro|2|0|0|1
273693|2020-03-06|sexta-feira|23:05:00|SC|101.0|BIGUACU|Falta de Atenção à Condução|Colisão traseira|Com Vítimas Feridas|Plena Noite|Nublado|2|0|1|1
273694|2020-03-06|sexta-feira|20:50:00|MT|364.0|ALTO GARCAS|Defeito Mecânico no Veículo|Derramamento de carga|Sem Vítimas|Plena Noite|Céu Claro|1|0|0|0
273695|2020-03-06|sexta-feira|22:10:00|SC|470.0|INDAIAL|Não guardar distância de segurança|Colisão traseira|Sem Vítimas|Plena Noite|Céu Claro|3|0|0|0
273696|2020-03-06|sexta-feira|23:25:00|MG|381.0|ITAPEVA|Velocidade Incompatível|Tombamento|Com Vítimas Feridas|Plena Noite|Nublado|1|0|1|0
273697|2020-02-29|sábado|21:25:00|RN|226.0|PAU DOS FERROS|Desobediência às normas de trânsito pelo condutor|Saída de leito carroçável|Sem Vítimas|Plena Noite|Céu Claro|3|0|0|0
273698|2020-03-06|sexta-feira|21:20:00|MT|163.0|SINOP|Desobediência às normas de trânsito pelo condutor|Saída de leito carroçável|Com Vítimas Feridas|Plena Noite|Céu Claro|4|0|2|0
273699|2020-03-06|sexta-feira|20:30:00|PR|376.0|MARINGA|Falta de Atenção à Condução|Colisão traseira|Com Vítimas Feridas|Plena Noite|Céu Claro|3|0|1|0
273700|2020-03-06|sexta-feira|22:00:00|MS|267.0|BATAGUASSU|Animais na Pista|Atropelamento de Animal|Sem Vítimas|Plena Noite|Céu Claro|1|0|0|0
273701|2020-03-06|sexta-feira|18:00:00|PR|376.0|TIBAGI|Falta de Atenção à Condução|Colisão lateral|Com Vítimas Feridas|Pleno dia|Sol|2|0|1|0
273702|2020-03-06|sexta-feira|22:20:00|MG|381.0|POUSO ALEGRE|Falta de Atenção do Pedestre|Atropelamento de Pedestre|Com Vítimas Feridas|Plena Noite|Céu Claro|2|0|0|1
273703|2020-03-07|sábado|00:00:00|SP|116.0|EMBU DAS ARTES|Falta de Atenção à Condução|Queda de ocupante de veículo|Com Vítimas Feridas|Plena Noite|Céu Claro|1|0|1|0
273704|2020-03-06|sexta-feira|20:45:00|MG|381.0|EXTREMA|Falta de Atenção à Condução|Colisão traseira|Com Vítimas Feridas|Plena Noite|Céu Claro|6|0|0|2
273705|2020-03-07|sábado|00:30:00|PR|163.0|SANTO ANTONIO DO SUDOESTE|Ingestão de álcool e/ou substâncias psicoativas pelo pedestre|Colisão com objeto estático|Com Vítimas Feridas|Plena Noite|Céu Claro|5|0|1|4
273706|2020-03-07|sábado|00:20:00|PR|116.0|CAMPINA GRANDE DO SUL|Falta de Atenção à Condução|Colisão lateral|Com Vítimas Feridas|Plena Noite|Nublado|2|0|1|0
273707|2020-03-06|sexta-feira|00:00:00|GO|60.0|GOIANIA|Desobediência às normas de trânsito pelo condutor|Colisão com objeto estático|Sem Vítimas|Plena Noite|Céu Claro|2|0|0|0