id|data_inversa|dia_semana|horario|uf|br|municipio|causa_acidente|tipo_acidente|classificacao_acidente|fase_dia|condicao_metereologica|pessoas|mortos|feridos_leves|feridos_graves
273880|2020-03-07|sábado|16:50:00|GO|153.0|CAMPINORTE|Velocidade Incompatível|Capotamento|Com Vítimas Feridas|Pleno dia|Chuva|2|0|1|0
273881|2020-03-07|sábado|19:50:00|RN|304.0|MOSSORO|Falta de Atenção do Pedestre|Atropelamento de Pedestre|Com Vítimas Feridas|Plena Noite|Nublado|2|0|1|0
273882|2020-03-07|sábado|19:30:00|MG|381.0|BETIM|Falta de Atenção à Condução|Colisão com objeto estático|Sem Vítimas|Plena Noite|Céu Claro|1|0|0|0
273884|2020-03-07|sábado|19:30:00|PR|376.0|ALTO PARANA|Desobediência às normas de trânsito pelo condutor|Danos eventuais|Com Vítimas Feridas|Plena Noite|Céu Claro|5|0|4|0
273885|2020-03-07|sábado|17:45:00|SC|282.0|ERVAL VELHO|Desobediência às normas de trânsito pelo condutor|Colisão transversal|Com Vítimas Feridas|Anoitecer|Céu Claro|4|0|1|1
273886|2020-03-07|sábado|17:50:00|RJ|116.0|NOVA IGUACU|Falta de Atenção à Condução|Capotamento|Com Vítimas Feridas|Anoitecer|Nublado|2|0|2|0
273887|2020-03-07|sábado|19:35:00|RJ|393.0|VOLTA REDONDA|Velocidade Incompatível|Tombamento|Com Vítimas Feridas|Anoitecer|Céu Claro|1|0|0|1
273888|2020-03-07|sábado|17:40:00|SC|280.0|TRES BARRAS|Falta de Atenção à Condução|Colisão transversal|Com Vítimas Feridas|Pleno dia|Céu Claro|3|0|1|0
273889|2020-03-07|sábado|20:40:00|SP|116.0|TABOAO DA SERRA|Falta de Atenção à Condução|Colisão lateral|Com Vítimas Feridas|Plena Noite|Céu Claro|2|0|1|0
273890|2020-03-07|sábado|20:19:00|GO|40.0|LUZIANIA|Falta de Atenção à Condução|Colisão com objeto estático|Com Vítimas Feridas|Plena Noite|Garoa/Chuvisco|1|0|1|0
273891|2020-03-07|sábado|19:20:00|MT|163.0|SINOP|Ingestão de Álcool|Colisão lateral|Com Vítimas Feridas|Plena Noite|Céu Claro|2|0|0|1
273892|2020-03-07|sábado|20:00:00|PR|476.0|ARAUCARIA|Falta de Atenção à Condução|Colisão traseira|Com Vítimas Feridas|Plena Noite|Ignorado|2|0|1|0
273893|2020-03-07|sábado|20:20:00|RJ|101.0|ITAGUAI|Falta de Atenção do Pedestre|Atropelamento de Pedestre|Com Vítimas Feridas|Plena Noite|Céu Claro|2|0|1|0
273894|2020-03-07|sábado|21:15:00|GO|60.0|JATAI|Velocidade Incompatível|Colisão com objeto estático|Com Vítimas Feridas|Plena Noite|Céu Claro|1|0|0|1
273895|2020-03-07|sábado|19:45:00|MG|251.0|FRANCISCO SA|Desobediência às normas de trânsito pelo condutor|Colisão frontal|Com Vítimas Feridas|Plena Noite|Chuva|4|0|2|0
273896|2020-03-07|sábado|07:40:00|PR|373.0|PRUDENTOPOLIS|Falta de Atenção à Condução|Colisão traseira|Com Vítimas Feridas|Pleno dia|Sol|3|0|1|1
273897|2020-03-07|sábado|21:00:00|MG|40.0|SETE LAGOAS|Animais na Pista|Atropelamento de Animal|Sem Vítimas|Plena Noite|Nublado|2|0|0|0
273899|2020-03-07|sábado|21:10:00|PR|487.0|ARARUNA|Ingestão de Álcool|Colisão lateral|Com Vítimas Feridas|Plena Noite|Céu Claro|3|0|1|0
273900|2020-03-07|sábado|20:30:00|PR|277.0|CASCAVEL|Ingestão de Álcool|Engavetamento|Sem Vítimas|Plena Noite|Nublado|4|0|0|0
273901|2020-03-07|sábado|21:15:00|PR|376.0|NOVA LONDRINA|Desobediência às normas de trânsito pelo condutor|Colisão frontal|Com Vítimas Feridas|Plena Noite|Céu Claro|5|0|5|0
273902|2020-03-07|sábado|20:55:00|RJ|116.0|SEROPEDICA|Falta de Atenção à Condução|Colisão transversal|Com Vítimas Fatais|Plena Noite|Céu Claro|2|1|0|0
273903|2020-03-07|sábado|20:30:00|SC|280.0|RIO NEGRINHO|Falta de Atenção à Condução|Colisão transversal|Com Vítimas Feridas|Plena Noite|Céu Claro|2|0|1|0
273904|2020-03-07|sábado|21:25:00|ES|101.0|LINHARES|Falta de Atenção à Condução|Colisão lateral|Com Vítimas Feridas|Plena Noite|Chuva|2|0|1|0
273905|2020-03-07|sábado|21:55:00|BA|324.0|FEIRA DE SANTANA|Desobediência às normas de trânsito pelo condutor|Colisão transversal|Com Vítimas Feridas|Plena Noite|Céu Claro|3|0|2|0
273906|2020-03-07|sábado|21:25:00|SP|116.0|JUQUITIBA|Falta de Atenção à Condução|Colisão lateral|Com Vítimas Feridas|Plena Noite|Céu Claro|2|0|1|0
273907|2020-03-07|sábado|20:40:00|PB|361.0|PATOS|Falta de Atenção à Condução|Queda de ocupante de veículo|Com Vítimas Feridas|Plena Noite|Céu Claro|1|0|0|1
273908|2020-03-07|sábado|17:45:00|BA|101.0|ITAPEBI|Velocidade Incompatível|Colisão frontal|Com Vítimas Feridas|Anoitecer|Chuva|4|0|1|1
273909|2020-03-07|sábado|21:45:00|PR|153.0|PORTO VITORIA|Ingestão de Substâncias Psicoativas|Colisão frontal|Com Vítimas Feridas|Plena Noite|Chuva|2|0|0|1
273910|2020-03-07|sábado|21:35:00|PI|343.0|FLORIANO|Ultrapassagem Indevida|Colisão lateral|Com Vítimas Feridas|Plena Noite|Céu Claro|5|0|1|0
273911|2020-03-07|sábado|22:15:00|RS|116.0|ESTANCIA VELHA|Desobediência às normas de trânsito pelo condutor|Colisão traseira|Com Vítimas Feridas|Plena Noite|Nublado|4|0|2|0
273912|2020-03-07|sábado|22:55:00|BA|116.0|SERRINHA|Desobediência às normas de trânsito pelo condutor|Colisão transversal|Sem Vítimas|Plena Noite|Céu Claro|3|0|0|0
273913|2020-03-07|sábado|14:40:00|RO|364.0|ARIQUEMES|Defeito na Via|Tombamento|Sem Vítimas|Pleno dia|Céu Claro|2|0|0|0
273915|2020-03-07|sábado|22:30:00|DF|80.0|BRASILIA|Ingestão de Álcool|Colisão com objeto estático|Sem Vítimas|Plena Noite|Nublado|1|0|0|0
273916|2020-03-07|sábado|20:20:00|SC|101.0|PENHA|Falta de Atenção à Condução|Colisão com objeto estático|Com Vítimas Fatais|Plena Noite|Nublado|2|1|0|0
273917|2020-03-07|sábado|22:20:00|PE|116.0|SALGUEIRO|Desobediência às normas de trânsito pelo condutor|Colisão lateral|Com Vítimas Feridas|Plena Noite|Céu Claro|2|0|1|0
273918|2020-03-07|sábado|20:19:00|MT|364.0|JANGADA|Desobediência às normas de trânsito pelo condutor|Atropelamento de Pedestre|Com Vítimas Fatais|Plena Noite|Céu Claro|2|1|1|0
273919|2020-02-08|sábado|16:30:00|MG|381.0|BETIM|Defeito Mecânico no Veículo|Colisão com objeto em movimento|Com Vítimas Feridas|Pleno dia|Céu Claro|6|0|3|0
273920|2020-03-07|sábado|17:20:00|PR|277.0|SAO JOSE DOS PINHAIS|Desobediência às normas de trânsito pelo condutor|Colisão lateral|Com Vítimas Feridas|Pleno dia|Sol|2|0|0|1
273921|2020-03-07|sábado|17:17:00|GO|40.0|LUZIANIA|Desobediência às normas de trânsito pelo condutor|Colisão traseira|Sem Vítimas|Anoitecer|Chuva|2|0|0|0
273922|2020-03-07|sábado|23:20:00|PR|376.0|MANDAGUARI|Ingestão de Álcool|Saída de leito carroçável|Com Vítimas Feridas|Plena Noite|Nublado|1|0|1|0
273923|2020-03-07|sábado|17:50:00|RO|364.0|JI-PARANA|Desobediência às normas de trânsito pelo condutor|Colisão transversal|Com Vítimas Feridas|Anoitecer|Céu Claro|2|0|1|0
273924|2020-03-07|sábado|23:20:00|GO|40.0|LUZIANIA|Desobediência às normas de trânsito pelo condutor|Queda de ocupante de veículo|Com Vítimas Feridas|Plena Noite|Nevoeiro/Neblina|1|0|1|0
273925|2020-03-07|sábado|23:30:00|PR|376.0|SARANDI|Desobediência às normas de trânsito pelo pedestre|Atropelamento de Pedestre|Com Vítimas Feridas|Plena Noite|Céu Claro|2|0|1|1
273926|2020-03-07|sábado|21:45:00|RJ|101.0|CAMPOS DOS GOYTACAZES|Desobediência às normas de trânsito pelo condutor|Colisão transversal|Com Vítimas Feridas|Plena Noite|Ignorado|3|0|0|2
273927|2020-03-07|sábado|14:03:00|PE|104.0|CARUARU|Não guardar distância de segurança|Colisão traseira|Com Vítimas Feridas|Pleno dia|Céu Claro|3|0|2|0
273928|2020-03-07|sábado|14:00:00|PE|104.0|CARUARU|Não guardar distância de segurança|Colisão traseira|Com Vítimas Feridas|Pleno dia|Céu Claro|2|0|1|0
273929|2020-03-07|sábado|23:20:00|SC|101.0|ITAJAI|Falta de Atenção do Pedestre|Atropelamento de Pedestre|Com Vítimas Feridas|Plena Noite|Céu Claro|2|0|1|0
273930|2020-03-07|sábado|21:40:00|SC|470.0|ILHOTA|Sinalização da via insuficiente ou inadequada|Colisão com objeto estático|Com Vítimas Feridas|Plena Noite|Céu Claro|1|0|0|1
273931|2020-03-08|domingo|00:10:00|SP|381.0|BRAGANCA PAULISTA|Falta de Atenção à Condução|Colisão traseira|Sem Vítimas|Plena Noite|Céu Claro|2|0|0|0
273932|2020-03-08|domingo|00:20:00|PB|101.0|ALHANDRA|Velocidade Incompatível|Colisão com objeto estático|Com Vítimas Feridas|Plena Noite|Nublado|4|0|2|2
273933|2020-03-07|sábado|22:30:00|SC|101.0|PAULO LOPES|Falta de Atenção do Pedestre|Atropelamento de Pedestre|Com Vítimas Fatais|Plena Noite|Nublado|3|1|0|0
273934|2020-03-07|sábado|21:40:00|MS|163.0|ITAQUIRAI|Falta de Atenção à Condução|Colisão lateral|Sem Vítimas|Plena Noite|Chuva|3|0|0|0
273935|2020-03-07|sábado|23:55:00|PI|343.0|PARNAIBA|Desobediência às normas de trânsito pelo condutor|Colisão transversal|Com Vítimas Feridas|Plena Noite|Céu Claro|4|0|0|1
273936|2020-03-07|sábado|22:25:00|RJ|101.0|SAO GONCALO|Falta de Atenção à Condução|Colisão com objeto estático|Sem Vítimas|Plena Noite|Céu Claro|1|0|0|0
273937|2020-03-08|domingo|01:10:00|PE|101.0|RECIFE|Não guardar distância de segurança|Colisão traseira|Sem Vítimas|Plena Noite|Nublado|3|0|0|0
273938|2020-03-08|domingo|01:00:00|MG|364.0|FRUTAL|Falta de Atenção à Condução|Colisão transversal|Com Vítimas Feridas|Plena Noite|Céu Claro|2|0|0|1
273939|2020-03-08|domingo|00:30:00|PR|373.0|PONTA GROSSA|Condutor Dormindo|Saída de leito carroçável|Com Vítimas Feridas|Plena Noite|Céu Claro|1|0|1|0
273940|2020-03-07|sábado|22:54:00|MG|262.0|ARAXA|Desobediência às normas de trânsito pelo condutor|Colisão frontal|Com Vítimas Fatais|Plena Noite|Chuva|2|1|0|0
273941|2020-03-08|domingo|00:10:00|PR|369.0|JANDAIA DO SUL|Ingestão de Álcool|Saída de leito carroçável|Sem Vítimas|Plena Noite|Céu Claro|1|0|0|0
273942|2020-03-08|domingo|01:10:00|RJ|116.0|NOVA IGUACU|Falta de Atenção à Condução|Colisão traseira|Com Vítimas Feridas|Plena Noite|Céu Claro|2|0|1|0
273944|2020-03-07|sábado|23:15:00|RJ|101.0|ITABORAI|Falta de Atenção à Condução|Queda de ocupante de veículo|Com Vítimas Feridas|Plena Noite|Céu Claro|2|0|2|0
273945|2020-03-07|sábado|08:00:00|RS|116.0|VACARIA|Velocidade Incompatível|Tombamento|Com Vítimas Feridas|Pleno dia|Céu Claro|1|0|1|0
273946|2020-03-08|domingo|01:40:00|SE|235.0|NOSSA SENHORA DO SOCORRO|Ingestão de Álcool|Saída de leito carroçável|Com Vítimas Feridas|Plena Noite|Céu Claro|1|0|0|1
273947|2020-03-07|sábado|19:35:00|SC|116.0|SANTA CECILIA|Ingestão de Álcool|Colisão frontal|Com Vítimas Feridas|Plena Noite|Nublado|2|0|1|0
273948|2020-03-08|domingo|01:05:00|SC|280.0|GUARAMIRIM|Falta de Atenção à Condução|Colisão transversal|Com Vítimas Feridas|Plena Noite|Nublado|2|0|1|0
273949|2020-03-07|sábado|23:30:00|SC|470.0|POUSO REDONDO|Ingestão de Álcool|Colisão lateral|Sem Vítimas|Plena Noite|Nublado|2|0|0|0
273951|2020-03-08|domingo|00:30:00|SC|470.0|RIO DO SUL|Velocidade Incompatível|Colisão com objeto estático|Com Vítimas Feridas|Plena Noite|Nublado|2|0|2|0
273952|2020-03-08|domingo|00:01:00|PR|277.0|PALMEIRA|Desobediência às normas de trânsito pelo condutor|Colisão traseira|Com Vítimas Feridas|Plena Noite|Céu Claro|2|0|1|0
273954|2020-03-08|domingo|02:50:00|BA|101.0|TEIXEIRA DE FREITAS|Falta de Atenção à Condução|Colisão lateral|Sem Vítimas|Plena Noite|Chuva|3|0|0|0
273955|2020-03-08|domingo|02:13:00|PR|153.0|SANTO ANTONIO DA PLATINA|Falta de Atenção à Condução|Tombamento|Com Vítimas Feridas|Plena Noite|Céu Claro|1|0|0|1
273956|2020-03-07|sábado|19:36:00|RR|401.0|BONFIM|Ingestão de Álcool|Colisão frontal|Com Vítimas Feridas|Plena Noite|Céu Claro|2|0|0|1
273957|2020-03-08|domingo|01:00:00|MS|267.0|BATAGUASSU|Velocidade Incompatível|Colisão com objeto estático|Com Vítimas Feridas|Plena Noite|Céu Claro|2|0|0|1
273958|2020-03-08|domingo|03:30:00|DF|20.0|BRASILIA|Desobediência às normas de trânsito pelo condutor|Capotamento|Sem Vítimas|Plena Noite|Nublado|1|0|0|0
273959|2020-03-08|domingo|03:40:00|PR|376.0|PONTA GROSSA|Ingestão de Álcool|Saída de leito carroçável|Com Vítimas Feridas|Plena Noite|Céu Claro|4|0|0|1
273960|2020-03-08|domingo|04:00:00|SC|101.0|BALNEARIO CAMBORIU|Falta de Atenção à Condução|Colisão traseira|Com Vítimas Feridas|Plena Noite|Chuva|3|0|1|0
273961|2020-03-08|domingo|02:00:00|AL|424.0|MARECHAL DEODORO|Falta de Atenção à Condução|Tombamento|Sem Vítimas|Plena Noite|Céu Claro|1|0|0|0
273962|2020-03-08|domingo|01:00:00|MS|163.0|ELDORADO|Ingestão de Álcool|Colisão com objeto em movimento|Com Vítimas Feridas|Plena Noite|Céu Claro|2|0|1|0
273963|2020-03-08|domingo|04:10:00|RS|158.0|PEJUCARA|Defeito Mecânico no Veículo|Incêndio|Sem Vítimas|Plena Noite|Céu Claro|2|0|0|0
273964|2020-03-08|domingo|01:10:00|SC|470.0|BLUMENAU|Ingestão de Álcool|Colisão frontal|Com Vítimas Fatais|Plena Noite|Céu Claro|4|1|2|0
273965|2020-03-08|domingo|02:45:00|SC|470.0|INDAIAL|Ingestão de Álcool|Colisão frontal|Com Vítimas Feridas|Plena Noite|Céu Claro|4|0|0|3
273966|2020-03-08|domingo|04:00:00|RS|392.0|CANGUCU|Falta de Atenção do Pedestre|Atropelamento de Pedestre|Com Vítimas Fatais|Plena Noite|Céu Claro|2|1|0|0
273967|2020-03-08|domingo|04:15:00|RS|116.0|PELOTAS|Falta de Atenção à Condução|Colisão com objeto estático|Com Vítimas Feridas|Plena Noite|Céu Claro|1|0|1|0
273968|2020-03-07|sábado|16:40:00|BA|101.0|EUNAPOLIS|Pista Escorregadia|Colisão com objeto estático|Com Vítimas Feridas|Plena Noite|Céu Claro|2|0|2|0
273969|2020-03-08|domingo|01:30:00|BA|324.0|SAO SEBASTIAO DO PASSE|Ingestão de Álcool|Colisão lateral|Sem Vítimas|Plena Noite|Céu Claro|2|0|0|0
273970|2020-03-08|domingo|04:00:00|BA|324.0|SAO SEBASTIAO DO PASSE|Falta de Atenção à Condução|Tombamento|Com Vítimas Feridas|Plena Noite|Céu Claro|1|0|1|0
273971|2020-03-08|domingo|04:25:00|MG|459.0|POUSO ALEGRE|Condutor Dormindo|Colisão com objeto estático|Com Vítimas Feridas|Plena Noite|Céu Claro|2|0|1|0
273972|2020-03-07|sábado|22:00:00|DF|20.0|BRASILIA|Velocidade Incompatível|Saída de leito carroçável|Sem Vítimas|Plena Noite|Chuva|1|0|0|0
273973|2020-03-08|domingo|03:45:00|MA|10.0|IMPERATRIZ|Ingestão de Substâncias Psicoativas|Colisão transversal|Sem Vítimas|Plena Noite|Chuva|2|0|0|0
273974|2020-03-08|domingo|05:35:00|GO|60.0|GUAPO|Defeito na Via|Saída de leito carroçável|Com Vítimas Feridas|Plena Noite|Céu Claro|1|0|1|0
273975|2020-03-08|domingo|06:00:00|GO|414.0|ANAPOLIS|Falta de Atenção à Condução|Tombamento|Com Vítimas Feridas|Amanhecer|Céu Claro|1|0|0|1
273976|2020-03-08|domingo|05:00:00|RS|285.0|BOM JESUS|Condutor Dormindo|Saída de leito carroçável|Com Vítimas Feridas|Amanhecer|Céu Claro|1|0|1|0
273977|2020-03-08|domingo|05:40:00|MG|381.0|TIMOTEO|Ingestão de Álcool|Colisão traseira|Com Vítimas Feridas|Amanhecer|Nublado|4|0|1|0
273978|2020-03-08|domingo|05:15:00|PI|230.0|FLORIANO|Velocidade Incompatível|Colisão com objeto estático|Com Vítimas Feridas|Amanhecer|Céu Claro|1|0|1|0
273979|2020-03-08|domingo|05:27:00|RS|290.0|ELDORADO DO SUL|Condutor Dormindo|Colisão frontal|Com Vítimas Feridas|Amanhecer|Céu Claro|4|0|4|0
273980|2020-03-07|sábado|20:30:00|RO|364.0|PORTO VELHO|Não guardar distância de segurança|Colisão traseira|Com Vítimas Feridas|Plena Noite|Chuva|6|0|2|0
273981|2020-03-08|domingo|00:15:00|PR|116.0|SAO JOSE DOS PINHAIS|Não guardar distância de segurança|Colisão traseira|Sem Vítimas|Plena Noite|Céu Claro|3|0|0|0
273983|2020-03-08|domingo|04:40:00|PR|476.0|CURITIBA|Velocidade Incompatível|Colisão com objeto estático|Sem Vítimas|Plena Noite|Céu Claro|1|0|0|0
273984|2020-03-08|domingo|06:20:00|SC|101.0|ITAJAI|Velocidade Incompatível|Colisão com objeto estático|Com Vítimas Feridas|Amanhecer|Céu Claro|2|0|1|1
273985|2020-03-08|domingo|06:45:00|RS|290.0|ELDORADO DO SUL|Condutor Dormindo|Saída de leito carroçável|Com Vítimas Feridas|Pleno dia|Céu Claro|1|0|1|0
273986|2020-03-08|domingo|04:50:00|SE|101.0|ROSARIO DO CATETE|Ingestão de Álcool|Colisão lateral|Com Vítimas Feridas|Amanhecer|Céu Claro|2|0|1|0
273987|2020-03-08|domingo|06:25:00|SP|116.0|ARUJA|Falta de Atenção à Condução|Colisão com objeto estático|Com Vítimas Feridas|Pleno dia|Céu Claro|5|0|3|0
273989|2020-03-08|domingo|06:45:00|PR|476.0|ARAUCARIA|Falta de Atenção à Condução|Capotamento|Sem Vítimas|Pleno dia|Ignorado|1|0|0|0
273990|2020-03-08|domingo|05:20:00|MT|174.0|CACERES|Restrição de Visibilidade|Saída de leito carroçável|Com Vítimas Feridas|Plena Noite|Céu Claro|2|0|1|1
273991|2020-03-08|domingo|06:56:00|BA|324.0|SIMOES FILHO|Desobediência às normas de trânsito pelo pedestre|Atropelamento de Pedestre|Com Vítimas Feridas|Pleno dia|Céu Claro|2|0|0|1
273992|2020-03-08|domingo|06:45:00|PR|369.0|CORBELIA|Ingestão de álcool e/ou substâncias psicoativas pelo pedestre|Saída de leito carroçável|Com Vítimas Feridas|Pleno dia|Céu Claro|1|0|1|0
273994|2020-03-08|domingo|05:00:00|MG|116.0|SANTA RITA DE MINAS|Ingestão de Álcool|Colisão com objeto estático|Com Vítimas Feridas|Amanhecer|Nublado|1|0|1|0
273995|2020-03-07|sábado|22:30:00|MG|365.0|MONTE CARMELO|Velocidade Incompatível|Colisão transversal|Com Vítimas Feridas|Plena Noite|Céu Claro|3|0|0|2
273996|2020-03-08|domingo|04:50:00|RJ|101.0|PARATY|Animais na Pista|Atropelamento de Animal|Sem Vítimas|Plena Noite|Nublado|2|0|0|0
273997|2020-03-08|domingo|05:45:00|GO|153.0|GOIATUBA|Condutor Dormindo|Saída de leito carroçável|Com Vítimas Feridas|Plena Noite|Céu Claro|1|0|1|0
273998|2020-03-07|sábado|08:15:00|RO|364.0|ARIQUEMES|Desobediência às normas de trânsito pelo condutor|Colisão transversal|Com Vítimas Feridas|Pleno dia|Céu Claro|4|0|1|0
273999|2020-03-08|domingo|01:30:00|MG|50.0|UBERABA|Animais na Pista|Atropelamento de Animal|Com Vítimas Feridas|Plena Noite|Céu Claro|2|0|2|0
274000|2020-03-07|sábado|14:00:00|PR|153.0|VENTANIA|Velocidade Incompatível|Tombamento|Com Vítimas Feridas|Pleno dia|Céu Claro|2|0|2|0
274001|2020-03-07|sábado|23:40:00|BA|101.0|TEOLANDIA|Velocidade Incompatível|Tombamento|Com Vítimas Feridas|Plena Noite|Chuva|1|0|1|0
274002|2020-03-08|domingo|07:45:00|SC|470.0|BLUMENAU|Desobediência às normas de trânsito pelo condutor|Colisão frontal|Com Vítimas Feridas|Pleno dia|Céu Claro|2|0|1|0
274003|2020-03-08|domingo|06:00:00|RO|435.0|COLORADO DO OESTE|Ingestão de Álcool|Saída de leito carroçável|Com Vítimas Feridas|Amanhecer|Céu Claro|2|0|1|1
274004|2020-03-08|domingo|05:00:00|PA|230.0|MARABA|Falta de Atenção à Condução|Colisão traseira|Sem Vítimas|Amanhecer|Céu Claro|2|0|0|0
274005|2020-03-08|domingo|03:00:00|MS|163.0|SONORA|Falta de Atenção à Condução|Saída de leito carroçável|Sem Vítimas|Plena Noite|Céu Claro|1|0|0|0
274006|2020-03-08|domingo|07:45:00|BA|324.0|SAO SEBASTIAO DO PASSE|Desobediência às normas de trânsito pelo pedestre|Atropelamento de Pedestre|Com Vítimas Feridas|Pleno dia|Nublado|5|0|1|1
274007|2020-03-08|domingo|06:10:00|RS|153.0|CACHOEIRA DO SUL|Ingestão de Álcool|Colisão frontal|Com Vítimas Feridas|Pleno dia|Céu Claro|3|0|1|0
274008|2020-03-08|domingo|07:45:00|MG|381.0|EXTREMA|Velocidade Incompatível|Queda de ocupante de veículo|Com Vítimas Feridas|Pleno dia|Céu Claro|1|0|1|0
274009|2020-03-08|domingo|08:10:00|PR|369.0|ARAPONGAS|Não guardar distância de segurança|Colisão traseira|Com Vítimas Feridas|Pleno dia|Céu Claro|3|0|1|0
274010|2020-03-08|domingo|07:10:00|BA|110.0|INHAMBUPE|Ingestão de Álcool|Capotamento|Com Vítimas Feridas|Pleno dia|Céu Claro|1|0|1|0
274011|2020-03-08|domingo|08:45:00|PE|101.0|PAULISTA|Falta de Atenção à Condução|Colisão lateral|Com Vítimas Feridas|Pleno dia|Sol|2|0|1|0
274012|2020-03-08|domingo|08:40:00|PE|232.0|SALGUEIRO|Falta de Atenção à Condução|Colisão com objeto estático|Sem Vítimas|Pleno dia|Céu Claro|1|0|0|0
274013|2020-03-08|domingo|08:00:00|GO|158.0|JATAI|Falta de Atenção à Condução|Colisão com objeto estático|Sem Vítimas|Pleno dia|Céu Claro|2|0|0|0
274014|2020-03-08|domingo|05:40:00|AP|210.0|MACAPA|Desobediência às normas de trânsito pelo condutor|Colisão lateral|Sem Vítimas|Amanhecer|Garoa/Chuvisco|2|0|0|0
274015|2020-03-08|domingo|06:20:00|RO|364.0|PORTO VELHO|Desobediência às normas de trânsito pelo condutor|Colisão transversal|Com Vítimas Feridas|Pleno dia|Nublado|2|0|0|1
274016|2020-03-08|domingo|08:00:00|PR|277.0|GUARANIACU|Falta de Atenção à Condução|Queda de ocupante de veículo|Com Vítimas Feridas|Pleno dia|Céu Claro|1|0|1|0
274017|2020-03-08|domingo|06:00:00|SC|158.0|CUNHA PORA|Velocidade Incompatível|Saída de leito carroçável|Com Vítimas Feridas|Amanhecer|Céu Claro|2|0|1|1
274018|2020-03-08|domingo|09:40:00|SP|101.0|UBATUBA|Falta de Atenção à Condução|Colisão transversal|Com Vítimas Feridas|Pleno dia|Céu Claro|6|0|1|0
274019|2020-03-08|domingo|09:40:00|MG|381.0|BRUMADINHO|Velocidade Incompatível|Saída de leito carroçável|Com Vítimas Feridas|Pleno dia|Nublado|1|0|1|0
274020|2020-03-08|domingo|08:00:00|RJ|101.0|MANGARATIBA|Falta de Atenção à Condução|Colisão frontal|Com Vítimas Feridas|Pleno dia|Céu Claro|3|0|0|2
274021|2020-03-08|domingo|10:00:00|MG|459.0|SENADOR JOSE BENTO|Falta de Atenção à Condução|Colisão lateral|Com Vítimas Feridas|Pleno dia|Céu Claro|2|0|1|0
274022|2020-03-08|domingo|08:50:00|MT|163.0|SORRISO|Desobediência às normas de trânsito pelo condutor|Colisão lateral|Com Vítimas Feridas|Pleno dia|Céu Claro|7|0|5|1
274024|2020-03-08|domingo|09:50:00|SE|235.0|AREIA BRANCA|Falta de Atenção à Condução|Colisão lateral|Com Vítimas Feridas|Pleno dia|Sol|2|0|0|1
274025|2020-03-08|domingo|10:15:00|SC|101.0|ARARANGUA|Falta de Atenção à Condução|Colisão com objeto estático|Com Vítimas Feridas|Pleno dia|Céu Claro|2|0|2|0
274026|2020-03-08|domingo|10:00:00|RS|472.0|ITAQUI|Desobediência às normas de trânsito pelo condutor|Colisão lateral|Sem Vítimas|Pleno dia|Céu Claro|2|0|0|0
274027|2020-03-08|domingo|10:40:00|MG|40.0|ITABIRITO|Avarias e/ou desgaste excessivo no pneu|Colisão frontal|Com Vítimas Feridas|Pleno dia|Nublado|8|0|4|2
274028|2020-03-08|domingo|10:05:00|SC|101.0|PORTO BELO|Falta de Atenção à Condução|Colisão com objeto estático|Com Vítimas Feridas|Pleno dia|Céu Claro|1|0|1|0
274029|2020-03-08|domingo|10:30:00|MG|381.0|JOAO MONLEVADE|Desobediência às normas de trânsito pelo condutor|Colisão transversal|Com Vítimas Feridas|Pleno dia|Nublado|4|0|1|1
274030|2020-01-16|quinta-feira|02:30:00|RN|226.0|CURRAIS NOVOS|Falta de Atenção à Condução|Saída de leito carroçável|Com Vítimas Fatais|Plena Noite|Céu Claro|3|1|0|1
274031|2020-03-08|domingo|10:50:00|MS|60.0|JARDIM|Falta de Atenção à Condução|Colisão transversal|Com Vítimas Feridas|Pleno dia|Céu Claro|3|0|1|0
274032|2020-03-08|domingo|11:30:00|PR|277.0|PALMEIRA|Velocidade Incompatível|Capotamento|Com Vítimas Feridas|Pleno dia|Nublado|5|0|2|1
274033|2020-03-08|domingo|10:30:00|MG|381.0|BRUMADINHO|Falta de Atenção à Condução|Queda de ocupante de veículo|Com Vítimas Feridas|Pleno dia|Céu Claro|3|0|1|1
274034|2020-03-05|quinta-feira|06:20:00|SC|280.0|MAFRA|Defeito Mecânico no Veículo|Derramamento de carga|Sem Vítimas|Amanhecer|Céu Claro|1|0|0|0
274035|2020-03-08|domingo|11:20:00|GO|50.0|CATALAO|Velocidade Incompatível|Colisão com objeto estático|Com Vítimas Feridas|Pleno dia|Céu Claro|2|0|1|1
274036|2020-03-08|domingo|12:05:00|RJ|356.0|CAMPOS DOS GOYTACAZES|Ingestão de Álcool|Saída de leito carroçável|Com Vítimas Feridas|Pleno dia|Nublado|1|0|0|1
274038|2020-03-08|domingo|12:20:00|MG|40.0|RIBEIRAO DAS NEVES|Falta de Atenção à Condução|Colisão traseira|Com Vítimas Feridas|Pleno dia|Sol|3|0|1|0
274039|2020-03-08|domingo|12:30:00|MG|381.0|BETIM|Velocidade Incompatível|Colisão com objeto estático|Com Vítimas Feridas|Pleno dia|Céu Claro|3|0|1|2