id|data_inversa|dia_semana|horario|uf|br|municipio|causa_acidente|tipo_acidente|classificacao_acidente|fase_dia|condicao_metereologica|pessoas|mortos|feridos_leves|feridos_graves
274206|2020-03-09|segunda-feira|03:50:00|SC|470.0|SAO CRISTOVAO DO SUL|Condutor Dormindo|Saída de leito carroçável|Com Vítimas Feridas|Plena Noite|Céu Claro|2|0|1|0
274207|2020-03-09|segunda-feira|04:20:00|SC|101.0|PESCARIA BRAVA|Falta de Atenção à Condução|Saída de leito carroçável|Com Vítimas Feridas|Amanhecer|Céu Claro|1|0|1|0
274208|2020-03-09|segunda-feira|02:00:00|RS|386.0|FREDERICO WESTPHALEN|Condutor Dormindo|Saída de leito carroçável|Com Vítimas Feridas|Plena Noite|Céu Claro|1|0|1|0
274209|2020-03-09|segunda-feira|06:20:00|PR|116.0|FAZENDA RIO GRANDE|Desobediência às normas de trânsito pelo condutor|Colisão lateral|Com Vítimas Feridas|Amanhecer|Céu Claro|2|0|1|0
274210|2020-03-09|segunda-feira|05:20:00|MG|381.0|BOM JESUS DO AMPARO|Sinalização da via insuficiente ou inadequada|Colisão frontal|Com Vítimas Feridas|Amanhecer|Céu Claro|2|0|0|1
274211|2020-02-22|sábado|04:45:00|SC|158.0|CAIBI|Condutor Dormindo|Colisão frontal|Com Vítimas Feridas|Plena Noite|Céu Claro|7|0|1|3
274212|2020-03-09|segunda-feira|06:45:00|SC|470.0|NAVEGANTES|Falta de Atenção à Condução|Colisão transversal|Com Vítimas Feridas|Pleno dia|Céu Claro|2|0|0|1
274213|2020-03-09|segunda-feira|05:45:00|SC|280.0|GUARAMIRIM|Falta de Atenção à Condução|Tombamento|Com Vítimas Feridas|Amanhecer|Céu Claro|1|0|1|0
274214|2020-03-09|segunda-feira|06:30:00|MG|40.0|CONTAGEM|Não guardar distância de segurança|Colisão traseira|Com Vítimas Feridas|Pleno dia|Céu Claro|3|0|1|1
274215|2020-03-09|segunda-feira|06:50:00|SP|116.0|GUARULHOS|Falta de Atenção à Condução|Colisão traseira|Com Vítimas Feridas|Pleno dia|Céu Claro|2|0|1|0
274216|2020-03-08|domingo|22:00:00|RR|174.0|RORAINOPOLIS|Animais na Pista|Atropelamento de Animal|Com Vítimas Feridas|Plena Noite|Céu Claro|3|0|3|0
274217|2020-03-09|segunda-feira|05:50:00|SC|280.0|GUARAMIRIM|Falta de Atenção à Condução|Colisão transversal|Com Vítimas Feridas|Amanhecer|Céu Claro|2|0|0|1
274218|2020-03-09|segunda-feira|06:49:00|GO|60.0|RIO VERDE|Falta de Atenção à Condução|Colisão transversal|Com Vítimas Feridas|Pleno dia|Céu Claro|3|0|2|0
274219|2020-03-09|segunda-feira|05:50:00|SC|282.0|PONTE SERRADA|Defeito Mecânico no Veículo|Colisão com objeto estático|Com Vítimas Fatais|Amanhecer|Céu Claro|2|1|1|0
274220|2020-03-09|segunda-feira|05:40:00|SE|101.0|CAPELA|Defeito Mecânico no Veículo|Incêndio|Sem Vítimas|Amanhecer|Céu Claro|1|0|0|0
274222|2020-03-09|segunda-feira|07:20:00|MG|365.0|UBERLANDIA|Velocidade Incompatível|Colisão traseira|Com Vítimas Feridas|Pleno dia|Céu Claro|2|0|1|0
274223|2020-03-09|segunda-feira|07:00:00|GO|40.0|LUZIANIA|Desobediência às normas de trânsito pelo condutor|Tombamento|Com Vítimas Feridas|Pleno dia|Céu Claro|1|0|1|0
274224|2020-03-09|segunda-feira|05:50:00|SP|116.0|SANTA ISABEL|Ingestão de Álcool|Saída de leito carroçável|Sem Vítimas|Pleno dia|Céu Claro|1|0|0|0
274225|2020-03-09|segunda-feira|07:15:00|PB|230.0|CONDADO|Agressão Externa|Colisão com objeto estático|Com Vítimas Feridas|Pleno dia|Céu Claro|3|0|2|0
274226|2020-03-09|segunda-feira|06:50:00|SP|116.0|SAO PAULO|Falta de Atenção à Condução|Queda de ocupante de veículo|Com Vítimas Feridas|Amanhecer|Céu Claro|2|0|2|0
274229|2020-03-09|segunda-feira|07:30:00|PB|101.0|MAMANGUAPE|Velocidade Incompatível|Saída de leito carroçável|Com Vítimas Feridas|Pleno dia|Céu Claro|4|0|4|0
274230|2020-03-09|segunda-feira|07:32:00|PB|230.0|JOAO PESSOA|Falta de Atenção à Condução|Colisão traseira|Com Vítimas Feridas|Pleno dia|Sol|2|0|1|0
274231|2020-03-09|segunda-feira|07:30:00|PR|277.0|SAO JOSE DOS PINHAIS|Não guardar distância de segurança|Colisão traseira|Sem Vítimas|Pleno dia|Sol|2|0|0|0
274232|2020-03-09|segunda-feira|07:30:00|RS|116.0|CANOAS|Falta de Atenção à Condução|Colisão traseira|Com Vítimas Feridas|Pleno dia|Céu Claro|2|0|1|0
274233|2020-03-09|segunda-feira|00:30:00|SC|101.0|JOINVILLE|Velocidade Incompatível|Colisão com objeto estático|Sem Vítimas|Plena Noite|Céu Claro|3|0|0|0
274234|2020-03-09|segunda-feira|07:46:00|GO|50.0|CATALAO|Desobediência às normas de trânsito pelo condutor|Colisão transversal|Com Vítimas Feridas|Pleno dia|Céu Claro|3|0|1|1
274235|2020-03-08|domingo|17:45:00|PR|476.0|LAPA|Falta de Atenção à Condução|Tombamento|Com Vítimas Feridas|Anoitecer|Céu Claro|1|0|1|0
274236|2020-03-09|segunda-feira|08:00:00|PE|101.0|CABO DE SANTO AGOSTINHO|Defeito Mecânico no Veículo|Colisão frontal|Com Vítimas Feridas|Pleno dia|Céu Claro|3|0|1|1
274237|2020-03-09|segunda-feira|08:10:00|CE|116.0|FORTALEZA|Não guardar distância de segurança|Engavetamento|Com Vítimas Feridas|Pleno dia|Chuva|3|0|1|0
274238|2020-03-09|segunda-feira|07:10:00|BA|101.0|ALAGOINHAS|Defeito na Via|Colisão lateral|Com Vítimas Feridas|Pleno dia|Nublado|2|0|1|0
274239|2020-03-09|segunda-feira|08:15:00|PE|232.0|RECIFE|Falta de Atenção à Condução|Colisão lateral|Com Vítimas Feridas|Pleno dia|Sol|2|0|1|0
274240|2020-03-09|segunda-feira|07:50:00|CE|116.0|RUSSAS|Defeito na Via|Colisão lateral|Com Vítimas Feridas|Pleno dia|Céu Claro|3|0|0|1
274242|2020-03-09|segunda-feira|08:20:00|SC|280.0|PORTO UNIAO|Velocidade Incompatível|Colisão traseira|Com Vítimas Feridas|Pleno dia|Céu Claro|2|0|1|0
274243|2020-03-09|segunda-feira|08:30:00|PR|153.0|IRATI|Desobediência às normas de trânsito pelo condutor|Colisão lateral|Com Vítimas Feridas|Pleno dia|Sol|2|0|1|0
274244|2020-03-09|segunda-feira|07:50:00|MG|365.0|UBERLANDIA|Falta de Atenção à Condução|Engavetamento|Com Vítimas Feridas|Pleno dia|Céu Claro|4|0|1|0
274245|2020-03-09|segunda-feira|08:50:00|RS|290.0|PORTO ALEGRE|Falta de Atenção à Condução|Colisão traseira|Com Vítimas Feridas|Pleno dia|Céu Claro|5|0|2|0
274246|2020-03-09|segunda-feira|08:35:00|SC|101.0|JOINVILLE|Mal Súbito|Tombamento|Com Vítimas Feridas|Pleno dia|Céu Claro|1|0|1|0
274248|2020-03-09|segunda-feira|09:00:00|PB|230.0|CABEDELO|Falta de Atenção à Condução|Colisão traseira|Com Vítimas Feridas|Pleno dia|Céu Claro|2|0|1|0
274249|2020-03-09|segunda-feira|08:00:00|RS|386.0|POUSO NOVO|Não guardar distância de segurança|Engavetamento|Com Vítimas Feridas|Pleno dia|Céu Claro|7|0|1|0
274250|2020-03-09|segunda-feira|09:00:00|PR|376.0|TIBAGI|Defeito na Via|Saída de leito carroçável|Com Vítimas Feridas|Pleno dia|Céu Claro|2|0|2|0
274251|2020-03-09|segunda-feira|05:15:00|RR|432.0|CANTA|Condutor Dormindo|Colisão frontal|Com Vítimas Fatais|Amanhecer|Céu Claro|5|2|3|0
274252|2020-03-09|segunda-feira|09:00:00|CE|116.0|FORTALEZA|Desobediência às normas de trânsito pelo condutor|Colisão lateral|Com Vítimas Feridas|Pleno dia|Céu Claro|2|0|1|0
274253|2020-03-09|segunda-feira|08:40:00|PR|277.0|BALSA NOVA|Defeito Mecânico no Veículo|Queda de ocupante de veículo|Com Vítimas Feridas|Pleno dia|Céu Claro|2|0|2|0
274254|2020-03-09|segunda-feira|07:40:00|BA|407.0|JUAZEIRO|Falta de Atenção à Condução|Engavetamento|Sem Vítimas|Pleno dia|Sol|4|0|0|0
274255|2020-03-08|domingo|14:20:00|MG|381.0|PERDOES|Velocidade Incompatível|Saída de leito carroçável|Com Vítimas Feridas|Pleno dia|Chuva|2|0|1|0
274256|2020-03-08|domingo|13:50:00|MG|381.0|PERDOES|Restrição de Visibilidade|Saída de leito carroçável|Com Vítimas Feridas|Pleno dia|Chuva|1|0|1|0
274257|2020-03-09|segunda-feira|09:10:00|RJ|101.0|ITABORAI|Defeito Mecânico no Veículo|Colisão com objeto em movimento|Sem Vítimas|Pleno dia|Céu Claro|2|0|0|0
274258|2020-03-09|segunda-feira|09:25:00|CE|116.0|AQUIRAZ|Desobediência às normas de trânsito pelo condutor|Colisão transversal|Com Vítimas Feridas|Pleno dia|Céu Claro|2|0|1|0
274259|2020-03-09|segunda-feira|08:00:00|PE|232.0|JABOATAO DOS GUARARAPES|Falta de Atenção à Condução|Saída de leito carroçável|Com Vítimas Feridas|Pleno dia|Sol|2|0|1|0
274260|2020-03-09|segunda-feira|02:00:00|GO|153.0|CAMPINORTE|Defeito na Via|Saída de leito carroçável|Com Vítimas Feridas|Plena Noite|Céu Claro|1|0|1|0
274261|2020-03-09|segunda-feira|09:25:00|PI|316.0|PICOS|Defeito Mecânico no Veículo|Colisão traseira|Com Vítimas Feridas|Pleno dia|Sol|3|0|1|1
274262|2020-03-09|segunda-feira|09:25:00|BA|324.0|SIMOES FILHO|Não guardar distância de segurança|Colisão lateral|Com Vítimas Feridas|Pleno dia|Céu Claro|3|0|1|0
274263|2020-03-09|segunda-feira|08:18:00|MT|70.0|VARZEA GRANDE|Falta de Atenção à Condução|Colisão transversal|Com Vítimas Feridas|Pleno dia|Sol|2|0|1|0
274264|2020-03-08|domingo|19:00:00|PI|343.0|COCAL|Ingestão de Álcool|Tombamento|Com Vítimas Feridas|Plena Noite|Chuva|1|0|1|0
274265|2020-03-09|segunda-feira|08:00:00|PA|10.0|IRITUIA|Falta de Atenção do Pedestre|Atropelamento de Pedestre|Com Vítimas Fatais|Pleno dia|Céu Claro|2|1|0|0
274267|2020-03-09|segunda-feira|08:20:00|PR|376.0|MAUA DA SERRA|Desobediência às normas de trânsito pelo condutor|Saída de leito carroçável|Com Vítimas Feridas|Pleno dia|Céu Claro|2|0|1|0
274268|2020-03-09|segunda-feira|10:40:00|SP|153.0|MARILIA|Desobediência às normas de trânsito pelo condutor|Colisão frontal|Com Vítimas Feridas|Pleno dia|Sol|3|0|1|1
274269|2020-03-09|segunda-feira|10:20:00|SC|101.0|ARARANGUA|Falta de Atenção à Condução|Colisão lateral|Sem Vítimas|Pleno dia|Sol|2|0|0|0
274270|2020-03-09|segunda-feira|07:00:00|MG|262.0|JUATUBA|Velocidade Incompatível|Tombamento|Sem Vítimas|Pleno dia|Sol|1|0|0|0
274271|2020-03-09|segunda-feira|10:40:00|BA|324.0|SIMOES FILHO|Falta de Atenção à Condução|Atropelamento de Pedestre|Com Vítimas Feridas|Pleno dia|Céu Claro|2|0|0|1
274272|2020-03-09|segunda-feira|10:00:00|RJ|101.0|SAO GONCALO|Falta de Atenção à Condução|Saída de leito carroçável|Com Vítimas Fatais|Pleno dia|Céu Claro|1|1|0|0
274273|2020-03-09|segunda-feira|10:32:00|AL|104.0|RIO LARGO|Desobediência às normas de trânsito pelo condutor|Colisão transversal|Com Vítimas Feridas|Pleno dia|Céu Claro|2|0|1|0
274274|2020-03-09|segunda-feira|10:30:00|MG|381.0|BETIM|Não guardar distância de segurança|Colisão traseira|Com Vítimas Feridas|Pleno dia|Sol|4|0|2|0
274275|2020-03-09|segunda-feira|09:50:00|CE|222.0|FORTALEZA|Defeito na Via|Tombamento|Com Vítimas Fatais|Pleno dia|Nublado|2|1|0|0
274276|2020-03-09|segunda-feira|11:20:00|RJ|101.0|ITABORAI|Falta de Atenção à Condução|Saída de leito carroçável|Com Vítimas Feridas|Pleno dia|Sol|1|0|1|0
274277|2020-03-09|segunda-feira|09:30:00|MA|10.0|IMPERATRIZ|Não guardar distância de segurança|Colisão traseira|Sem Vítimas|Pleno dia|Nublado|2|0|0|0
274278|2020-03-09|segunda-feira|11:00:00|PE|104.0|CARUARU|Falta de Atenção à Condução|Colisão traseira|Com Vítimas Feridas|Pleno dia|Sol|2|0|1|0
274279|2020-03-09|segunda-feira|11:25:00|MG|116.0|GOVERNADOR VALADARES|Falta de Atenção à Condução|Colisão transversal|Com Vítimas Feridas|Pleno dia|Céu Claro|2|0|2|0
274280|2020-03-09|segunda-feira|09:50:00|CE|20.0|CAUCAIA|Defeito Mecânico no Veículo|Incêndio|Sem Vítimas|Pleno dia|Nublado|1|0|0|0
274283|2020-03-09|segunda-feira|12:40:00|SP|116.0|GUARULHOS|Mal Súbito|Queda de ocupante de veículo|Com Vítimas Feridas|Pleno dia|Céu Claro|1|0|1|0
274284|2020-03-05|quinta-feira|15:00:00|SP|116.0|SANTA ISABEL|Ingestão de Álcool|Saída de leito carroçável|Sem Vítimas|Pleno dia|Céu Claro|1|0|0|0
274285|2020-03-09|segunda-feira|07:30:00|MT|174.0|NOVA LACERDA|Defeito Mecânico no Veículo|Incêndio|Sem Vítimas|Pleno dia|Céu Claro|1|0|0|0
274286|2020-03-09|segunda-feira|12:50:00|SC|280.0|ARAQUARI|Desobediência às normas de trânsito pelo condutor|Colisão traseira|Com Vítimas Feridas|Pleno dia|Sol|3|0|2|0
274287|2020-03-09|segunda-feira|11:30:00|SC|282.0|ERVAL VELHO|Falta de Atenção à Condução|Colisão transversal|Com Vítimas Feridas|Pleno dia|Céu Claro|2|0|1|0
274288|2020-03-09|segunda-feira|12:45:00|RS|116.0|NOVO HAMBURGO|Falta de Atenção à Condução|Colisão lateral|Com Vítimas Feridas|Pleno dia|Céu Claro|2|0|1|0
274289|2020-03-09|segunda-feira|12:50:00|RS|293.0|PELOTAS|Ultrapassagem Indevida|Colisão lateral|Com Vítimas Feridas|Pleno dia|Sol|2|0|1|0
274290|2020-03-09|segunda-feira|10:50:00|SC|470.0|SAO CRISTOVAO DO SUL|Ultrapassagem Indevida|Colisão lateral|Com Vítimas Feridas|Pleno dia|Céu Claro|2|0|1|0
274291|2020-03-09|segunda-feira|13:00:00|GO|40.0|LUZIANIA|Falta de Atenção à Condução|Colisão transversal|Com Vítimas Feridas|Pleno dia|Céu Claro|2|0|0|1
274292|2020-03-09|segunda-feira|12:20:00|DF|80.0|BRASILIA|Não guardar distância de segurança|Colisão traseira|Com Vítimas Feridas|Pleno dia|Céu Claro|2|0|1|0
274293|2020-03-09|segunda-feira|13:05:00|SC|101.0|SAO JOSE|Falta de Atenção à Condução|Colisão traseira|Com Vítimas Feridas|Pleno dia|Céu Claro|2|0|1|0
274294|2020-03-09|segunda-feira|13:10:00|BA|324.0|FEIRA DE SANTANA|Não guardar distância de segurança|Colisão traseira|Sem Vítimas|Pleno dia|Sol|3|0|0|0
274295|2020-03-09|segunda-feira|12:00:00|PR|277.0|CURITIBA|Velocidade Incompatível|Colisão com objeto estático|Com Vítimas Feridas|Pleno dia|Sol|1|0|1|0
274296|2020-03-09|segunda-feira|09:45:00|MG|50.0|UBERABA|Falta de Atenção à Condução|Engavetamento|Sem Vítimas|Pleno dia|Céu Claro|3|0|0|0
274297|2020-03-09|segunda-feira|12:56:00|PR|476.0|CURITIBA|Falta de Atenção do Pedestre|Atropelamento de Pedestre|Com Vítimas Feridas|Pleno dia|Sol|2|0|1|0
274298|2020-03-09|segunda-feira|11:30:00|BA|116.0|VITORIA DA CONQUISTA|Ultrapassagem Indevida|Colisão lateral|Com Vítimas Feridas|Pleno dia|Nublado|4|0|0|1
274299|2020-03-09|segunda-feira|12:15:00|TO|153.0|GURUPI|Falta de Atenção à Condução|Colisão traseira|Com Vítimas Feridas|Pleno dia|Céu Claro|2|0|1|0
274300|2020-03-09|segunda-feira|10:05:00|PR|277.0|GUARAPUAVA|Falta de Atenção à Condução|Colisão transversal|Com Vítimas Feridas|Pleno dia|Sol|2|0|2|0
274301|2020-03-09|segunda-feira|10:50:00|PR|376.0|GUARATUBA|Falta de Atenção à Condução|Colisão com objeto estático|Com Vítimas Feridas|Pleno dia|Céu Claro|1|0|1|0
274304|2020-03-09|segunda-feira|13:45:00|SP|381.0|ATIBAIA|Não guardar distância de segurança|Colisão traseira|Com Vítimas Feridas|Pleno dia|Sol|2|0|0|1
274305|2020-03-09|segunda-feira|12:00:00|PB|230.0|SOBRADO|Defeito na Via|Tombamento|Com Vítimas Feridas|Pleno dia|Sol|1|0|1|0
274306|2020-03-09|segunda-feira|13:48:00|RO|364.0|PORTO VELHO|Desobediência às normas de trânsito pelo condutor|Colisão traseira|Com Vítimas Feridas|Pleno dia|Céu Claro|3|0|2|0
274307|2020-03-09|segunda-feira|13:30:00|RR|174.0|BOA VISTA|Falta de Atenção à Condução|Queda de ocupante de veículo|Com Vítimas Feridas|Pleno dia|Céu Claro|1|0|0|1
274309|2020-03-09|segunda-feira|13:20:00|GO|50.0|CAMPO ALEGRE DE GOIAS|Condutor Dormindo|Saída de leito carroçável|Com Vítimas Feridas|Pleno dia|Céu Claro|1|0|1|0
274310|2020-03-09|segunda-feira|14:47:00|SP|116.0|TAUBATE|Falta de Atenção à Condução|Engavetamento|Com Vítimas Feridas|Pleno dia|Sol|5|0|1|0
274311|2020-03-09|segunda-feira|13:50:00|SC|101.0|BALNEARIO CAMBORIU|Falta de Atenção à Condução|Tombamento|Com Vítimas Feridas|Pleno dia|Sol|1|0|1|0
274312|2020-03-09|segunda-feira|14:00:00|CE|116.0|FORTALEZA|Não guardar distância de segurança|Colisão traseira|Com Vítimas Feridas|Pleno dia|Céu Claro|2|0|1|0
274313|2020-03-09|segunda-feira|14:45:00|MA|316.0|SANTA INES|Falta de Atenção à Condução|Colisão lateral|Com Vítimas Feridas|Pleno dia|Chuva|2|0|0|1
274314|2020-03-09|segunda-feira|14:30:00|MG|381.0|SAO SEBASTIAO DA BELA VISTA|Condutor Dormindo|Colisão traseira|Com Vítimas Feridas|Pleno dia|Céu Claro|3|0|1|0
274315|2020-03-09|segunda-feira|14:10:00|BA|324.0|AMELIA RODRIGUES|Falta de Atenção à Condução|Colisão lateral|Com Vítimas Feridas|Pleno dia|Nublado|2|0|1|0
274316|2020-03-09|segunda-feira|15:00:00|RS|287.0|SANTA MARIA|Falta de Atenção à Condução|Colisão transversal|Com Vítimas Feridas|Pleno dia|Sol|2|0|1|0
274317|2020-03-09|segunda-feira|13:45:00|SC|470.0|AGRONOMICA|Desobediência às normas de trânsito pelo condutor|Colisão transversal|Com Vítimas Feridas|Pleno dia|Sol|2|0|1|0
274318|2020-03-09|segunda-feira|15:00:00|GO|40.0|VALPARAISO DE GOIAS|Falta de Atenção à Condução|Colisão lateral|Com Vítimas Feridas|Pleno dia|Nublado|3|0|2|0
274319|2020-03-09|segunda-feira|15:15:00|PR|277.0|CAMPO LARGO|Falta de Atenção à Condução|Colisão lateral|Com Vítimas Feridas|Pleno dia|Céu Claro|2|0|1|0
274320|2020-03-09|segunda-feira|14:20:00|SC|470.0|RIO DO SUL|Falta de Atenção à Condução|Colisão lateral|Sem Vítimas|Pleno dia|Sol|2|0|0|0
274322|2020-03-09|segunda-feira|12:10:00|MG|354.0|ITANHANDU|Velocidade Incompatível|Saída de leito carroçável|Com Vítimas Fatais|Pleno dia|Sol|1|1|0|0
274323|2020-03-09|segunda-feira|16:05:00|PE|423.0|CACHOEIRINHA|Desobediência às normas de trânsito pelo condutor|Colisão transversal|Com Vítimas Feridas|Pleno dia|Sol|2|0|0|1
274324|2020-03-09|segunda-feira|15:30:00|PB|104.0|SAO SEBASTIAO DE LAGOA DE  ROCA|Desobediência às normas de trânsito pelo condutor|Colisão transversal|Com Vítimas Feridas|Pleno dia|Sol|2|0|0|1
274325|2020-03-09|segunda-feira|13:35:00|MG|381.0|BARAO DE COCAIS|Falta de Atenção à Condução|Tombamento|Com Vítimas Feridas|Pleno dia|Céu Claro|3|0|0|3
274327|2020-03-09|segunda-feira|16:30:00|PB|230.0|POMBAL|Desobediência às normas de trânsito pelo condutor|Colisão lateral|Com Vítimas Feridas|Anoitecer|Céu Claro|2|0|0|1
274328|2020-02-03|segunda-feira|18:00:00|ES|101.0|LINHARES|Desobediência às normas de trânsito pelo condutor|Colisão traseira|Com Vítimas Feridas|Anoitecer|Céu Claro|5|0|1|0
274329|2020-03-09|segunda-feira|16:10:00|SC|280.0|ARAQUARI|Falta de Atenção à Condução|Colisão transversal|Com Vítimas Feridas|Pleno dia|Céu Claro|3|0|2|0
274330|2020-03-09|segunda-feira|11:25:00|SC|470.0|RIO DO SUL|Falta de Atenção à Condução|Colisão frontal|Com Vítimas Feridas|Pleno dia|Sol|2|0|2|0
274331|2020-03-09|segunda-feira|15:15:00|RJ|116.0|TERESOPOLIS|Condutor Dormindo|Saída de leito carroçável|Com Vítimas Feridas|Pleno dia|Nublado|1|0|1|0
274332|2020-03-09|segunda-feira|16:40:00|SC|101.0|PALHOCA|Não guardar distância de segurança|Colisão lateral|Com Vítimas Feridas|Pleno dia|Céu Claro|2|0|1|0
274333|2020-03-09|segunda-feira|14:34:00|MT|364.0|SANTO ANTONIO DO LEVERGER|Velocidade Incompatível|Saída de leito carroçável|Com Vítimas Feridas|Pleno dia|Chuva|1|0|1|0
274334|2020-03-09|segunda-feira|16:45:00|RS|285.0|IJUI|Falta de Atenção à Condução|Colisão transversal|Com Vítimas Feridas|Pleno dia|Sol|3|0|2|0
274335|2020-03-09|segunda-feira|16:35:00|PR|373.0|PONTA GROSSA|Desobediência às normas de trânsito pelo condutor|Colisão lateral|Com Vítimas Feridas|Pleno dia|Céu Claro|5|0|0|2
274336|2020-03-07|sábado|03:30:00|MS|163.0|SAO GABRIEL DO OESTE|Animais na Pista|Atropelamento de Animal|Com Vítimas Feridas|Plena Noite|Céu Claro|1|0|1|0
274337|2020-03-08|domingo|19:20:00|SP|116.0|ITAPECERICA DA SERRA|Desobediência às normas de trânsito pelo condutor|Colisão lateral|Sem Vítimas|Plena Noite|Céu Claro|4|0|0|0
274338|2020-03-09|segunda-feira|17:10:00|SC|101.0|PALHOCA|Falta de Atenção à Condução|Queda de ocupante de veículo|Com Vítimas Feridas|Pleno dia|Céu Claro|2|0|1|0
274339|2020-03-09|segunda-feira|17:20:00|SP|381.0|MAIRIPORA|Pista Escorregadia|Colisão traseira|Com Vítimas Feridas|Pleno dia|Céu Claro|4|0|1|0
274340|2020-03-09|segunda-feira|17:15:00|SP|381.0|SAO PAULO|Velocidade Incompatível|Colisão lateral|Com Vítimas Feridas|Pleno dia|Céu Claro|2|0|1|0
274341|2020-03-09|segunda-feira|16:30:00|SC|101.0|SAO JOSE|Falta de Atenção à Condução|Colisão traseira|Com Vítimas Feridas|Pleno dia|Céu Claro|3|0|1|0
274342|2020-03-09|segunda-feira|16:05:00|SC|101.0|ITAPEMA|Falta de Atenção à Condução|Tombamento|Com Vítimas Feridas|Pleno dia|Nublado|1|0|1|0
274343|2020-03-09|segunda-feira|16:30:00|SC|101.0|BALNEARIO CAMBORIU|Falta de Atenção à Condução|Colisão lateral|Com Vítimas Feridas|Pleno dia|Nublado|2|0|1|0
274344|2020-03-09|segunda-feira|17:40:00|SC|280.0|ARAQUARI|Desobediência às normas de trânsito pelo condutor|Colisão transversal|Com Vítimas Feridas|Pleno dia|Céu Claro|2|0|1|0
274345|2020-03-09|segunda-feira|16:00:00|SC|101.0|ITAPEMA|Desobediência às normas de trânsito pelo condutor|Colisão traseira|Com Vítimas Feridas|Pleno dia|Sol|3|0|1|0
274346|2020-03-09|segunda-feira|17:10:00|RJ|116.0|NOVA IGUACU|Não guardar distância de segurança|Colisão lateral|Com Vítimas Feridas|Anoitecer|Céu Claro|3|0|0|2
274347|2020-03-09|segunda-feira|15:40:00|SP|116.0|TAUBATE|Avarias e/ou desgaste excessivo no pneu|Tombamento|Com Vítimas Feridas|Pleno dia|Nublado|1|0|0|1
274348|2020-03-09|segunda-feira|09:40:00|MT|364.0|DIAMANTINO|Falta de Atenção à Condução|Colisão lateral|Com Vítimas Feridas|Pleno dia|Céu Claro|2|0|2|0
274350|2020-03-09|segunda-feira|17:30:00|PR|373.0|PONTA GROSSA|Falta de Atenção à Condução|Engavetamento|Com Vítimas Feridas|Pleno dia|Céu Claro|5|0|1|0
274352|2020-03-09|segunda-feira|17:25:00|RN|304.0|MACAIBA|Falta de Atenção à Condução|Colisão lateral|Sem Vítimas|Anoitecer|Céu Claro|4|0|0|0
274353|2020-03-09|segunda-feira|17:20:00|GO|153.0|GOIANIA|Falta de Atenção à Condução|Engavetamento|Com Vítimas Feridas|Pleno dia|Sol|4|0|0|1
274354|2020-03-09|segunda-feira|08:30:00|TO|153.0|RIO DOS BOIS|Pista Escorregadia|Tombamento|Com Vítimas Feridas|Pleno dia|Céu Claro|1|0|1|0
274355|2020-03-09|segunda-feira|18:20:00|SC|101.0|BALNEARIO CAMBORIU|Desobediência às normas de trânsito pelo condutor|Colisão traseira|Com Vítimas Feridas|Anoitecer|Céu Claro|3|0|1|0
274356|2020-03-09|segunda-feira|13:50:00|SC|101.0|SANGAO|Objeto estático sobre o leito carroçável|Colisão com objeto estático|Sem Vítimas|Pleno dia|Céu Claro|1|0|0|0
274358|2020-03-09|segunda-feira|18:15:00|SC|280.0|ARAQUARI|Desobediência às normas de trânsito pelo condutor|Colisão lateral|Com Vítimas Feridas|Anoitecer|Céu Claro|3|0|1|0
274359|2020-03-09|segunda-feira|13:00:00|RR|174.0|CARACARAI|Falta de Atenção à Condução|Saída de leito carroçável|Com Vítimas Feridas|Pleno dia|Céu Claro|1|0|1|0
274360|2020-03-09|segunda-feira|18:00:00|GO|364.0|JATAI|Ultrapassagem Indevida|Saída de leito carroçável|Com Vítimas Feridas|Anoitecer|Céu Claro|2|0|1|0
274361|2020-03-09|segunda-feira|18:30:00|PE|101.0|JABOATAO DOS GUARARAPES|Falta de Atenção à Condução|Saída de leito carroçável|Com Vítimas Fatais|Plena Noite|Céu Claro|2|1|0|0
274362|2020-03-09|segunda-feira|17:10:00|BA|418.0|NOVA VICOSA|Pista Escorregadia|Saída de leito carroçável|Com Vítimas Feridas|Plena Noite|Chuva|3|0|3|0
274363|2020-03-09|segunda-feira|18:50:00|SC|101.0|ITAJAI|Falta de Atenção à Condução|Colisão lateral|Com Vítimas Feridas|Plena Noite|Céu Claro|2|0|1|0
274364|2020-03-09|segunda-feira|18:00:00|PR|369.0|LONDRINA|Não guardar distância de segurança|Colisão traseira|Sem Vítimas|Anoitecer|Céu Claro|2|0|0|0
274365|2020-03-09|segunda-feira|18:40:00|SP|116.0|GUARULHOS|Falta de Atenção à Condução|Colisão lateral|Sem Vítimas|Anoitecer|Céu Claro|2|0|0|0
274366|2020-03-09|segunda-feira|17:00:00|PR|153.0|JACAREZINHO|Velocidade Incompatível|Colisão com objeto estático|Sem Vítimas|Pleno dia|Céu Claro|1|0|0|0
274367|2020-03-09|segunda-feira|18:40:00|CE|222.0|CAUCAIA|Desobediência às normas de trânsito pelo condutor|Colisão frontal|Com Vítimas Feridas|Plena Noite|Céu Claro|2|0|0|1