id|data_inversa|dia_semana|horario|uf|br|municipio|causa_acidente|tipo_acidente|classificacao_acidente|fase_dia|condicao_metereologica|pessoas|mortos|feridos_leves|feridos_graves
274368|2020-03-09|segunda-feira|18:35:00|PB|101.0|ALHANDRA|Não guardar distância de segurança|Saída de leito carroçável|Com Vítimas Feridas|Plena Noite|Céu Claro|1|0|0|1
274369|2020-03-09|segunda-feira|18:45:00|PR|369.0|CAMBARA|Falta de Atenção à Condução|Colisão transversal|Com Vítimas Fatais|Plena Noite|Céu Claro|4|1|1|0
274371|2020-03-09|segunda-feira|19:40:00|SC|101.0|ITAJAI|Falta de Atenção do Pedestre|Atropelamento de Pedestre|Com Vítimas Fatais|Plena Noite|Céu Claro|3|1|0|0
274373|2020-03-09|segunda-feira|20:00:00|SE|101.0|NOSSA SENHORA DO SOCORRO|Defeito na Via|Tombamento|Com Vítimas Feridas|Plena Noite|Céu Claro|1|0|1|0
274375|2020-03-09|segunda-feira|19:15:00|PE|316.0|OURICURI|Falta de Atenção do Pedestre|Atropelamento de Pedestre|Com Vítimas Feridas|Plena Noite|Céu Claro|2|0|0|1
274376|2020-03-09|segunda-feira|19:30:00|TO|242.0|FORMOSO DO ARAGUAIA|Falta de Atenção à Condução|Colisão frontal|Com Vítimas Fatais|Plena Noite|Céu Claro|5|1|2|0
274377|2020-03-09|segunda-feira|17:20:00|PR|369.0|LONDRINA|Falta de Atenção à Condução|Colisão traseira|Com Vítimas Feridas|Pleno dia|Céu Claro|2|0|1|0
274378|2020-03-09|segunda-feira|18:43:00|ES|101.0|LINHARES|Desobediência às normas de trânsito pelo condutor|Colisão transversal|Com Vítimas Feridas|Plena Noite|Céu Claro|2|0|1|0
274379|2020-03-09|segunda-feira|16:40:00|MG|116.0|TEOFILO OTONI|Pista Escorregadia|Saída de leito carroçável|Com Vítimas Feridas|Pleno dia|Céu Claro|1|0|1|0
274380|2020-03-09|segunda-feira|18:30:00|PB|230.0|JUAZEIRINHO|Ingestão de Álcool|Colisão traseira|Com Vítimas Feridas|Plena Noite|Céu Claro|2|0|0|1
274381|2020-03-09|segunda-feira|20:20:00|RJ|101.0|ITAGUAI|Falta de Atenção do Pedestre|Atropelamento de Pedestre|Com Vítimas Fatais|Plena Noite|Nublado|2|1|0|0
274382|2020-03-09|segunda-feira|14:50:00|SC|282.0|XAXIM|Falta de Atenção à Condução|Saída de leito carroçável|Com Vítimas Feridas|Pleno dia|Sol|1|0|1|0
274383|2020-03-09|segunda-feira|19:00:00|RJ|356.0|ITAPERUNA|Defeito na Via|Saída de leito carroçável|Com Vítimas Feridas|Plena Noite|Nublado|3|0|2|1
274384|2020-03-09|segunda-feira|19:10:00|SP|116.0|GUARATINGUETA|Falta de Atenção à Condução|Colisão lateral|Com Vítimas Feridas|Anoitecer|Nublado|1|0|1|0
274385|2020-03-09|segunda-feira|07:15:00|SC|101.0|CAPIVARI DE BAIXO|Falta de Atenção à Condução|Tombamento|Com Vítimas Feridas|Plena Noite|Céu Claro|1|0|0|1
274386|2020-03-09|segunda-feira|19:55:00|RN|101.0|NATAL|Desobediência às normas de trânsito pelo condutor|Colisão transversal|Sem Vítimas|Plena Noite|Céu Claro|2|0|0|0
274387|2020-03-09|segunda-feira|21:45:00|GO|40.0|LUZIANIA|Falta de Atenção à Condução|Colisão transversal|Com Vítimas Feridas|Plena Noite|Céu Claro|3|0|1|0
274388|2020-03-07|sábado|20:30:00|BA|324.0|SAO SEBASTIAO DO PASSE|Velocidade Incompatível|Saída de leito carroçável|Sem Vítimas|Plena Noite|Céu Claro|1|0|0|0
274389|2020-03-09|segunda-feira|18:50:00|MG|40.0|RIBEIRAO DAS NEVES|Não guardar distância de segurança|Colisão traseira|Com Vítimas Feridas|Plena Noite|Chuva|8|0|5|0
274390|2020-03-09|segunda-feira|22:15:00|MG|40.0|SETE LAGOAS|Objeto estático sobre o leito carroçável|Saída de leito carroçável|Com Vítimas Feridas|Plena Noite|Nublado|2|0|1|1
274391|2020-03-09|segunda-feira|19:10:00|MG|381.0|RIO MANSO|Velocidade Incompatível|Saída de leito carroçável|Com Vítimas Feridas|Plena Noite|Nublado|1|0|1|0
274392|2020-03-09|segunda-feira|21:30:00|BA|101.0|GANDU|Falta de Atenção à Condução|Colisão transversal|Com Vítimas Feridas|Plena Noite|Céu Claro|6|0|1|1
274393|2020-03-09|segunda-feira|20:00:00|MG|153.0|ARAPORA|Desobediência às normas de trânsito pelo condutor|Colisão frontal|Com Vítimas Feridas|Pleno dia|Céu Claro|4|0|1|0
274395|2020-03-09|segunda-feira|22:10:00|PR|476.0|ARAUCARIA|Ultrapassagem Indevida|Colisão frontal|Com Vítimas Feridas|Pleno dia|Céu Claro|3|0|0|2
274396|2020-03-09|segunda-feira|21:20:00|MG|153.0|FRONTEIRA|Animais na Pista|Atropelamento de Animal|Com Vítimas Feridas|Plena Noite|Céu Claro|1|0|1|0
274397|2020-03-09|segunda-feira|20:00:00|MG|153.0|FRONTEIRA|Falta de Atenção à Condução|Colisão transversal|Com Vítimas Feridas|Plena Noite|Céu Claro|2|0|1|0
274398|2020-03-09|segunda-feira|20:50:00|SC|101.0|LAGUNA|Animais na Pista|Atropelamento de Animal|Com Vítimas Feridas|Plena Noite|Céu Claro|1|0|1|0
274399|2020-03-10|terça-feira|00:25:00|SC|101.0|GARUVA|Defeito Mecânico no Veículo|Incêndio|Sem Vítimas|Plena Noite|Nublado|1|0|0|0
274400|2020-03-09|segunda-feira|08:20:00|TO|153.0|RIO DOS BOIS|Ingestão de Álcool|Tombamento|Sem Vítimas|Pleno dia|Sol|1|0|0|0
274401|2020-03-09|segunda-feira|11:00:00|MG|365.0|ROMARIA|Falta de Atenção à Condução|Tombamento|Sem Vítimas|Pleno dia|Sol|1|0|0|0
274403|2020-03-09|segunda-feira|15:00:00|MA|402.0|ROSARIO|Falta de Atenção à Condução|Colisão lateral|Com Vítimas Feridas|Pleno dia|Garoa/Chuvisco|2|0|1|0
274404|2020-03-10|terça-feira|03:10:00|SP|116.0|GUARULHOS|Condutor Dormindo|Colisão traseira|Com Vítimas Feridas|Amanhecer|Céu Claro|2|0|1|0
274405|2020-03-10|terça-feira|02:50:00|SC|153.0|CONCORDIA|Falta de Atenção à Condução|Tombamento|Com Vítimas Feridas|Plena Noite|Céu Claro|1|0|1|0
274406|2020-03-10|terça-feira|04:00:00|ES|262.0|DOMINGOS MARTINS|Falta de Atenção à Condução|Tombamento|Com Vítimas Feridas|Plena Noite|Garoa/Chuvisco|1|0|0|1
274407|2020-03-10|terça-feira|04:00:00|SC|101.0|SAO JOAO DO SUL|Ingestão de Álcool|Colisão traseira|Sem Vítimas|Plena Noite|Céu Claro|2|0|0|0
274408|2020-03-10|terça-feira|05:00:00|RJ|101.0|SAO GONCALO|Desobediência às normas de trânsito pelo pedestre|Atropelamento de Pedestre|Com Vítimas Feridas|Plena Noite|Nevoeiro/Neblina|3|0|0|1
274409|2020-03-10|terça-feira|05:45:00|MG|381.0|BETIM|Falta de Atenção à Condução|Tombamento|Sem Vítimas|Amanhecer|Céu Claro|1|0|0|0
274410|2020-03-10|terça-feira|05:30:00|PE|428.0|SANTA MARIA DA BOA VISTA|Falta de Atenção à Condução|Colisão com objeto estático|Com Vítimas Fatais|Amanhecer|Céu Claro|1|1|0|0
274411|2020-03-10|terça-feira|05:41:00|PR|369.0|ROLANDIA|Falta de Atenção do Pedestre|Atropelamento de Pedestre|Com Vítimas Fatais|Amanhecer|Céu Claro|3|1|1|0
274412|2020-03-10|terça-feira|05:40:00|PE|423.0|JUCATI|Fenômenos da Natureza|Tombamento|Com Vítimas Feridas|Pleno dia|Nevoeiro/Neblina|1|0|1|0
274413|2020-03-09|segunda-feira|11:00:00|PI|343.0|CAMPO MAIOR|Falta de Atenção do Pedestre|Atropelamento de Pedestre|Com Vítimas Feridas|Pleno dia|Céu Claro|2|0|0|1
274414|2020-03-09|segunda-feira|15:00:00|GO|414.0|NIQUELANDIA|Desobediência às normas de trânsito pelo condutor|Saída de leito carroçável|Com Vítimas Fatais|Pleno dia|Céu Claro|2|1|0|1
274415|2020-03-10|terça-feira|02:50:00|RJ|101.0|RIO BONITO|Condutor Dormindo|Colisão com objeto estático|Com Vítimas Feridas|Plena Noite|Céu Claro|2|0|2|0
274417|2020-03-10|terça-feira|06:50:00|DF|70.0|BRASILIA|Falta de Atenção do Pedestre|Atropelamento de Pedestre|Com Vítimas Feridas|Pleno dia|Céu Claro|2|0|1|1
274419|2020-03-10|terça-feira|06:30:00|CE|222.0|CAUCAIA|Falta de Atenção à Condução|Saída de leito carroçável|Sem Vítimas|Pleno dia|Céu Claro|2|0|0|0
274420|2020-03-10|terça-feira|06:30:00|TO|153.0|ARAGUAINA|Não guardar distância de segurança|Colisão lateral|Com Vítimas Feridas|Amanhecer|Nublado|2|0|1|0
274421|2020-03-10|terça-feira|06:10:00|PE|232.0|BEZERROS|Condutor Dormindo|Saída de leito carroçável|Com Vítimas Feridas|Amanhecer|Sol|2|0|1|0
274422|2020-01-15|quarta-feira|20:04:00|PB|230.0|JOAO PESSOA|Não guardar distância de segurança|Colisão com objeto estático|Com Vítimas Feridas|Plena Noite|Céu Claro|3|0|1|0
274423|2020-03-10|terça-feira|07:40:00|SC|101.0|ITAPEMA|Falta de Atenção à Condução|Colisão transversal|Com Vítimas Feridas|Pleno dia|Sol|2|0|1|0
274424|2020-03-10|terça-feira|07:55:00|SC|101.0|BALNEARIO CAMBORIU|Falta de Atenção à Condução|Colisão lateral|Com Vítimas Feridas|Pleno dia|Céu Claro|3|0|2|0
274425|2020-03-10|terça-feira|05:40:00|PI|343.0|ALTOS|Não guardar distância de segurança|Colisão traseira|Sem Vítimas|Amanhecer|Nublado|2|0|0|0
274426|2020-03-10|terça-feira|07:20:00|SC|101.0|SAO JOSE|Avarias e/ou desgaste excessivo no pneu|Queda de ocupante de veículo|Com Vítimas Feridas|Pleno dia|Céu Claro|2|0|1|1
274427|2020-03-10|terça-feira|08:00:00|PR|116.0|CURITIBA|Falta de Atenção à Condução|Queda de ocupante de veículo|Com Vítimas Feridas|Pleno dia|Sol|1|0|1|0
274428|2020-03-10|terça-feira|07:30:00|SC|101.0|PALHOCA|Falta de Atenção à Condução|Colisão traseira|Com Vítimas Feridas|Pleno dia|Sol|2|0|1|0
274429|2020-03-10|terça-feira|05:15:00|PA|222.0|MARABA|Falta de Atenção à Condução|Colisão traseira|Com Vítimas Feridas|Plena Noite|Chuva|3|0|1|1
274431|2020-03-10|terça-feira|08:15:00|TO|153.0|ARAGUAINA|Não guardar distância de segurança|Colisão traseira|Com Vítimas Feridas|Pleno dia|Nublado|2|0|1|0
274432|2020-03-10|terça-feira|08:00:00|GO|60.0|ANAPOLIS|Defeito Mecânico no Veículo|Tombamento|Com Vítimas Feridas|Pleno dia|Céu Claro|2|0|2|0
274433|2020-03-10|terça-feira|08:00:00|CE|222.0|CAUCAIA|Defeito Mecânico no Veículo|Incêndio|Sem Vítimas|Pleno dia|Sol|1|0|0|0
274434|2020-03-10|terça-feira|08:35:00|PR|277.0|CASCAVEL|Desobediência às normas de trânsito pelo condutor|Colisão transversal|Sem Vítimas|Pleno dia|Sol|3|0|0|0
274435|2020-03-10|terça-feira|08:15:00|RS|116.0|CANOAS|Não guardar distância de segurança|Colisão lateral|Com Vítimas Feridas|Pleno dia|Céu Claro|3|0|2|0
274437|2020-03-10|terça-feira|08:40:00|BA|324.0|FEIRA DE SANTANA|Falta de Atenção à Condução|Tombamento|Com Vítimas Feridas|Pleno dia|Céu Claro|2|0|1|0
274439|2020-03-10|terça-feira|08:10:00|RJ|116.0|NOVA IGUACU|Falta de Atenção à Condução|Colisão traseira|Com Vítimas Feridas|Pleno dia|Céu Claro|7|0|3|0
274440|2020-03-09|segunda-feira|09:45:00|RJ|116.0|DUQUE DE CAXIAS|Desobediência às normas de trânsito pelo condutor|Engavetamento|Sem Vítimas|Pleno dia|Céu Claro|4|0|0|0
274442|2020-02-23|domingo|04:20:00|MG|116.0|TEOFILO OTONI|Pista Escorregadia|Tombamento|Com Vítimas Feridas|Plena Noite|Chuva|1|0|0|1
274443|2020-03-10|terça-feira|09:00:00|PB|104.0|QUEIMADAS|Falta de Atenção à Condução|Colisão traseira|Com Vítimas Feridas|Pleno dia|Céu Claro|4|0|1|0
274444|2020-03-10|terça-feira|09:15:00|PE|101.0|RECIFE|Desobediência às normas de trânsito pelo condutor|Colisão transversal|Com Vítimas Feridas|Pleno dia|Céu Claro|2|0|1|0
274445|2020-03-10|terça-feira|07:30:00|SC|280.0|GUARAMIRIM|Não guardar distância de segurança|Colisão traseira|Com Vítimas Feridas|Pleno dia|Céu Claro|2|0|1|0
274446|2020-03-10|terça-feira|08:57:00|RJ|101.0|SAO GONCALO|Falta de Atenção à Condução|Colisão traseira|Com Vítimas Feridas|Pleno dia|Sol|2|0|0|1
274447|2020-03-10|terça-feira|09:00:00|MS|267.0|JARDIM|Falta de Atenção à Condução|Colisão lateral|Com Vítimas Feridas|Pleno dia|Sol|3|0|2|0
274448|2020-03-10|terça-feira|09:00:00|DF|60.0|BRASILIA|Falta de Atenção à Condução|Queda de ocupante de veículo|Com Vítimas Feridas|Pleno dia|Céu Claro|1|0|1|0
274449|2020-01-19|domingo|08:00:00|MG|381.0|BELA VISTA DE MINAS|Avarias e/ou desgaste excessivo no pneu|Colisão frontal|Com Vítimas Feridas|Pleno dia|Chuva|8|0|8|0
274450|2020-03-10|terça-feira|09:30:00|MG|116.0|CARATINGA|Falta de Atenção do Pedestre|Atropelamento de Pedestre|Com Vítimas Feridas|Pleno dia|Céu Claro|2|0|1|0
274451|2020-03-10|terça-feira|08:15:00|AC|364.0|RIO BRANCO|Falta de Atenção à Condução|Colisão transversal|Com Vítimas Feridas|Pleno dia|Céu Claro|3|0|1|0
274452|2020-03-10|terça-feira|10:00:00|RJ|101.0|ITAGUAI|Falta de Atenção à Condução|Colisão lateral|Com Vítimas Feridas|Pleno dia|Céu Claro|3|0|2|0
274453|2020-03-10|terça-feira|10:35:00|CE|20.0|MARACANAU|Falta de Atenção à Condução|Colisão transversal|Com Vítimas Feridas|Pleno dia|Nublado|2|0|0|1
274454|2020-03-10|terça-feira|11:05:00|SC|101.0|SAO JOSE|Não guardar distância de segurança|Colisão traseira|Com Vítimas Feridas|Pleno dia|Sol|2|0|1|0
274456|2020-02-06|quinta-feira|09:15:00|MT|364.0|DIAMANTINO|Não guardar distância de segurança|Colisão traseira|Com Vítimas Feridas|Pleno dia|Chuva|5|0|4|0
274457|2020-03-10|terça-feira|10:45:00|MG|116.0|GOVERNADOR VALADARES|Ingestão de Álcool|Danos eventuais|Sem Vítimas|Pleno dia|Céu Claro|2|0|0|0
274458|2020-03-10|terça-feira|10:45:00|PB|230.0|SANTA RITA|Defeito Mecânico no Veículo|Danos eventuais|Sem Vítimas|Pleno dia|Sol|1|0|0|0
274459|2020-03-10|terça-feira|10:40:00|BA|367.0|PORTO SEGURO|Desobediência às normas de trânsito pelo condutor|Colisão transversal|Com Vítimas Feridas|Pleno dia|Garoa/Chuvisco|2|0|2|0
274460|2020-03-10|terça-feira|10:40:00|RO|364.0|PIMENTA BUENO|Falta de Atenção à Condução|Colisão traseira|Sem Vítimas|Pleno dia|Nublado|3|0|0|0
274461|2020-03-10|terça-feira|11:10:00|ES|101.0|ICONHA|Falta de Atenção à Condução|Queda de ocupante de veículo|Com Vítimas Feridas|Pleno dia|Nublado|2|0|1|0
274462|2020-03-10|terça-feira|10:25:00|RO|364.0|PORTO VELHO|Falta de Atenção à Condução|Colisão traseira|Sem Vítimas|Pleno dia|Chuva|2|0|0|0
274463|2020-03-10|terça-feira|06:00:00|BA|418.0|NOVA VICOSA|Animais na Pista|Atropelamento de Animal|Com Vítimas Feridas|Amanhecer|Ignorado|2|0|1|0
274464|2020-03-10|terça-feira|11:20:00|ES|101.0|SERRA|Falta de Atenção à Condução|Colisão traseira|Com Vítimas Feridas|Pleno dia|Nublado|2|0|0|1
274465|2020-03-10|terça-feira|11:28:00|SP|153.0|JOSE BONIFACIO|Desobediência às normas de trânsito pelo pedestre|Atropelamento de Pedestre|Com Vítimas Feridas|Pleno dia|Sol|2|0|0|1
274466|2020-03-10|terça-feira|10:45:00|PR|277.0|CAMPO LARGO|Velocidade Incompatível|Saída de leito carroçável|Com Vítimas Fatais|Pleno dia|Sol|2|1|0|1
274467|2020-03-10|terça-feira|11:55:00|SP|153.0|SAO JOSE DO RIO PRETO|Não guardar distância de segurança|Colisão lateral|Com Vítimas Feridas|Pleno dia|Céu Claro|2|0|1|0
274468|2020-01-19|domingo|01:45:00|SC|280.0|GUARAMIRIM|Ingestão de Álcool|Colisão lateral|Com Vítimas Feridas|Plena Noite|Céu Claro|2|0|1|0
274469|2020-03-10|terça-feira|10:20:00|SC|101.0|LAGUNA|Velocidade Incompatível|Capotamento|Com Vítimas Feridas|Pleno dia|Céu Claro|2|0|2|0
274470|2020-03-10|terça-feira|11:45:00|PB|230.0|JOAO PESSOA|Desobediência às normas de trânsito pelo condutor|Colisão lateral|Com Vítimas Feridas|Pleno dia|Sol|3|0|2|0
274471|2020-03-10|terça-feira|11:45:00|SP|116.0|SAO PAULO|Não guardar distância de segurança|Colisão lateral|Com Vítimas Feridas|Pleno dia|Sol|4|0|2|0
274472|2020-03-10|terça-feira|11:50:00|RJ|116.0|DUQUE DE CAXIAS|Falta de Atenção à Condução|Queda de ocupante de veículo|Com Vítimas Feridas|Pleno dia|Céu Claro|1|0|1|0
274473|2020-03-10|terça-feira|12:42:00|RS|290.0|PORTO ALEGRE|Defeito Mecânico no Veículo|Queda de ocupante de veículo|Com Vítimas Feridas|Pleno dia|Céu Claro|2|0|2|0
274474|2020-03-10|terça-feira|12:30:00|GO|40.0|LUZIANIA|Falta de Atenção à Condução|Colisão transversal|Com Vítimas Feridas|Pleno dia|Sol|3|0|2|0
274475|2020-03-10|terça-feira|12:00:00|CE|222.0|IRAUCUBA|Pista Escorregadia|Saída de leito carroçável|Com Vítimas Feridas|Pleno dia|Chuva|1|0|1|0
274476|2020-03-10|terça-feira|11:20:00|MG|381.0|BRUMADINHO|Não guardar distância de segurança|Colisão lateral|Sem Vítimas|Pleno dia|Céu Claro|5|0|0|0
274477|2020-03-10|terça-feira|12:55:00|RS|470.0|BENTO GONCALVES|Falta de Atenção à Condução|Colisão transversal|Com Vítimas Feridas|Pleno dia|Céu Claro|3|0|3|0
274479|2020-03-10|terça-feira|11:30:00|BA|116.0|FEIRA DE SANTANA|Desobediência às normas de trânsito pelo condutor|Colisão frontal|Com Vítimas Feridas|Pleno dia|Nublado|2|0|1|0
274480|2020-03-10|terça-feira|11:30:00|MG|116.0|UBAPORANGA|Velocidade Incompatível|Colisão com objeto estático|Com Vítimas Feridas|Pleno dia|Sol|1|0|0|1
274481|2020-03-10|terça-feira|13:30:00|SC|280.0|SAO FRANCISCO DO SUL|Falta de Atenção à Condução|Colisão traseira|Com Vítimas Feridas|Pleno dia|Céu Claro|3|0|2|0
274482|2020-03-10|terça-feira|13:13:00|SP|116.0|GUARULHOS|Desobediência às normas de trânsito pelo condutor|Colisão traseira|Com Vítimas Feridas|Pleno dia|Céu Claro|2|0|1|0
274483|2020-02-29|sábado|21:25:00|GO|364.0|MINEIROS|Defeito Mecânico no Veículo|Incêndio|Sem Vítimas|Plena Noite|Céu Claro|73|0|0|0
274484|2020-03-10|terça-feira|13:10:00|SP|459.0|LORENA|Desobediência às normas de trânsito pelo condutor|Colisão transversal|Com Vítimas Feridas|Pleno dia|Céu Claro|2|0|2|0
274486|2020-03-10|terça-feira|07:30:00|RJ|356.0|CARDOSO MOREIRA|Desobediência às normas de trânsito pelo condutor|Colisão lateral|Com Vítimas Feridas|Pleno dia|Céu Claro|2|0|0|1
274488|2020-03-10|terça-feira|10:00:00|SC|282.0|VARGEM BONITA|Defeito Mecânico no Veículo|Queda de ocupante de veículo|Com Vítimas Feridas|Pleno dia|Céu Claro|2|0|0|1
274490|2020-03-10|terça-feira|14:20:00|RJ|393.0|VASSOURAS|Falta de Atenção à Condução|Colisão transversal|Com Vítimas Feridas|Pleno dia|Sol|2|0|1|0
274491|2020-03-10|terça-feira|14:00:00|RS|290.0|ALEGRETE|Falta de Atenção à Condução|Colisão transversal|Com Vítimas Feridas|Pleno dia|Céu Claro|2|0|1|0
274492|2020-03-10|terça-feira|13:30:00|SC|163.0|SAO JOSE DO CEDRO|Falta de Atenção à Condução|Colisão transversal|Com Vítimas Feridas|Pleno dia|Céu Claro|3|0|1|1
274493|2020-03-10|terça-feira|09:15:00|PR|376.0|APUCARANA|Desobediência às normas de trânsito pelo condutor|Colisão frontal|Com Vítimas Feridas|Pleno dia|Céu Claro|2|0|1|0
274494|2020-02-28|sexta-feira|10:15:00|BA|101.0|SAO GONCALO DOS CAMPOS|Mal Súbito|Colisão frontal|Com Vítimas Feridas|Pleno dia|Sol|4|0|1|1
274495|2020-03-10|terça-feira|13:36:00|SE|101.0|NOSSA SENHORA DO SOCORRO|Falta de Atenção à Condução|Colisão traseira|Sem Vítimas|Pleno dia|Céu Claro|3|0|0|0
274496|2020-03-05|quinta-feira|06:30:00|PR|116.0|CAMPINA GRANDE DO SUL|Falta de Atenção à Condução|Colisão com objeto estático|Com Vítimas Feridas|Amanhecer|Céu Claro|1|0|1|0
274498|2020-03-10|terça-feira|14:30:00|SC|101.0|PALHOCA|Falta de Atenção à Condução|Colisão traseira|Com Vítimas Feridas|Pleno dia|Sol|2|0|1|0
274499|2020-03-10|terça-feira|14:15:00|MG|365.0|UBERLANDIA|Falta de Atenção à Condução|Colisão transversal|Com Vítimas Feridas|Pleno dia|Nublado|2|0|1|0
274500|2020-03-10|terça-feira|14:25:00|PR|376.0|MARINGA|Falta de Atenção à Condução|Colisão com objeto estático|Com Vítimas Feridas|Pleno dia|Sol|1|0|1|0
274501|2020-03-10|terça-feira|15:00:00|SP|381.0|BRAGANCA PAULISTA|Ultrapassagem Indevida|Saída de leito carroçável|Sem Vítimas|Pleno dia|Sol|1|0|0|0
274502|2020-03-10|terça-feira|14:20:00|MG|40.0|NOVA LIMA|Pista Escorregadia|Queda de ocupante de veículo|Com Vítimas Feridas|Pleno dia|Chuva|1|0|1|0
274503|2020-02-26|quarta-feira|15:50:00|ES|259.0|COLATINA|Desobediência às normas de trânsito pelo condutor|Colisão transversal|Com Vítimas Feridas|Pleno dia|Céu Claro|3|0|2|0
274504|2020-03-10|terça-feira|14:50:00|SC|101.0|PALHOCA|Defeito Mecânico no Veículo|Tombamento|Com Vítimas Feridas|Pleno dia|Sol|2|0|2|0
274506|2020-03-10|terça-feira|12:35:00|MT|163.0|NOVA MUTUM|Falta de Atenção à Condução|Saída de leito carroçável|Com Vítimas Feridas|Pleno dia|Céu Claro|1|0|1|0
274507|2020-03-10|terça-feira|14:00:00|RS|158.0|SANTA MARIA|Mal Súbito|Colisão transversal|Com Vítimas Feridas|Pleno dia|Céu Claro|2|0|1|0
274508|2020-03-10|terça-feira|13:40:00|MG|40.0|CONTAGEM|Não guardar distância de segurança|Colisão traseira|Com Vítimas Feridas|Pleno dia|Céu Claro|2|0|1|0
274509|2020-03-10|terça-feira|13:20:00|RS|392.0|RIO GRANDE|Desobediência às normas de trânsito pelo condutor|Colisão transversal|Com Vítimas Feridas|Pleno dia|Chuva|2|0|1|0
274510|2020-03-10|terça-feira|14:50:00|PR|369.0|LONDRINA|Desobediência às normas de trânsito pelo condutor|Colisão lateral|Com Vítimas Feridas|Pleno dia|Céu Claro|2|0|1|0
274511|2020-03-10|terça-feira|14:30:00|SC|101.0|SAO JOSE|Falta de Atenção à Condução|Colisão transversal|Com Vítimas Feridas|Pleno dia|Céu Claro|2|0|1|0
274513|2020-03-10|terça-feira|12:20:00|MG|381.0|BOM JESUS DO AMPARO|Desobediência às normas de trânsito pelo condutor|Colisão transversal|Com Vítimas Feridas|Pleno dia|Céu Claro|4|0|4|0
274514|2020-03-10|terça-feira|11:40:00|PR|376.0|SAO JOSE DOS PINHAIS|Falta de Atenção à Condução|Colisão traseira|Com Vítimas Feridas|Pleno dia|Céu Claro|1|0|1|0
274515|2020-03-10|terça-feira|14:45:00|PR|163.0|GUAIRA|Desobediência às normas de trânsito pelo condutor|Colisão transversal|Com Vítimas Feridas|Pleno dia|Céu Claro|3|0|3|0
274516|2020-03-10|terça-feira|13:30:00|MA|135.0|SAO LUIS|Falta de Atenção à Condução|Colisão lateral|Sem Vítimas|Pleno dia|Sol|2|0|0|0
274517|2020-03-10|terça-feira|15:00:00|DF|70.0|BRASILIA|Avarias e/ou desgaste excessivo no pneu|Saída de leito carroçável|Com Vítimas Feridas|Pleno dia|Chuva|1|0|1|0
274518|2020-03-10|terça-feira|15:10:00|SC|101.0|BALNEARIO CAMBORIU|Falta de Atenção à Condução|Colisão traseira|Com Vítimas Feridas|Pleno dia|Sol|2|0|0|1
274519|2020-03-10|terça-feira|14:10:00|BA|110.0|CATU|Pista Escorregadia|Saída de leito carroçável|Sem Vítimas|Pleno dia|Chuva|1|0|0|0
274520|2020-03-09|segunda-feira|12:00:00|TO|153.0|TALISMA|Defeito na Via|Tombamento|Sem Vítimas|Pleno dia|Céu Claro|1|0|0|0
274521|2020-03-10|terça-feira|15:00:00|RJ|40.0|DUQUE DE CAXIAS|Condutor Dormindo|Colisão traseira|Com Vítimas Feridas|Pleno dia|Céu Claro|3|0|1|1
274522|2020-03-10|terça-feira|11:30:00|TO|242.0|GURUPI|Sinalização da via insuficiente ou inadequada|Engavetamento|Com Vítimas Feridas|Pleno dia|Chuva|4|0|1|0
274523|2020-03-10|terça-feira|14:15:00|RJ|101.0|CASIMIRO DE ABREU|Defeito Mecânico no Veículo|Tombamento|Com Vítimas Fatais|Pleno dia|Céu Claro|1|1|0|0
274524|2020-03-10|terça-feira|11:50:00|MT|70.0|PRIMAVERA DO LESTE|Falta de Atenção à Condução|Colisão lateral|Com Vítimas Feridas|Pleno dia|Céu Claro|2|0|2|0
274525|2020-03-10|terça-feira|16:21:00|BA|101.0|MUCURI|Desobediência às normas de trânsito pelo condutor|Colisão frontal|Com Vítimas Feridas|Pleno dia|Chuva|3|0|1|0
274526|2020-03-10|terça-feira|13:30:00|SC|470.0|AGRONOMICA|Ingestão de Álcool|Tombamento|Com Vítimas Feridas|Pleno dia|Céu Claro|1|0|1|0
274527|2020-03-10|terça-feira|12:10:00|PE|407.0|PETROLINA|Não guardar distância de segurança|Colisão transversal|Com Vítimas Feridas|Pleno dia|Céu Claro|2|0|1|0
274528|2020-03-10|terça-feira|16:50:00|PR|376.0|PONTA GROSSA|Falta de Atenção à Condução|Colisão traseira|Com Vítimas Feridas|Pleno dia|Céu Claro|2|0|1|0
274529|2020-03-10|terça-feira|16:10:00|ES|101.0|SERRA|Falta de Atenção à Condução|Tombamento|Com Vítimas Feridas|Pleno dia|Nublado|2|0|2|0
274530|2020-03-10|terça-feira|15:30:00|MG|381.0|JAGUARACU|Agressão Externa|Colisão com objeto em movimento|Com Vítimas Feridas|Pleno dia|Céu Claro|2|0|0|1
274531|2020-03-09|segunda-feira|23:00:00|PE|428.0|SANTA MARIA DA BOA VISTA|Defeito Mecânico no Veículo|Incêndio|Sem Vítimas|Plena Noite|Céu Claro|1|0|0|0
274532|2020-03-10|terça-feira|16:25:00|ES|262.0|IBATIBA|Falta de Atenção à Condução|Colisão transversal|Sem Vítimas|Pleno dia|Céu Claro|2|0|0|0
274533|2020-03-10|terça-feira|14:30:00|MT|163.0|CLAUDIA|Pista Escorregadia|Saída de leito carroçável|Com Vítimas Feridas|Pleno dia|Chuva|5|0|5|0