id|data_inversa|dia_semana|horario|uf|br|municipio|causa_acidente|tipo_acidente|classificacao_acidente|fase_dia|condicao_metereologica|pessoas|mortos|feridos_leves|feridos_graves
274534|2020-03-10|terça-feira|16:55:00|ES|101.0|LINHARES|Defeito Mecânico no Veículo|Queda de ocupante de veículo|Com Vítimas Feridas|Pleno dia|Nublado|1|0|1|0
274535|2020-03-10|terça-feira|13:15:00|SC|101.0|PORTO BELO|Objeto estático sobre o leito carroçável|Colisão com objeto estático|Com Vítimas Feridas|Pleno dia|Céu Claro|2|0|2|0
274536|2020-03-10|terça-feira|09:20:00|RO|364.0|ARIQUEMES|Defeito na Via|Tombamento|Com Vítimas Feridas|Pleno dia|Chuva|1|0|1|0
274537|2020-03-10|terça-feira|17:15:00|GO|153.0|GOIANIA|Falta de Atenção à Condução|Colisão traseira|Com Vítimas Feridas|Pleno dia|Sol|3|0|2|0
274538|2020-03-10|terça-feira|17:00:00|BA|101.0|ITAMARAJU|Falta de Atenção à Condução|Colisão frontal|Com Vítimas Feridas|Anoitecer|Chuva|2|0|0|1
274539|2020-03-10|terça-feira|17:15:00|SC|101.0|TUBARAO|Desobediência às normas de trânsito pelo condutor|Colisão transversal|Com Vítimas Feridas|Pleno dia|Céu Claro|2|0|1|0
274540|2020-03-10|terça-feira|16:20:00|MG|40.0|ITABIRITO|Desobediência às normas de trânsito pelo condutor|Colisão traseira|Com Vítimas Feridas|Pleno dia|Chuva|3|0|0|1
274541|2020-03-10|terça-feira|17:21:00|GO|60.0|GOIANAPOLIS|Desobediência às normas de trânsito pelo condutor|Queda de ocupante de veículo|Com Vítimas Feridas|Pleno dia|Sol|1|0|1|0
274542|2020-03-10|terça-feira|17:25:00|SC|101.0|SAO JOSE|Não guardar distância de segurança|Colisão lateral|Com Vítimas Feridas|Pleno dia|Sol|3|0|0|1
274543|2020-03-10|terça-feira|17:20:00|MG|365.0|GURINHATA|Falta de Atenção à Condução|Saída de leito carroçável|Com Vítimas Feridas|Pleno dia|Céu Claro|3|0|3|0
274544|2020-03-10|terça-feira|17:20:00|GO|50.0|CATALAO|Agressão Externa|Colisão com objeto em movimento|Com Vítimas Feridas|Pleno dia|Céu Claro|2|0|0|1
274545|2020-03-10|terça-feira|17:30:00|GO|153.0|ANAPOLIS|Defeito Mecânico no Veículo|Tombamento|Com Vítimas Fatais|Pleno dia|Céu Claro|2|1|0|0
274546|2020-03-10|terça-feira|14:58:00|RO|435.0|VILHENA|Falta de Atenção à Condução|Colisão lateral|Com Vítimas Feridas|Pleno dia|Céu Claro|3|0|2|0
274547|2020-03-10|terça-feira|12:25:00|RS|470.0|BENTO GONCALVES|Falta de Atenção à Condução|Colisão lateral|Com Vítimas Feridas|Pleno dia|Céu Claro|2|0|1|0
274548|2020-03-10|terça-feira|17:10:00|RS|116.0|PELOTAS|Falta de Atenção à Condução|Colisão transversal|Com Vítimas Feridas|Pleno dia|Chuva|2|0|1|0
274549|2020-03-10|terça-feira|17:30:00|PR|376.0|PONTA GROSSA|Defeito Mecânico no Veículo|Saída de leito carroçável|Com Vítimas Feridas|Pleno dia|Céu Claro|3|0|2|0
274550|2020-03-10|terça-feira|17:40:00|RS|116.0|SAO LEOPOLDO|Falta de Atenção à Condução|Colisão traseira|Sem Vítimas|Pleno dia|Sol|2|0|0|0
274552|2020-03-07|sábado|07:30:00|MS|163.0|RIO VERDE DE MATO GROSSO|Falta de Atenção à Condução|Colisão com objeto estático|Com Vítimas Feridas|Pleno dia|Céu Claro|1|0|1|0
274553|2020-03-10|terça-feira|14:00:00|PE|116.0|SALGUEIRO|Desobediência às normas de trânsito pelo condutor|Colisão frontal|Com Vítimas Fatais|Pleno dia|Céu Claro|4|2|1|0
274554|2020-03-10|terça-feira|18:30:00|RS|116.0|CANOAS|Desobediência às normas de trânsito pelo condutor|Colisão lateral|Com Vítimas Feridas|Pleno dia|Céu Claro|5|0|2|0
274555|2020-03-10|terça-feira|16:30:00|RJ|116.0|TERESOPOLIS|Falta de Atenção à Condução|Capotamento|Com Vítimas Fatais|Pleno dia|Céu Claro|1|1|0|0
274556|2020-03-10|terça-feira|17:45:00|SC|282.0|PALHOCA|Falta de Atenção à Condução|Colisão traseira|Com Vítimas Feridas|Anoitecer|Céu Claro|2|0|1|0
274557|2020-03-10|terça-feira|18:00:00|SC|282.0|PALHOCA|Falta de Atenção à Condução|Colisão lateral|Com Vítimas Feridas|Anoitecer|Céu Claro|3|0|1|0
274558|2020-03-10|terça-feira|18:55:00|TO|226.0|PALMEIRAS DO TOCANTINS|Defeito na Via|Tombamento|Com Vítimas Feridas|Anoitecer|Céu Claro|1|0|1|0
274559|2020-03-10|terça-feira|18:00:00|AL|104.0|RIO LARGO|Falta de Atenção à Condução|Saída de leito carroçável|Sem Vítimas|Plena Noite|Céu Claro|5|0|0|0
274560|2020-03-08|domingo|19:50:00|RN|304.0|MACAIBA|Defeito Mecânico no Veículo|Saída de leito carroçável|Com Vítimas Feridas|Plena Noite|Céu Claro|2|0|2|0
274561|2020-03-10|terça-feira|16:50:00|MT|70.0|VARZEA GRANDE|Falta de Atenção à Condução|Colisão transversal|Com Vítimas Feridas|Pleno dia|Céu Claro|2|0|1|0
274562|2020-03-10|terça-feira|18:05:00|SC|101.0|JOINVILLE|Falta de Atenção à Condução|Colisão traseira|Com Vítimas Feridas|Anoitecer|Céu Claro|2|0|0|1
274563|2020-03-10|terça-feira|18:45:00|MG|153.0|COMENDADOR GOMES|Restrição de Visibilidade|Saída de leito carroçável|Com Vítimas Feridas|Anoitecer|Chuva|1|0|1|0
274564|2020-03-10|terça-feira|13:30:00|SC|282.0|PINHALZINHO|Não guardar distância de segurança|Colisão traseira|Com Vítimas Feridas|Pleno dia|Céu Claro|2|0|1|0
274565|2020-03-10|terça-feira|18:00:00|SP|116.0|REGISTRO|Falta de Atenção à Condução|Engavetamento|Sem Vítimas|Anoitecer|Céu Claro|3|0|0|0
274566|2020-03-10|terça-feira|17:35:00|PE|101.0|RECIFE|Defeito Mecânico no Veículo|Danos eventuais|Sem Vítimas|Anoitecer|Céu Claro|1|0|0|0
274567|2020-03-10|terça-feira|19:15:00|RS|290.0|GRAVATAI|Não guardar distância de segurança|Colisão lateral|Sem Vítimas|Plena Noite|Céu Claro|5|0|0|0
274568|2020-03-10|terça-feira|13:05:00|SC|470.0|IBIRAMA|Falta de Atenção à Condução|Colisão traseira|Com Vítimas Feridas|Pleno dia|Céu Claro|1|0|1|0
274569|2020-03-10|terça-feira|17:45:00|SC|101.0|PALHOCA|Ingestão de Álcool|Saída de leito carroçável|Com Vítimas Feridas|Anoitecer|Nublado|1|0|1|0
274570|2020-03-10|terça-feira|19:40:00|SP|116.0|GUARULHOS|Falta de Atenção à Condução|Tombamento|Com Vítimas Feridas|Plena Noite|Nublado|1|0|1|0
274571|2020-03-10|terça-feira|18:30:00|RS|116.0|ESTANCIA VELHA|Falta de Atenção à Condução|Colisão transversal|Com Vítimas Feridas|Anoitecer|Céu Claro|3|0|3|0
274572|2020-03-10|terça-feira|11:45:00|BA|116.0|FEIRA DE SANTANA|Ingestão de Álcool|Colisão traseira|Sem Vítimas|Pleno dia|Céu Claro|2|0|0|0
274574|2020-03-10|terça-feira|19:30:00|MT|158.0|AGUA BOA|Deficiência ou não Acionamento do Sistema de Iluminação/Sinalização do Veículo|Colisão traseira|Com Vítimas Feridas|Plena Noite|Céu Claro|2|0|0|1
274575|2020-03-10|terça-feira|19:10:00|ES|101.0|ANCHIETA|Velocidade Incompatível|Tombamento|Sem Vítimas|Plena Noite|Céu Claro|1|0|0|0
274576|2020-03-10|terça-feira|17:30:00|MT|364.0|CUIABA|Falta de Atenção à Condução|Colisão lateral|Com Vítimas Feridas|Anoitecer|Céu Claro|2|0|1|0
274577|2020-03-10|terça-feira|19:35:00|RS|386.0|LAJEADO|Não guardar distância de segurança|Colisão traseira|Com Vítimas Feridas|Plena Noite|Céu Claro|3|0|2|0
274578|2020-03-10|terça-feira|19:30:00|GO|414.0|ANAPOLIS|Mal Súbito|Saída de leito carroçável|Com Vítimas Feridas|Plena Noite|Céu Claro|1|0|1|0
274579|2020-03-10|terça-feira|17:20:00|SC|470.0|BLUMENAU|Falta de Atenção à Condução|Colisão lateral|Com Vítimas Feridas|Pleno dia|Céu Claro|2|0|1|0
274580|2020-03-10|terça-feira|19:30:00|MG|153.0|PRATA|Falta de Atenção do Pedestre|Atropelamento de Pedestre|Com Vítimas Feridas|Plena Noite|Céu Claro|2|0|1|0
274581|2020-03-10|terça-feira|16:30:00|SC|282.0|PONTE SERRADA|Velocidade Incompatível|Queda de ocupante de veículo|Com Vítimas Feridas|Pleno dia|Céu Claro|1|0|1|0
274582|2020-03-10|terça-feira|10:15:00|RJ|393.0|PARAIBA DO SUL|Desobediência às normas de trânsito pelo condutor|Colisão frontal|Com Vítimas Feridas|Pleno dia|Sol|2|0|1|0
274583|2020-03-10|terça-feira|19:50:00|CE|116.0|FORTALEZA|Falta de Atenção à Condução|Colisão traseira|Com Vítimas Feridas|Plena Noite|Ignorado|2|0|1|0
274584|2020-03-10|terça-feira|20:10:00|ES|262.0|IBATIBA|Falta de Atenção à Condução|Colisão traseira|Com Vítimas Feridas|Plena Noite|Nublado|2|0|1|0
274585|2020-03-10|terça-feira|16:15:00|SC|280.0|IRINEOPOLIS|Falta de Atenção à Condução|Colisão transversal|Com Vítimas Feridas|Pleno dia|Sol|2|0|2|0
274586|2020-03-10|terça-feira|20:15:00|SC|101.0|ITAJAI|Falta de Atenção à Condução|Tombamento|Com Vítimas Feridas|Plena Noite|Céu Claro|2|0|1|1
274587|2020-03-10|terça-feira|18:30:00|RJ|101.0|RIO DE JANEIRO|Não guardar distância de segurança|Colisão traseira|Com Vítimas Feridas|Anoitecer|Céu Claro|3|0|2|0
274589|2020-03-10|terça-feira|20:50:00|SP|116.0|GUARULHOS|Desobediência às normas de trânsito pelo condutor|Colisão lateral|Com Vítimas Feridas|Plena Noite|Céu Claro|2|0|1|0
274590|2020-03-10|terça-feira|18:45:00|MT|364.0|SANTO ANTONIO DO LEVERGER|Defeito Mecânico no Veículo|Tombamento|Com Vítimas Feridas|Plena Noite|Ignorado|1|0|0|1
274592|2020-03-10|terça-feira|20:00:00|BA|324.0|AMELIA RODRIGUES|Mal Súbito|Colisão com objeto estático|Com Vítimas Feridas|Plena Noite|Nublado|1|0|1|0
274593|2020-03-10|terça-feira|19:50:00|CE|116.0|ITAITINGA|Não guardar distância de segurança|Colisão traseira|Com Vítimas Feridas|Plena Noite|Nublado|3|0|1|0
274594|2020-03-10|terça-feira|18:00:00|SC|282.0|NOVA ITABERABA|Falta de Atenção à Condução|Colisão frontal|Com Vítimas Fatais|Pleno dia|Sol|3|1|0|0
274595|2020-03-10|terça-feira|20:20:00|MS|60.0|SIDROLANDIA|Condutor Dormindo|Saída de leito carroçável|Com Vítimas Feridas|Plena Noite|Céu Claro|1|0|0|1
274596|2020-03-10|terça-feira|21:00:00|SP|381.0|ATIBAIA|Desobediência às normas de trânsito pelo pedestre|Atropelamento de Pedestre|Com Vítimas Feridas|Plena Noite|Céu Claro|2|0|0|1
274597|2020-03-10|terça-feira|19:40:00|RJ|116.0|RESENDE|Falta de Atenção à Condução|Colisão lateral|Sem Vítimas|Plena Noite|Nublado|2|0|0|0
274598|2020-03-10|terça-feira|20:30:00|MG|116.0|MURIAE|Falta de Atenção à Condução|Colisão transversal|Com Vítimas Feridas|Plena Noite|Ignorado|2|0|1|0
274600|2020-03-10|terça-feira|20:00:00|PR|277.0|VIRMOND|Desobediência às normas de trânsito pelo condutor|Colisão traseira|Com Vítimas Feridas|Plena Noite|Céu Claro|2|0|0|1
274601|2020-03-10|terça-feira|22:10:00|SP|116.0|EMBU DAS ARTES|Falta de Atenção à Condução|Atropelamento de Pedestre|Com Vítimas Feridas|Plena Noite|Céu Claro|2|0|0|1
274602|2020-03-10|terça-feira|13:30:00|MG|251.0|PADRE CARVALHO|Falta de Atenção à Condução|Colisão transversal|Com Vítimas Feridas|Pleno dia|Céu Claro|1|0|0|1
274603|2020-03-10|terça-feira|20:00:00|SC|163.0|GUARUJA DO SUL|Desobediência às normas de trânsito pelo condutor|Colisão lateral|Com Vítimas Feridas|Plena Noite|Céu Claro|7|0|3|1
274604|2020-03-10|terça-feira|21:15:00|RJ|40.0|AREAL|Condutor Dormindo|Tombamento|Com Vítimas Feridas|Plena Noite|Céu Claro|1|0|1|0
274605|2020-03-10|terça-feira|18:30:00|RJ|101.0|CAMPOS DOS GOYTACAZES|Falta de Atenção à Condução|Colisão com objeto em movimento|Com Vítimas Feridas|Anoitecer|Céu Claro|1|0|0|1
274606|2020-03-10|terça-feira|20:00:00|GO|158.0|JATAI|Ingestão de Álcool|Queda de ocupante de veículo|Com Vítimas Feridas|Plena Noite|Céu Claro|1|0|1|0
274607|2020-03-10|terça-feira|14:20:00|AC|364.0|RIO BRANCO|Defeito na Via|Colisão com objeto estático|Sem Vítimas|Pleno dia|Céu Claro|1|0|0|0
274608|2020-03-10|terça-feira|22:25:00|PR|376.0|MARINGA|Ingestão de Álcool|Colisão traseira|Com Vítimas Feridas|Plena Noite|Céu Claro|3|0|1|0
274609|2020-03-10|terça-feira|21:20:00|RS|116.0|SAO MARCOS|Velocidade Incompatível|Tombamento|Com Vítimas Feridas|Plena Noite|Céu Claro|1|0|1|0
274610|2020-03-10|terça-feira|23:00:00|GO|60.0|ANAPOLIS|Ingestão de Álcool|Saída de leito carroçável|Com Vítimas Feridas|Plena Noite|Céu Claro|1|0|1|0
274611|2020-03-10|terça-feira|23:10:00|SC|101.0|JOINVILLE|Defeito Mecânico no Veículo|Colisão transversal|Com Vítimas Feridas|Plena Noite|Céu Claro|2|0|1|0
274612|2020-03-10|terça-feira|21:40:00|PR|277.0|GUARAPUAVA|Ingestão de Álcool|Colisão traseira|Com Vítimas Feridas|Plena Noite|Céu Claro|2|0|1|0
274614|2020-03-10|terça-feira|17:50:00|PI|230.0|FLORIANO|Defeito Mecânico no Veículo|Danos eventuais|Sem Vítimas|Plena Noite|Céu Claro|1|0|0|0
274615|2020-03-10|terça-feira|23:30:00|CE|122.0|IBARETAMA|Animais na Pista|Atropelamento de Animal|Sem Vítimas|Plena Noite|Céu Claro|3|0|0|0
274616|2020-03-11|quarta-feira|00:10:00|BA|324.0|CANDEIAS|Falta de Atenção à Condução|Tombamento|Sem Vítimas|Pleno dia|Céu Claro|1|0|0|0
274617|2020-03-10|terça-feira|17:00:00|MT|70.0|GENERAL CARNEIRO|Falta de Atenção à Condução|Colisão lateral|Sem Vítimas|Anoitecer|Céu Claro|3|0|0|0
274618|2020-03-11|quarta-feira|00:30:00|PI|343.0|PARNAIBA|Desobediência às normas de trânsito pelo condutor|Tombamento|Com Vítimas Feridas|Plena Noite|Céu Claro|1|0|0|1
274619|2020-03-10|terça-feira|17:20:00|PR|376.0|MAUA DA SERRA|Carga excessiva e/ou mal acondicionada|Colisão lateral|Sem Vítimas|Anoitecer|Céu Claro|3|0|0|0
274620|2020-03-11|quarta-feira|00:40:00|SP|116.0|GUARATINGUETA|Falta de Atenção à Condução|Colisão com objeto estático|Com Vítimas Feridas|Plena Noite|Nublado|1|0|0|1
274621|2020-03-11|quarta-feira|02:00:00|TO|153.0|ARAGUAINA|Condutor Dormindo|Saída de leito carroçável|Sem Vítimas|Plena Noite|Nublado|3|0|0|0
274623|2020-03-11|quarta-feira|00:40:00|MG|381.0|SAO GONCALO DO RIO ABAIXO|Condutor Dormindo|Colisão com objeto estático|Com Vítimas Feridas|Plena Noite|Céu Claro|4|0|3|1
274624|2020-03-11|quarta-feira|02:00:00|SP|116.0|LAVRINHAS|Condutor Dormindo|Colisão traseira|Com Vítimas Feridas|Plena Noite|Céu Claro|2|0|0|1
274625|2020-03-11|quarta-feira|00:50:00|ES|101.0|SERRA|Velocidade Incompatível|Tombamento|Sem Vítimas|Plena Noite|Nublado|1|0|0|0
274626|2020-03-11|quarta-feira|03:30:00|PR|376.0|PONTA GROSSA|Velocidade Incompatível|Capotamento|Sem Vítimas|Plena Noite|Céu Claro|1|0|0|0
274627|2020-03-11|quarta-feira|03:40:00|PE|101.0|IGARASSU|Falta de Atenção do Pedestre|Atropelamento de Pedestre|Sem Vítimas|Plena Noite|Céu Claro|3|0|0|0
274628|2020-03-11|quarta-feira|03:55:00|MG|267.0|LIMA DUARTE|Condutor Dormindo|Saída de leito carroçável|Com Vítimas Feridas|Plena Noite|Céu Claro|2|0|2|0
274629|2020-03-11|quarta-feira|03:10:00|SC|280.0|SAO BENTO DO SUL|Condutor Dormindo|Saída de leito carroçável|Com Vítimas Fatais|Plena Noite|Céu Claro|3|2|1|0
274630|2020-03-11|quarta-feira|04:01:00|RS|290.0|ELDORADO DO SUL|Ingestão de Álcool|Colisão traseira|Com Vítimas Feridas|Plena Noite|Céu Claro|2|0|1|0
274631|2020-03-11|quarta-feira|04:20:00|PR|116.0|QUATRO BARRAS|Condutor Dormindo|Saída de leito carroçável|Com Vítimas Feridas|Plena Noite|Céu Claro|1|0|1|0
274632|2020-03-11|quarta-feira|05:35:00|SC|470.0|INDAIAL|Velocidade Incompatível|Colisão traseira|Com Vítimas Feridas|Plena Noite|Céu Claro|2|0|1|0
274633|2020-03-11|quarta-feira|05:55:00|SC|470.0|INDAIAL|Falta de Atenção à Condução|Saída de leito carroçável|Com Vítimas Feridas|Pleno dia|Nublado|1|0|1|0
274634|2020-03-10|terça-feira|18:40:00|MG|262.0|BOM DESPACHO|Restrição de Visibilidade|Colisão transversal|Com Vítimas Feridas|Plena Noite|Céu Claro|3|0|1|0
274635|2020-03-11|quarta-feira|06:00:00|SC|470.0|BLUMENAU|Falta de Atenção à Condução|Colisão com objeto estático|Com Vítimas Feridas|Amanhecer|Nublado|1|0|1|0
274636|2020-03-11|quarta-feira|05:10:00|PB|230.0|CAMPINA GRANDE|Falta de Atenção à Condução|Colisão transversal|Com Vítimas Feridas|Amanhecer|Céu Claro|2|0|1|1
274637|2020-03-11|quarta-feira|06:20:00|MG|381.0|BETIM|Defeito Mecânico no Veículo|Incêndio|Com Vítimas Feridas|Amanhecer|Céu Claro|2|0|1|0
274638|2020-03-11|quarta-feira|06:10:00|MG|262.0|JUATUBA|Mal Súbito|Colisão traseira|Com Vítimas Feridas|Pleno dia|Céu Claro|2|0|1|0
274639|2020-03-11|quarta-feira|06:30:00|RS|116.0|CAXIAS DO SUL|Velocidade Incompatível|Tombamento|Com Vítimas Feridas|Amanhecer|Céu Claro|1|0|0|1
274640|2020-03-11|quarta-feira|05:00:00|MG|381.0|ANTONIO DIAS|Restrição de Visibilidade|Saída de leito carroçável|Com Vítimas Feridas|Amanhecer|Céu Claro|3|0|0|1
274641|2020-03-11|quarta-feira|07:00:00|SC|470.0|INDAIAL|Falta de Atenção à Condução|Colisão traseira|Com Vítimas Feridas|Pleno dia|Nublado|2|0|1|0
274642|2020-03-11|quarta-feira|01:15:00|RS|116.0|CAMAQUA|Defeito Mecânico no Veículo|Incêndio|Sem Vítimas|Plena Noite|Nublado|1|0|0|0
274643|2020-03-11|quarta-feira|07:10:00|GO|153.0|APARECIDA DE GOIANIA|Falta de Atenção à Condução|Colisão lateral|Com Vítimas Feridas|Pleno dia|Céu Claro|2|0|1|0
274644|2020-03-11|quarta-feira|07:00:00|PR|369.0|LONDRINA|Falta de Atenção à Condução|Colisão lateral|Com Vítimas Feridas|Pleno dia|Céu Claro|2|0|1|0
274645|2020-03-11|quarta-feira|07:15:00|SP|116.0|SAO JOSE DOS CAMPOS|Falta de Atenção à Condução|Colisão lateral|Sem Vítimas|Pleno dia|Céu Claro|3|0|0|0
274646|2020-03-11|quarta-feira|07:40:00|PR|476.0|CURITIBA|Falta de Atenção à Condução|Colisão lateral|Com Vítimas Feridas|Pleno dia|Céu Claro|2|0|1|0
274647|2020-03-11|quarta-feira|07:10:00|RJ|393.0|SAPUCAIA|Falta de Atenção à Condução|Tombamento|Com Vítimas Feridas|Pleno dia|Céu Claro|1|0|1|0
274648|2020-03-11|quarta-feira|06:50:00|ES|101.0|VIANA|Falta de Atenção à Condução|Colisão lateral|Com Vítimas Feridas|Pleno dia|Sol|2|0|1|0
274649|2020-03-11|quarta-feira|07:40:00|RJ|116.0|NOVA IGUACU|Falta de Atenção à Condução|Colisão traseira|Com Vítimas Feridas|Pleno dia|Céu Claro|4|0|1|0
274650|2020-03-11|quarta-feira|07:20:00|BA|116.0|FEIRA DE SANTANA|Objeto estático sobre o leito carroçável|Queda de ocupante de veículo|Com Vítimas Feridas|Pleno dia|Céu Claro|1|0|1|0
274651|2020-03-08|domingo|01:50:00|RJ|101.0|ITAGUAI|Ingestão de Álcool|Colisão com objeto estático|Com Vítimas Feridas|Plena Noite|Nublado|1|0|0|1
274653|2020-03-11|quarta-feira|08:10:00|RS|480.0|ERECHIM|Desobediência às normas de trânsito pelo condutor|Colisão transversal|Com Vítimas Feridas|Pleno dia|Sol|3|0|1|0
274654|2020-03-11|quarta-feira|05:00:00|SC|101.0|JOINVILLE|Velocidade Incompatível|Colisão traseira|Com Vítimas Fatais|Plena Noite|Nublado|4|1|0|1
274655|2020-03-11|quarta-feira|08:00:00|RS|116.0|CAXIAS DO SUL|Falta de Atenção do Pedestre|Atropelamento de Pedestre|Com Vítimas Feridas|Pleno dia|Sol|2|0|0|1
274656|2020-03-11|quarta-feira|07:40:00|DF|20.0|BRASILIA|Desobediência às normas de trânsito pelo condutor|Colisão traseira|Com Vítimas Feridas|Pleno dia|Céu Claro|2|0|0|1
274657|2020-03-11|quarta-feira|07:40:00|PI|343.0|PARNAIBA|Falta de Atenção à Condução|Colisão lateral|Sem Vítimas|Pleno dia|Nublado|3|0|0|0
274658|2020-03-11|quarta-feira|08:20:00|MG|381.0|ITAGUARA|Falta de Atenção à Condução|Saída de leito carroçável|Com Vítimas Feridas|Pleno dia|Céu Claro|2|0|1|0
274659|2020-03-11|quarta-feira|07:45:00|PR|277.0|PARANAGUA|Falta de Atenção à Condução|Colisão lateral|Com Vítimas Feridas|Amanhecer|Céu Claro|2|0|1|0
274660|2020-03-11|quarta-feira|07:10:00|BA|324.0|SALVADOR|Falta de Atenção à Condução|Colisão lateral|Com Vítimas Feridas|Pleno dia|Céu Claro|2|0|1|0
274661|2020-03-11|quarta-feira|08:05:00|GO|40.0|VALPARAISO DE GOIAS|Falta de Atenção à Condução|Colisão transversal|Com Vítimas Feridas|Pleno dia|Céu Claro|3|0|1|0
274662|2020-03-11|quarta-feira|08:00:00|PR|277.0|CURITIBA|Falta de Atenção à Condução|Colisão lateral|Com Vítimas Feridas|Pleno dia|Céu Claro|2|0|1|0
274663|2020-03-11|quarta-feira|08:25:00|MG|381.0|ITAPEVA|Velocidade Incompatível|Tombamento|Com Vítimas Feridas|Pleno dia|Céu Claro|1|0|0|1
274664|2020-01-27|segunda-feira|10:40:00|BA|101.0|ITAGIMIRIM|Falta de Atenção à Condução|Colisão traseira|Com Vítimas Feridas|Pleno dia|Céu Claro|3|0|1|0
274665|2020-03-11|quarta-feira|02:00:00|RJ|40.0|COMENDADOR LEVY GASPARIAN|Falta de Atenção à Condução|Saída de leito carroçável|Com Vítimas Feridas|Plena Noite|Céu Claro|1|0|1|0
274666|2020-02-01|sábado|17:15:00|GO|153.0|PORANGATU|Ultrapassagem Indevida|Colisão frontal|Com Vítimas Fatais|Pleno dia|Sol|61|3|26|4
274667|2020-03-11|quarta-feira|05:40:00|MG|381.0|NAQUE|Falta de Atenção à Condução|Saída de leito carroçável|Com Vítimas Feridas|Pleno dia|Céu Claro|1|0|1|0
274668|2020-03-11|quarta-feira|08:40:00|CE|116.0|FORTALEZA|Não guardar distância de segurança|Colisão traseira|Com Vítimas Feridas|Pleno dia|Chuva|3|0|1|0
274669|2020-03-11|quarta-feira|08:20:00|GO|153.0|JARAGUA|Velocidade Incompatível|Colisão frontal|Com Vítimas Feridas|Pleno dia|Céu Claro|3|0|0|1
274671|2020-03-11|quarta-feira|08:50:00|RS|392.0|CANGUCU|Falta de Atenção à Condução|Saída de leito carroçável|Com Vítimas Feridas|Pleno dia|Céu Claro|1|0|1|0
274672|2020-03-11|quarta-feira|08:50:00|SC|101.0|PALHOCA|Desobediência às normas de trânsito pelo condutor|Colisão lateral|Com Vítimas Feridas|Pleno dia|Céu Claro|2|0|1|0
274673|2020-03-11|quarta-feira|09:10:00|PB|101.0|SANTA RITA|Velocidade Incompatível|Saída de leito carroçável|Com Vítimas Feridas|Pleno dia|Sol|1|0|0|1
274674|2020-03-11|quarta-feira|09:00:00|PE|101.0|IGARASSU|Defeito Mecânico no Veículo|Colisão lateral|Sem Vítimas|Pleno dia|Chuva|3|0|0|0
274676|2020-03-11|quarta-feira|08:45:00|RJ|116.0|TERESOPOLIS|Defeito Mecânico no Veículo|Incêndio|Sem Vítimas|Pleno dia|Céu Claro|2|0|0|0
274677|2020-03-11|quarta-feira|08:30:00|MT|70.0|VARZEA GRANDE|Falta de Atenção à Condução|Colisão transversal|Com Vítimas Feridas|Pleno dia|Céu Claro|3|0|1|0
274678|2020-03-11|quarta-feira|09:32:00|SP|116.0|SAO PAULO|Não guardar distância de segurança|Colisão traseira|Com Vítimas Feridas|Pleno dia|Céu Claro|2|0|1|0
274679|2020-03-05|quinta-feira|15:20:00|MT|364.0|JUSCIMEIRA|Falta de Atenção à Condução|Queda de ocupante de veículo|Com Vítimas Feridas|Pleno dia|Céu Claro|3|0|1|1
274681|2020-03-11|quarta-feira|08:15:00|BA|242.0|CRISTOPOLIS|Pista Escorregadia|Capotamento|Com Vítimas Feridas|Pleno dia|Chuva|1|0|1|0
274683|2020-02-21|sexta-feira|00:15:00|MG|50.0|UBERLANDIA|Falta de Atenção à Condução|Capotamento|Com Vítimas Feridas|Plena Noite|Vento|1|0|0|1
274684|2020-03-11|quarta-feira|07:20:00|SC|101.0|JOINVILLE|Desobediência às normas de trânsito pelo condutor|Queda de ocupante de veículo|Com Vítimas Feridas|Pleno dia|Céu Claro|1|0|1|0
274685|2020-03-11|quarta-feira|10:30:00|PA|316.0|CASTANHAL|Desobediência às normas de trânsito pelo condutor|Colisão lateral|Com Vítimas Feridas|Pleno dia|Céu Claro|2|0|1|0
274686|2020-03-11|quarta-feira|09:10:00|RO|364.0|VILHENA|Falta de Atenção à Condução|Atropelamento de Pedestre|Com Vítimas Feridas|Pleno dia|Nublado|2|0|1|0
274687|2020-03-11|quarta-feira|10:15:00|MG|365.0|CANAPOLIS|Velocidade Incompatível|Colisão frontal|Com Vítimas Fatais|Pleno dia|Sol|7|1|3|0
274688|2020-03-11|quarta-feira|07:16:00|SC|280.0|CORUPA|Falta de Atenção à Condução|Colisão transversal|Com Vítimas Feridas|Pleno dia|Céu Claro|2|0|1|0
274689|2020-03-11|quarta-feira|10:00:00|SC|101.0|ARAQUARI|Desobediência às normas de trânsito pelo condutor|Atropelamento de Pedestre|Com Vítimas Feridas|Pleno dia|Céu Claro|2|0|1|0
274690|2020-03-11|quarta-feira|09:18:00|MT|364.0|RONDONOPOLIS|Desobediência às normas de trânsito pelo condutor|Colisão transversal|Com Vítimas Feridas|Pleno dia|Sol|2|0|1|0
274691|2020-03-11|quarta-feira|07:50:00|RS|290.0|SANTA MARGARIDA DO SUL|Defeito Mecânico no Veículo|Colisão frontal|Com Vítimas Fatais|Pleno dia|Céu Claro|2|1|0|0
274692|2020-03-11|quarta-feira|08:30:00|BA|242.0|CRISTOPOLIS|Pista Escorregadia|Tombamento|Com Vítimas Feridas|Pleno dia|Nublado|1|0|1|0
274693|2020-03-11|quarta-feira|10:20:00|RJ|40.0|TRES RIOS|Falta de Atenção à Condução|Atropelamento de Pedestre|Com Vítimas Feridas|Pleno dia|Sol|2|0|0|1