id|data_inversa|dia_semana|horario|uf|br|municipio|causa_acidente|tipo_acidente|classificacao_acidente|fase_dia|condicao_metereologica|pessoas|mortos|feridos_leves|feridos_graves
274851|2020-03-12|quinta-feira|09:20:00|SP|116.0|GUARULHOS|Não guardar distância de segurança|Colisão lateral|Com Vítimas Feridas|Pleno dia|Céu Claro|2|0|2|0
274852|2020-03-12|quinta-feira|09:00:00|RJ|116.0|MAGE|Falta de Atenção à Condução|Colisão traseira|Com Vítimas Feridas|Pleno dia|Sol|2|0|1|0
274853|2020-03-12|quinta-feira|09:30:00|SP|116.0|TABOAO DA SERRA|Falta de Atenção à Condução|Colisão lateral|Com Vítimas Feridas|Pleno dia|Céu Claro|3|0|2|0
274854|2020-03-12|quinta-feira|07:55:00|PR|277.0|GUARAPUAVA|Avarias e/ou desgaste excessivo no pneu|Saída de leito carroçável|Com Vítimas Feridas|Pleno dia|Sol|3|0|3|0
274856|2020-03-12|quinta-feira|09:30:00|RS|116.0|CRISTAL|Falta de Atenção à Condução|Colisão com objeto estático|Sem Vítimas|Pleno dia|Sol|1|0|0|0
274858|2020-03-12|quinta-feira|09:50:00|AL|101.0|PILAR|Desobediência às normas de trânsito pelo condutor|Colisão frontal|Com Vítimas Feridas|Pleno dia|Nublado|5|0|2|0
274859|2020-03-12|quinta-feira|10:00:00|SP|116.0|GUARULHOS|Velocidade Incompatível|Colisão traseira|Com Vítimas Feridas|Pleno dia|Sol|3|0|1|1
274860|2020-03-12|quinta-feira|03:20:00|BA|101.0|ITAMARAJU|Velocidade Incompatível|Saída de leito carroçável|Com Vítimas Fatais|Plena Noite|Chuva|29|2|25|1
274861|2020-03-12|quinta-feira|10:30:00|MG|116.0|TEOFILO OTONI|Falta de Atenção à Condução|Colisão lateral|Sem Vítimas|Pleno dia|Nublado|3|0|0|0
274862|2020-03-11|quarta-feira|06:40:00|PR|476.0|SAO MATEUS DO SUL|Condutor Dormindo|Colisão frontal|Sem Vítimas|Amanhecer|Céu Claro|3|0|0|0
274863|2020-03-12|quinta-feira|11:15:00|ES|101.0|SERRA|Não guardar distância de segurança|Colisão traseira|Com Vítimas Feridas|Pleno dia|Céu Claro|5|0|2|0
274864|2020-03-12|quinta-feira|11:20:00|PR|373.0|PRUDENTOPOLIS|Carga excessiva e/ou mal acondicionada|Saída de leito carroçável|Com Vítimas Feridas|Pleno dia|Sol|1|0|1|0
274865|2020-03-12|quinta-feira|11:25:00|ES|101.0|CARIACICA|Desobediência às normas de trânsito pelo condutor|Colisão lateral|Com Vítimas Feridas|Pleno dia|Nublado|2|0|1|0
274866|2020-03-12|quinta-feira|11:04:00|AL|101.0|MESSIAS|Pista Escorregadia|Saída de leito carroçável|Sem Vítimas|Pleno dia|Chuva|2|0|0|0
274867|2020-03-12|quinta-feira|09:44:00|RJ|101.0|CASIMIRO DE ABREU|Falta de Atenção à Condução|Colisão transversal|Com Vítimas Feridas|Pleno dia|Céu Claro|2|0|0|1
274868|2020-03-12|quinta-feira|11:20:00|PE|101.0|ITAPISSUMA|Falta de Atenção à Condução|Colisão lateral|Sem Vítimas|Pleno dia|Nublado|2|0|0|0
274869|2020-03-12|quinta-feira|10:30:00|PE|232.0|MORENO|Defeito Mecânico no Veículo|Saída de leito carroçável|Sem Vítimas|Pleno dia|Chuva|1|0|0|0
274870|2020-03-12|quinta-feira|11:55:00|GO|60.0|INDIARA|Defeito Mecânico no Veículo|Tombamento|Com Vítimas Feridas|Pleno dia|Céu Claro|1|0|1|0
274871|2020-03-12|quinta-feira|12:20:00|PI|316.0|PICOS|Falta de Atenção à Condução|Colisão com objeto estático|Sem Vítimas|Pleno dia|Céu Claro|1|0|0|0
274872|2020-03-12|quinta-feira|12:12:00|SC|470.0|INDAIAL|Desobediência às normas de trânsito pelo condutor|Colisão transversal|Com Vítimas Feridas|Pleno dia|Céu Claro|2|0|2|0
274873|2020-03-12|quinta-feira|11:50:00|SC|470.0|IBIRAMA|Falta de Atenção à Condução|Colisão traseira|Com Vítimas Feridas|Pleno dia|Céu Claro|2|0|1|0
274874|2020-03-12|quinta-feira|12:30:00|SC|470.0|TROMBUDO CENTRAL|Falta de Atenção à Condução|Colisão lateral|Com Vítimas Fatais|Pleno dia|Céu Claro|2|1|0|0
274875|2020-03-12|quinta-feira|11:45:00|PE|101.0|IGARASSU|Defeito Mecânico no Veículo|Capotamento|Sem Vítimas|Pleno dia|Sol|2|0|0|0
274876|2020-03-12|quinta-feira|12:10:00|PR|476.0|CURITIBA|Falta de Atenção à Condução|Colisão transversal|Com Vítimas Feridas|Pleno dia|Céu Claro|2|0|2|0
274877|2020-03-12|quinta-feira|11:40:00|MT|163.0|LUCAS DO RIO VERDE|Desobediência às normas de trânsito pelo condutor|Colisão transversal|Com Vítimas Feridas|Pleno dia|Céu Claro|2|0|1|0
274879|2020-03-12|quinta-feira|13:00:00|PE|232.0|VITORIA DE SANTO ANTAO|Defeito na Via|Colisão com objeto estático|Com Vítimas Feridas|Pleno dia|Chuva|3|0|1|0
274880|2020-03-12|quinta-feira|10:45:00|SC|101.0|ARARANGUA|Falta de Atenção à Condução|Saída de leito carroçável|Sem Vítimas|Pleno dia|Céu Claro|1|0|0|0
274881|2020-03-12|quinta-feira|11:05:00|TO|153.0|GURUPI|Defeito na Via|Engavetamento|Sem Vítimas|Pleno dia|Céu Claro|3|0|0|0
274882|2020-03-12|quinta-feira|09:30:00|MG|40.0|CONTAGEM|Falta de Atenção à Condução|Colisão lateral|Sem Vítimas|Pleno dia|Céu Claro|2|0|0|0
274883|2020-03-12|quinta-feira|11:45:00|SC|280.0|GUARAMIRIM|Falta de Atenção à Condução|Colisão transversal|Com Vítimas Feridas|Pleno dia|Céu Claro|2|0|1|0
274884|2020-03-12|quinta-feira|11:20:00|MT|70.0|CAMPO VERDE|Falta de Atenção à Condução|Colisão traseira|Com Vítimas Feridas|Pleno dia|Céu Claro|2|0|1|0
274885|2020-03-12|quinta-feira|12:40:00|PR|116.0|SAO JOSE DOS PINHAIS|Falta de Atenção à Condução|Queda de ocupante de veículo|Com Vítimas Feridas|Pleno dia|Céu Claro|1|0|0|1
274886|2020-03-12|quinta-feira|13:10:00|PR|476.0|ARAUCARIA|Falta de Atenção à Condução|Colisão transversal|Com Vítimas Feridas|Pleno dia|Sol|4|0|2|0
274887|2020-03-12|quinta-feira|13:30:00|PE|101.0|IGARASSU|Falta de Atenção à Condução|Saída de leito carroçável|Sem Vítimas|Pleno dia|Nublado|1|0|0|0
274888|2020-03-12|quinta-feira|13:30:00|PE|101.0|JABOATAO DOS GUARARAPES|Falta de Atenção à Condução|Colisão lateral|Com Vítimas Feridas|Pleno dia|Céu Claro|3|0|1|0
274889|2020-03-12|quinta-feira|11:20:00|PR|277.0|PALMEIRA|Desobediência às normas de trânsito pelo condutor|Saída de leito carroçável|Com Vítimas Feridas|Pleno dia|Céu Claro|1|0|0|1
274890|2020-03-12|quinta-feira|14:00:00|RJ|116.0|QUEIMADOS|Falta de Atenção à Condução|Colisão traseira|Com Vítimas Feridas|Pleno dia|Céu Claro|2|0|1|0
274892|2020-03-12|quinta-feira|11:00:00|SC|282.0|LAGES|Desobediência às normas de trânsito pelo condutor|Colisão transversal|Com Vítimas Feridas|Pleno dia|Céu Claro|2|0|1|0
274893|2020-03-12|quinta-feira|14:15:00|BA|242.0|ITABERABA|Falta de Atenção à Condução|Saída de leito carroçável|Com Vítimas Feridas|Pleno dia|Chuva|1|0|0|1
274894|2020-03-12|quinta-feira|14:25:00|SE|101.0|MALHADA DOS BOIS|Falta de Atenção à Condução|Colisão traseira|Com Vítimas Feridas|Pleno dia|Céu Claro|5|0|1|0
274895|2020-03-12|quinta-feira|14:05:00|CE|116.0|JAGUARIBE|Pista Escorregadia|Saída de leito carroçável|Com Vítimas Feridas|Pleno dia|Chuva|1|0|1|0
274897|2020-03-12|quinta-feira|14:20:00|MG|40.0|TRES MARIAS|Desobediência às normas de trânsito pelo condutor|Colisão transversal|Com Vítimas Feridas|Pleno dia|Sol|3|0|0|2
274898|2020-03-12|quinta-feira|12:00:00|RS|386.0|TIO HUGO|Condutor Dormindo|Saída de leito carroçável|Com Vítimas Feridas|Pleno dia|Céu Claro|1|0|0|1
274900|2020-03-12|quinta-feira|12:40:00|SC|101.0|ICARA|Condutor Dormindo|Saída de leito carroçável|Com Vítimas Feridas|Pleno dia|Céu Claro|1|0|1|0
274901|2020-03-12|quinta-feira|15:15:00|SC|101.0|SAO JOSE|Desobediência às normas de trânsito pelo condutor|Colisão traseira|Com Vítimas Feridas|Pleno dia|Céu Claro|2|0|0|1
274902|2020-03-12|quinta-feira|15:04:00|SC|116.0|MAFRA|Defeito Mecânico no Veículo|Incêndio|Sem Vítimas|Pleno dia|Céu Claro|1|0|0|0
274903|2020-03-12|quinta-feira|11:40:00|MS|158.0|PARANAIBA|Falta de Atenção à Condução|Danos eventuais|Sem Vítimas|Pleno dia|Céu Claro|3|0|0|0
274905|2020-03-12|quinta-feira|15:00:00|RJ|101.0|ANGRA DOS REIS|Falta de Atenção à Condução|Colisão transversal|Com Vítimas Feridas|Pleno dia|Nublado|3|0|2|0
274906|2020-03-12|quinta-feira|16:00:00|MG|262.0|SAO DOMINGOS DO PRATA|Condutor Dormindo|Saída de leito carroçável|Com Vítimas Feridas|Pleno dia|Céu Claro|1|0|1|0
274907|2020-03-12|quinta-feira|15:00:00|SC|470.0|RIO DO SUL|Falta de Atenção à Condução|Colisão transversal|Com Vítimas Feridas|Pleno dia|Céu Claro|2|0|1|0
274908|2020-03-12|quinta-feira|16:10:00|GO|70.0|COCALZINHO DE GOIAS|Defeito na Via|Saída de leito carroçável|Com Vítimas Feridas|Pleno dia|Céu Claro|2|0|2|0
274909|2020-03-12|quinta-feira|16:15:00|PR|277.0|FOZ DO IGUACU|Não guardar distância de segurança|Queda de ocupante de veículo|Com Vítimas Feridas|Pleno dia|Céu Claro|1|0|1|0
274911|2020-03-12|quinta-feira|16:35:00|SC|116.0|MAFRA|Falta de Atenção à Condução|Colisão transversal|Com Vítimas Feridas|Pleno dia|Céu Claro|3|0|1|0
274912|2020-03-12|quinta-feira|14:30:00|PR|277.0|CAMPO BONITO|Desobediência às normas de trânsito pelo condutor|Colisão transversal|Com Vítimas Feridas|Pleno dia|Céu Claro|3|0|1|1
274913|2020-03-12|quinta-feira|16:40:00|PB|101.0|PEDRAS DE FOGO|Pista Escorregadia|Saída de leito carroçável|Com Vítimas Feridas|Anoitecer|Chuva|4|0|4|0
274916|2020-03-12|quinta-feira|16:30:00|PE|101.0|RECIFE|Falta de Atenção do Pedestre|Atropelamento de Pedestre|Com Vítimas Feridas|Pleno dia|Céu Claro|2|0|0|1
274917|2020-03-12|quinta-feira|16:30:00|MG|381.0|PERDOES|Condutor Dormindo|Saída de leito carroçável|Com Vítimas Feridas|Pleno dia|Céu Claro|1|0|1|0
274918|2020-03-12|quinta-feira|16:30:00|RJ|101.0|CAMPOS DOS GOYTACAZES|Desobediência às normas de trânsito pelo condutor|Colisão traseira|Com Vítimas Feridas|Pleno dia|Chuva|2|0|1|0
274919|2020-03-12|quinta-feira|16:50:00|SC|101.0|SAO JOSE|Não guardar distância de segurança|Colisão transversal|Com Vítimas Feridas|Pleno dia|Sol|3|0|2|0
274920|2020-03-12|quinta-feira|17:00:00|ES|262.0|VENDA NOVA DO IMIGRANTE|Desobediência às normas de trânsito pelo condutor|Colisão frontal|Com Vítimas Feridas|Pleno dia|Céu Claro|2|0|0|2
274921|2020-03-12|quinta-feira|16:20:00|RJ|40.0|DUQUE DE CAXIAS|Não guardar distância de segurança|Colisão traseira|Com Vítimas Feridas|Pleno dia|Céu Claro|2|0|0|1
274924|2020-03-12|quinta-feira|17:15:00|ES|259.0|COLATINA|Desobediência às normas de trânsito pelo condutor|Colisão transversal|Com Vítimas Feridas|Anoitecer|Céu Claro|2|0|0|1
274925|2020-03-12|quinta-feira|17:39:00|RS|392.0|SANTA MARIA|Falta de Atenção à Condução|Colisão transversal|Com Vítimas Feridas|Pleno dia|Céu Claro|2|0|2|0
274926|2020-03-12|quinta-feira|17:00:00|MG|40.0|FELIXLANDIA|Condutor Dormindo|Saída de leito carroçável|Com Vítimas Feridas|Pleno dia|Sol|2|0|0|2
274927|2020-03-12|quinta-feira|16:50:00|RJ|116.0|TERESOPOLIS|Falta de Atenção à Condução|Colisão transversal|Com Vítimas Feridas|Pleno dia|Nublado|2|0|1|0
274929|2020-03-12|quinta-feira|18:10:00|DF|70.0|BRASILIA|Falta de Atenção do Pedestre|Atropelamento de Pedestre|Com Vítimas Feridas|Anoitecer|Céu Claro|2|0|1|1
274930|2020-03-12|quinta-feira|16:10:00|SC|282.0|HERVAL DOESTE|Defeito Mecânico no Veículo|Saída de leito carroçável|Com Vítimas Feridas|Pleno dia|Céu Claro|1|0|0|1
274931|2020-03-12|quinta-feira|11:30:00|BA|101.0|MARAU|Ultrapassagem Indevida|Colisão transversal|Com Vítimas Fatais|Pleno dia|Chuva|3|1|2|0
274932|2020-03-12|quinta-feira|17:30:00|MG|40.0|SANTOS DUMONT|Falta de Atenção à Condução|Tombamento|Com Vítimas Feridas|Pleno dia|Céu Claro|1|0|0|1
274933|2020-03-12|quinta-feira|18:10:00|PR|376.0|MANDAGUACU|Desobediência às normas de trânsito pelo condutor|Colisão transversal|Com Vítimas Feridas|Plena Noite|Céu Claro|2|0|1|1
274934|2020-03-12|quinta-feira|17:30:00|RJ|393.0|BARRA DO PIRAI|Defeito Mecânico no Veículo|Colisão com objeto estático|Sem Vítimas|Pleno dia|Céu Claro|2|0|0|0
274935|2020-03-12|quinta-feira|18:43:00|SC|101.0|SAO JOSE|Velocidade Incompatível|Colisão traseira|Com Vítimas Feridas|Pleno dia|Céu Claro|2|0|0|1
274936|2020-03-12|quinta-feira|14:55:00|MG|381.0|CAMPANHA|Defeito Mecânico no Veículo|Saída de leito carroçável|Com Vítimas Feridas|Pleno dia|Sol|2|0|2|0
274938|2020-03-12|quinta-feira|10:45:00|PA|316.0|BENEVIDES|Pista Escorregadia|Saída de leito carroçável|Com Vítimas Feridas|Pleno dia|Chuva|1|0|1|0
274939|2020-03-12|quinta-feira|17:05:00|MT|364.0|CUIABA|Velocidade Incompatível|Capotamento|Com Vítimas Feridas|Anoitecer|Céu Claro|1|0|1|0
274940|2020-03-12|quinta-feira|18:15:00|PA|163.0|SANTAREM|Desobediência às normas de trânsito pelo condutor|Colisão transversal|Com Vítimas Feridas|Anoitecer|Céu Claro|2|0|1|0
274941|2020-03-12|quinta-feira|18:50:00|PA|230.0|MARABA|Animais na Pista|Atropelamento de Animal|Com Vítimas Feridas|Plena Noite|Céu Claro|1|0|0|1
274942|2020-03-12|quinta-feira|17:30:00|MT|364.0|JUSCIMEIRA|Falta de Atenção à Condução|Saída de leito carroçável|Com Vítimas Feridas|Anoitecer|Céu Claro|1|0|0|1
274943|2020-03-12|quinta-feira|18:30:00|GO|364.0|JATAI|Defeito na Via|Queda de ocupante de veículo|Com Vítimas Feridas|Anoitecer|Céu Claro|1|0|1|0
274944|2020-03-12|quinta-feira|15:40:00|PR|277.0|FOZ DO IGUACU|Desobediência às normas de trânsito pelo condutor|Colisão com objeto estático|Sem Vítimas|Pleno dia|Céu Claro|1|0|0|0
274945|2020-03-12|quinta-feira|18:45:00|ES|101.0|SAO MATEUS|Desobediência às normas de trânsito pelo condutor|Colisão frontal|Com Vítimas Feridas|Plena Noite|Nublado|2|0|1|0
274946|2020-03-12|quinta-feira|18:30:00|GO|60.0|ACREUNA|Falta de Atenção à Condução|Saída de leito carroçável|Com Vítimas Feridas|Plena Noite|Céu Claro|5|0|4|0
274947|2020-03-12|quinta-feira|19:10:00|PR|369.0|LONDRINA|Defeito Mecânico no Veículo|Tombamento|Com Vítimas Feridas|Plena Noite|Céu Claro|2|0|1|1
274948|2020-03-12|quinta-feira|18:00:00|MT|70.0|VARZEA GRANDE|Desobediência às normas de trânsito pelo condutor|Colisão frontal|Com Vítimas Feridas|Plena Noite|Céu Claro|2|0|1|0
274949|2020-03-12|quinta-feira|16:40:00|SC|470.0|APIUNA|Não guardar distância de segurança|Colisão com objeto estático|Com Vítimas Feridas|Pleno dia|Céu Claro|1|0|1|0
274951|2020-02-25|terça-feira|16:15:00|MG|116.0|LEOPOLDINA|Velocidade Incompatível|Tombamento|Com Vítimas Feridas|Pleno dia|Nublado|2|0|1|1
274952|2020-03-12|quinta-feira|17:45:00|SC|280.0|GUARAMIRIM|Desobediência às normas de trânsito pelo condutor|Colisão transversal|Com Vítimas Feridas|Pleno dia|Nublado|3|0|0|1
274953|2020-03-12|quinta-feira|18:05:00|MT|163.0|SINOP|Avarias e/ou desgaste excessivo no pneu|Tombamento|Com Vítimas Feridas|Anoitecer|Nublado|2|0|2|0
274955|2020-03-12|quinta-feira|18:00:00|PR|376.0|IMBAU|Falta de Atenção à Condução|Saída de leito carroçável|Com Vítimas Feridas|Anoitecer|Céu Claro|1|0|1|0
274956|2020-03-12|quinta-feira|20:00:00|MG|365.0|UBERLANDIA|Falta de Atenção do Pedestre|Atropelamento de Pedestre|Com Vítimas Feridas|Plena Noite|Céu Claro|2|0|0|2
274957|2020-03-12|quinta-feira|19:50:00|PR|369.0|ROLANDIA|Animais na Pista|Atropelamento de Animal|Com Vítimas Feridas|Plena Noite|Nublado|1|0|0|1
274958|2020-03-12|quinta-feira|19:25:00|PR|476.0|COLOMBO|Falta de Atenção do Pedestre|Atropelamento de Pedestre|Com Vítimas Feridas|Plena Noite|Céu Claro|3|0|0|2
274959|2020-03-12|quinta-feira|19:28:00|PR|277.0|PARANAGUA|Não guardar distância de segurança|Colisão lateral|Com Vítimas Feridas|Plena Noite|Céu Claro|2|0|1|0
274960|2020-03-12|quinta-feira|20:10:00|SC|280.0|GUARAMIRIM|Não guardar distância de segurança|Colisão traseira|Com Vítimas Feridas|Plena Noite|Céu Claro|2|0|0|1
274961|2020-03-12|quinta-feira|20:40:00|PR|369.0|ROLANDIA|Ingestão de Álcool|Tombamento|Com Vítimas Feridas|Plena Noite|Céu Claro|1|0|0|1
274963|2020-03-12|quinta-feira|20:30:00|AL|104.0|UNIAO DOS PALMARES|Animais na Pista|Atropelamento de Animal|Com Vítimas Feridas|Plena Noite|Garoa/Chuvisco|2|0|1|0
274964|2020-03-12|quinta-feira|18:00:00|PR|369.0|APUCARANA|Velocidade Incompatível|Tombamento|Com Vítimas Feridas|Pleno dia|Céu Claro|1|0|0|1
274965|2020-03-12|quinta-feira|19:55:00|PR|163.0|MARECHAL CANDIDO RONDON|Desobediência às normas de trânsito pelo condutor|Colisão frontal|Com Vítimas Feridas|Plena Noite|Céu Claro|2|0|0|1
274966|2020-03-12|quinta-feira|14:30:00|MA|135.0|SAO LUIS|Pista Escorregadia|Danos eventuais|Sem Vítimas|Pleno dia|Chuva|1|0|0|0
274967|2020-03-12|quinta-feira|21:40:00|PR|373.0|IMBITUVA|Velocidade Incompatível|Saída de leito carroçável|Com Vítimas Feridas|Plena Noite|Céu Claro|1|0|1|0
274968|2020-03-12|quinta-feira|11:30:00|MT|163.0|LUCAS DO RIO VERDE|Falta de Atenção à Condução|Saída de leito carroçável|Com Vítimas Feridas|Pleno dia|Nublado|3|0|2|0
274969|2020-03-12|quinta-feira|22:00:00|MG|381.0|BETIM|Falta de Atenção à Condução|Colisão traseira|Sem Vítimas|Plena Noite|Céu Claro|3|0|0|0
274970|2020-03-12|quinta-feira|21:45:00|MG|365.0|PATROCINIO|Falta de Atenção à Condução|Colisão lateral|Com Vítimas Feridas|Plena Noite|Céu Claro|2|0|1|0
274971|2020-03-12|quinta-feira|20:30:00|GO|153.0|PIRACANJUBA|Defeito na Via|Saída de leito carroçável|Com Vítimas Feridas|Pleno dia|Céu Claro|1|0|1|0
274972|2020-03-12|quinta-feira|21:45:00|MG|381.0|CONTAGEM|Falta de Atenção à Condução|Colisão com objeto estático|Sem Vítimas|Plena Noite|Céu Claro|1|0|0|0
274973|2020-03-12|quinta-feira|22:20:00|SC|282.0|SAO JOSE|Desobediência às normas de trânsito pelo condutor|Colisão lateral|Com Vítimas Feridas|Plena Noite|Céu Claro|3|0|2|0
274974|2020-03-12|quinta-feira|19:00:00|RJ|40.0|AREAL|Ingestão de Álcool|Atropelamento de Pedestre|Com Vítimas Feridas|Plena Noite|Céu Claro|3|0|0|1
274975|2020-03-12|quinta-feira|22:05:00|MG|116.0|MURIAE|Falta de Atenção à Condução|Tombamento|Com Vítimas Feridas|Plena Noite|Nublado|1|0|1|0
274976|2020-03-12|quinta-feira|22:15:00|TO|153.0|ARAGUAINA|Ingestão de Álcool|Capotamento|Com Vítimas Feridas|Plena Noite|Nublado|1|0|0|1
274978|2020-03-12|quinta-feira|19:15:00|RJ|116.0|BARRA MANSA|Falta de Atenção à Condução|Atropelamento de Pedestre|Com Vítimas Feridas|Plena Noite|Céu Claro|3|0|1|1
274979|2020-03-12|quinta-feira|22:50:00|RJ|116.0|NOVA IGUACU|Não guardar distância de segurança|Tombamento|Com Vítimas Feridas|Plena Noite|Céu Claro|1|0|1|0
274980|2020-03-12|quinta-feira|20:49:00|SC|282.0|CHAPECO|Falta de Atenção à Condução|Colisão frontal|Com Vítimas Feridas|Plena Noite|Céu Claro|2|0|1|0
274981|2020-03-12|quinta-feira|22:50:00|PB|230.0|CABEDELO|Falta de Atenção à Condução|Colisão lateral|Com Vítimas Feridas|Plena Noite|Chuva|3|0|1|1
274982|2020-03-12|quinta-feira|21:00:00|BA|135.0|RIACHAO DAS NEVES|Animais na Pista|Atropelamento de Animal|Sem Vítimas|Plena Noite|Céu Claro|1|0|0|0
274983|2020-03-12|quinta-feira|22:40:00|PR|163.0|LINDOESTE|Condutor Dormindo|Colisão com objeto estático|Com Vítimas Feridas|Plena Noite|Céu Claro|2|0|1|1
274984|2020-03-12|quinta-feira|22:45:00|SC|101.0|SAO JOSE|Falta de Atenção à Condução|Colisão traseira|Com Vítimas Feridas|Plena Noite|Céu Claro|3|0|2|0
274985|2020-03-12|quinta-feira|12:00:00|ES|262.0|CARIACICA|Desobediência às normas de trânsito pelo condutor|Colisão lateral|Com Vítimas Feridas|Pleno dia|Nublado|2|0|1|0
274986|2020-03-12|quinta-feira|23:50:00|CE|403.0|SOBRAL|Condutor Dormindo|Saída de leito carroçável|Com Vítimas Feridas|Plena Noite|Nublado|1|0|1|0
274987|2020-03-12|quinta-feira|22:10:00|PB|230.0|POCINHOS|Ingestão de Álcool|Colisão com objeto estático|Sem Vítimas|Plena Noite|Chuva|2|0|0|0
274988|2020-03-12|quinta-feira|23:40:00|RJ|116.0|DUQUE DE CAXIAS|Avarias e/ou desgaste excessivo no pneu|Tombamento|Sem Vítimas|Plena Noite|Céu Claro|1|0|0|0
274989|2020-03-12|quinta-feira|23:40:00|PA|230.0|MARABA|Pista Escorregadia|Queda de ocupante de veículo|Com Vítimas Feridas|Plena Noite|Chuva|2|0|0|1
274990|2020-03-12|quinta-feira|22:00:00|MG|381.0|SANTO ANTONIO DO AMPARO|Defeito na Via|Tombamento|Sem Vítimas|Plena Noite|Céu Claro|1|0|0|0
274991|2020-03-13|sexta-feira|00:10:00|RS|116.0|SAO LEOPOLDO|Falta de Atenção à Condução|Queda de ocupante de veículo|Com Vítimas Feridas|Plena Noite|Céu Claro|1|0|1|0
274992|2020-03-12|quinta-feira|22:40:00|RS|386.0|MARQUES DE SOUZA|Falta de Atenção à Condução|Colisão frontal|Com Vítimas Fatais|Plena Noite|Céu Claro|3|2|0|0
274993|2020-03-12|quinta-feira|23:45:00|MG|381.0|BETIM|Defeito Mecânico no Veículo|Incêndio|Sem Vítimas|Plena Noite|Céu Claro|1|0|0|0
274994|2020-03-12|quinta-feira|22:30:00|MG|381.0|ANTONIO DIAS|Ingestão de Álcool|Colisão lateral|Com Vítimas Feridas|Plena Noite|Chuva|4|0|2|0
274995|2020-03-13|sexta-feira|01:10:00|PB|101.0|MAMANGUAPE|Ingestão de Álcool|Colisão com objeto estático|Com Vítimas Feridas|Plena Noite|Chuva|1|0|1|0
274996|2020-03-13|sexta-feira|01:30:00|BA|116.0|VITORIA DA CONQUISTA|Falta de Atenção à Condução|Colisão traseira|Com Vítimas Feridas|Plena Noite|Nublado|2|0|0|1
274997|2020-03-13|sexta-feira|01:30:00|RS|470.0|BARRACAO|Falta de Atenção à Condução|Saída de leito carroçável|Com Vítimas Feridas|Plena Noite|Céu Claro|2|0|1|0
274998|2020-03-13|sexta-feira|02:30:00|SC|470.0|NAVEGANTES|Condutor Dormindo|Tombamento|Com Vítimas Feridas|Plena Noite|Céu Claro|1|0|1|0
274999|2020-03-13|sexta-feira|01:30:00|PI|135.0|BOM JESUS|Falta de Atenção do Pedestre|Atropelamento de Pedestre|Com Vítimas Fatais|Plena Noite|Céu Claro|2|1|0|0
275000|2020-03-13|sexta-feira|04:40:00|RJ|116.0|QUEIMADOS|Ingestão de álcool e/ou substâncias psicoativas pelo pedestre|Colisão lateral|Com Vítimas Feridas|Plena Noite|Céu Claro|1|0|1|0
275001|2020-03-13|sexta-feira|04:50:00|DF|40.0|BRASILIA|Ingestão de Álcool|Capotamento|Sem Vítimas|Plena Noite|Nublado|1|0|0|0
275002|2020-03-13|sexta-feira|05:25:00|SC|470.0|BLUMENAU|Falta de Atenção à Condução|Colisão com objeto estático|Com Vítimas Feridas|Plena Noite|Céu Claro|1|0|1|0
275003|2020-03-13|sexta-feira|05:45:00|PR|376.0|SAO JOSE DOS PINHAIS|Falta de Atenção à Condução|Queda de ocupante de veículo|Com Vítimas Feridas|Amanhecer|Nublado|1|0|1|0
275004|2020-03-13|sexta-feira|05:10:00|PE|428.0|CABROBO|Não guardar distância de segurança|Colisão traseira|Com Vítimas Feridas|Amanhecer|Céu Claro|6|0|4|0
275005|2020-03-13|sexta-feira|05:30:00|RS|470.0|NOVA PRATA|Ingestão de Álcool|Colisão traseira|Com Vítimas Feridas|Amanhecer|Céu Claro|3|0|1|0
275006|2020-03-13|sexta-feira|05:00:00|SC|101.0|PALHOCA|Ingestão de Álcool|Colisão traseira|Com Vítimas Feridas|Amanhecer|Céu Claro|3|0|1|0
275007|2020-03-13|sexta-feira|05:00:00|AL|101.0|RIO LARGO|Ingestão de álcool e/ou substâncias psicoativas pelo pedestre|Saída de leito carroçável|Com Vítimas Feridas|Amanhecer|Nublado|1|0|0|1
275008|2020-03-12|quinta-feira|21:00:00|RN|405.0|APODI|Deficiência ou não Acionamento do Sistema de Iluminação/Sinalização do Veículo|Colisão traseira|Com Vítimas Feridas|Plena Noite|Céu Claro|5|0|4|1
275009|2020-03-13|sexta-feira|05:40:00|RJ|101.0|CAMPOS DOS GOYTACAZES|Falta de Atenção à Condução|Saída de leito carroçável|Com Vítimas Feridas|Amanhecer|Garoa/Chuvisco|1|0|1|0
275010|2020-03-13|sexta-feira|06:00:00|GO|60.0|ANAPOLIS|Condutor Dormindo|Saída de leito carroçável|Sem Vítimas|Amanhecer|Céu Claro|1|0|0|0
275011|2020-03-13|sexta-feira|05:40:00|SE|101.0|ITAPORANGA DAJUDA|Pista Escorregadia|Saída de leito carroçável|Com Vítimas Feridas|Amanhecer|Chuva|5|0|2|2
275012|2020-03-12|quinta-feira|17:30:00|PE|101.0|PAULISTA|Falta de Atenção à Condução|Saída de leito carroçável|Sem Vítimas|Plena Noite|Céu Claro|1|0|0|0
275013|2020-03-13|sexta-feira|05:00:00|MG|381.0|SANTO ANTONIO DO AMPARO|Condutor Dormindo|Colisão com objeto estático|Com Vítimas Feridas|Plena Noite|Céu Claro|2|0|1|0