id|data_inversa|dia_semana|horario|uf|br|municipio|causa_acidente|tipo_acidente|classificacao_acidente|fase_dia|condicao_metereologica|pessoas|mortos|feridos_leves|feridos_graves
275014|2020-03-13|sexta-feira|05:30:00|MG|262.0|BETIM|Animais na Pista|Atropelamento de Animal|Com Vítimas Feridas|Amanhecer|Céu Claro|3|0|1|1
275016|2020-03-13|sexta-feira|05:55:00|RS|471.0|RIO PARDO|Condutor Dormindo|Saída de leito carroçável|Sem Vítimas|Amanhecer|Céu Claro|1|0|0|0
275017|2020-03-13|sexta-feira|06:50:00|RJ|116.0|RIO DE JANEIRO|Mal Súbito|Colisão traseira|Com Vítimas Feridas|Pleno dia|Céu Claro|2|0|1|0
275018|2020-03-13|sexta-feira|07:00:00|SP|153.0|SAO JOSE DO RIO PRETO|Falta de Atenção à Condução|Colisão lateral|Com Vítimas Feridas|Pleno dia|Céu Claro|2|0|1|0
275019|2020-03-13|sexta-feira|05:40:00|RJ|40.0|DUQUE DE CAXIAS|Falta de Atenção à Condução|Colisão lateral|Com Vítimas Feridas|Amanhecer|Céu Claro|3|0|0|1
275020|2020-03-13|sexta-feira|07:29:00|SP|153.0|SAO JOSE DO RIO PRETO|Desobediência às normas de trânsito pelo condutor|Colisão lateral|Sem Vítimas|Pleno dia|Sol|2|0|0|0
275021|2020-03-13|sexta-feira|01:00:00|BA|415.0|ITABUNA|Velocidade Incompatível|Capotamento|Com Vítimas Feridas|Plena Noite|Chuva|1|0|1|0
275022|2020-03-13|sexta-feira|07:00:00|RS|290.0|PORTO ALEGRE|Falta de Atenção à Condução|Colisão traseira|Com Vítimas Feridas|Pleno dia|Céu Claro|2|0|1|0
275024|2020-03-13|sexta-feira|07:35:00|SC|101.0|PALHOCA|Falta de Atenção à Condução|Queda de ocupante de veículo|Com Vítimas Feridas|Pleno dia|Céu Claro|2|0|1|0
275026|2020-03-13|sexta-feira|06:45:00|RS|116.0|CAMAQUA|Falta de Atenção à Condução|Colisão lateral|Com Vítimas Feridas|Amanhecer|Céu Claro|2|0|1|0
275027|2020-03-13|sexta-feira|04:20:00|PR|369.0|APUCARANA|Falta de Atenção à Condução|Colisão traseira|Sem Vítimas|Plena Noite|Céu Claro|4|0|0|0
275028|2020-03-13|sexta-feira|06:00:00|SC|101.0|PALHOCA|Falta de Atenção à Condução|Colisão transversal|Com Vítimas Feridas|Amanhecer|Céu Claro|2|0|0|1
275029|2020-03-13|sexta-feira|07:20:00|BA|101.0|EUNAPOLIS|Desobediência às normas de trânsito pelo condutor|Colisão transversal|Com Vítimas Feridas|Pleno dia|Nublado|2|0|1|0
275030|2020-03-13|sexta-feira|05:50:00|RO|364.0|JARU|Falta de Atenção do Pedestre|Atropelamento de Pedestre|Com Vítimas Feridas|Amanhecer|Céu Claro|3|0|0|3
275031|2020-03-13|sexta-feira|07:50:00|PR|277.0|FOZ DO IGUACU|Falta de Atenção à Condução|Colisão traseira|Com Vítimas Feridas|Pleno dia|Céu Claro|3|0|2|0
275032|2020-03-13|sexta-feira|08:20:00|SC|101.0|BALNEARIO CAMBORIU|Velocidade Incompatível|Colisão traseira|Com Vítimas Feridas|Pleno dia|Céu Claro|3|0|1|0
275033|2020-03-13|sexta-feira|04:10:00|RO|364.0|PORTO VELHO|Animais na Pista|Atropelamento de Animal|Sem Vítimas|Amanhecer|Nevoeiro/Neblina|1|0|0|0
275034|2020-03-13|sexta-feira|08:32:00|MG|381.0|PERDOES|Defeito Mecânico no Veículo|Saída de leito carroçável|Com Vítimas Feridas|Pleno dia|Céu Claro|1|0|0|1
275036|2020-03-13|sexta-feira|06:40:00|MG|40.0|RIBEIRAO DAS NEVES|Falta de Atenção à Condução|Colisão lateral|Com Vítimas Feridas|Pleno dia|Céu Claro|2|0|1|0
275037|2020-03-13|sexta-feira|08:15:00|MG|40.0|RIBEIRAO DAS NEVES|Falta de Atenção à Condução|Colisão lateral|Com Vítimas Feridas|Pleno dia|Céu Claro|3|0|0|1
275038|2020-03-13|sexta-feira|08:00:00|GO|40.0|VALPARAISO DE GOIAS|Falta de Atenção à Condução|Engavetamento|Com Vítimas Feridas|Pleno dia|Nublado|4|0|1|0
275039|2020-03-13|sexta-feira|08:00:00|RJ|116.0|NOVA IGUACU|Falta de Atenção à Condução|Colisão traseira|Com Vítimas Feridas|Pleno dia|Céu Claro|4|0|1|0
275040|2020-03-13|sexta-feira|07:40:00|PE|428.0|PETROLINA|Não guardar distância de segurança|Colisão traseira|Com Vítimas Feridas|Pleno dia|Céu Claro|2|0|1|0
275041|2020-03-13|sexta-feira|00:10:00|RJ|116.0|BARRA MANSA|Não guardar distância de segurança|Colisão traseira|Com Vítimas Feridas|Plena Noite|Céu Claro|8|0|4|3
275042|2020-03-13|sexta-feira|08:50:00|PE|101.0|RECIFE|Não guardar distância de segurança|Colisão traseira|Com Vítimas Feridas|Pleno dia|Céu Claro|3|0|2|0
275044|2020-03-13|sexta-feira|08:30:00|SP|116.0|SAO PAULO|Falta de Atenção à Condução|Colisão lateral|Sem Vítimas|Pleno dia|Céu Claro|2|0|0|0
275045|2020-03-13|sexta-feira|08:10:00|ES|262.0|VENDA NOVA DO IMIGRANTE|Desobediência às normas de trânsito pelo condutor|Colisão frontal|Com Vítimas Feridas|Pleno dia|Nublado|2|0|0|2
275047|2020-03-13|sexta-feira|09:00:00|DF|60.0|BRASILIA|Condutor Dormindo|Saída de leito carroçável|Com Vítimas Feridas|Pleno dia|Céu Claro|2|0|1|0
275048|2020-03-13|sexta-feira|08:45:00|MG|365.0|SAO GONCALO DO ABAETE|Defeito na Via|Saída de leito carroçável|Com Vítimas Feridas|Pleno dia|Céu Claro|1|0|1|0
275049|2020-03-13|sexta-feira|09:10:00|SC|101.0|BARRA VELHA|Não guardar distância de segurança|Colisão traseira|Com Vítimas Feridas|Pleno dia|Sol|3|0|2|0
275050|2020-03-13|sexta-feira|09:30:00|PB|101.0|RIO TINTO|Avarias e/ou desgaste excessivo no pneu|Tombamento|Com Vítimas Feridas|Pleno dia|Nublado|2|0|2|0
275051|2020-03-13|sexta-feira|09:55:00|GO|153.0|GOIANIA|Falta de Atenção à Condução|Colisão traseira|Com Vítimas Feridas|Pleno dia|Céu Claro|2|0|1|0
275052|2020-03-13|sexta-feira|09:00:00|PR|116.0|COLOMBO|Desobediência às normas de trânsito pelo condutor|Colisão lateral|Com Vítimas Feridas|Pleno dia|Sol|2|0|1|0
275053|2020-02-22|sábado|08:55:00|PR|116.0|CAMPINA GRANDE DO SUL|Objeto estático sobre o leito carroçável|Incêndio|Sem Vítimas|Pleno dia|Chuva|1|0|0|0
275054|2020-03-13|sexta-feira|07:15:00|AC|364.0|RIO BRANCO|Falta de Atenção à Condução|Colisão lateral|Com Vítimas Feridas|Pleno dia|Chuva|4|0|2|0
275055|2020-03-13|sexta-feira|05:30:00|MG|381.0|BARAO DE COCAIS|Agressão Externa|Colisão com objeto estático|Com Vítimas Feridas|Plena Noite|Céu Claro|1|0|1|0
275056|2020-03-13|sexta-feira|08:30:00|PI|343.0|AMARANTE|Pista Escorregadia|Colisão com objeto estático|Com Vítimas Feridas|Pleno dia|Chuva|4|0|1|0
275057|2020-02-23|domingo|15:50:00|MG|365.0|JEQUITAI|Velocidade Incompatível|Saída de leito carroçável|Com Vítimas Fatais|Pleno dia|Chuva|1|1|0|0
275058|2020-01-30|quinta-feira|02:40:00|PR|376.0|TIJUCAS DO SUL|Falta de Atenção à Condução|Colisão frontal|Com Vítimas Feridas|Plena Noite|Nublado|3|0|2|0
275059|2020-03-13|sexta-feira|10:55:00|SC|101.0|PALHOCA|Falta de Atenção à Condução|Colisão lateral|Com Vítimas Feridas|Pleno dia|Céu Claro|2|0|1|0
275060|2020-03-13|sexta-feira|11:20:00|MG|365.0|MONTES CLAROS|Falta de Atenção à Condução|Colisão traseira|Com Vítimas Feridas|Pleno dia|Céu Claro|2|0|0|1
275061|2020-03-13|sexta-feira|11:30:00|PR|272.0|CAMPO MOURAO|Desobediência às normas de trânsito pelo condutor|Colisão lateral|Com Vítimas Feridas|Pleno dia|Sol|3|0|2|0
275062|2020-03-13|sexta-feira|11:10:00|PR|116.0|CURITIBA|Mal Súbito|Colisão com objeto estático|Com Vítimas Feridas|Pleno dia|Chuva|1|0|1|0
275063|2020-03-13|sexta-feira|11:40:00|ES|101.0|SERRA|Falta de Atenção do Pedestre|Atropelamento de Pedestre|Com Vítimas Feridas|Pleno dia|Céu Claro|3|0|0|1
275064|2020-03-13|sexta-feira|05:00:00|RN|101.0|PARNAMIRIM|Falta de Atenção à Condução|Saída de leito carroçável|Sem Vítimas|Pleno dia|Chuva|1|0|0|0
275065|2020-03-13|sexta-feira|11:15:00|MG|146.0|CABO VERDE|Ultrapassagem Indevida|Colisão frontal|Com Vítimas Feridas|Pleno dia|Céu Claro|4|0|3|1
275066|2020-03-13|sexta-feira|11:35:00|PR|467.0|CASCAVEL|Falta de Atenção à Condução|Saída de leito carroçável|Com Vítimas Feridas|Pleno dia|Sol|1|0|1|0
275067|2020-03-13|sexta-feira|10:30:00|RS|116.0|SAO LOURENCO DO SUL|Falta de Atenção à Condução|Colisão lateral|Com Vítimas Feridas|Pleno dia|Sol|3|0|1|0
275068|2020-03-13|sexta-feira|12:10:00|ES|101.0|SERRA|Velocidade Incompatível|Queda de ocupante de veículo|Com Vítimas Feridas|Pleno dia|Céu Claro|1|0|1|0
275069|2020-03-11|quarta-feira|21:50:00|GO|364.0|JATAI|Ultrapassagem Indevida|Colisão traseira|Com Vítimas Feridas|Plena Noite|Garoa/Chuvisco|2|0|1|0
275071|2020-03-13|sexta-feira|09:50:00|SC|470.0|RODEIO|Falta de Atenção à Condução|Colisão transversal|Com Vítimas Feridas|Pleno dia|Sol|2|0|0|1
275072|2020-03-13|sexta-feira|10:55:00|MS|163.0|CAMPO GRANDE|Falta de Atenção à Condução|Colisão transversal|Com Vítimas Feridas|Pleno dia|Céu Claro|2|0|2|0
275073|2020-03-13|sexta-feira|12:00:00|BA|116.0|FEIRA DE SANTANA|Falta de Atenção à Condução|Colisão traseira|Com Vítimas Feridas|Pleno dia|Sol|2|0|0|1
275074|2020-03-13|sexta-feira|09:20:00|RJ|40.0|PETROPOLIS|Falta de Atenção à Condução|Colisão com objeto estático|Com Vítimas Feridas|Pleno dia|Céu Claro|2|0|1|0
275075|2020-03-13|sexta-feira|10:20:00|SC|101.0|ITAJAI|Defeito Mecânico no Veículo|Tombamento|Com Vítimas Feridas|Pleno dia|Sol|2|0|2|0
275076|2020-03-13|sexta-feira|12:30:00|PR|376.0|MARINGA|Falta de Atenção à Condução|Saída de leito carroçável|Com Vítimas Feridas|Pleno dia|Céu Claro|2|0|0|2
275077|2020-03-13|sexta-feira|11:45:00|MT|70.0|VARZEA GRANDE|Falta de Atenção à Condução|Colisão transversal|Sem Vítimas|Pleno dia|Céu Claro|2|0|0|0
275078|2020-03-13|sexta-feira|12:45:00|ES|101.0|SERRA|Falta de Atenção à Condução|Colisão transversal|Com Vítimas Feridas|Pleno dia|Nublado|5|0|1|2
275079|2020-03-13|sexta-feira|12:45:00|DF|20.0|BRASILIA|Falta de Atenção à Condução|Colisão lateral|Com Vítimas Feridas|Pleno dia|Céu Claro|2|0|0|1
275080|2020-03-09|segunda-feira|16:35:00|MS|163.0|DOURADOS|Desobediência às normas de trânsito pelo condutor|Colisão transversal|Com Vítimas Feridas|Pleno dia|Céu Claro|2|0|1|0
275081|2020-02-26|quarta-feira|16:10:00|SP|116.0|BARRA DO TURVO|Não guardar distância de segurança|Colisão traseira|Com Vítimas Feridas|Pleno dia|Chuva|3|0|0|1
275082|2020-03-13|sexta-feira|11:10:00|SP|153.0|GUAICARA|Falta de Atenção à Condução|Colisão frontal|Com Vítimas Feridas|Pleno dia|Sol|3|0|1|0
275083|2020-03-13|sexta-feira|13:10:00|PR|476.0|CURITIBA|Falta de Atenção à Condução|Saída de leito carroçável|Com Vítimas Feridas|Pleno dia|Céu Claro|2|0|1|0
275084|2020-03-13|sexta-feira|08:50:00|PE|232.0|GRAVATA|Falta de Atenção à Condução|Colisão lateral|Com Vítimas Feridas|Pleno dia|Sol|2|0|1|0
275085|2020-03-13|sexta-feira|10:30:00|PR|376.0|PONTA GROSSA|Defeito Mecânico no Veículo|Queda de ocupante de veículo|Com Vítimas Feridas|Pleno dia|Céu Claro|2|0|2|0
275086|2020-03-13|sexta-feira|13:15:00|PR|376.0|MARINGA|Não guardar distância de segurança|Colisão traseira|Com Vítimas Feridas|Pleno dia|Sol|7|0|4|0
275087|2020-03-13|sexta-feira|13:10:00|RS|116.0|ESTEIO|Falta de Atenção à Condução|Colisão traseira|Com Vítimas Feridas|Pleno dia|Sol|2|0|1|0
275088|2020-02-23|domingo|14:50:00|MG|365.0|SANTA VITORIA|Falta de Atenção à Condução|Colisão traseira|Com Vítimas Feridas|Pleno dia|Nublado|2|0|0|1
275089|2020-03-13|sexta-feira|12:47:00|SC|101.0|BARRA VELHA|Velocidade Incompatível|Colisão transversal|Com Vítimas Feridas|Pleno dia|Céu Claro|3|0|0|1
275090|2020-03-13|sexta-feira|11:20:00|SC|280.0|CANOINHAS|Velocidade Incompatível|Colisão frontal|Com Vítimas Feridas|Pleno dia|Céu Claro|2|0|1|0
275091|2020-03-13|sexta-feira|06:30:00|PI|135.0|MONTE ALEGRE DO PIAUI|Defeito na Via|Saída de leito carroçável|Com Vítimas Feridas|Pleno dia|Céu Claro|4|0|2|0
275092|2020-03-13|sexta-feira|13:40:00|RN|101.0|PARNAMIRIM|Desobediência às normas de trânsito pelo pedestre|Atropelamento de Pedestre|Com Vítimas Feridas|Pleno dia|Nublado|2|0|1|0
275093|2020-03-13|sexta-feira|12:50:00|RS|116.0|VACARIA|Ingestão de Álcool|Colisão transversal|Sem Vítimas|Pleno dia|Céu Claro|2|0|0|0
275094|2020-03-13|sexta-feira|13:45:00|PR|476.0|BOCAIUVA DO SUL|Desobediência às normas de trânsito pelo condutor|Saída de leito carroçável|Com Vítimas Feridas|Pleno dia|Céu Claro|2|0|1|0
275096|2020-03-13|sexta-feira|13:25:00|PB|101.0|ALHANDRA|Pista Escorregadia|Saída de leito carroçável|Sem Vítimas|Pleno dia|Chuva|1|0|0|0
275097|2020-03-13|sexta-feira|14:05:00|PE|423.0|GARANHUNS|Desobediência às normas de trânsito pelo condutor|Colisão frontal|Com Vítimas Feridas|Pleno dia|Céu Claro|2|0|1|1
275098|2020-03-13|sexta-feira|13:05:00|MA|135.0|SAO LUIS|Desobediência às normas de trânsito pelo condutor|Colisão traseira|Com Vítimas Feridas|Pleno dia|Nublado|3|0|2|0
275099|2020-03-13|sexta-feira|14:30:00|MG|40.0|CAETANOPOLIS|Pista Escorregadia|Tombamento|Com Vítimas Feridas|Pleno dia|Céu Claro|2|0|2|0
275100|2020-03-13|sexta-feira|12:12:00|SC|470.0|IBIRAMA|Ultrapassagem Indevida|Colisão lateral|Com Vítimas Feridas|Pleno dia|Sol|2|0|1|0
275101|2020-03-13|sexta-feira|14:30:00|GO|153.0|HIDROLANDIA|Pista Escorregadia|Saída de leito carroçável|Com Vítimas Feridas|Pleno dia|Chuva|2|0|2|0
275102|2020-03-13|sexta-feira|14:18:00|RJ|101.0|RIO DE JANEIRO|Falta de Atenção à Condução|Colisão traseira|Com Vítimas Feridas|Pleno dia|Céu Claro|2|0|1|0
275103|2020-03-13|sexta-feira|13:40:00|ES|101.0|MIMOSO DO SUL|Ultrapassagem Indevida|Colisão frontal|Com Vítimas Feridas|Pleno dia|Chuva|3|0|0|2
275104|2020-03-13|sexta-feira|14:55:00|RS|290.0|PORTO ALEGRE|Falta de Atenção à Condução|Queda de ocupante de veículo|Com Vítimas Feridas|Pleno dia|Céu Claro|2|0|1|0
275106|2020-03-13|sexta-feira|14:10:00|PR|376.0|CURITIBA|Não guardar distância de segurança|Colisão traseira|Com Vítimas Feridas|Pleno dia|Sol|3|0|2|0
275107|2020-03-13|sexta-feira|14:00:00|PR|476.0|COLOMBO|Falta de Atenção à Condução|Saída de leito carroçável|Com Vítimas Feridas|Pleno dia|Céu Claro|3|0|1|0
275110|2020-03-13|sexta-feira|07:00:00|GO|40.0|VALPARAISO DE GOIAS|Falta de Atenção à Condução|Colisão traseira|Sem Vítimas|Pleno dia|Nublado|1|0|0|0
275111|2020-03-13|sexta-feira|16:12:00|PE|101.0|IGARASSU|Falta de Atenção à Condução|Capotamento|Com Vítimas Feridas|Pleno dia|Chuva|1|0|1|0
275112|2020-03-13|sexta-feira|15:10:00|GO|153.0|CAMPINORTE|Agressão Externa|Colisão com objeto em movimento|Sem Vítimas|Pleno dia|Céu Claro|2|0|0|0
275113|2020-03-13|sexta-feira|16:00:00|RJ|101.0|SILVA JARDIM|Falta de Atenção à Condução|Saída de leito carroçável|Com Vítimas Feridas|Pleno dia|Nublado|2|0|1|0
275114|2020-03-13|sexta-feira|00:45:00|PI|135.0|BERTOLINIA|Defeito na Via|Saída de leito carroçável|Com Vítimas Feridas|Plena Noite|Ignorado|1|0|1|0
275115|2020-03-13|sexta-feira|14:30:00|SP|153.0|UBARANA|Defeito Mecânico no Veículo|Incêndio|Sem Vítimas|Pleno dia|Céu Claro|1|0|0|0
275116|2020-03-13|sexta-feira|13:10:00|AC|364.0|RIO BRANCO|Desobediência às normas de trânsito pelo condutor|Colisão transversal|Com Vítimas Feridas|Pleno dia|Nublado|2|0|1|0
275118|2020-03-13|sexta-feira|15:35:00|RS|471.0|RIO PARDO|Mal Súbito|Colisão frontal|Com Vítimas Feridas|Pleno dia|Céu Claro|3|0|1|0
275119|2020-03-13|sexta-feira|15:10:00|ES|262.0|DOMINGOS MARTINS|Ingestão de Álcool|Colisão com objeto estático|Com Vítimas Feridas|Pleno dia|Chuva|1|0|0|1
275120|2020-03-13|sexta-feira|14:50:00|PE|101.0|IGARASSU|Falta de Atenção à Condução|Colisão lateral|Com Vítimas Feridas|Pleno dia|Nublado|2|0|1|0
275121|2020-03-13|sexta-feira|15:50:00|DF|20.0|BRASILIA|Falta de Atenção à Condução|Colisão traseira|Com Vítimas Feridas|Pleno dia|Céu Claro|2|0|0|1
275122|2020-03-13|sexta-feira|15:30:00|SP|116.0|SAO JOSE DOS CAMPOS|Não guardar distância de segurança|Queda de ocupante de veículo|Com Vítimas Feridas|Pleno dia|Céu Claro|3|0|2|0
275123|2020-03-13|sexta-feira|15:30:00|PR|277.0|PARANAGUA|Desobediência às normas de trânsito pelo condutor|Colisão transversal|Com Vítimas Feridas|Pleno dia|Sol|2|0|1|0
275124|2020-03-13|sexta-feira|15:20:00|MG|381.0|ITAGUARA|Pista Escorregadia|Colisão com objeto estático|Sem Vítimas|Pleno dia|Chuva|3|0|0|0
275125|2020-03-13|sexta-feira|16:00:00|SC|101.0|PALHOCA|Falta de Atenção à Condução|Queda de ocupante de veículo|Com Vítimas Feridas|Pleno dia|Céu Claro|2|0|1|0
275126|2020-03-13|sexta-feira|14:10:00|RO|364.0|JARU|Avarias e/ou desgaste excessivo no pneu|Saída de leito carroçável|Com Vítimas Feridas|Pleno dia|Nublado|2|0|0|2
275127|2020-03-13|sexta-feira|16:05:00|SC|470.0|INDAIAL|Falta de Atenção à Condução|Colisão traseira|Com Vítimas Feridas|Pleno dia|Sol|2|0|1|0
275128|2020-03-13|sexta-feira|16:15:00|RJ|493.0|GUAPIMIRIM|Falta de Atenção à Condução|Colisão traseira|Com Vítimas Feridas|Pleno dia|Nublado|3|0|1|0
275129|2020-03-13|sexta-feira|15:18:00|RJ|101.0|NITEROI|Falta de Atenção à Condução|Colisão traseira|Com Vítimas Feridas|Pleno dia|Céu Claro|5|0|1|0
275130|2020-03-13|sexta-feira|16:00:00|MG|40.0|RIBEIRAO DAS NEVES|Falta de Atenção à Condução|Colisão lateral|Com Vítimas Feridas|Pleno dia|Céu Claro|2|0|1|0
275131|2020-03-13|sexta-feira|16:55:00|PR|369.0|CAMBE|Falta de Atenção à Condução|Colisão lateral|Sem Vítimas|Pleno dia|Céu Claro|2|0|0|0
275132|2020-03-13|sexta-feira|15:00:00|RO|364.0|PRESIDENTE MEDICI|Ultrapassagem Indevida|Colisão lateral|Com Vítimas Feridas|Pleno dia|Sol|2|0|1|0
275133|2020-03-13|sexta-feira|17:15:00|PR|376.0|CURITIBA|Falta de Atenção à Condução|Colisão lateral|Com Vítimas Feridas|Pleno dia|Céu Claro|3|0|0|1
275134|2020-03-13|sexta-feira|14:10:00|MG|40.0|CRISTIANO OTONI|Ingestão de Álcool|Saída de leito carroçável|Com Vítimas Feridas|Pleno dia|Sol|1|0|1|0
275135|2020-03-13|sexta-feira|16:10:00|MG|50.0|UBERLANDIA|Ingestão de Álcool|Colisão traseira|Com Vítimas Fatais|Pleno dia|Céu Claro|2|1|1|0
275136|2020-03-13|sexta-feira|17:25:00|GO|40.0|VALPARAISO DE GOIAS|Animais na Pista|Atropelamento de Animal|Com Vítimas Feridas|Pleno dia|Céu Claro|1|0|0|1
275138|2020-03-13|sexta-feira|17:15:00|CE|116.0|FORTALEZA|Falta de Atenção do Pedestre|Atropelamento de Pedestre|Com Vítimas Feridas|Pleno dia|Céu Claro|2|0|0|1
275139|2020-03-13|sexta-feira|17:00:00|PB|230.0|CAMPINA GRANDE|Condutor Dormindo|Saída de leito carroçável|Com Vítimas Feridas|Pleno dia|Nublado|3|0|3|0
275140|2020-03-13|sexta-feira|17:40:00|SC|101.0|TIJUCAS|Desobediência às normas de trânsito pelo condutor|Colisão transversal|Com Vítimas Feridas|Anoitecer|Sol|2|0|1|0
275145|2020-03-13|sexta-feira|15:29:00|RO|364.0|JI-PARANA|Desobediência às normas de trânsito pelo condutor|Colisão transversal|Com Vítimas Feridas|Pleno dia|Céu Claro|3|0|2|0
275147|2020-03-13|sexta-feira|17:20:00|GO|60.0|ABADIANIA|Falta de Atenção à Condução|Tombamento|Com Vítimas Feridas|Pleno dia|Céu Claro|1|0|0|1
275148|2020-03-13|sexta-feira|17:59:00|PR|277.0|CURITIBA|Desobediência às normas de trânsito pelo condutor|Colisão lateral|Com Vítimas Feridas|Pleno dia|Céu Claro|2|0|1|0
275149|2020-03-13|sexta-feira|15:55:00|MT|163.0|SINOP|Desobediência às normas de trânsito pelo condutor|Colisão transversal|Com Vítimas Feridas|Pleno dia|Sol|3|0|1|0
275152|2020-03-13|sexta-feira|18:10:00|MG|381.0|BETIM|Defeito Mecânico no Veículo|Tombamento|Com Vítimas Feridas|Anoitecer|Céu Claro|2|0|2|0
275153|2020-03-13|sexta-feira|18:00:00|MG|459.0|CONGONHAL|Ingestão de Álcool|Colisão traseira|Com Vítimas Feridas|Anoitecer|Céu Claro|2|0|1|0
275154|2020-03-13|sexta-feira|18:00:00|CE|116.0|ITAITINGA|Defeito na Via|Queda de ocupante de veículo|Com Vítimas Feridas|Plena Noite|Chuva|1|0|1|0
275155|2020-03-13|sexta-feira|18:30:00|SE|235.0|ITABAIANA|Falta de Atenção do Pedestre|Atropelamento de Pedestre|Com Vítimas Fatais|Plena Noite|Céu Claro|3|1|1|1
275156|2020-03-13|sexta-feira|17:50:00|RS|101.0|DOM PEDRO DE ALCANTARA|Falta de Atenção à Condução|Saída de leito carroçável|Com Vítimas Feridas|Pleno dia|Nublado|3|0|1|0
275157|2020-03-13|sexta-feira|18:45:00|MG|40.0|RIBEIRAO DAS NEVES|Animais na Pista|Atropelamento de Animal|Com Vítimas Feridas|Plena Noite|Nublado|1|0|0|1
275158|2020-03-13|sexta-feira|18:45:00|MG|40.0|RIBEIRAO DAS NEVES|Animais na Pista|Atropelamento de Animal|Com Vítimas Feridas|Plena Noite|Nublado|1|0|1|0
275159|2020-03-13|sexta-feira|17:45:00|MG|267.0|ARGIRITA|Desobediência às normas de trânsito pelo condutor|Colisão lateral|Com Vítimas Feridas|Anoitecer|Ignorado|2|0|1|0
275160|2020-03-13|sexta-feira|16:27:00|AC|317.0|EPITACIOLANDIA|Falta de Atenção à Condução|Colisão transversal|Com Vítimas Feridas|Pleno dia|Nublado|2|0|2|0
275161|2020-03-13|sexta-feira|13:10:00|GO|153.0|RIALMA|Pista Escorregadia|Engavetamento|Com Vítimas Feridas|Pleno dia|Chuva|3|0|2|0
275162|2020-03-13|sexta-feira|16:38:00|BA|116.0|FEIRA DE SANTANA|Desobediência às normas de trânsito pelo condutor|Colisão transversal|Com Vítimas Feridas|Pleno dia|Céu Claro|2|0|1|0
275163|2020-03-13|sexta-feira|18:20:00|PR|277.0|SAO JOSE DOS PINHAIS|Desobediência às normas de trânsito pelo condutor|Colisão traseira|Com Vítimas Feridas|Anoitecer|Céu Claro|3|0|1|0
275164|2020-03-13|sexta-feira|19:00:00|SC|101.0|SAO JOSE|Não guardar distância de segurança|Colisão traseira|Com Vítimas Feridas|Plena Noite|Céu Claro|2|0|2|0
275165|2020-03-13|sexta-feira|13:05:00|GO|153.0|RIALMA|Restrição de Visibilidade|Colisão traseira|Sem Vítimas|Pleno dia|Chuva|3|0|0|0
275166|2020-03-13|sexta-feira|18:30:00|PR|376.0|APUCARANA|Falta de Atenção à Condução|Colisão traseira|Com Vítimas Feridas|Plena Noite|Céu Claro|4|0|2|0
275167|2020-03-13|sexta-feira|18:50:00|MG|116.0|GOVERNADOR VALADARES|Falta de Atenção à Condução|Colisão transversal|Com Vítimas Feridas|Plena Noite|Céu Claro|2|0|1|0
275168|2020-03-13|sexta-feira|19:10:00|SP|381.0|BRAGANCA PAULISTA|Defeito Mecânico no Veículo|Incêndio|Sem Vítimas|Plena Noite|Céu Claro|1|0|0|0
275169|2020-03-13|sexta-feira|19:00:00|PE|232.0|BEZERROS|Falta de Atenção à Condução|Saída de leito carroçável|Com Vítimas Feridas|Plena Noite|Céu Claro|3|0|3|0
275171|2020-03-13|sexta-feira|19:12:00|PB|101.0|SANTA RITA|Falta de Atenção à Condução|Colisão traseira|Com Vítimas Feridas|Plena Noite|Nublado|3|0|0|1
275172|2020-03-13|sexta-feira|18:40:00|SC|101.0|ITAPEMA|Falta de Atenção à Condução|Colisão transversal|Com Vítimas Feridas|Plena Noite|Céu Claro|2|0|1|0
275173|2020-03-13|sexta-feira|18:15:00|PE|101.0|JOAQUIM NABUCO|Velocidade Incompatível|Colisão com objeto estático|Sem Vítimas|Plena Noite|Céu Claro|1|0|0|0
275175|2020-03-13|sexta-feira|15:20:00|MG|381.0|BRUMADINHO|Velocidade Incompatível|Tombamento|Sem Vítimas|Pleno dia|Nublado|1|0|0|0
275176|2020-01-09|quinta-feira|15:35:00|RS|392.0|CANGUCU|Falta de Atenção à Condução|Colisão transversal|Com Vítimas Feridas|Pleno dia|Garoa/Chuvisco|4|0|1|0
275178|2020-03-13|sexta-feira|15:45:00|RJ|116.0|TERESOPOLIS|Falta de Atenção à Condução|Colisão transversal|Com Vítimas Feridas|Pleno dia|Céu Claro|3|0|2|0
275179|2020-03-13|sexta-feira|19:40:00|ES|101.0|LINHARES|Desobediência às normas de trânsito pelo condutor|Colisão transversal|Com Vítimas Feridas|Plena Noite|Céu Claro|3|0|0|1
275180|2020-03-13|sexta-feira|18:30:00|MG|40.0|RIBEIRAO DAS NEVES|Falta de Atenção à Condução|Queda de ocupante de veículo|Com Vítimas Feridas|Plena Noite|Céu Claro|1|0|1|0
275181|2020-03-13|sexta-feira|19:30:00|SC|163.0|SAO MIGUEL DO OESTE|Desobediência às normas de trânsito pelo condutor|Colisão lateral|Sem Vítimas|Plena Noite|Céu Claro|2|0|0|0
275182|2020-03-13|sexta-feira|19:10:00|RJ|101.0|ITAGUAI|Desobediência às normas de trânsito pelo pedestre|Atropelamento de Pedestre|Com Vítimas Feridas|Plena Noite|Céu Claro|3|0|1|0
275183|2020-03-13|sexta-feira|19:15:00|AL|316.0|PALMEIRA DOS INDIOS|Falta de Atenção à Condução|Colisão transversal|Sem Vítimas|Plena Noite|Céu Claro|2|0|0|0