id|data_inversa|dia_semana|horario|uf|br|municipio|causa_acidente|tipo_acidente|classificacao_acidente|fase_dia|condicao_metereologica|pessoas|mortos|feridos_leves|feridos_graves
275517|2020-03-15|domingo|14:00:00|PR|116.0|PIRAQUARA|Falta de Atenção à Condução|Queda de ocupante de veículo|Com Vítimas Feridas|Pleno dia|Céu Claro|2|0|2|0
275518|2020-03-15|domingo|07:50:00|MG|381.0|SAO SEBASTIAO DA BELA VISTA|Não guardar distância de segurança|Colisão lateral|Com Vítimas Feridas|Pleno dia|Céu Claro|2|0|1|0
275519|2020-03-15|domingo|13:40:00|PE|101.0|RECIFE|Velocidade Incompatível|Saída de leito carroçável|Com Vítimas Feridas|Pleno dia|Céu Claro|2|0|2|0
275520|2020-03-15|domingo|11:15:00|MT|163.0|SINOP|Defeito Mecânico no Veículo|Incêndio|Sem Vítimas|Pleno dia|Nublado|1|0|0|0
275521|2020-03-15|domingo|14:10:00|GO|153.0|ANAPOLIS|Falta de Atenção à Condução|Colisão traseira|Com Vítimas Feridas|Pleno dia|Nublado|3|0|2|0
275522|2020-03-15|domingo|11:25:00|MG|381.0|ITAPEVA|Pista Escorregadia|Tombamento|Com Vítimas Feridas|Pleno dia|Céu Claro|1|0|1|0
275523|2020-03-15|domingo|11:25:00|MG|381.0|ITAPEVA|Velocidade Incompatível|Saída de leito carroçável|Com Vítimas Feridas|Pleno dia|Nublado|1|0|0|1
275524|2020-03-15|domingo|14:50:00|SC|470.0|BLUMENAU|Defeito Mecânico no Veículo|Tombamento|Com Vítimas Feridas|Pleno dia|Céu Claro|2|0|2|0
275525|2020-03-15|domingo|10:55:00|MG|381.0|CAMANDUCAIA|Falta de Atenção à Condução|Colisão traseira|Com Vítimas Feridas|Pleno dia|Sol|2|0|1|0
275526|2020-03-15|domingo|10:35:00|SC|282.0|XANXERE|Falta de Atenção à Condução|Saída de leito carroçável|Com Vítimas Feridas|Pleno dia|Céu Claro|2|0|1|1
275527|2020-03-15|domingo|14:55:00|SP|116.0|GUARATINGUETA|Ingestão de Álcool|Colisão com objeto estático|Sem Vítimas|Pleno dia|Céu Claro|1|0|0|0
275528|2020-03-15|domingo|15:00:00|PE|104.0|CARUARU|Falta de Atenção à Condução|Colisão traseira|Com Vítimas Feridas|Pleno dia|Nublado|2|0|1|0
275529|2020-03-15|domingo|12:00:00|PE|232.0|MORENO|Mal Súbito|Saída de leito carroçável|Com Vítimas Feridas|Pleno dia|Céu Claro|1|0|1|0
275531|2020-03-15|domingo|06:50:00|PR|369.0|IBIPORA|Restrição de Visibilidade|Queda de ocupante de veículo|Com Vítimas Feridas|Amanhecer|Céu Claro|1|0|1|0
275532|2020-03-15|domingo|04:40:00|MT|163.0|RONDONOPOLIS|Falta de Atenção à Condução|Colisão com objeto estático|Com Vítimas Feridas|Plena Noite|Céu Claro|1|0|1|0
275533|2020-03-15|domingo|04:00:00|RJ|40.0|DUQUE DE CAXIAS|Ingestão de Álcool|Colisão com objeto estático|Com Vítimas Fatais|Plena Noite|Céu Claro|2|1|0|1
275534|2020-03-15|domingo|15:00:00|CE|222.0|FORTALEZA|Desobediência às normas de trânsito pelo condutor|Colisão transversal|Com Vítimas Feridas|Pleno dia|Céu Claro|3|0|2|0
275535|2020-03-15|domingo|08:40:00|SC|470.0|NAVEGANTES|Ingestão de Álcool|Colisão traseira|Sem Vítimas|Pleno dia|Céu Claro|2|0|0|0
275536|2020-03-15|domingo|03:00:00|MS|262.0|MIRANDA|Ingestão de Álcool|Colisão frontal|Com Vítimas Fatais|Plena Noite|Céu Claro|9|1|2|0
275537|2020-03-15|domingo|12:45:00|PR|369.0|APUCARANA|Falta de Atenção à Condução|Colisão lateral|Com Vítimas Feridas|Pleno dia|Céu Claro|3|0|1|0
275538|2020-03-15|domingo|15:05:00|RJ|116.0|BARRA MANSA|Velocidade Incompatível|Colisão com objeto estático|Com Vítimas Feridas|Pleno dia|Nublado|6|0|2|0
275539|2020-03-15|domingo|14:15:00|RS|386.0|FREDERICO WESTPHALEN|Falta de Atenção à Condução|Colisão transversal|Com Vítimas Feridas|Pleno dia|Céu Claro|3|0|1|0
275540|2020-03-15|domingo|15:50:00|PR|376.0|SAO JOSE DOS PINHAIS|Ingestão de Álcool|Colisão com objeto estático|Com Vítimas Feridas|Pleno dia|Sol|1|0|1|0
275541|2020-03-15|domingo|10:40:00|RJ|393.0|VASSOURAS|Falta de Atenção à Condução|Colisão lateral|Com Vítimas Fatais|Pleno dia|Sol|3|1|1|0
275542|2020-03-15|domingo|15:20:00|PB|101.0|ALHANDRA|Ingestão de Álcool|Saída de leito carroçável|Com Vítimas Feridas|Pleno dia|Nublado|2|0|1|0
275543|2020-03-15|domingo|15:25:00|PR|153.0|UNIAO DA VITORIA|Velocidade Incompatível|Colisão transversal|Sem Vítimas|Pleno dia|Céu Claro|3|0|0|0
275544|2020-03-15|domingo|16:00:00|PB|101.0|ALHANDRA|Velocidade Incompatível|Colisão traseira|Com Vítimas Feridas|Pleno dia|Chuva|6|0|2|1
275546|2020-03-15|domingo|05:50:00|SC|101.0|ITAPEMA|Falta de Atenção à Condução|Colisão transversal|Com Vítimas Feridas|Amanhecer|Nublado|2|0|1|0
275548|2020-03-15|domingo|13:30:00|MG|116.0|TEOFILO OTONI|Falta de Atenção à Condução|Colisão traseira|Com Vítimas Feridas|Pleno dia|Nublado|3|0|2|0
275549|2020-03-15|domingo|15:30:00|SC|280.0|GUARAMIRIM|Ingestão de Álcool|Saída de leito carroçável|Sem Vítimas|Pleno dia|Céu Claro|1|0|0|0
275551|2020-01-28|terça-feira|13:50:00|PE|101.0|RECIFE|Falta de Atenção à Condução|Colisão lateral|Com Vítimas Feridas|Pleno dia|Ignorado|3|0|1|0
275552|2020-03-15|domingo|16:50:00|PR|476.0|CURITIBA|Velocidade Incompatível|Saída de leito carroçável|Com Vítimas Feridas|Pleno dia|Céu Claro|4|0|2|0
275553|2020-03-15|domingo|16:20:00|PR|277.0|CAMPO LARGO|Falta de Atenção à Condução|Saída de leito carroçável|Com Vítimas Feridas|Pleno dia|Céu Claro|3|0|1|0
275554|2020-03-15|domingo|17:20:00|MG|40.0|JUIZ DE FORA|Ingestão de Álcool|Colisão traseira|Com Vítimas Feridas|Pleno dia|Céu Claro|2|0|0|1
275555|2020-03-15|domingo|17:20:00|GO|60.0|RIO VERDE|Desobediência às normas de trânsito pelo condutor|Colisão transversal|Com Vítimas Feridas|Anoitecer|Céu Claro|3|0|1|0
275556|2020-02-16|domingo|17:25:00|SC|101.0|GARUVA|Velocidade Incompatível|Queda de ocupante de veículo|Com Vítimas Feridas|Pleno dia|Nublado|2|0|1|1
275558|2020-03-15|domingo|04:00:00|TO|153.0|ARAGUAINA|Ingestão de Álcool|Saída de leito carroçável|Sem Vítimas|Amanhecer|Chuva|1|0|0|0
275559|2020-03-15|domingo|17:00:00|SC|101.0|PORTO BELO|Avarias e/ou desgaste excessivo no pneu|Tombamento|Com Vítimas Feridas|Pleno dia|Céu Claro|1|0|1|0
275561|2020-03-15|domingo|15:50:00|PE|424.0|PEDRA|Ingestão de Álcool|Saída de leito carroçável|Com Vítimas Feridas|Pleno dia|Céu Claro|1|0|1|0
275562|2020-03-15|domingo|17:20:00|RJ|116.0|NOVA IGUACU|Falta de Atenção à Condução|Engavetamento|Com Vítimas Feridas|Pleno dia|Céu Claro|9|0|1|0
275563|2020-03-15|domingo|17:20:00|PB|230.0|SANTA RITA|Falta de Atenção à Condução|Colisão traseira|Sem Vítimas|Anoitecer|Chuva|3|0|0|0
275564|2020-03-15|domingo|18:20:00|SC|282.0|PALHOCA|Desobediência às normas de trânsito pelo condutor|Colisão traseira|Sem Vítimas|Anoitecer|Céu Claro|2|0|0|0
275565|2020-03-15|domingo|08:50:00|RS|101.0|MAQUINE|Mal Súbito|Saída de leito carroçável|Com Vítimas Feridas|Pleno dia|Céu Claro|4|0|0|2
275566|2020-03-15|domingo|18:00:00|SC|101.0|BIGUACU|Ingestão de Álcool|Colisão traseira|Com Vítimas Feridas|Anoitecer|Céu Claro|5|0|2|0
275567|2020-03-15|domingo|11:30:00|AC|364.0|FEIJO|Falta de Atenção do Pedestre|Atropelamento de Pedestre|Com Vítimas Fatais|Pleno dia|Céu Claro|5|1|0|0
275568|2020-03-15|domingo|17:45:00|AL|316.0|SATUBA|Ingestão de Álcool|Colisão frontal|Com Vítimas Feridas|Anoitecer|Chuva|3|0|1|0
275570|2020-03-15|domingo|18:10:00|RJ|101.0|CAMPOS DOS GOYTACAZES|Deficiência ou não Acionamento do Sistema de Iluminação/Sinalização do Veículo|Colisão frontal|Com Vítimas Feridas|Plena Noite|Céu Claro|2|0|0|1
275572|2020-03-15|domingo|17:40:00|PB|101.0|CAAPORA|Ingestão de Álcool|Colisão lateral|Com Vítimas Feridas|Plena Noite|Céu Claro|5|0|2|0
275573|2020-03-15|domingo|18:00:00|GO|414.0|ANAPOLIS|Desobediência às normas de trânsito pelo condutor|Colisão transversal|Com Vítimas Feridas|Pleno dia|Céu Claro|2|0|1|0
275574|2020-03-15|domingo|17:40:00|MG|40.0|ESMERALDAS|Ingestão de álcool e/ou substâncias psicoativas pelo pedestre|Saída de leito carroçável|Sem Vítimas|Pleno dia|Céu Claro|1|0|0|0
275575|2020-03-15|domingo|18:00:00|PI|316.0|PICOS|Animais na Pista|Atropelamento de Animal|Com Vítimas Feridas|Plena Noite|Garoa/Chuvisco|1|0|1|0
275576|2020-03-15|domingo|18:45:00|PR|376.0|PRESIDENTE CASTELO BRANCO|Falta de Atenção à Condução|Colisão com objeto estático|Com Vítimas Feridas|Plena Noite|Nublado|2|0|1|0
275577|2020-03-15|domingo|15:50:00|SP|116.0|TABOAO DA SERRA|Falta de Atenção à Condução|Colisão transversal|Com Vítimas Feridas|Pleno dia|Céu Claro|2|0|1|0
275578|2020-03-15|domingo|18:30:00|RJ|101.0|CAMPOS DOS GOYTACAZES|Ingestão de Álcool|Colisão com objeto estático|Com Vítimas Feridas|Plena Noite|Céu Claro|1|0|1|0
275579|2020-03-15|domingo|19:00:00|PA|155.0|MARABA|Defeito na Via|Tombamento|Com Vítimas Feridas|Plena Noite|Garoa/Chuvisco|1|0|1|0
275580|2020-03-15|domingo|18:50:00|SC|101.0|PALHOCA|Não guardar distância de segurança|Colisão lateral|Com Vítimas Feridas|Anoitecer|Nublado|3|0|2|0
275581|2020-03-15|domingo|19:15:00|SC|101.0|BIGUACU|Falta de Atenção do Pedestre|Atropelamento de Pedestre|Com Vítimas Fatais|Plena Noite|Céu Claro|4|1|0|0
275582|2020-03-15|domingo|18:00:00|BA|110.0|CATU|Ingestão de Álcool|Colisão frontal|Com Vítimas Feridas|Anoitecer|Céu Claro|5|0|4|0
275583|2020-03-15|domingo|09:30:00|BA|324.0|AMELIA RODRIGUES|Defeito Mecânico no Veículo|Tombamento|Com Vítimas Feridas|Pleno dia|Céu Claro|2|0|2|0
275584|2020-03-15|domingo|11:30:00|BA|324.0|AMELIA RODRIGUES|Velocidade Incompatível|Saída de leito carroçável|Com Vítimas Feridas|Pleno dia|Céu Claro|2|0|1|1
275585|2020-03-15|domingo|17:30:00|PE|232.0|PESQUEIRA|Pista Escorregadia|Saída de leito carroçável|Com Vítimas Feridas|Anoitecer|Chuva|2|0|1|1
275586|2020-03-15|domingo|19:10:00|SE|235.0|ITABAIANA|Falta de Atenção do Pedestre|Atropelamento de Pedestre|Com Vítimas Fatais|Plena Noite|Céu Claro|2|1|0|0
275587|2020-03-15|domingo|19:15:00|CE|116.0|EUSEBIO|Defeito na Via|Queda de ocupante de veículo|Com Vítimas Feridas|Plena Noite|Vento|2|0|1|1
275589|2020-03-15|domingo|19:00:00|PR|163.0|LINDOESTE|Falta de Atenção à Condução|Queda de ocupante de veículo|Com Vítimas Feridas|Plena Noite|Céu Claro|1|0|1|0
275590|2020-02-24|segunda-feira|07:00:00|MG|251.0|SANTA CRUZ DE SALINAS|Pista Escorregadia|Capotamento|Com Vítimas Feridas|Pleno dia|Chuva|4|0|3|0
275591|2020-03-15|domingo|18:50:00|SP|116.0|APARECIDA|Falta de Atenção do Pedestre|Atropelamento de Pedestre|Com Vítimas Feridas|Plena Noite|Nublado|2|0|0|1
275592|2020-03-15|domingo|19:31:00|ES|101.0|CARIACICA|Falta de Atenção à Condução|Saída de leito carroçável|Com Vítimas Feridas|Plena Noite|Céu Claro|1|0|0|1
275593|2020-03-15|domingo|19:20:00|MG|381.0|BELO HORIZONTE|Falta de Atenção à Condução|Colisão lateral|Com Vítimas Feridas|Plena Noite|Céu Claro|3|0|0|1
275594|2020-03-15|domingo|19:10:00|RS|386.0|FREDERICO WESTPHALEN|Desobediência às normas de trânsito pelo condutor|Colisão frontal|Sem Vítimas|Plena Noite|Céu Claro|3|0|0|0
275595|2020-03-15|domingo|19:30:00|BA|135.0|BARREIRAS|Restrição de Visibilidade|Colisão traseira|Com Vítimas Feridas|Plena Noite|Céu Claro|5|0|1|0
275596|2020-03-15|domingo|17:14:00|PR|376.0|SARANDI|Falta de Atenção à Condução|Colisão traseira|Com Vítimas Feridas|Pleno dia|Céu Claro|6|0|1|0
275597|2020-03-15|domingo|17:00:00|MT|364.0|VARZEA GRANDE|Avarias e/ou desgaste excessivo no pneu|Colisão transversal|Com Vítimas Feridas|Anoitecer|Chuva|2|0|1|0
275598|2020-03-15|domingo|18:10:00|MT|163.0|SINOP|Ingestão de Álcool|Colisão transversal|Sem Vítimas|Plena Noite|Nublado|2|0|0|0
275599|2020-03-15|domingo|18:30:00|MT|163.0|TERRA NOVA DO NORTE|Ingestão de Álcool|Colisão frontal|Sem Vítimas|Plena Noite|Nublado|2|0|0|0
275600|2020-03-15|domingo|19:40:00|SP|116.0|EMBU DAS ARTES|Restrição de Visibilidade|Colisão traseira|Com Vítimas Feridas|Plena Noite|Nublado|2|0|0|1
275601|2020-03-15|domingo|19:22:00|RJ|101.0|RIO BONITO|Ingestão de Álcool|Saída de leito carroçável|Com Vítimas Feridas|Plena Noite|Céu Claro|1|0|1|0
275602|2020-03-15|domingo|19:30:00|RS|116.0|CAXIAS DO SUL|Ingestão de Álcool|Colisão traseira|Com Vítimas Feridas|Plena Noite|Garoa/Chuvisco|4|0|1|0
275603|2020-03-15|domingo|19:20:00|PE|101.0|JABOATAO DOS GUARARAPES|Fenômenos da Natureza|Capotamento|Sem Vítimas|Plena Noite|Chuva|2|0|0|0
275604|2020-03-15|domingo|18:00:00|MG|365.0|PATOS DE MINAS|Falta de Atenção à Condução|Colisão transversal|Sem Vítimas|Anoitecer|Céu Claro|3|0|0|0
275605|2020-03-15|domingo|15:28:00|MG|365.0|PATROCINIO|Desobediência às normas de trânsito pelo condutor|Colisão transversal|Com Vítimas Fatais|Pleno dia|Céu Claro|4|1|0|2
275606|2020-03-15|domingo|19:54:00|SE|235.0|NOSSA SENHORA DO SOCORRO|Ingestão de Álcool|Saída de leito carroçável|Sem Vítimas|Plena Noite|Nublado|1|0|0|0
275607|2020-03-15|domingo|18:50:00|SC|282.0|SAO MIGUEL DO OESTE|Falta de Atenção à Condução|Tombamento|Com Vítimas Feridas|Pleno dia|Céu Claro|2|0|0|2
275608|2020-03-15|domingo|13:00:00|PI|343.0|FLORIANO|Desobediência às normas de trânsito pelo condutor|Saída de leito carroçável|Com Vítimas Feridas|Pleno dia|Céu Claro|1|0|1|0
275609|2020-03-15|domingo|20:00:00|MG|381.0|ITAGUARA|Velocidade Incompatível|Saída de leito carroçável|Com Vítimas Fatais|Plena Noite|Céu Claro|4|2|0|2
275610|2020-03-15|domingo|18:20:00|PB|230.0|MARIZOPOLIS|Desobediência às normas de trânsito pelo pedestre|Atropelamento de Pedestre|Com Vítimas Feridas|Anoitecer|Chuva|2|0|0|1
275611|2020-03-15|domingo|19:50:00|PI|343.0|PARNAIBA|Não guardar distância de segurança|Colisão traseira|Sem Vítimas|Plena Noite|Nublado|2|0|0|0
275612|2020-03-15|domingo|18:30:00|RO|364.0|JARU|Ultrapassagem Indevida|Colisão lateral|Com Vítimas Feridas|Anoitecer|Céu Claro|1|0|0|1
275613|2020-03-15|domingo|20:00:00|RJ|101.0|ANGRA DOS REIS|Falta de Atenção à Condução|Colisão traseira|Com Vítimas Fatais|Plena Noite|Céu Claro|4|1|0|1
275614|2020-03-15|domingo|19:20:00|MG|116.0|GOVERNADOR VALADARES|Falta de Atenção à Condução|Colisão lateral|Com Vítimas Feridas|Plena Noite|Céu Claro|2|0|1|0
275615|2020-03-15|domingo|17:15:00|SC|282.0|VARGEM BONITA|Ingestão de Álcool|Saída de leito carroçável|Sem Vítimas|Pleno dia|Céu Claro|2|0|0|0
275616|2020-03-15|domingo|19:45:00|RN|101.0|NATAL|Defeito Mecânico no Veículo|Colisão traseira|Sem Vítimas|Plena Noite|Chuva|4|0|0|0
275617|2020-03-15|domingo|20:00:00|MG|40.0|ITABIRITO|Velocidade Incompatível|Tombamento|Com Vítimas Feridas|Plena Noite|Céu Claro|2|0|1|1
275618|2020-03-15|domingo|20:45:00|PE|101.0|ABREU E LIMA|Falta de Atenção à Condução|Colisão transversal|Com Vítimas Feridas|Plena Noite|Céu Claro|3|0|1|0
275619|2020-03-15|domingo|20:55:00|CE|116.0|FORTALEZA|Desobediência às normas de trânsito pelo pedestre|Atropelamento de Pedestre|Com Vítimas Fatais|Plena Noite|Nublado|2|1|0|0
275621|2020-03-15|domingo|20:30:00|SC|101.0|ITAPEMA|Falta de Atenção à Condução|Engavetamento|Com Vítimas Feridas|Plena Noite|Céu Claro|8|0|3|0
275622|2020-03-15|domingo|21:10:00|SC|101.0|PALHOCA|Falta de Atenção à Condução|Engavetamento|Com Vítimas Feridas|Plena Noite|Céu Claro|4|0|2|0
275623|2020-03-15|domingo|19:15:00|RS|290.0|ELDORADO DO SUL|Falta de Atenção à Condução|Colisão transversal|Com Vítimas Feridas|Plena Noite|Céu Claro|3|0|1|0
275624|2020-03-15|domingo|20:45:00|BA|324.0|SALVADOR|Ingestão de Álcool|Colisão com objeto estático|Com Vítimas Feridas|Plena Noite|Céu Claro|1|0|1|0
275625|2020-03-15|domingo|20:00:00|RJ|101.0|SAO GONCALO|Falta de Atenção do Pedestre|Atropelamento de Pedestre|Com Vítimas Fatais|Plena Noite|Céu Claro|2|1|0|0
275626|2020-03-15|domingo|19:45:00|PR|476.0|SAO MATEUS DO SUL|Restrição de Visibilidade|Colisão com objeto estático|Com Vítimas Feridas|Plena Noite|Nublado|1|0|0|1
275628|2020-03-15|domingo|20:30:00|SE|235.0|ITABAIANA|Ingestão de Álcool|Tombamento|Com Vítimas Feridas|Plena Noite|Nublado|1|0|1|0
275629|2020-03-15|domingo|21:40:00|SP|116.0|GUARULHOS|Ingestão de Álcool|Colisão lateral|Sem Vítimas|Plena Noite|Céu Claro|2|0|0|0
275630|2020-03-15|domingo|20:20:00|SC|470.0|BLUMENAU|Falta de Atenção à Condução|Colisão traseira|Sem Vítimas|Plena Noite|Céu Claro|2|0|0|0
275631|2020-03-15|domingo|21:00:00|PR|116.0|SAO JOSE DOS PINHAIS|Falta de Atenção à Condução|Saída de leito carroçável|Sem Vítimas|Plena Noite|Nublado|1|0|0|0
275632|2020-03-15|domingo|18:15:00|SC|280.0|JARAGUA DO SUL|Não guardar distância de segurança|Colisão traseira|Com Vítimas Feridas|Plena Noite|Céu Claro|5|0|1|0
275633|2020-03-15|domingo|20:15:00|MG|40.0|ESMERALDAS|Não guardar distância de segurança|Colisão lateral|Com Vítimas Feridas|Plena Noite|Céu Claro|2|0|1|0
275634|2020-03-15|domingo|20:10:00|SC|280.0|ARAQUARI|Desobediência às normas de trânsito pelo condutor|Colisão transversal|Com Vítimas Feridas|Plena Noite|Céu Claro|2|0|1|0
275635|2020-03-15|domingo|22:08:00|SP|116.0|GUARULHOS|Falta de Atenção à Condução|Saída de leito carroçável|Com Vítimas Feridas|Plena Noite|Garoa/Chuvisco|2|0|1|0
275636|2020-03-15|domingo|22:00:00|PB|230.0|JOAO PESSOA|Ingestão de Álcool|Queda de ocupante de veículo|Com Vítimas Feridas|Plena Noite|Nublado|1|0|1|0
275637|2020-03-15|domingo|20:00:00|BA|101.0|CAMACAN|Falta de Atenção à Condução|Colisão transversal|Com Vítimas Fatais|Plena Noite|Céu Claro|2|1|0|0
275638|2020-03-15|domingo|15:00:00|PA|222.0|MARABA|Defeito na Via|Queda de ocupante de veículo|Com Vítimas Feridas|Pleno dia|Sol|3|0|2|0
275639|2020-03-15|domingo|21:50:00|SP|116.0|JACAREI|Velocidade Incompatível|Colisão com objeto estático|Com Vítimas Feridas|Plena Noite|Chuva|4|0|2|0
275641|2020-03-15|domingo|21:30:00|PR|476.0|CURITIBA|Ingestão de Álcool|Engavetamento|Com Vítimas Feridas|Plena Noite|Céu Claro|5|0|1|0
275643|2020-03-15|domingo|22:50:00|MG|50.0|UBERABA|Defeito na Via|Queda de ocupante de veículo|Com Vítimas Feridas|Plena Noite|Nublado|1|0|0|1
275644|2020-03-15|domingo|22:30:00|MG|50.0|UBERABA|Velocidade Incompatível|Tombamento|Com Vítimas Feridas|Plena Noite|Nublado|1|0|0|1
275645|2020-03-15|domingo|22:45:00|SP|381.0|ATIBAIA|Falta de Atenção à Condução|Colisão traseira|Com Vítimas Feridas|Plena Noite|Garoa/Chuvisco|3|0|2|0
275646|2020-03-15|domingo|22:10:00|SC|116.0|CORREIA PINTO|Desobediência às normas de trânsito pelo condutor|Colisão transversal|Com Vítimas Feridas|Plena Noite|Céu Claro|2|0|1|0
275648|2020-03-15|domingo|23:00:00|PR|116.0|CURITIBA|Falta de Atenção à Condução|Colisão com objeto estático|Com Vítimas Feridas|Plena Noite|Céu Claro|1|0|0|1
275649|2020-03-15|domingo|23:10:00|PB|230.0|JOAO PESSOA|Ingestão de Álcool|Colisão com objeto estático|Sem Vítimas|Plena Noite|Céu Claro|1|0|0|0
275650|2020-03-15|domingo|23:45:00|RS|290.0|CACHOEIRA DO SUL|Falta de Atenção do Pedestre|Atropelamento de Pedestre|Com Vítimas Fatais|Plena Noite|Garoa/Chuvisco|3|1|0|0
275651|2020-03-15|domingo|17:22:00|SC|280.0|CORUPA|Defeito Mecânico no Veículo|Saída de leito carroçável|Com Vítimas Feridas|Anoitecer|Céu Claro|26|0|18|5
275652|2020-03-15|domingo|22:30:00|MG|365.0|MONTE ALEGRE DE MINAS|Velocidade Incompatível|Saída de leito carroçável|Com Vítimas Feridas|Plena Noite|Céu Claro|2|0|2|0
275653|2020-03-16|segunda-feira|00:12:00|RJ|40.0|DUQUE DE CAXIAS|Falta de Atenção à Condução|Tombamento|Com Vítimas Feridas|Plena Noite|Nublado|1|0|1|0
275654|2020-03-15|domingo|18:30:00|MA|10.0|GOVERNADOR EDISON LOBAO|Desobediência às normas de trânsito pelo condutor|Colisão lateral|Com Vítimas Fatais|Plena Noite|Chuva|1|1|0|0
275655|2020-03-15|domingo|22:10:00|RS|386.0|LAJEADO|Ingestão de Álcool|Saída de leito carroçável|Sem Vítimas|Plena Noite|Céu Claro|1|0|0|0
275656|2020-03-15|domingo|09:30:00|MA|222.0|BURITICUPU|Defeito na Via|Saída de leito carroçável|Com Vítimas Fatais|Pleno dia|Chuva|2|1|0|0
275657|2020-03-15|domingo|19:10:00|MA|10.0|IMPERATRIZ|Ultrapassagem Indevida|Colisão frontal|Com Vítimas Feridas|Plena Noite|Chuva|2|0|1|1
275658|2020-03-16|segunda-feira|00:20:00|RS|392.0|ROQUE GONZALES|Falta de Atenção à Condução|Colisão com objeto estático|Com Vítimas Fatais|Plena Noite|Céu Claro|3|1|0|0
275659|2020-03-16|segunda-feira|00:45:00|DF|80.0|BRASILIA|Condutor Dormindo|Colisão lateral|Com Vítimas Feridas|Plena Noite|Céu Claro|2|0|1|0
275660|2020-03-16|segunda-feira|00:45:00|RJ|116.0|PORTO REAL|Defeito Mecânico no Veículo|Capotamento|Com Vítimas Feridas|Plena Noite|Chuva|1|0|1|0
275661|2020-03-15|domingo|23:30:00|MG|262.0|MANHUACU|Ingestão de Álcool|Colisão traseira|Com Vítimas Feridas|Plena Noite|Céu Claro|2|0|1|0
275662|2020-03-16|segunda-feira|00:58:00|SP|116.0|GUARULHOS|Falta de Atenção à Condução|Colisão com objeto estático|Sem Vítimas|Plena Noite|Céu Claro|1|0|0|0
275663|2020-03-15|domingo|23:45:00|PE|101.0|CABO DE SANTO AGOSTINHO|Falta de Atenção à Condução|Saída de leito carroçável|Sem Vítimas|Plena Noite|Chuva|1|0|0|0
275664|2020-03-16|segunda-feira|01:30:00|GO|20.0|VILA BOA|Animais na Pista|Atropelamento de Animal|Com Vítimas Feridas|Plena Noite|Céu Claro|3|0|2|1
275665|2020-03-16|segunda-feira|01:30:00|PR|376.0|TIBAGI|Defeito Mecânico no Veículo|Incêndio|Sem Vítimas|Plena Noite|Céu Claro|1|0|0|0
275666|2020-03-16|segunda-feira|01:50:00|PE|232.0|BEZERROS|Ingestão de Álcool|Atropelamento de Pedestre|Com Vítimas Fatais|Plena Noite|Chuva|3|1|0|0
275667|2020-03-16|segunda-feira|02:30:00|MG|381.0|CARMOPOLIS DE MINAS|Falta de Atenção do Pedestre|Atropelamento de Pedestre|Com Vítimas Fatais|Plena Noite|Céu Claro|4|1|0|0
275668|2020-03-16|segunda-feira|00:00:00|PA|316.0|BENEVIDES|Falta de Atenção à Condução|Colisão transversal|Com Vítimas Fatais|Plena Noite|Nublado|2|1|0|0
275669|2020-03-16|segunda-feira|00:30:00|MG|459.0|CONGONHAL|Falta de Atenção à Condução|Colisão transversal|Com Vítimas Feridas|Plena Noite|Nublado|5|0|1|3
275670|2020-03-15|domingo|23:40:00|RO|364.0|JI-PARANA|Falta de Atenção à Condução|Queda de ocupante de veículo|Com Vítimas Feridas|Plena Noite|Ignorado|1|0|1|0
275671|2020-03-16|segunda-feira|02:30:00|GO|452.0|BOM JESUS DE GOIAS|Condutor Dormindo|Saída de leito carroçável|Com Vítimas Fatais|Plena Noite|Céu Claro|1|1|0|0
275672|2020-03-16|segunda-feira|03:30:00|SC|101.0|BIGUACU|Falta de Atenção do Pedestre|Atropelamento de Pedestre|Com Vítimas Fatais|Plena Noite|Céu Claro|2|1|1|0
275673|2020-03-16|segunda-feira|04:30:00|SC|101.0|SAO JOSE|Falta de Atenção à Condução|Saída de leito carroçável|Sem Vítimas|Plena Noite|Céu Claro|1|0|0|0
275674|2020-03-16|segunda-feira|03:32:00|MG|153.0|FRUTAL|Falta de Atenção à Condução|Saída de leito carroçável|Com Vítimas Feridas|Plena Noite|Céu Claro|1|0|0|1
275676|2020-03-15|domingo|17:20:00|BA|407.0|SENHOR DO BONFIM|Ingestão de Álcool|Colisão lateral|Sem Vítimas|Pleno dia|Céu Claro|4|0|0|0
275677|2020-03-16|segunda-feira|05:20:00|GO|60.0|GOIANAPOLIS|Velocidade Incompatível|Colisão traseira|Com Vítimas Feridas|Amanhecer|Céu Claro|2|0|0|1
275678|2020-03-16|segunda-feira|04:27:00|RJ|40.0|DUQUE DE CAXIAS|Falta de Atenção à Condução|Engavetamento|Sem Vítimas|Amanhecer|Céu Claro|3|0|0|0
275679|2020-03-16|segunda-feira|05:20:00|MG|262.0|BETIM|Velocidade Incompatível|Saída de leito carroçável|Com Vítimas Feridas|Amanhecer|Céu Claro|1|0|0|1
275680|2020-03-16|segunda-feira|04:45:00|BA|101.0|MURITIBA|Falta de Atenção à Condução|Colisão lateral|Com Vítimas Feridas|Amanhecer|Céu Claro|3|0|3|0
275681|2020-03-16|segunda-feira|06:00:00|DF|20.0|BRASILIA|Falta de Atenção à Condução|Colisão traseira|Com Vítimas Feridas|Amanhecer|Sol|4|0|1|0