id|data_inversa|dia_semana|horario|uf|br|municipio|causa_acidente|tipo_acidente|classificacao_acidente|fase_dia|condicao_metereologica|pessoas|mortos|feridos_leves|feridos_graves
275860|2020-03-16|segunda-feira|18:30:00|SC|101.0|LAGUNA|Pista Escorregadia|Colisão traseira|Com Vítimas Feridas|Anoitecer|Chuva|3|0|1|0
275861|2020-03-16|segunda-feira|22:00:00|PE|101.0|RECIFE|Animais na Pista|Atropelamento de Animal|Com Vítimas Feridas|Plena Noite|Nublado|1|0|1|0
275862|2020-03-16|segunda-feira|19:30:00|RS|116.0|VACARIA|Ingestão de álcool e/ou substâncias psicoativas pelo pedestre|Atropelamento de Pedestre|Com Vítimas Feridas|Plena Noite|Céu Claro|2|0|1|0
275863|2020-03-16|segunda-feira|21:00:00|PE|232.0|POMBOS|Falta de Atenção à Condução|Saída de leito carroçável|Sem Vítimas|Pleno dia|Céu Claro|1|0|0|0
275864|2020-03-16|segunda-feira|22:10:00|RS|290.0|OSORIO|Falta de Atenção à Condução|Colisão traseira|Com Vítimas Feridas|Plena Noite|Garoa/Chuvisco|2|0|0|1
275865|2020-03-16|segunda-feira|21:40:00|RS|386.0|ESTRELA|Falta de Atenção à Condução|Saída de leito carroçável|Com Vítimas Feridas|Plena Noite|Céu Claro|1|0|1|0
275866|2020-03-16|segunda-feira|14:15:00|ES|101.0|LINHARES|Mal Súbito|Queda de ocupante de veículo|Com Vítimas Feridas|Pleno dia|Céu Claro|2|0|1|0
275867|2020-02-23|domingo|11:00:00|MA|10.0|IMPERATRIZ|Desobediência às normas de trânsito pelo condutor|Colisão traseira|Com Vítimas Feridas|Pleno dia|Céu Claro|2|0|1|0
275868|2020-03-16|segunda-feira|18:15:00|SC|282.0|AGUAS MORNAS|Velocidade Incompatível|Colisão frontal|Com Vítimas Feridas|Plena Noite|Chuva|5|0|2|2
275869|2020-03-16|segunda-feira|22:20:00|ES|101.0|SAO MATEUS|Ingestão de Substâncias Psicoativas|Colisão com objeto estático|Com Vítimas Feridas|Plena Noite|Nublado|2|0|0|1
275870|2020-03-16|segunda-feira|19:00:00|RR|432.0|CANTA|Carga excessiva e/ou mal acondicionada|Colisão lateral|Com Vítimas Fatais|Plena Noite|Céu Claro|3|1|0|0
275871|2020-03-16|segunda-feira|18:30:00|PR|280.0|MARMELEIRO|Velocidade Incompatível|Tombamento|Com Vítimas Feridas|Plena Noite|Céu Claro|1|0|0|1
275872|2020-03-16|segunda-feira|18:45:00|RO|364.0|CANDEIAS DO JAMARI|Defeito na Via|Queda de ocupante de veículo|Com Vítimas Feridas|Plena Noite|Céu Claro|3|0|0|1
275873|2020-03-16|segunda-feira|20:30:00|MG|381.0|ITAPEVA|Velocidade Incompatível|Colisão com objeto estático|Com Vítimas Feridas|Plena Noite|Garoa/Chuvisco|2|0|1|0
275875|2020-03-16|segunda-feira|22:00:00|MT|70.0|VARZEA GRANDE|Velocidade Incompatível|Colisão traseira|Com Vítimas Feridas|Plena Noite|Céu Claro|4|0|2|0
275876|2020-03-16|segunda-feira|19:30:00|PI|343.0|AGUA BRANCA|Restrição de Visibilidade|Atropelamento de Pedestre|Com Vítimas Fatais|Plena Noite|Chuva|2|1|0|0
275877|2020-03-16|segunda-feira|22:30:00|MS|262.0|DOIS IRMAOS DO BURITI|Desobediência às normas de trânsito pelo condutor|Colisão frontal|Com Vítimas Fatais|Plena Noite|Céu Claro|2|1|0|0
275878|2020-03-16|segunda-feira|22:00:00|PI|407.0|ACAUA|Velocidade Incompatível|Colisão traseira|Com Vítimas Fatais|Plena Noite|Garoa/Chuvisco|3|1|0|1
275879|2020-03-16|segunda-feira|16:10:00|RJ||RIO BONITO|Desobediência às normas de trânsito pelo condutor|Colisão com objeto estático|Com Vítimas Feridas|Pleno dia|Céu Claro|3|0|1|0
275880|2020-03-17|terça-feira|01:00:00|RS|290.0|ELDORADO DO SUL|Defeito Mecânico no Veículo|Saída de leito carroçável|Com Vítimas Feridas|Plena Noite|Céu Claro|1|0|1|0
275881|2020-03-17|terça-feira|00:50:00|SE|101.0|CRISTINAPOLIS|Ingestão de Álcool|Colisão com objeto estático|Sem Vítimas|Plena Noite|Céu Claro|2|0|0|0
275882|2020-03-17|terça-feira|01:30:00|RJ|101.0|CAMPOS DOS GOYTACAZES|Animais na Pista|Atropelamento de Animal|Com Vítimas Feridas|Plena Noite|Céu Claro|1|0|1|0
275883|2020-03-17|terça-feira|03:00:00|SC|101.0|ITAJAI|Ingestão de Álcool|Colisão lateral|Com Vítimas Feridas|Plena Noite|Nublado|3|0|1|0
275884|2020-03-16|segunda-feira|19:30:00|BA|324.0|JACOBINA|Animais na Pista|Atropelamento de Animal|Com Vítimas Feridas|Plena Noite|Céu Claro|2|0|2|0
275885|2020-03-17|terça-feira|01:30:00|RJ|116.0|QUEIMADOS|Animais na Pista|Atropelamento de Animal|Com Vítimas Feridas|Plena Noite|Céu Claro|1|0|1|0
275886|2020-03-17|terça-feira|00:20:00|GO|153.0|PROFESSOR JAMIL|Condutor Dormindo|Saída de leito carroçável|Sem Vítimas|Plena Noite|Céu Claro|1|0|0|0
275887|2020-03-17|terça-feira|04:00:00|MG|50.0|UBERABA|Condutor Dormindo|Saída de leito carroçável|Com Vítimas Feridas|Plena Noite|Céu Claro|1|0|1|0
275888|2020-03-17|terça-feira|04:30:00|PR|476.0|CURITIBA|Condutor Dormindo|Colisão com objeto estático|Sem Vítimas|Plena Noite|Nublado|3|0|0|0
275889|2020-03-17|terça-feira|02:40:00|BA|324.0|AMELIA RODRIGUES|Velocidade Incompatível|Colisão com objeto estático|Com Vítimas Feridas|Plena Noite|Céu Claro|3|0|1|0
275890|2020-03-17|terça-feira|04:45:00|SP|381.0|MAIRIPORA|Animais na Pista|Atropelamento de Animal|Sem Vítimas|Plena Noite|Chuva|1|0|0|0
275891|2020-03-17|terça-feira|05:30:00|RS|386.0|POUSO NOVO|Velocidade Incompatível|Tombamento|Com Vítimas Feridas|Plena Noite|Nevoeiro/Neblina|1|0|1|0
275892|2020-03-17|terça-feira|06:06:00|RJ|40.0|PETROPOLIS|Pista Escorregadia|Saída de leito carroçável|Com Vítimas Feridas|Pleno dia|Céu Claro|2|0|1|0
275893|2020-03-17|terça-feira|06:15:00|MG|40.0|CONTAGEM|Desobediência às normas de trânsito pelo condutor|Atropelamento de Pedestre|Com Vítimas Feridas|Amanhecer|Céu Claro|6|0|1|1
275894|2020-03-17|terça-feira|03:00:00|RO|319.0|PORTO VELHO|Restrição de Visibilidade|Atropelamento de Pedestre|Com Vítimas Fatais|Amanhecer|Céu Claro|2|1|0|0
275895|2020-03-17|terça-feira|06:30:00|SP|381.0|SAO PAULO|Falta de Atenção à Condução|Colisão com objeto estático|Com Vítimas Feridas|Pleno dia|Chuva|2|0|1|0
275896|2020-03-17|terça-feira|06:50:00|DF|20.0|BRASILIA|Falta de Atenção à Condução|Colisão lateral|Com Vítimas Feridas|Pleno dia|Céu Claro|2|0|2|0
275897|2020-03-17|terça-feira|06:30:00|ES|101.0|VIANA|Não guardar distância de segurança|Colisão traseira|Sem Vítimas|Pleno dia|Céu Claro|2|0|0|0
275898|2020-03-17|terça-feira|06:30:00|MG|40.0|NOVA LIMA|Velocidade Incompatível|Tombamento|Com Vítimas Feridas|Pleno dia|Céu Claro|2|0|2|0
275899|2020-03-17|terça-feira|07:10:00|SP|116.0|TABOAO DA SERRA|Não guardar distância de segurança|Colisão traseira|Com Vítimas Feridas|Pleno dia|Céu Claro|2|0|1|0
275900|2020-03-17|terça-feira|07:17:00|PR|376.0|MANDAGUARI|Desobediência às normas de trânsito pelo condutor|Colisão traseira|Com Vítimas Fatais|Pleno dia|Céu Claro|3|1|1|0
275901|2020-03-17|terça-feira|07:10:00|SP|153.0|ONDA VERDE|Desobediência às normas de trânsito pelo condutor|Colisão transversal|Com Vítimas Feridas|Pleno dia|Céu Claro|31|0|21|10
275902|2020-03-17|terça-feira|04:00:00|BA|101.0|CARAVELAS|Velocidade Incompatível|Tombamento|Sem Vítimas|Plena Noite|Nevoeiro/Neblina|1|0|0|0
275903|2020-03-17|terça-feira|07:10:00|MG|381.0|BETIM|Não guardar distância de segurança|Colisão traseira|Com Vítimas Feridas|Amanhecer|Céu Claro|4|0|2|0
275904|2020-03-17|terça-feira|07:30:00|GO|60.0|ANAPOLIS|Desobediência às normas de trânsito pelo condutor|Colisão com objeto estático|Com Vítimas Feridas|Pleno dia|Céu Claro|2|0|2|0
275905|2020-03-17|terça-feira|04:30:00|RO|435.0|VILHENA|Defeito na Via|Colisão com objeto estático|Com Vítimas Feridas|Amanhecer|Céu Claro|1|0|1|0
275907|2020-03-17|terça-feira|07:30:00|ES|101.0|IBIRACU|Ultrapassagem Indevida|Colisão traseira|Com Vítimas Feridas|Pleno dia|Céu Claro|2|0|1|0
275909|2020-03-17|terça-feira|08:00:00|SP|116.0|GUARULHOS|Não guardar distância de segurança|Engavetamento|Com Vítimas Feridas|Pleno dia|Céu Claro|4|0|1|0
275910|2020-03-17|terça-feira|07:00:00|RJ|101.0|ITAGUAI|Mal Súbito|Colisão com objeto estático|Sem Vítimas|Pleno dia|Chuva|1|0|0|0
275911|2020-03-17|terça-feira|07:45:00|PR|116.0|FAZENDA RIO GRANDE|Não guardar distância de segurança|Queda de ocupante de veículo|Com Vítimas Feridas|Pleno dia|Céu Claro|3|0|1|0
275912|2020-03-17|terça-feira|07:50:00|AL|104.0|RIO LARGO|Falta de Atenção à Condução|Colisão lateral|Com Vítimas Feridas|Pleno dia|Sol|2|0|1|0
275913|2020-03-17|terça-feira|08:00:00|PR|369.0|LONDRINA|Velocidade Incompatível|Colisão traseira|Com Vítimas Feridas|Pleno dia|Nublado|2|0|0|1
275914|2020-03-17|terça-feira|06:55:00|MG|251.0|FRANCISCO SA|Falta de Atenção à Condução|Colisão transversal|Com Vítimas Feridas|Pleno dia|Céu Claro|2|0|0|1
275916|2020-03-17|terça-feira|07:10:00|AC|364.0|RIO BRANCO|Falta de Atenção à Condução|Colisão traseira|Com Vítimas Feridas|Amanhecer|Nublado|2|0|1|0
275917|2020-02-15|sábado|03:30:00|RS|472.0|TRES DE MAIO|Ingestão de Álcool|Saída de leito carroçável|Com Vítimas Feridas|Plena Noite|Nublado|2|0|2|0
275918|2020-03-17|terça-feira|06:50:00|PB|104.0|ESPERANCA|Pista Escorregadia|Colisão frontal|Com Vítimas Fatais|Pleno dia|Sol|2|1|0|0
275919|2020-02-25|terça-feira|09:30:00|PR|476.0|LAPA|Falta de Atenção à Condução|Colisão frontal|Sem Vítimas|Pleno dia|Chuva|3|0|0|0
275920|2020-03-17|terça-feira|09:30:00|DF|40.0|BRASILIA|Velocidade Incompatível|Colisão transversal|Com Vítimas Feridas|Pleno dia|Sol|4|0|1|0
275921|2020-03-17|terça-feira|10:00:00|SP|116.0|GUARULHOS|Condutor Dormindo|Colisão traseira|Com Vítimas Feridas|Pleno dia|Sol|2|0|1|0
275922|2020-03-17|terça-feira|07:35:00|MG|262.0|NOVA SERRANA|Falta de Atenção à Condução|Colisão traseira|Com Vítimas Feridas|Pleno dia|Céu Claro|5|0|3|0
275923|2020-03-17|terça-feira|08:00:00|RS|116.0|VACARIA|Falta de Atenção à Condução|Colisão transversal|Com Vítimas Feridas|Pleno dia|Céu Claro|2|0|1|0
275924|2020-03-17|terça-feira|10:10:00|MA|316.0|TIMON|Falta de Atenção à Condução|Colisão transversal|Com Vítimas Fatais|Pleno dia|Céu Claro|7|1|0|2
275925|2020-02-14|sexta-feira|18:00:00|SC|153.0|AGUA DOCE|Desobediência às normas de trânsito pelo condutor|Colisão frontal|Com Vítimas Fatais|Pleno dia|Nublado|4|3|1|0
275926|2020-03-17|terça-feira|10:00:00|CE|222.0|TIANGUA|Desobediência às normas de trânsito pelo condutor|Colisão transversal|Com Vítimas Feridas|Pleno dia|Céu Claro|4|0|2|0
275927|2020-03-17|terça-feira|08:20:00|SC|101.0|GAROPABA|Falta de Atenção à Condução|Capotamento|Sem Vítimas|Pleno dia|Chuva|1|0|0|0
275928|2020-03-17|terça-feira|10:10:00|PR|277.0|IBEMA|Desobediência às normas de trânsito pelo condutor|Colisão frontal|Com Vítimas Fatais|Pleno dia|Sol|3|1|0|0
275929|2020-03-17|terça-feira|06:30:00|MG|40.0|JUIZ DE FORA|Defeito Mecânico no Veículo|Queda de ocupante de veículo|Com Vítimas Feridas|Amanhecer|Nublado|2|0|1|0
275930|2020-03-17|terça-feira|10:40:00|SP|116.0|SAO PAULO|Mal Súbito|Colisão com objeto estático|Com Vítimas Feridas|Pleno dia|Sol|1|0|1|0
275931|2020-03-17|terça-feira|05:20:00|BA|116.0|ARACI|Desobediência às normas de trânsito pelo condutor|Colisão frontal|Com Vítimas Feridas|Amanhecer|Céu Claro|2|0|1|1
275932|2020-03-17|terça-feira|10:10:00|PR|369.0|UBIRATA|Velocidade Incompatível|Colisão traseira|Com Vítimas Feridas|Pleno dia|Céu Claro|4|0|2|0
275933|2020-03-17|terça-feira|09:40:00|ES|101.0|GUARAPARI|Velocidade Incompatível|Tombamento|Com Vítimas Feridas|Pleno dia|Céu Claro|1|0|0|1
275934|2020-03-17|terça-feira|11:00:00|MG|116.0|MIRADOURO|Falta de Atenção à Condução|Colisão transversal|Com Vítimas Feridas|Pleno dia|Céu Claro|4|0|1|1
275935|2020-03-17|terça-feira|09:50:00|PR|277.0|PORTO AMAZONAS|Defeito Mecânico no Veículo|Tombamento|Com Vítimas Feridas|Pleno dia|Céu Claro|2|0|1|0
275936|2020-03-17|terça-feira|10:30:00|PR|376.0|CALIFORNIA|Desobediência às normas de trânsito pelo condutor|Colisão lateral|Com Vítimas Feridas|Pleno dia|Céu Claro|3|0|1|0
275939|2020-03-17|terça-feira|10:40:00|PR|116.0|FAZENDA RIO GRANDE|Falta de Atenção à Condução|Colisão lateral|Com Vítimas Feridas|Pleno dia|Céu Claro|2|0|1|0
275940|2020-03-17|terça-feira|11:10:00|DF|70.0|BRASILIA|Velocidade Incompatível|Colisão com objeto estático|Com Vítimas Feridas|Pleno dia|Nublado|1|0|1|0
275941|2020-03-17|terça-feira|10:10:00|SP|116.0|GUARULHOS|Mal Súbito|Colisão traseira|Com Vítimas Feridas|Pleno dia|Céu Claro|2|0|1|0
275943|2020-03-17|terça-feira|10:50:00|PR|277.0|BALSA NOVA|Não guardar distância de segurança|Colisão traseira|Sem Vítimas|Pleno dia|Céu Claro|2|0|0|0
275945|2020-03-17|terça-feira|11:05:00|MS|163.0|NAVIRAI|Falta de Atenção à Condução|Colisão transversal|Com Vítimas Feridas|Pleno dia|Céu Claro|3|0|0|1
275946|2020-03-17|terça-feira|12:10:00|RJ|393.0|SAPUCAIA|Condutor Dormindo|Capotamento|Com Vítimas Feridas|Pleno dia|Céu Claro|3|0|1|0
275947|2020-03-17|terça-feira|12:20:00|PE|101.0|PAULISTA|Falta de Atenção à Condução|Colisão traseira|Com Vítimas Feridas|Pleno dia|Céu Claro|3|0|2|0
275948|2020-03-17|terça-feira|12:10:00|AL|101.0|FLEXEIRAS|Velocidade Incompatível|Tombamento|Com Vítimas Feridas|Pleno dia|Céu Claro|2|0|0|1
275949|2020-03-17|terça-feira|12:15:00|SE|101.0|NOSSA SENHORA DO SOCORRO|Velocidade Incompatível|Tombamento|Com Vítimas Feridas|Pleno dia|Garoa/Chuvisco|1|0|1|0
275950|2020-03-17|terça-feira|11:55:00|GO|153.0|JARAGUA|Desobediência às normas de trânsito pelo condutor|Colisão transversal|Com Vítimas Feridas|Pleno dia|Céu Claro|2|0|1|0
275951|2020-03-17|terça-feira|12:01:00|PR|376.0|ORTIGUEIRA|Desobediência às normas de trânsito pelo condutor|Tombamento|Com Vítimas Feridas|Pleno dia|Céu Claro|2|0|0|1
275952|2020-03-17|terça-feira|12:45:00|PE|101.0|IGARASSU|Falta de Atenção à Condução|Colisão transversal|Com Vítimas Feridas|Pleno dia|Sol|4|0|1|1
275953|2020-03-17|terça-feira|11:50:00|PB|230.0|CAMPINA GRANDE|Não guardar distância de segurança|Colisão traseira|Sem Vítimas|Pleno dia|Céu Claro|2|0|0|0
275955|2020-03-17|terça-feira|11:20:00|RO|364.0|PORTO VELHO|Desobediência às normas de trânsito pelo condutor|Colisão traseira|Com Vítimas Feridas|Pleno dia|Sol|4|0|3|0
275956|2020-03-14|sábado|05:30:00|RJ|101.0|CAMPOS DOS GOYTACAZES|Velocidade Incompatível|Colisão com objeto estático|Com Vítimas Feridas|Amanhecer|Céu Claro|2|0|2|0
275957|2020-03-17|terça-feira|12:45:00|RS|470.0|GARIBALDI|Avarias e/ou desgaste excessivo no pneu|Saída de leito carroçável|Com Vítimas Feridas|Pleno dia|Céu Claro|1|0|1|0
275958|2020-03-13|sexta-feira|17:15:00|RS|116.0|ESTEIO|Avarias e/ou desgaste excessivo no pneu|Saída de leito carroçável|Com Vítimas Feridas|Pleno dia|Céu Claro|1|0|1|0
275959|2020-03-17|terça-feira|12:40:00|RJ|116.0|TERESOPOLIS|Falta de Atenção à Condução|Queda de ocupante de veículo|Com Vítimas Feridas|Pleno dia|Nublado|1|0|1|0
275960|2020-03-17|terça-feira|13:00:00|MA|10.0|PORTO FRANCO|Não guardar distância de segurança|Colisão lateral|Com Vítimas Feridas|Pleno dia|Céu Claro|2|0|0|1
275961|2020-03-17|terça-feira|12:30:00|RJ|40.0|DUQUE DE CAXIAS|Carga excessiva e/ou mal acondicionada|Tombamento|Com Vítimas Feridas|Pleno dia|Nublado|1|0|1|0
275962|2020-03-17|terça-feira|11:50:00|CE|222.0|FORQUILHA|Velocidade Incompatível|Saída de leito carroçável|Com Vítimas Feridas|Pleno dia|Céu Claro|5|0|2|0
275963|2020-03-17|terça-feira|13:53:00|PA|316.0|CASTANHAL|Falta de Atenção à Condução|Colisão traseira|Com Vítimas Feridas|Pleno dia|Céu Claro|2|0|0|1
275964|2020-03-17|terça-feira|12:50:00|BA|116.0|VITORIA DA CONQUISTA|Falta de Atenção à Condução|Colisão transversal|Com Vítimas Feridas|Pleno dia|Sol|2|0|1|0
275967|2020-03-17|terça-feira|14:00:00|PB|230.0|PATOS|Falta de Atenção do Pedestre|Saída de leito carroçável|Com Vítimas Feridas|Pleno dia|Sol|1|0|1|0
275968|2020-03-17|terça-feira|14:25:00|RS|392.0|PORTO XAVIER|Falta de Atenção à Condução|Colisão lateral|Com Vítimas Feridas|Pleno dia|Sol|3|0|2|0
275969|2020-03-17|terça-feira|14:05:00|PR|158.0|PATO BRANCO|Velocidade Incompatível|Tombamento|Com Vítimas Feridas|Pleno dia|Céu Claro|4|0|0|1
275970|2020-03-17|terça-feira|13:50:00|ES|101.0|SERRA|Falta de Atenção à Condução|Colisão lateral|Com Vítimas Feridas|Pleno dia|Céu Claro|2|0|1|0
275971|2020-03-17|terça-feira|12:00:00|SC|163.0|GUARACIABA|Desobediência às normas de trânsito pelo condutor|Colisão lateral|Com Vítimas Feridas|Pleno dia|Céu Claro|2|0|1|0
275972|2020-03-17|terça-feira|13:20:00|SC|282.0|CAMPOS NOVOS|Desobediência às normas de trânsito pelo condutor|Colisão traseira|Com Vítimas Feridas|Pleno dia|Céu Claro|5|0|2|0
275973|2020-03-17|terça-feira|09:50:00|MT|174.0|CACERES|Falta de Atenção à Condução|Colisão lateral|Sem Vítimas|Pleno dia|Céu Claro|5|0|0|0
275974|2020-03-17|terça-feira|14:00:00|MS|163.0|SONORA|Falta de Atenção à Condução|Saída de leito carroçável|Com Vítimas Feridas|Pleno dia|Céu Claro|1|0|1|0
275975|2020-03-17|terça-feira|14:30:00|PE|424.0|GARANHUNS|Desobediência às normas de trânsito pelo condutor|Colisão transversal|Com Vítimas Feridas|Pleno dia|Nublado|3|0|1|0
275976|2020-03-17|terça-feira|14:30:00|RJ|101.0|SAO GONCALO|Mal Súbito|Tombamento|Com Vítimas Feridas|Pleno dia|Nublado|1|0|1|0
275977|2020-03-17|terça-feira|14:45:00|ES|262.0|MARECHAL FLORIANO|Velocidade Incompatível|Colisão transversal|Com Vítimas Fatais|Pleno dia|Chuva|2|1|0|0
275978|2020-03-17|terça-feira|14:00:00|RO|364.0|PORTO VELHO|Desobediência às normas de trânsito pelo condutor|Colisão traseira|Com Vítimas Feridas|Pleno dia|Sol|3|0|2|0
275979|2020-03-17|terça-feira|15:35:00|RJ|116.0|MAGE|Falta de Atenção à Condução|Colisão traseira|Com Vítimas Feridas|Pleno dia|Chuva|8|0|5|1
275981|2020-03-17|terça-feira|14:10:00|GO|50.0|CATALAO|Falta de Atenção à Condução|Colisão transversal|Com Vítimas Feridas|Pleno dia|Céu Claro|2|0|1|0
275983|2020-03-17|terça-feira|15:20:00|ES|262.0|CONCEICAO DO CASTELO|Velocidade Incompatível|Tombamento|Com Vítimas Feridas|Pleno dia|Chuva|1|0|1|0
275984|2020-03-17|terça-feira|15:20:00|MG|381.0|SABARA|Falta de Atenção à Condução|Colisão lateral|Com Vítimas Feridas|Pleno dia|Céu Claro|2|0|1|0
275985|2020-03-17|terça-feira|14:00:00|PR|153.0|JACAREZINHO|Defeito Mecânico no Veículo|Incêndio|Sem Vítimas|Pleno dia|Céu Claro|1|0|0|0
275986|2020-03-17|terça-feira|11:20:00|RJ|116.0|PIRAI|Carga excessiva e/ou mal acondicionada|Derramamento de carga|Sem Vítimas|Pleno dia|Céu Claro|1|0|0|0
275987|2020-03-17|terça-feira|15:30:00|PE|101.0|RECIFE|Falta de Atenção do Pedestre|Atropelamento de Pedestre|Com Vítimas Fatais|Pleno dia|Céu Claro|2|1|0|0
275988|2020-03-17|terça-feira|15:45:00|MT|70.0|BARRA DO GARCAS|Desobediência às normas de trânsito pelo condutor|Colisão lateral|Com Vítimas Feridas|Pleno dia|Céu Claro|2|0|1|0
275989|2020-03-17|terça-feira|13:40:00|PE|101.0|CABO DE SANTO AGOSTINHO|Condutor Dormindo|Colisão com objeto estático|Com Vítimas Feridas|Pleno dia|Céu Claro|2|0|1|0
275990|2020-03-17|terça-feira|15:00:00|MG|381.0|NEPOMUCENO|Defeito Mecânico no Veículo|Danos eventuais|Sem Vítimas|Pleno dia|Céu Claro|1|0|0|0
275991|2020-03-17|terça-feira|16:00:00|SC|101.0|ITAJAI|Não guardar distância de segurança|Colisão lateral|Com Vítimas Feridas|Pleno dia|Nublado|2|0|2|0
275992|2020-03-17|terça-feira|14:20:00|SC|470.0|INDAIAL|Desobediência às normas de trânsito pelo condutor|Colisão transversal|Com Vítimas Feridas|Pleno dia|Nublado|2|0|0|1
275993|2020-03-17|terça-feira|15:05:00|PR|376.0|CURITIBA|Defeito Mecânico no Veículo|Incêndio|Sem Vítimas|Pleno dia|Sol|1|0|0|0
275994|2020-03-17|terça-feira|16:50:00|CE|116.0|PACAJUS|Desobediência às normas de trânsito pelo condutor|Colisão transversal|Com Vítimas Feridas|Anoitecer|Nublado|2|0|0|1
275995|2020-03-17|terça-feira|06:30:00|MG|365.0|PIRAPORA|Condutor Dormindo|Saída de leito carroçável|Com Vítimas Feridas|Pleno dia|Céu Claro|1|0|1|0
275996|2020-03-17|terça-feira|16:45:00|PE|101.0|RECIFE|Ultrapassagem Indevida|Colisão lateral|Com Vítimas Feridas|Pleno dia|Céu Claro|2|0|1|0
275997|2020-03-17|terça-feira|17:10:00|PE|101.0|ITAPISSUMA|Falta de Atenção à Condução|Colisão transversal|Sem Vítimas|Anoitecer|Vento|2|0|0|0
275998|2020-03-17|terça-feira|17:25:00|SP|116.0|TABOAO DA SERRA|Não guardar distância de segurança|Colisão traseira|Com Vítimas Feridas|Pleno dia|Nublado|2|0|1|0
275999|2020-03-17|terça-feira|17:30:00|MG|40.0|NOVA LIMA|Desobediência às normas de trânsito pelo condutor|Colisão transversal|Com Vítimas Feridas|Pleno dia|Chuva|3|0|0|1
276000|2020-03-17|terça-feira|17:20:00|SP|153.0|LINS|Desobediência às normas de trânsito pelo condutor|Colisão com objeto estático|Com Vítimas Feridas|Pleno dia|Céu Claro|1|0|1|0
276001|2020-03-17|terça-feira|17:45:00|BA|101.0|SANTO ANTONIO DE JESUS|Desobediência às normas de trânsito pelo condutor|Colisão lateral|Com Vítimas Feridas|Pleno dia|Céu Claro|3|0|2|0
276002|2020-03-17|terça-feira|16:30:00|SC|470.0|POUSO REDONDO|Avarias e/ou desgaste excessivo no pneu|Saída de leito carroçável|Com Vítimas Feridas|Pleno dia|Nublado|1|0|1|0
276003|2020-03-17|terça-feira|12:40:00|CE|116.0|RUSSAS|Falta de Atenção à Condução|Colisão traseira|Com Vítimas Feridas|Pleno dia|Céu Claro|2|0|1|0
276004|2020-03-17|terça-feira|17:00:00|PA|230.0|MARABA|Ingestão de Álcool|Colisão traseira|Com Vítimas Feridas|Anoitecer|Céu Claro|3|0|1|0
276005|2020-03-17|terça-feira|16:00:00|RO|364.0|PORTO VELHO|Desobediência às normas de trânsito pelo condutor|Colisão transversal|Com Vítimas Feridas|Pleno dia|Céu Claro|2|0|0|1
276006|2020-03-17|terça-feira|14:05:00|AM|174.0|MANAUS|Condutor Dormindo|Saída de leito carroçável|Com Vítimas Feridas|Pleno dia|Nublado|1|0|1|0
276007|2020-03-17|terça-feira|17:50:00|SP|116.0|GUARULHOS|Falta de Atenção à Condução|Colisão com objeto estático|Com Vítimas Feridas|Anoitecer|Céu Claro|3|0|2|0
276008|2020-03-17|terça-feira|12:50:00|SC|282.0|XAXIM|Velocidade Incompatível|Saída de leito carroçável|Com Vítimas Feridas|Pleno dia|Céu Claro|3|0|3|0
276009|2020-03-17|terça-feira|17:30:00|PR|277.0|PARANAGUA|Defeito Mecânico no Veículo|Saída de leito carroçável|Sem Vítimas|Anoitecer|Nublado|1|0|0|0
276010|2020-03-17|terça-feira|16:25:00|SP|116.0|SAO JOSE DOS CAMPOS|Defeito Mecânico no Veículo|Tombamento|Com Vítimas Feridas|Pleno dia|Céu Claro|1|0|1|0
276011|2020-03-17|terça-feira|16:05:00|ES|101.0|LINHARES|Não guardar distância de segurança|Colisão traseira|Com Vítimas Feridas|Pleno dia|Céu Claro|3|0|1|0
276012|2020-03-17|terça-feira|18:00:00|RJ|101.0|ANGRA DOS REIS|Defeito na Via|Queda de ocupante de veículo|Com Vítimas Feridas|Anoitecer|Céu Claro|1|0|1|0
276013|2020-03-17|terça-feira|18:05:00|ES|101.0|LINHARES|Desobediência às normas de trânsito pelo condutor|Colisão transversal|Com Vítimas Feridas|Anoitecer|Céu Claro|2|0|1|0
276014|2020-03-17|terça-feira|17:50:00|BA|324.0|FEIRA DE SANTANA|Não guardar distância de segurança|Colisão traseira|Com Vítimas Feridas|Plena Noite|Céu Claro|2|0|1|0
276015|2020-03-17|terça-feira|18:50:00|CE|222.0|SOBRAL|Restrição de Visibilidade|Tombamento|Com Vítimas Feridas|Plena Noite|Céu Claro|1|0|1|0
276016|2020-03-17|terça-feira|06:10:00|MG|40.0|RIBEIRAO DAS NEVES|Mal Súbito|Saída de leito carroçável|Com Vítimas Feridas|Pleno dia|Céu Claro|1|0|1|0
276017|2020-03-17|terça-feira|15:20:00|RO|364.0|JARU|Desobediência às normas de trânsito pelo condutor|Colisão lateral|Sem Vítimas|Pleno dia|Nublado|4|0|0|0
276019|2020-03-17|terça-feira|16:30:00|RO|435.0|VILHENA|Defeito na Via|Capotamento|Com Vítimas Feridas|Pleno dia|Céu Claro|3|0|3|0
276020|2020-03-15|domingo|03:30:00|DF|20.0|BRASILIA|Ingestão de Álcool|Colisão lateral|Com Vítimas Feridas|Plena Noite|Céu Claro|3|0|1|1