id|data_inversa|dia_semana|horario|uf|br|municipio|causa_acidente|tipo_acidente|classificacao_acidente|fase_dia|condicao_metereologica|pessoas|mortos|feridos_leves|feridos_graves
276021|2020-03-17|terça-feira|19:15:00|DF|40.0|BRASILIA|Falta de Atenção à Condução|Colisão lateral|Com Vítimas Feridas|Plena Noite|Nublado|2|0|1|0
276022|2020-03-17|terça-feira|19:40:00|SP|153.0|SAO JOSE DO RIO PRETO|Animais na Pista|Atropelamento de Animal|Sem Vítimas|Plena Noite|Céu Claro|1|0|0|0
276023|2020-03-17|terça-feira|18:30:00|SP|116.0|TABOAO DA SERRA|Falta de Atenção à Condução|Colisão transversal|Com Vítimas Feridas|Plena Noite|Céu Claro|2|0|2|0
276024|2020-03-08|domingo|12:00:00|SC|101.0|BALNEARIO CAMBORIU|Não guardar distância de segurança|Colisão traseira|Com Vítimas Feridas|Pleno dia|Céu Claro|3|0|1|0
276025|2020-03-17|terça-feira|19:30:00|PR|373.0|CANDOI|Velocidade Incompatível|Colisão traseira|Com Vítimas Feridas|Plena Noite|Céu Claro|6|0|3|1
276026|2020-03-17|terça-feira|20:10:00|SE|101.0|CEDRO DE SAO JOAO|Falta de Atenção à Condução|Tombamento|Com Vítimas Feridas|Plena Noite|Céu Claro|1|0|1|0
276028|2020-03-17|terça-feira|17:35:00|AP|156.0|FERREIRA GOMES|Não guardar distância de segurança|Colisão traseira|Sem Vítimas|Anoitecer|Céu Claro|8|0|0|0
276029|2020-03-17|terça-feira|14:00:00|PA|155.0|MARABA|Desobediência às normas de trânsito pelo condutor|Tombamento|Com Vítimas Feridas|Pleno dia|Sol|4|0|1|0
276030|2020-03-17|terça-feira|19:45:00|PR|376.0|SAO JOSE DOS PINHAIS|Falta de Atenção à Condução|Atropelamento de Pedestre|Com Vítimas Feridas|Plena Noite|Nublado|3|0|1|1
276031|2020-03-17|terça-feira|20:00:00|BA|101.0|MARAU|Desobediência às normas de trânsito pelo pedestre|Atropelamento de Pedestre|Com Vítimas Fatais|Plena Noite|Céu Claro|2|1|0|0
276032|2020-03-17|terça-feira|19:00:00|BA|101.0|MUCURI|Desobediência às normas de trânsito pelo condutor|Colisão frontal|Com Vítimas Feridas|Plena Noite|Nublado|4|0|3|0
276033|2020-03-17|terça-feira|19:00:00|PR|116.0|CAMPINA GRANDE DO SUL|Velocidade Incompatível|Colisão com objeto estático|Com Vítimas Feridas|Plena Noite|Garoa/Chuvisco|2|0|1|0
276034|2020-03-17|terça-feira|18:50:00|RO|364.0|CACOAL|Falta de Atenção à Condução|Colisão traseira|Com Vítimas Feridas|Plena Noite|Nublado|2|0|0|1
276035|2020-03-17|terça-feira|20:40:00|ES|101.0|CARIACICA|Defeito Mecânico no Veículo|Queda de ocupante de veículo|Com Vítimas Feridas|Pleno dia|Céu Claro|1|0|1|0
276036|2020-03-17|terça-feira|20:30:00|PR|373.0|GUAMIRANGA|Desobediência às normas de trânsito pelo condutor|Colisão lateral|Com Vítimas Fatais|Plena Noite|Nublado|3|1|0|0
276037|2020-03-17|terça-feira|18:10:00|RS|153.0|ERECHIM|Não guardar distância de segurança|Colisão traseira|Com Vítimas Feridas|Pleno dia|Sol|4|0|2|1
276038|2020-03-17|terça-feira|21:10:00|ES|101.0|LINHARES|Velocidade Incompatível|Saída de leito carroçável|Sem Vítimas|Plena Noite|Céu Claro|2|0|0|0
276039|2020-03-17|terça-feira|21:30:00|RS|448.0|ESTEIO|Defeito Mecânico no Veículo|Tombamento|Com Vítimas Feridas|Plena Noite|Céu Claro|2|0|2|0
276040|2020-03-17|terça-feira|21:15:00|RN|406.0|CEARA-MIRIM|Animais na Pista|Atropelamento de Animal|Sem Vítimas|Plena Noite|Céu Claro|2|0|0|0
276041|2020-03-02|segunda-feira|09:37:00|AC|317.0|RIO BRANCO|Desobediência às normas de trânsito pelo condutor|Colisão traseira|Com Vítimas Feridas|Pleno dia|Céu Claro|3|0|0|1
276042|2020-03-17|terça-feira|20:45:00|PR|476.0|SAO MATEUS DO SUL|Desobediência às normas de trânsito pelo condutor|Colisão transversal|Com Vítimas Feridas|Plena Noite|Céu Claro|2|0|1|0
276043|2020-03-17|terça-feira|19:55:00|RS|116.0|CAMAQUA|Falta de Atenção à Condução|Colisão traseira|Sem Vítimas|Plena Noite|Nublado|2|0|0|0
276044|2020-03-17|terça-feira|20:30:00|PI|316.0|TERESINA|Animais na Pista|Atropelamento de Animal|Sem Vítimas|Plena Noite|Céu Claro|1|0|0|0
276045|2020-03-17|terça-feira|19:00:00|AL|101.0|MESSIAS|Falta de Atenção à Condução|Saída de leito carroçável|Sem Vítimas|Plena Noite|Garoa/Chuvisco|1|0|0|0
276046|2020-03-17|terça-feira|20:30:00|TO|153.0|ARAGUAINA|Ingestão de Álcool|Saída de leito carroçável|Sem Vítimas|Plena Noite|Nublado|1|0|0|0
276047|2020-03-17|terça-feira|20:30:00|MG|40.0|FELIXLANDIA|Falta de Atenção do Pedestre|Atropelamento de Pedestre|Com Vítimas Feridas|Plena Noite|Céu Claro|2|0|0|1
276048|2020-03-17|terça-feira|22:15:00|SC|280.0|GUARAMIRIM|Falta de Atenção à Condução|Colisão transversal|Com Vítimas Feridas|Plena Noite|Chuva|2|0|1|0
276049|2020-03-17|terça-feira|20:15:00|SC|282.0|AGUAS MORNAS|Ultrapassagem Indevida|Capotamento|Com Vítimas Feridas|Plena Noite|Chuva|2|0|1|0
276051|2020-03-17|terça-feira|11:15:00|PA|163.0|ITAITUBA|Pista Escorregadia|Colisão frontal|Com Vítimas Feridas|Pleno dia|Chuva|2|0|2|0
276052|2020-03-17|terça-feira|23:08:00|PR|476.0|SAO MATEUS DO SUL|Falta de Atenção à Condução|Colisão frontal|Com Vítimas Feridas|Plena Noite|Nublado|2|0|1|0
276054|2020-03-17|terça-feira|23:45:00|SP|116.0|JACAREI|Defeito Mecânico no Veículo|Incêndio|Com Vítimas Feridas|Plena Noite|Céu Claro|2|0|1|0
276055|2020-03-17|terça-feira|22:30:00|MG|153.0|ARAPORA|Falta de Atenção à Condução|Colisão traseira|Com Vítimas Feridas|Plena Noite|Céu Claro|2|0|0|1
276056|2020-03-18|quarta-feira|00:20:00|PR|153.0|REBOUCAS|Defeito Mecânico no Veículo|Incêndio|Sem Vítimas|Plena Noite|Céu Claro|1|0|0|0
276057|2020-03-18|quarta-feira|00:15:00|PR|376.0|ORTIGUEIRA|Desobediência às normas de trânsito pelo condutor|Colisão lateral|Sem Vítimas|Plena Noite|Ignorado|2|0|0|0
276058|2020-03-18|quarta-feira|00:40:00|RS|285.0|CORONEL BARROS|Condutor Dormindo|Saída de leito carroçável|Com Vítimas Feridas|Plena Noite|Céu Claro|2|0|1|0
276059|2020-03-17|terça-feira|23:30:00|RN|304.0|MOSSORO|Falta de Atenção à Condução|Colisão lateral|Sem Vítimas|Plena Noite|Nublado|5|0|0|0
276060|2020-03-18|quarta-feira|01:30:00|SC|101.0|BIGUACU|Ingestão de Álcool|Saída de leito carroçável|Com Vítimas Feridas|Plena Noite|Céu Claro|3|0|0|3
276061|2020-03-18|quarta-feira|03:00:00|MA|316.0|TIMON|Restrição de Visibilidade|Colisão frontal|Com Vítimas Feridas|Plena Noite|Chuva|3|0|0|2
276062|2020-03-18|quarta-feira|02:44:00|SP|116.0|GUARULHOS|Desobediência às normas de trânsito pelo pedestre|Atropelamento de Pedestre|Com Vítimas Fatais|Plena Noite|Nublado|2|1|0|0
276064|2020-03-18|quarta-feira|04:35:00|RS|290.0|ELDORADO DO SUL|Ingestão de Álcool|Colisão lateral|Sem Vítimas|Plena Noite|Céu Claro|2|0|0|0
276065|2020-03-18|quarta-feira|03:50:00|MS|463.0|DOURADOS|Agressão Externa|Tombamento|Com Vítimas Feridas|Plena Noite|Céu Claro|1|0|0|1
276066|2020-03-18|quarta-feira|03:30:00|SC|101.0|BALNEARIO CAMBORIU|Desobediência às normas de trânsito pelo condutor|Colisão com objeto estático|Com Vítimas Feridas|Plena Noite|Céu Claro|2|0|0|1
276067|2020-03-18|quarta-feira|05:10:00|RJ|116.0|PIRAI|Fenômenos da Natureza|Colisão traseira|Com Vítimas Fatais|Amanhecer|Nevoeiro/Neblina|2|1|1|0
276068|2020-03-18|quarta-feira|05:30:00|CE|116.0|MORADA NOVA|Falta de Atenção à Condução|Colisão frontal|Com Vítimas Feridas|Pleno dia|Céu Claro|4|0|0|2
276069|2020-03-18|quarta-feira|05:25:00|ES|101.0|VIANA|Falta de Atenção à Condução|Atropelamento de Pedestre|Com Vítimas Feridas|Amanhecer|Chuva|2|0|1|0
276070|2020-03-18|quarta-feira|06:15:00|SC|101.0|JOINVILLE|Falta de Atenção à Condução|Saída de leito carroçável|Com Vítimas Feridas|Amanhecer|Nublado|1|0|0|1
276071|2020-03-17|terça-feira|16:50:00|MG|381.0|SANTANA DO PARAISO|Falta de Atenção à Condução|Colisão transversal|Com Vítimas Feridas|Pleno dia|Céu Claro|2|0|1|0
276072|2020-03-18|quarta-feira|06:00:00|SC|101.0|SAO JOSE|Pista Escorregadia|Tombamento|Com Vítimas Feridas|Amanhecer|Céu Claro|1|0|1|0
276073|2020-03-18|quarta-feira|06:20:00|SP|116.0|SAO LOURENCO DA SERRA|Falta de Atenção à Condução|Colisão lateral|Com Vítimas Feridas|Pleno dia|Nublado|2|0|1|0
276074|2020-03-18|quarta-feira|06:30:00|RS|392.0|SANTANA DA BOA VISTA|Velocidade Incompatível|Colisão com objeto estático|Com Vítimas Fatais|Amanhecer|Chuva|3|1|1|1
276076|2020-03-18|quarta-feira|05:30:00|BA|324.0|SAO SEBASTIAO DO PASSE|Mal Súbito|Capotamento|Sem Vítimas|Amanhecer|Céu Claro|1|0|0|0
276078|2020-03-18|quarta-feira|07:00:00|RS|290.0|PORTO ALEGRE|Falta de Atenção à Condução|Colisão lateral|Com Vítimas Feridas|Pleno dia|Nublado|2|0|1|0
276079|2020-03-17|terça-feira|19:40:00|CE|116.0|RUSSAS|Falta de Atenção do Pedestre|Atropelamento de Pedestre|Com Vítimas Fatais|Plena Noite|Céu Claro|2|1|0|0
276080|2020-03-18|quarta-feira|05:10:00|MG|381.0|CARMO DA CACHOEIRA|Carga excessiva e/ou mal acondicionada|Tombamento|Sem Vítimas|Amanhecer|Céu Claro|1|0|0|0
276081|2020-03-15|domingo|03:45:00|PR|116.0|CAMPINA GRANDE DO SUL|Falta de Atenção à Condução|Saída de leito carroçável|Sem Vítimas|Plena Noite|Nublado|1|0|0|0
276082|2020-03-18|quarta-feira|01:50:00|SC|101.0|BALNEARIO CAMBORIU|Velocidade Incompatível|Saída de leito carroçável|Com Vítimas Feridas|Plena Noite|Céu Claro|1|0|1|0
276083|2020-02-20|quinta-feira|18:40:00|PA|316.0|CASTANHAL|Não guardar distância de segurança|Engavetamento|Sem Vítimas|Plena Noite|Chuva|3|0|0|0
276084|2020-03-18|quarta-feira|07:15:00|SP|153.0|SAO JOSE DO RIO PRETO|Defeito na Via|Tombamento|Com Vítimas Feridas|Pleno dia|Sol|1|0|1|0
276085|2020-03-18|quarta-feira|07:30:00|PR|376.0|TIJUCAS DO SUL|Defeito Mecânico no Veículo|Tombamento|Com Vítimas Feridas|Pleno dia|Céu Claro|2|0|2|0
276086|2020-03-14|sábado|20:30:00|MG|381.0|SAO JOAQUIM DE BICAS|Falta de Atenção à Condução|Tombamento|Com Vítimas Feridas|Plena Noite|Céu Claro|1|0|1|0
276087|2020-03-18|quarta-feira|08:00:00|MG|381.0|BETIM|Falta de Atenção à Condução|Tombamento|Com Vítimas Feridas|Pleno dia|Céu Claro|1|0|1|0
276088|2020-03-18|quarta-feira|08:20:00|RN|101.0|PARNAMIRIM|Falta de Atenção à Condução|Colisão traseira|Com Vítimas Feridas|Pleno dia|Céu Claro|2|0|1|0
276089|2020-03-18|quarta-feira|07:45:00|RJ|116.0|SAO JOAO DE MERITI|Falta de Atenção à Condução|Queda de ocupante de veículo|Com Vítimas Feridas|Pleno dia|Sol|2|0|1|0
276090|2020-03-18|quarta-feira|08:26:00|RS|386.0|ESTRELA|Avarias e/ou desgaste excessivo no pneu|Saída de leito carroçável|Com Vítimas Feridas|Pleno dia|Chuva|2|0|2|0
276091|2020-03-18|quarta-feira|06:40:00|MG|262.0|ABRE CAMPO|Condutor Dormindo|Tombamento|Com Vítimas Feridas|Amanhecer|Céu Claro|1|0|1|0
276094|2020-03-18|quarta-feira|08:35:00|ES|101.0|SERRA|Desobediência às normas de trânsito pelo condutor|Colisão transversal|Com Vítimas Feridas|Pleno dia|Céu Claro|2|0|1|0
276095|2020-03-18|quarta-feira|08:00:00|SP|116.0|GUARULHOS|Falta de Atenção à Condução|Colisão com objeto estático|Com Vítimas Feridas|Pleno dia|Nublado|2|0|1|0
276096|2020-03-18|quarta-feira|08:30:00|SP|381.0|SAO PAULO|Não guardar distância de segurança|Colisão traseira|Com Vítimas Feridas|Pleno dia|Céu Claro|2|0|1|0
276097|2020-03-15|domingo|06:00:00|SP|381.0|MAIRIPORA|Velocidade Incompatível|Saída de leito carroçável|Com Vítimas Feridas|Amanhecer|Céu Claro|5|0|0|1
276098|2020-03-15|domingo|03:40:00|RS|386.0|LAJEADO|Ingestão de Álcool|Saída de leito carroçável|Sem Vítimas|Plena Noite|Céu Claro|1|0|0|0
276099|2020-03-18|quarta-feira|09:00:00|RS|116.0|CAXIAS DO SUL|Desobediência às normas de trânsito pelo condutor|Colisão transversal|Com Vítimas Feridas|Pleno dia|Nublado|2|0|1|0
276100|2020-03-18|quarta-feira|08:20:00|SC|153.0|CONCORDIA|Velocidade Incompatível|Colisão transversal|Com Vítimas Feridas|Pleno dia|Chuva|3|0|1|0
276101|2020-03-15|domingo|05:30:00|SC|116.0|PONTE ALTA DO NORTE|Condutor Dormindo|Saída de leito carroçável|Com Vítimas Feridas|Plena Noite|Céu Claro|2|0|2|0
276102|2020-03-18|quarta-feira|09:30:00|PR|163.0|PLANALTO|Velocidade Incompatível|Saída de leito carroçável|Com Vítimas Feridas|Pleno dia|Chuva|1|0|1|0
276103|2020-03-18|quarta-feira|07:00:00|RJ|40.0|PETROPOLIS|Falta de Atenção à Condução|Tombamento|Sem Vítimas|Pleno dia|Céu Claro|1|0|0|0
276104|2020-03-18|quarta-feira|08:40:00|MG|262.0|UBERABA|Defeito Mecânico no Veículo|Incêndio|Com Vítimas Feridas|Pleno dia|Céu Claro|1|0|1|0
276106|2020-03-15|domingo|03:30:00|AM|174.0|MANAUS|Ingestão de Álcool|Saída de leito carroçável|Com Vítimas Feridas|Plena Noite|Céu Claro|2|0|2|0
276107|2020-03-18|quarta-feira|09:00:00|RJ|116.0|PIRAI|Carga excessiva e/ou mal acondicionada|Derramamento de carga|Sem Vítimas|Pleno dia|Céu Claro|1|0|0|0
276108|2020-02-29|sábado|05:30:00|RN|226.0|TRIUNFO POTIGUAR|Animais na Pista|Atropelamento de Animal|Com Vítimas Feridas|Pleno dia|Céu Claro|2|0|0|2
276109|2020-03-15|domingo|02:30:00|SC|470.0|GASPAR|Condutor Dormindo|Colisão com objeto estático|Com Vítimas Feridas|Plena Noite|Céu Claro|1|0|1|0
276110|2020-03-18|quarta-feira|09:50:00|RO|174.0|VILHENA|Falta de Atenção à Condução|Colisão transversal|Com Vítimas Feridas|Pleno dia|Céu Claro|2|0|0|1
276112|2020-03-18|quarta-feira|10:50:00|MG|50.0|UBERLANDIA|Desobediência às normas de trânsito pelo condutor|Colisão lateral|Com Vítimas Feridas|Pleno dia|Céu Claro|1|0|1|0
276113|2020-03-18|quarta-feira|09:50:00|SP|381.0|BRAGANCA PAULISTA|Falta de Atenção à Condução|Tombamento|Sem Vítimas|Pleno dia|Céu Claro|1|0|0|0
276115|2020-03-15|domingo|04:30:00|PR|277.0|SAO JOSE DOS PINHAIS|Ingestão de Álcool|Queda de ocupante de veículo|Com Vítimas Feridas|Plena Noite|Nublado|3|0|2|0
276116|2020-03-18|quarta-feira|10:55:00|ES|101.0|ICONHA|Falta de Atenção à Condução|Colisão lateral|Com Vítimas Feridas|Pleno dia|Sol|2|0|0|1
276117|2020-03-18|quarta-feira|11:10:00|GO|40.0|VALPARAISO DE GOIAS|Não guardar distância de segurança|Tombamento|Com Vítimas Feridas|Pleno dia|Céu Claro|1|0|1|0
276118|2020-03-18|quarta-feira|11:30:00|SC|101.0|SAO JOSE|Não guardar distância de segurança|Colisão lateral|Com Vítimas Feridas|Pleno dia|Garoa/Chuvisco|3|0|1|0
276119|2020-03-18|quarta-feira|11:40:00|SP|116.0|ITAPECERICA DA SERRA|Defeito Mecânico no Veículo|Tombamento|Com Vítimas Feridas|Pleno dia|Céu Claro|2|0|2|0
276120|2020-03-18|quarta-feira|10:00:00|MT|364.0|ALTO GARCAS|Falta de Atenção à Condução|Tombamento|Com Vítimas Fatais|Pleno dia|Céu Claro|2|1|0|0
276121|2020-03-15|domingo|08:20:00|PR|163.0|LINDOESTE|Desobediência às normas de trânsito pelo condutor|Colisão frontal|Com Vítimas Feridas|Pleno dia|Sol|11|0|3|4
276122|2020-03-18|quarta-feira|07:00:00|MG|40.0|SANTOS DUMONT|Velocidade Incompatível|Saída de leito carroçável|Com Vítimas Feridas|Pleno dia|Nevoeiro/Neblina|2|0|2|0
276123|2020-03-18|quarta-feira|11:25:00|CE|116.0|RUSSAS|Defeito Mecânico no Veículo|Colisão frontal|Com Vítimas Feridas|Pleno dia|Céu Claro|2|0|1|0
276124|2020-03-18|quarta-feira|10:10:00|MA|135.0|SAO LUIS|Falta de Atenção à Condução|Colisão lateral|Com Vítimas Feridas|Pleno dia|Céu Claro|5|0|1|1
276125|2020-02-27|quinta-feira|20:20:00|MG|50.0|UBERLANDIA|Defeito Mecânico no Veículo|Atropelamento de Pedestre|Com Vítimas Feridas|Plena Noite|Céu Claro|3|0|0|2
276126|2020-03-18|quarta-feira|12:15:00|BA|324.0|SALVADOR|Defeito Mecânico no Veículo|Queda de ocupante de veículo|Com Vítimas Feridas|Pleno dia|Céu Claro|2|0|2|0
276127|2020-03-15|domingo|08:40:00|RJ|116.0|TERESOPOLIS|Falta de Atenção à Condução|Colisão lateral|Com Vítimas Feridas|Pleno dia|Céu Claro|2|0|2|0
276128|2020-03-18|quarta-feira|12:00:00|SC|101.0|TUBARAO|Não guardar distância de segurança|Colisão traseira|Com Vítimas Feridas|Pleno dia|Céu Claro|2|0|1|0
276129|2020-03-18|quarta-feira|12:20:00|AL|101.0|TEOTONIO VILELA|Pista Escorregadia|Colisão frontal|Com Vítimas Feridas|Pleno dia|Chuva|2|0|1|0
276130|2020-03-18|quarta-feira|11:45:00|SC|101.0|JOINVILLE|Falta de Atenção à Condução|Colisão traseira|Com Vítimas Feridas|Pleno dia|Nublado|2|0|1|0
276131|2020-03-12|quinta-feira|19:30:00|PA|230.0|MARABA|Ingestão de Álcool|Colisão com objeto estático|Sem Vítimas|Plena Noite|Nublado|2|0|0|0
276132|2020-03-18|quarta-feira|12:10:00|PB|101.0|BAYEUX|Desobediência às normas de trânsito pelo condutor|Colisão transversal|Sem Vítimas|Pleno dia|Sol|2|0|0|0
276133|2020-03-18|quarta-feira|12:55:00|PR|476.0|CURITIBA|Falta de Atenção à Condução|Engavetamento|Sem Vítimas|Pleno dia|Céu Claro|3|0|0|0
276134|2020-03-18|quarta-feira|11:40:00|RJ|40.0|PETROPOLIS|Avarias e/ou desgaste excessivo no pneu|Tombamento|Com Vítimas Feridas|Pleno dia|Céu Claro|2|0|2|0
276135|2020-03-18|quarta-feira|10:10:00|PI|343.0|COCAL DE TELHA|Falta de Atenção à Condução|Colisão transversal|Com Vítimas Feridas|Pleno dia|Sol|2|0|0|1
276136|2020-03-18|quarta-feira|08:37:00|RO|364.0|PORTO VELHO|Falta de Atenção à Condução|Colisão traseira|Sem Vítimas|Pleno dia|Céu Claro|6|0|0|0
276137|2020-03-15|domingo|04:45:00|RS|290.0|PANTANO GRANDE|Ingestão de Álcool|Colisão com objeto estático|Com Vítimas Feridas|Plena Noite|Céu Claro|1|0|1|0
276138|2020-03-18|quarta-feira|13:05:00|BA|116.0|FEIRA DE SANTANA|Falta de Atenção à Condução|Colisão transversal|Com Vítimas Feridas|Pleno dia|Céu Claro|2|0|1|0
276139|2020-03-15|domingo|04:30:00|PR|116.0|FAZENDA RIO GRANDE|Falta de Atenção à Condução|Queda de ocupante de veículo|Com Vítimas Feridas|Plena Noite|Céu Claro|1|0|1|0
276140|2020-03-18|quarta-feira|10:10:00|MG|116.0|CARATINGA|Falta de Atenção à Condução|Colisão traseira|Com Vítimas Feridas|Pleno dia|Nublado|2|0|1|0
276141|2020-03-18|quarta-feira|13:20:00|PR|163.0|MARECHAL CANDIDO RONDON|Ultrapassagem Indevida|Colisão frontal|Com Vítimas Feridas|Pleno dia|Chuva|3|0|0|2
276142|2020-03-18|quarta-feira|13:10:00|ES|262.0|VIANA|Desobediência às normas de trânsito pelo condutor|Colisão frontal|Com Vítimas Feridas|Pleno dia|Nublado|7|0|4|2
276143|2020-03-18|quarta-feira|13:35:00|MG|40.0|PARAOPEBA|Falta de Atenção à Condução|Saída de leito carroçável|Com Vítimas Feridas|Pleno dia|Céu Claro|5|0|5|0
276144|2020-03-18|quarta-feira|13:20:00|PE|232.0|PESQUEIRA|Pista Escorregadia|Colisão lateral|Com Vítimas Feridas|Pleno dia|Nublado|2|0|2|0
276145|2020-03-18|quarta-feira|13:45:00|PR|467.0|CASCAVEL|Velocidade Incompatível|Saída de leito carroçável|Com Vítimas Feridas|Pleno dia|Chuva|2|0|1|0
276146|2020-03-18|quarta-feira|11:25:00|CE|222.0|CAUCAIA|Falta de Atenção à Condução|Saída de leito carroçável|Com Vítimas Feridas|Pleno dia|Nublado|2|0|2|0
276147|2020-03-18|quarta-feira|14:05:00|SE|101.0|NOSSA SENHORA DO SOCORRO|Desobediência às normas de trânsito pelo condutor|Colisão lateral|Com Vítimas Feridas|Pleno dia|Céu Claro|2|0|1|0
276148|2020-02-28|sexta-feira|23:30:00|GO|364.0|JATAI|Condutor Dormindo|Colisão frontal|Com Vítimas Feridas|Plena Noite|Nublado|4|0|2|0
276151|2020-03-18|quarta-feira|08:40:00|SC|282.0|ERVAL VELHO|Velocidade Incompatível|Colisão frontal|Com Vítimas Fatais|Pleno dia|Céu Claro|2|1|0|0
276152|2020-03-18|quarta-feira|11:20:00|PI|343.0|BURITI DOS LOPES|Defeito na Via|Saída de leito carroçável|Com Vítimas Feridas|Pleno dia|Céu Claro|1|0|1|0
276153|2020-03-18|quarta-feira|08:25:00|RO|364.0|ARIQUEMES|Não guardar distância de segurança|Colisão traseira|Com Vítimas Feridas|Pleno dia|Nublado|4|0|0|1
276154|2020-03-18|quarta-feira|08:50:00|PR|153.0|JACAREZINHO|Desobediência às normas de trânsito pelo condutor|Colisão transversal|Sem Vítimas|Pleno dia|Céu Claro|3|0|0|0
276155|2020-03-18|quarta-feira|14:05:00|PE|232.0|GRAVATA|Falta de Atenção à Condução|Saída de leito carroçável|Com Vítimas Fatais|Pleno dia|Céu Claro|2|1|0|0
276156|2020-03-18|quarta-feira|13:20:00|ES|101.0|LINHARES|Falta de Atenção à Condução|Danos eventuais|Com Vítimas Feridas|Pleno dia|Céu Claro|5|0|1|0
276158|2020-03-18|quarta-feira|09:35:00|SC|280.0|MAFRA|Desobediência às normas de trânsito pelo condutor|Colisão traseira|Sem Vítimas|Pleno dia|Nublado|2|0|0|0
276159|2020-03-18|quarta-feira|13:15:00|SC|101.0|SANTA ROSA DO SUL|Velocidade Incompatível|Colisão lateral|Com Vítimas Feridas|Pleno dia|Céu Claro|2|0|1|0
276160|2020-03-18|quarta-feira|10:20:00|SC|280.0|TRES BARRAS|Falta de Atenção à Condução|Colisão transversal|Com Vítimas Feridas|Pleno dia|Nublado|6|0|6|0
276161|2020-03-18|quarta-feira|13:00:00|MT|364.0|ROSARIO OESTE|Falta de Atenção à Condução|Saída de leito carroçável|Com Vítimas Feridas|Pleno dia|Chuva|1|0|1|0
276162|2020-03-16|segunda-feira|16:45:00|GO|158.0|CAIAPONIA|Defeito na Via|Colisão traseira|Com Vítimas Feridas|Pleno dia|Sol|2|0|1|0
276163|2020-03-18|quarta-feira|09:35:00|MG|381.0|TRES CORACOES|Falta de Atenção à Condução|Colisão traseira|Com Vítimas Feridas|Pleno dia|Céu Claro|2|0|2|0
276164|2020-03-18|quarta-feira|12:30:00|RO|425.0|NOVA MAMORE|Falta de Atenção à Condução|Colisão transversal|Com Vítimas Feridas|Pleno dia|Céu Claro|2|0|1|0
276165|2020-03-18|quarta-feira|15:30:00|PE|101.0|JABOATAO DOS GUARARAPES|Não guardar distância de segurança|Colisão traseira|Com Vítimas Feridas|Pleno dia|Sol|3|0|2|0
276166|2020-03-18|quarta-feira|11:12:00|MG|40.0|ITABIRITO|Defeito na Via|Danos eventuais|Sem Vítimas|Pleno dia|Nublado|2|0|0|0
276167|2020-03-18|quarta-feira|12:10:00|RS|293.0|CANDIOTA|Desobediência às normas de trânsito pelo condutor|Colisão transversal|Sem Vítimas|Pleno dia|Chuva|2|0|0|0
276168|2020-03-18|quarta-feira|15:30:00|PR|376.0|PONTA GROSSA|Velocidade Incompatível|Saída de leito carroçável|Com Vítimas Feridas|Pleno dia|Nublado|2|0|2|0
276169|2020-03-18|quarta-feira|16:03:00|PR|277.0|GUARAPUAVA|Falta de Atenção à Condução|Queda de ocupante de veículo|Com Vítimas Feridas|Pleno dia|Chuva|1|0|1|0
276170|2020-01-06|segunda-feira|19:30:00|RN|304.0|LAJES|Animais na Pista|Atropelamento de Animal|Com Vítimas Feridas|Plena Noite|Céu Claro|1|0|1|0
276172|2020-03-18|quarta-feira|16:00:00|ES|101.0|VIANA|Falta de Atenção à Condução|Tombamento|Com Vítimas Feridas|Pleno dia|Chuva|1|0|1|0
276174|2020-03-18|quarta-feira|15:40:00|PE|101.0|PALMARES|Pista Escorregadia|Capotamento|Com Vítimas Feridas|Pleno dia|Chuva|2|0|1|0
276175|2020-03-18|quarta-feira|15:00:00|BA|415.0|ILHEUS|Falta de Atenção à Condução|Engavetamento|Com Vítimas Feridas|Pleno dia|Garoa/Chuvisco|5|0|1|0
276176|2020-03-18|quarta-feira|16:15:00|PE|101.0|RECIFE|Não guardar distância de segurança|Engavetamento|Sem Vítimas|Pleno dia|Nublado|3|0|0|0
276178|2020-03-18|quarta-feira|16:30:00|PE|104.0|CARUARU|Defeito na Via|Saída de leito carroçável|Com Vítimas Feridas|Pleno dia|Chuva|1|0|1|0
276180|2020-03-18|quarta-feira|15:30:00|MS|163.0|ITAQUIRAI|Defeito Mecânico no Veículo|Colisão lateral|Com Vítimas Feridas|Pleno dia|Nublado|4|0|3|0
276181|2020-03-18|quarta-feira|16:20:00|SC|282.0|SAO JOSE|Falta de Atenção à Condução|Colisão com objeto estático|Com Vítimas Feridas|Pleno dia|Chuva|1|0|1|0
276182|2020-03-18|quarta-feira|13:15:00|SC|280.0|ARAQUARI|Falta de Atenção à Condução|Tombamento|Com Vítimas Feridas|Pleno dia|Sol|1|0|1|0
276183|2020-03-18|quarta-feira|16:25:00|SP|116.0|TAUBATE|Avarias e/ou desgaste excessivo no pneu|Tombamento|Com Vítimas Feridas|Pleno dia|Céu Claro|1|0|1|0
276184|2020-03-18|quarta-feira|16:15:00|GO|60.0|ANAPOLIS|Falta de Atenção à Condução|Colisão traseira|Com Vítimas Feridas|Pleno dia|Céu Claro|2|0|1|0
276185|2020-03-18|quarta-feira|16:30:00|PE|232.0|CARUARU|Pista Escorregadia|Saída de leito carroçável|Com Vítimas Feridas|Pleno dia|Chuva|2|0|1|0