id|data_inversa|dia_semana|horario|uf|br|municipio|causa_acidente|tipo_acidente|classificacao_acidente|fase_dia|condicao_metereologica|pessoas|mortos|feridos_leves|feridos_graves
276375|2020-03-19|quinta-feira|15:20:00|CE|20.0|CARIDADE|Pista Escorregadia|Capotamento|Com Vítimas Feridas|Pleno dia|Chuva|1|0|1|0
276376|2020-03-19|quinta-feira|13:30:00|PA|230.0|VITORIA DO XINGU|Velocidade Incompatível|Saída de leito carroçável|Sem Vítimas|Pleno dia|Chuva|1|0|0|0
276377|2020-03-17|terça-feira|18:50:00|PA|10.0|SANTA MARIA DO PARA|Falta de Atenção do Pedestre|Atropelamento de Pedestre|Com Vítimas Feridas|Plena Noite|Nublado|2|0|0|1
276378|2020-03-19|quinta-feira|15:30:00|GO|60.0|GOIANAPOLIS|Condutor Dormindo|Saída de leito carroçável|Com Vítimas Feridas|Pleno dia|Céu Claro|1|0|1|0
276379|2020-03-19|quinta-feira|15:00:00|MG|40.0|NOVA LIMA|Velocidade Incompatível|Tombamento|Sem Vítimas|Pleno dia|Nublado|1|0|0|0
276380|2020-03-19|quinta-feira|10:00:00|BA|116.0|IRAJUBA|Velocidade Incompatível|Tombamento|Com Vítimas Feridas|Pleno dia|Céu Claro|2|0|2|0
276381|2020-03-19|quinta-feira|14:25:00|PE|101.0|JABOATAO DOS GUARARAPES|Desobediência às normas de trânsito pelo condutor|Colisão lateral|Sem Vítimas|Pleno dia|Céu Claro|2|0|0|0
276382|2020-03-19|quinta-feira|15:30:00|PR|476.0|CURITIBA|Falta de Atenção à Condução|Colisão lateral|Com Vítimas Feridas|Pleno dia|Sol|2|0|0|1
276383|2020-03-19|quinta-feira|16:00:00|PI|316.0|PICOS|Falta de Atenção à Condução|Saída de leito carroçável|Com Vítimas Feridas|Pleno dia|Chuva|3|0|3|0
276384|2020-03-19|quinta-feira|16:20:00|MG|381.0|CAMBUI|Desobediência às normas de trânsito pelo pedestre|Atropelamento de Pedestre|Com Vítimas Fatais|Pleno dia|Céu Claro|2|1|0|0
276385|2020-03-19|quinta-feira|16:17:00|SP|153.0|SAO JOSE DO RIO PRETO|Falta de Atenção à Condução|Saída de leito carroçável|Com Vítimas Feridas|Pleno dia|Céu Claro|1|0|1|0
276386|2020-03-19|quinta-feira|16:20:00|DF|70.0|BRASILIA|Velocidade Incompatível|Colisão com objeto estático|Com Vítimas Feridas|Pleno dia|Céu Claro|2|0|0|1
276387|2020-03-19|quinta-feira|16:30:00|PR|277.0|CURITIBA|Falta de Atenção à Condução|Saída de leito carroçável|Com Vítimas Feridas|Pleno dia|Céu Claro|1|0|1|0
276388|2020-02-26|quarta-feira|15:40:00|BA|101.0|ITABELA|Ultrapassagem Indevida|Colisão frontal|Com Vítimas Feridas|Pleno dia|Céu Claro|7|0|3|3
276389|2020-03-19|quinta-feira|16:40:00|PE|101.0|JABOATAO DOS GUARARAPES|Falta de Atenção à Condução|Colisão lateral|Com Vítimas Feridas|Plena Noite|Céu Claro|2|0|1|0
276390|2020-03-19|quinta-feira|16:40:00|GO|153.0|APARECIDA DE GOIANIA|Falta de Atenção à Condução|Colisão lateral|Com Vítimas Feridas|Pleno dia|Céu Claro|3|0|1|0
276391|2020-03-19|quinta-feira|14:30:00|ES|262.0|BREJETUBA|Defeito Mecânico no Veículo|Tombamento|Sem Vítimas|Pleno dia|Céu Claro|1|0|0|0
276392|2020-03-19|quinta-feira|16:30:00|RN|226.0|CURRAIS NOVOS|Ultrapassagem Indevida|Saída de leito carroçável|Com Vítimas Feridas|Pleno dia|Nublado|4|0|1|0
276393|2020-03-19|quinta-feira|17:00:00|ES|262.0|CARIACICA|Desobediência às normas de trânsito pelo condutor|Colisão transversal|Com Vítimas Feridas|Pleno dia|Céu Claro|2|0|1|0
276394|2020-03-08|domingo|01:35:00|RN|406.0|JOAO CAMARA|Desobediência às normas de trânsito pelo condutor|Colisão lateral|Com Vítimas Fatais|Plena Noite|Céu Claro|2|1|0|0
276395|2020-03-16|segunda-feira|09:55:00|RR|174.0|BOA VISTA|Falta de Atenção à Condução|Colisão traseira|Com Vítimas Feridas|Pleno dia|Sol|3|0|2|0
276396|2020-03-19|quinta-feira|17:15:00|GO|60.0|ANAPOLIS|Falta de Atenção à Condução|Colisão lateral|Com Vítimas Feridas|Pleno dia|Chuva|2|0|1|0
276398|2020-03-19|quinta-feira|17:00:00|SP|116.0|QUELUZ|Falta de Atenção à Condução|Colisão com objeto estático|Com Vítimas Feridas|Pleno dia|Nublado|1|0|1|0
276399|2020-03-19|quinta-feira|16:55:00|GO|153.0|ANAPOLIS|Pista Escorregadia|Tombamento|Com Vítimas Feridas|Pleno dia|Chuva|1|0|0|1
276400|2020-03-19|quinta-feira|17:45:00|PI|343.0|TERESINA|Não guardar distância de segurança|Colisão traseira|Com Vítimas Feridas|Anoitecer|Garoa/Chuvisco|3|0|1|0
276401|2020-03-19|quinta-feira|16:40:00|RJ|40.0|DUQUE DE CAXIAS|Defeito Mecânico no Veículo|Tombamento|Com Vítimas Feridas|Pleno dia|Céu Claro|2|0|2|0
276402|2020-03-19|quinta-feira|17:35:00|RS|290.0|PORTO ALEGRE|Restrição de Visibilidade|Colisão lateral|Com Vítimas Feridas|Pleno dia|Sol|2|0|1|0
276403|2020-03-19|quinta-feira|16:35:00|MA|10.0|IMPERATRIZ|Desobediência às normas de trânsito pelo condutor|Colisão transversal|Com Vítimas Feridas|Anoitecer|Céu Claro|3|0|0|1
276404|2020-03-19|quinta-feira|18:30:00|SC|101.0|JOINVILLE|Falta de Atenção à Condução|Tombamento|Com Vítimas Feridas|Plena Noite|Céu Claro|1|0|1|0
276405|2020-03-19|quinta-feira|17:35:00|PR|369.0|ARAPONGAS|Desobediência às normas de trânsito pelo condutor|Colisão transversal|Com Vítimas Feridas|Anoitecer|Chuva|2|0|1|0
276406|2020-03-19|quinta-feira|18:00:00|RS|116.0|VACARIA|Desobediência às normas de trânsito pelo condutor|Colisão transversal|Sem Vítimas|Pleno dia|Céu Claro|2|0|0|0
276407|2020-03-19|quinta-feira|16:30:00|MT|163.0|CLAUDIA|Falta de Atenção à Condução|Tombamento|Sem Vítimas|Pleno dia|Céu Claro|1|0|0|0
276408|2020-02-01|sábado|09:30:00|GO|452.0|RIO VERDE|Não guardar distância de segurança|Saída de leito carroçável|Sem Vítimas|Pleno dia|Céu Claro|5|0|0|0
276409|2020-03-19|quinta-feira|18:50:00|PR|277.0|CAMPO LARGO|Falta de Atenção à Condução|Saída de leito carroçável|Com Vítimas Feridas|Plena Noite|Céu Claro|2|0|1|0
276410|2020-03-19|quinta-feira|19:10:00|SC|101.0|SAO JOSE|Falta de Atenção à Condução|Colisão traseira|Com Vítimas Feridas|Plena Noite|Nublado|2|0|1|0
276411|2020-03-19|quinta-feira|13:00:00|MG|262.0|LUZ|Ultrapassagem Indevida|Colisão frontal|Com Vítimas Feridas|Pleno dia|Chuva|2|0|1|0
276412|2020-03-19|quinta-feira|18:45:00|SP|116.0|SAO PAULO|Avarias e/ou desgaste excessivo no pneu|Danos eventuais|Com Vítimas Feridas|Plena Noite|Céu Claro|3|0|3|0
276413|2020-03-19|quinta-feira|17:20:00|SC|280.0|SAO BENTO DO SUL|Velocidade Incompatível|Tombamento|Sem Vítimas|Pleno dia|Céu Claro|1|0|0|0
276414|2020-03-19|quinta-feira|19:00:00|MG|381.0|CAMBUI|Falta de Atenção do Pedestre|Atropelamento de Pedestre|Com Vítimas Fatais|Plena Noite|Céu Claro|2|1|0|0
276415|2020-03-19|quinta-feira|17:00:00|RO|364.0|PORTO VELHO|Falta de Atenção à Condução|Saída de leito carroçável|Com Vítimas Feridas|Pleno dia|Céu Claro|1|0|1|0
276416|2020-03-19|quinta-feira|16:00:00|PE|232.0|JABOATAO DOS GUARARAPES|Defeito Mecânico no Veículo|Incêndio|Sem Vítimas|Pleno dia|Céu Claro|1|0|0|0
276417|2020-03-19|quinta-feira|18:20:00|RJ|116.0|NOVA IGUACU|Não guardar distância de segurança|Colisão lateral|Com Vítimas Feridas|Plena Noite|Céu Claro|3|0|1|0
276418|2020-03-19|quinta-feira|17:50:00|TO|226.0|AGUIARNOPOLIS|Defeito Mecânico no Veículo|Colisão com objeto estático|Sem Vítimas|Anoitecer|Céu Claro|1|0|0|0
276420|2020-03-19|quinta-feira|19:20:00|RN|405.0|PAU DOS FERROS|Falta de Atenção do Pedestre|Atropelamento de Pedestre|Com Vítimas Feridas|Plena Noite|Nublado|3|0|0|1
276421|2020-03-19|quinta-feira|20:10:00|PR|376.0|CURITIBA|Falta de Atenção à Condução|Colisão traseira|Com Vítimas Feridas|Plena Noite|Ignorado|3|0|0|1
276422|2020-03-19|quinta-feira|13:50:00|MA||IMPERATRIZ|Falta de Atenção à Condução|Colisão transversal|Com Vítimas Feridas|Pleno dia|Céu Claro|3|0|1|0
276423|2020-03-19|quinta-feira|18:00:00|PR|376.0|TIBAGI|Velocidade Incompatível|Saída de leito carroçável|Com Vítimas Feridas|Plena Noite|Chuva|1|0|1|0
276424|2020-03-19|quinta-feira|14:30:00|RO|435.0|CEREJEIRAS|Desobediência às normas de trânsito pelo condutor|Colisão transversal|Com Vítimas Feridas|Pleno dia|Céu Claro|2|0|0|1
276425|2020-03-19|quinta-feira|18:20:00|BA|101.0|ALAGOINHAS|Animais na Pista|Atropelamento de Animal|Com Vítimas Feridas|Plena Noite|Céu Claro|1|0|1|0
276426|2020-03-19|quinta-feira|20:30:00|MG|40.0|BELO HORIZONTE|Falta de Atenção à Condução|Engavetamento|Com Vítimas Feridas|Plena Noite|Chuva|3|0|0|1
276427|2020-03-19|quinta-feira|18:30:00|ES|262.0|CARIACICA|Animais na Pista|Atropelamento de Animal|Com Vítimas Feridas|Anoitecer|Céu Claro|1|0|0|1
276428|2020-03-19|quinta-feira|19:15:00|MT|163.0|ITAUBA|Ultrapassagem Indevida|Colisão lateral|Sem Vítimas|Plena Noite|Céu Claro|5|0|0|0
276429|2020-03-19|quinta-feira|20:10:00|GO|60.0|ALEXANIA|Ingestão de Álcool|Saída de leito carroçável|Sem Vítimas|Plena Noite|Nublado|1|0|0|0
276430|2020-03-19|quinta-feira|21:10:00|SP|381.0|GUARULHOS|Falta de Atenção à Condução|Colisão com objeto estático|Com Vítimas Feridas|Plena Noite|Céu Claro|1|0|1|0
276431|2020-03-19|quinta-feira|19:00:00|AC|317.0|EPITACIOLANDIA|Defeito Mecânico no Veículo|Colisão traseira|Com Vítimas Feridas|Plena Noite|Nublado|2|0|0|1
276432|2020-03-19|quinta-feira|21:36:00|GO|60.0|ANAPOLIS|Animais na Pista|Saída de leito carroçável|Com Vítimas Feridas|Plena Noite|Nublado|3|0|2|1
276433|2020-03-19|quinta-feira|19:50:00|PI|135.0|BERTOLINIA|Falta de Atenção à Condução|Saída de leito carroçável|Sem Vítimas|Plena Noite|Céu Claro|1|0|0|0
276434|2020-03-19|quinta-feira|18:45:00|PE|101.0|PALMARES|Ingestão de Álcool|Colisão traseira|Sem Vítimas|Plena Noite|Céu Claro|2|0|0|0
276435|2020-03-19|quinta-feira|20:00:00|SC|282.0|ALFREDO WAGNER|Falta de Atenção à Condução|Colisão traseira|Com Vítimas Feridas|Plena Noite|Céu Claro|4|0|2|0
276436|2020-03-19|quinta-feira|18:30:00|SC|282.0|NOVA ITABERABA|Não guardar distância de segurança|Engavetamento|Com Vítimas Feridas|Anoitecer|Céu Claro|3|0|1|0
276437|2020-03-19|quinta-feira|20:30:00|PR|376.0|GUAIRACA|Defeito Mecânico no Veículo|Incêndio|Sem Vítimas|Plena Noite|Garoa/Chuvisco|1|0|0|0
276438|2020-03-19|quinta-feira|20:00:00|SP|116.0|BARRA DO TURVO|Desobediência às normas de trânsito pelo condutor|Colisão traseira|Sem Vítimas|Plena Noite|Céu Claro|2|0|0|0
276439|2020-03-19|quinta-feira|22:25:00|RN|101.0|SAO GONCALO DO AMARANTE|Falta de Atenção à Condução|Colisão traseira|Com Vítimas Feridas|Plena Noite|Céu Claro|3|0|2|0
276440|2020-03-19|quinta-feira|22:35:00|ES|101.0|SERRA|Desobediência às normas de trânsito pelo condutor|Colisão transversal|Com Vítimas Feridas|Plena Noite|Céu Claro|3|0|2|0
276441|2020-03-19|quinta-feira|22:20:00|RS|290.0|SANTO ANTONIO DA PATRULHA|Falta de Atenção à Condução|Colisão traseira|Com Vítimas Feridas|Plena Noite|Céu Claro|2|0|2|0
276442|2020-03-19|quinta-feira|20:00:00|MT|364.0|PEDRA PRETA|Ultrapassagem Indevida|Tombamento|Sem Vítimas|Plena Noite|Céu Claro|1|0|0|0
276443|2020-03-19|quinta-feira|22:35:00|PR|277.0|CASCAVEL|Desobediência às normas de trânsito pelo condutor|Colisão transversal|Sem Vítimas|Plena Noite|Céu Claro|2|0|0|0
276444|2020-03-19|quinta-feira|22:26:00|MG|381.0|SANTA LUZIA|Velocidade Incompatível|Saída de leito carroçável|Com Vítimas Feridas|Plena Noite|Chuva|1|0|1|0
276445|2020-03-19|quinta-feira|22:15:00|SC|101.0|BALNEARIO CAMBORIU|Ingestão de Álcool|Colisão com objeto estático|Com Vítimas Feridas|Plena Noite|Céu Claro|1|0|1|0
276446|2020-02-28|sexta-feira|22:30:00|MG|40.0|PARAOPEBA|Condutor Dormindo|Colisão com objeto estático|Com Vítimas Feridas|Plena Noite|Chuva|2|0|0|1
276447|2020-03-19|quinta-feira|22:20:00|MG|40.0|CONTAGEM|Velocidade Incompatível|Atropelamento de Pedestre|Com Vítimas Feridas|Plena Noite|Chuva|2|0|0|1
276448|2020-03-19|quinta-feira|21:50:00|MG|116.0|INHAPIM|Velocidade Incompatível|Colisão lateral|Com Vítimas Feridas|Plena Noite|Céu Claro|2|0|0|1
276449|2020-03-19|quinta-feira|22:00:00|PB|361.0|PATOS|Ingestão de álcool e/ou substâncias psicoativas pelo pedestre|Tombamento|Com Vítimas Feridas|Plena Noite|Céu Claro|3|0|2|0
276450|2020-03-19|quinta-feira|18:10:00|MA|135.0|BACABEIRA|Defeito na Via|Saída de leito carroçável|Com Vítimas Feridas|Anoitecer|Céu Claro|1|0|1|0
276451|2020-03-19|quinta-feira|23:30:00|RS|386.0|SOLEDADE|Desobediência às normas de trânsito pelo condutor|Saída de leito carroçável|Com Vítimas Feridas|Plena Noite|Céu Claro|6|0|4|2
276452|2020-03-19|quinta-feira|22:30:00|PR|376.0|CURITIBA|Falta de Atenção à Condução|Saída de leito carroçável|Com Vítimas Feridas|Plena Noite|Céu Claro|1|0|1|0
276453|2020-03-19|quinta-feira|16:20:00|MA|135.0|SAO LUIS|Falta de Atenção à Condução|Atropelamento de Pedestre|Sem Vítimas|Pleno dia|Nublado|3|0|0|0
276454|2020-03-19|quinta-feira|19:20:00|MA|10.0|ACAILANDIA|Desobediência às normas de trânsito pelo condutor|Colisão transversal|Com Vítimas Feridas|Plena Noite|Céu Claro|3|0|1|0
276455|2020-03-19|quinta-feira|21:30:00|MG|381.0|BETIM|Velocidade Incompatível|Queda de ocupante de veículo|Com Vítimas Feridas|Pleno dia|Céu Claro|1|0|1|0
276456|2020-03-19|quinta-feira|23:50:00|MG|153.0|FRONTEIRA|Mal Súbito|Colisão frontal|Com Vítimas Fatais|Plena Noite|Nublado|3|1|0|0
276457|2020-03-19|quinta-feira|19:30:00|SC|282.0|RANCHO QUEIMADO|Ultrapassagem Indevida|Colisão frontal|Com Vítimas Feridas|Plena Noite|Nublado|4|0|2|0
276458|2020-03-19|quinta-feira|19:30:00|SC|282.0|AGUAS MORNAS|Falta de Atenção à Condução|Colisão traseira|Com Vítimas Feridas|Plena Noite|Nublado|3|0|1|0
276459|2020-03-19|quinta-feira|14:50:00|MT|364.0|JANGADA|Defeito Mecânico no Veículo|Tombamento|Com Vítimas Fatais|Pleno dia|Chuva|1|1|0|0
276460|2020-03-19|quinta-feira|16:30:00|MG|381.0|GOVERNADOR VALADARES|Falta de Atenção à Condução|Colisão lateral|Com Vítimas Feridas|Pleno dia|Céu Claro|2|0|1|0
276461|2020-03-20|sexta-feira|01:00:00|RN|101.0|NATAL|Avarias e/ou desgaste excessivo no pneu|Queda de ocupante de veículo|Com Vítimas Feridas|Plena Noite|Céu Claro|2|0|2|0
276462|2020-03-20|sexta-feira|00:30:00|SP|116.0|APARECIDA|Velocidade Incompatível|Tombamento|Sem Vítimas|Plena Noite|Céu Claro|1|0|0|0
276463|2020-03-20|sexta-feira|01:30:00|MG|40.0|ITABIRITO|Falta de Atenção à Condução|Tombamento|Com Vítimas Feridas|Plena Noite|Chuva|1|0|1|0
276464|2020-03-20|sexta-feira|00:10:00|PR|153.0|IRATI|Condutor Dormindo|Saída de leito carroçável|Sem Vítimas|Plena Noite|Céu Claro|1|0|0|0
276465|2020-03-20|sexta-feira|00:00:00|RR|174.0|BOA VISTA|Ingestão de álcool e/ou substâncias psicoativas pelo pedestre|Atropelamento de Pedestre|Com Vítimas Feridas|Plena Noite|Céu Claro|2|0|0|1
276466|2020-02-24|segunda-feira|09:10:00|MG|381.0|SABARA|Falta de Atenção à Condução|Colisão frontal|Com Vítimas Feridas|Pleno dia|Nublado|5|0|1|2
276467|2020-03-19|quinta-feira|23:30:00|PR|277.0|CAMPO LARGO|Falta de Atenção à Condução|Colisão traseira|Com Vítimas Feridas|Plena Noite|Céu Claro|2|0|1|1
276468|2020-03-20|sexta-feira|00:45:00|GO|452.0|SANTA HELENA DE GOIAS|Falta de Atenção à Condução|Saída de leito carroçável|Com Vítimas Feridas|Plena Noite|Chuva|1|0|0|1
276469|2020-03-20|sexta-feira|01:30:00|SP|116.0|CAJATI|Falta de Atenção à Condução|Colisão traseira|Sem Vítimas|Plena Noite|Chuva|2|0|0|0
276470|2020-03-20|sexta-feira|02:40:00|CE|20.0|PARAMBU|Velocidade Incompatível|Capotamento|Com Vítimas Feridas|Plena Noite|Céu Claro|1|0|1|0
276471|2020-03-20|sexta-feira|01:50:00|SP|116.0|BARRA DO TURVO|Falta de Atenção à Condução|Colisão com objeto estático|Sem Vítimas|Plena Noite|Chuva|1|0|0|0
276473|2020-03-20|sexta-feira|04:10:00|SC|470.0|INDAIAL|Avarias e/ou desgaste excessivo no pneu|Saída de leito carroçável|Com Vítimas Feridas|Plena Noite|Céu Claro|1|0|1|0
276474|2020-03-20|sexta-feira|04:40:00|SP|381.0|SAO PAULO|Falta de Atenção à Condução|Colisão traseira|Com Vítimas Feridas|Amanhecer|Chuva|1|0|0|1
276475|2020-03-20|sexta-feira|02:40:00|MT|364.0|JACIARA|Falta de Atenção à Condução|Saída de leito carroçável|Com Vítimas Feridas|Plena Noite|Nublado|1|0|0|1
276476|2020-03-20|sexta-feira|04:40:00|RS|101.0|OSORIO|Condutor Dormindo|Saída de leito carroçável|Com Vítimas Fatais|Plena Noite|Céu Claro|4|1|0|0
276477|2020-03-20|sexta-feira|05:00:00|GO|158.0|ARAGARCAS|Ingestão de Álcool|Colisão traseira|Com Vítimas Feridas|Plena Noite|Céu Claro|4|0|2|0
276478|2020-03-20|sexta-feira|04:20:00|MT|70.0|BARRA DO GARCAS|Falta de Atenção à Condução|Tombamento|Com Vítimas Feridas|Plena Noite|Céu Claro|1|0|1|0
276479|2020-03-20|sexta-feira|05:50:00|RJ|101.0|CAMPOS DOS GOYTACAZES|Falta de Atenção à Condução|Colisão com objeto estático|Sem Vítimas|Amanhecer|Céu Claro|1|0|0|0
276480|2020-03-20|sexta-feira|05:55:00|DF|40.0|BRASILIA|Não guardar distância de segurança|Colisão traseira|Com Vítimas Fatais|Amanhecer|Céu Claro|2|1|0|0
276481|2020-03-20|sexta-feira|05:20:00|PR|376.0|GUAIRACA|Velocidade Incompatível|Colisão com objeto estático|Com Vítimas Feridas|Plena Noite|Céu Claro|1|0|1|0
276482|2020-03-19|quinta-feira|18:50:00|MG|381.0|BETIM|Falta de Atenção à Condução|Tombamento|Com Vítimas Feridas|Plena Noite|Céu Claro|1|0|0|1
276483|2020-03-09|segunda-feira|01:40:00|GO|80.0|BARRO ALTO|Defeito Mecânico no Veículo|Saída de leito carroçável|Com Vítimas Feridas|Plena Noite|Céu Claro|1|0|1|0
276484|2020-03-20|sexta-feira|05:45:00|RS|392.0|RIO GRANDE|Defeito Mecânico no Veículo|Colisão com objeto estático|Com Vítimas Feridas|Amanhecer|Nublado|2|0|1|0
276486|2020-03-20|sexta-feira|06:30:00|PR|373.0|PRUDENTOPOLIS|Ingestão de Álcool|Saída de leito carroçável|Com Vítimas Feridas|Amanhecer|Céu Claro|1|0|1|0
276487|2020-03-20|sexta-feira|05:00:00|MG|365.0|UBERLANDIA|Restrição de Visibilidade|Colisão frontal|Com Vítimas Feridas|Plena Noite|Chuva|2|0|1|0
276488|2020-03-20|sexta-feira|06:50:00|BA|116.0|VITORIA DA CONQUISTA|Desobediência às normas de trânsito pelo condutor|Colisão transversal|Com Vítimas Feridas|Pleno dia|Nublado|2|0|1|0
276489|2020-03-20|sexta-feira|07:30:00|PA|230.0|MARABA|Falta de Atenção à Condução|Colisão lateral|Com Vítimas Feridas|Pleno dia|Céu Claro|2|0|1|0
276491|2020-03-20|sexta-feira|07:00:00|RJ|116.0|RIO DE JANEIRO|Não guardar distância de segurança|Colisão lateral|Com Vítimas Feridas|Pleno dia|Céu Claro|3|0|2|0
276492|2020-03-19|quinta-feira|18:00:00|ES|101.0|LINHARES|Desobediência às normas de trânsito pelo pedestre|Colisão transversal|Com Vítimas Feridas|Anoitecer|Céu Claro|2|0|1|0
276493|2020-03-20|sexta-feira|07:30:00|PR|277.0|CURITIBA|Falta de Atenção à Condução|Colisão traseira|Com Vítimas Feridas|Pleno dia|Céu Claro|2|0|1|0
276494|2020-02-17|segunda-feira|07:50:00|PR|277.0|SAO JOSE DOS PINHAIS|Falta de Atenção à Condução|Colisão lateral|Com Vítimas Feridas|Pleno dia|Nublado|3|0|1|0
276495|2020-03-20|sexta-feira|07:30:00|SC|101.0|ITAJAI|Falta de Atenção à Condução|Queda de ocupante de veículo|Com Vítimas Feridas|Amanhecer|Céu Claro|1|0|1|0
276496|2020-03-20|sexta-feira|06:30:00|SC|101.0|JOINVILLE|Carga excessiva e/ou mal acondicionada|Derramamento de carga|Com Vítimas Feridas|Pleno dia|Nublado|4|0|1|0
276497|2020-03-20|sexta-feira|05:10:00|AM|230.0|HUMAITA|Animais na Pista|Atropelamento de Animal|Com Vítimas Feridas|Amanhecer|Nublado|2|0|0|2
276498|2020-03-20|sexta-feira|07:45:00|SP|116.0|GUARATINGUETA|Ingestão de Álcool|Saída de leito carroçável|Com Vítimas Feridas|Pleno dia|Céu Claro|1|0|1|0
276499|2020-03-20|sexta-feira|08:15:00|GO|60.0|GUAPO|Pista Escorregadia|Capotamento|Com Vítimas Feridas|Pleno dia|Chuva|1|0|1|0
276500|2020-03-20|sexta-feira|08:10:00|SP|116.0|GUARULHOS|Falta de Atenção à Condução|Colisão traseira|Com Vítimas Feridas|Pleno dia|Nublado|2|0|1|0
276501|2020-03-20|sexta-feira|04:00:00|ES|101.0|ICONHA|Falta de Atenção à Condução|Colisão transversal|Com Vítimas Fatais|Plena Noite|Céu Claro|2|1|0|0
276502|2020-03-20|sexta-feira|06:45:00|SP|116.0|JUQUITIBA|Não guardar distância de segurança|Colisão traseira|Com Vítimas Feridas|Pleno dia|Nublado|3|0|2|0
276503|2020-03-20|sexta-feira|06:50:00|RO|364.0|CACOAL|Desobediência às normas de trânsito pelo condutor|Colisão traseira|Com Vítimas Feridas|Pleno dia|Nublado|2|0|0|1
276504|2020-03-20|sexta-feira|07:45:00|RJ|393.0|SAPUCAIA|Velocidade Incompatível|Tombamento|Com Vítimas Feridas|Pleno dia|Céu Claro|1|0|1|0
276505|2020-03-20|sexta-feira|07:50:00|RJ|116.0|NOVA IGUACU|Animais na Pista|Colisão traseira|Sem Vítimas|Pleno dia|Céu Claro|2|0|0|0
276506|2020-01-28|terça-feira|10:20:00|PR|277.0|PARANAGUA|Mal Súbito|Saída de leito carroçável|Com Vítimas Feridas|Pleno dia|Nublado|1|0|1|0
276507|2020-03-20|sexta-feira|05:40:00|MT|70.0|CACERES|Objeto estático sobre o leito carroçável|Colisão com objeto estático|Com Vítimas Feridas|Amanhecer|Garoa/Chuvisco|2|0|1|1
276508|2020-03-14|sábado|18:35:00|PA|222.0|MARABA|Desobediência às normas de trânsito pelo condutor|Colisão traseira|Com Vítimas Feridas|Anoitecer|Céu Claro|3|0|1|0
276509|2020-03-20|sexta-feira|08:20:00|RJ|116.0|QUEIMADOS|Defeito Mecânico no Veículo|Queda de ocupante de veículo|Com Vítimas Feridas|Pleno dia|Céu Claro|2|0|2|0
276510|2020-03-20|sexta-feira|04:30:00|PI|407.0|PICOS|Animais na Pista|Atropelamento de Animal|Com Vítimas Feridas|Plena Noite|Ignorado|1|0|1|0
276512|2020-03-20|sexta-feira|08:30:00|GO|60.0|GUAPO|Falta de Atenção à Condução|Colisão traseira|Com Vítimas Feridas|Pleno dia|Chuva|5|0|1|0
276513|2020-03-20|sexta-feira|09:20:00|SP|116.0|LAVRINHAS|Carga excessiva e/ou mal acondicionada|Derramamento de carga|Sem Vítimas|Pleno dia|Céu Claro|1|0|0|0
276514|2020-03-20|sexta-feira|09:10:00|MT|364.0|VARZEA GRANDE|Falta de Atenção à Condução|Saída de leito carroçável|Com Vítimas Feridas|Pleno dia|Chuva|1|0|1|0
276515|2020-03-20|sexta-feira|08:15:00|MG|40.0|ESMERALDAS|Avarias e/ou desgaste excessivo no pneu|Saída de leito carroçável|Sem Vítimas|Pleno dia|Céu Claro|1|0|0|0
276516|2020-03-20|sexta-feira|06:20:00|MG|262.0|MOEMA|Condutor Dormindo|Colisão lateral|Com Vítimas Feridas|Pleno dia|Chuva|2|0|1|0
276518|2020-03-20|sexta-feira|09:30:00|MG|40.0|CURVELO|Velocidade Incompatível|Capotamento|Com Vítimas Feridas|Pleno dia|Céu Claro|1|0|0|1
276519|2020-03-20|sexta-feira|08:30:00|RJ|116.0|BARRA MANSA|Falta de Atenção à Condução|Colisão traseira|Sem Vítimas|Pleno dia|Céu Claro|2|0|0|0
276520|2020-03-08|domingo|18:52:00|PE|232.0|POMBOS|Falta de Atenção do Pedestre|Atropelamento de Pedestre|Com Vítimas Fatais|Plena Noite|Céu Claro|3|1|2|0
276521|2020-03-20|sexta-feira|10:10:00|SE|235.0|ITABAIANA|Falta de Atenção à Condução|Colisão traseira|Com Vítimas Feridas|Pleno dia|Sol|2|0|1|0
276522|2020-03-20|sexta-feira|09:00:00|RN|304.0|ANGICOS|Falta de Atenção à Condução|Colisão traseira|Com Vítimas Feridas|Pleno dia|Céu Claro|4|0|1|1
276523|2020-03-20|sexta-feira|11:00:00|MG|40.0|JUIZ DE FORA|Velocidade Incompatível|Saída de leito carroçável|Com Vítimas Feridas|Pleno dia|Céu Claro|1|0|1|0
276524|2020-03-20|sexta-feira|11:05:00|RS|116.0|DOIS IRMAOS|Falta de Atenção à Condução|Colisão transversal|Com Vítimas Feridas|Pleno dia|Sol|2|0|1|0
276525|2020-03-20|sexta-feira|09:35:00|MT|364.0|RONDONOPOLIS|Velocidade Incompatível|Tombamento|Com Vítimas Feridas|Pleno dia|Nublado|1|0|1|0
276526|2020-03-20|sexta-feira|08:30:00|MT|70.0|POCONE|Fenômenos da Natureza|Saída de leito carroçável|Com Vítimas Feridas|Pleno dia|Chuva|2|0|1|0
276527|2020-03-20|sexta-feira|11:00:00|MG|40.0|CAPIM BRANCO|Desobediência às normas de trânsito pelo condutor|Colisão traseira|Com Vítimas Feridas|Pleno dia|Céu Claro|3|0|2|0
276528|2020-03-20|sexta-feira|11:32:00|PB|230.0|JOAO PESSOA|Velocidade Incompatível|Colisão traseira|Com Vítimas Feridas|Pleno dia|Céu Claro|2|0|1|0