id|data_inversa|dia_semana|horario|uf|br|municipio|causa_acidente|tipo_acidente|classificacao_acidente|fase_dia|condicao_metereologica|pessoas|mortos|feridos_leves|feridos_graves
276530|2020-03-20|sexta-feira|11:22:00|PE|101.0|RECIFE|Falta de Atenção do Pedestre|Atropelamento de Pedestre|Com Vítimas Feridas|Pleno dia|Céu Claro|2|0|0|1
276531|2020-03-20|sexta-feira|11:25:00|RS|290.0|GLORINHA|Falta de Atenção à Condução|Colisão lateral|Com Vítimas Feridas|Pleno dia|Céu Claro|2|0|1|0
276532|2020-03-20|sexta-feira|11:10:00|BA|101.0|SANTO ANTONIO DE JESUS|Pista Escorregadia|Colisão frontal|Com Vítimas Fatais|Pleno dia|Chuva|2|2|0|0
276533|2020-03-07|sábado|16:00:00|AM|174.0|PRESIDENTE FIGUEIREDO|Desobediência às normas de trânsito pelo condutor|Saída de leito carroçável|Com Vítimas Feridas|Pleno dia|Céu Claro|3|0|2|0
276534|2020-03-20|sexta-feira|11:55:00|RS|285.0|SAO LUIZ GONZAGA|Desobediência às normas de trânsito pelo condutor|Colisão lateral|Sem Vítimas|Pleno dia|Sol|2|0|0|0
276535|2020-03-20|sexta-feira|11:35:00|PE|101.0|JOAQUIM NABUCO|Defeito Mecânico no Veículo|Queda de ocupante de veículo|Com Vítimas Feridas|Pleno dia|Céu Claro|2|0|2|0
276537|2020-03-20|sexta-feira|12:20:00|MG|381.0|SAO SEBASTIAO DA BELA VISTA|Defeito Mecânico no Veículo|Tombamento|Com Vítimas Feridas|Pleno dia|Céu Claro|2|0|2|0
276538|2020-03-20|sexta-feira|12:20:00|GO|153.0|ITUMBIARA|Falta de Atenção à Condução|Colisão lateral|Com Vítimas Feridas|Pleno dia|Céu Claro|2|0|1|0
276539|2020-03-20|sexta-feira|12:45:00|MG|381.0|OLIVEIRA|Falta de Atenção à Condução|Capotamento|Com Vítimas Fatais|Pleno dia|Chuva|2|1|1|0
276541|2020-03-20|sexta-feira|13:10:00|PR|376.0|MANDAGUARI|Falta de Atenção à Condução|Saída de leito carroçável|Com Vítimas Feridas|Pleno dia|Céu Claro|1|0|1|0
276542|2020-03-20|sexta-feira|12:31:00|ES|101.0|LINHARES|Não guardar distância de segurança|Colisão traseira|Com Vítimas Feridas|Pleno dia|Céu Claro|3|0|1|0
276543|2020-03-20|sexta-feira|13:05:00|BA|116.0|SANTO ESTEVAO|Falta de Atenção à Condução|Colisão lateral|Com Vítimas Feridas|Pleno dia|Nublado|5|0|4|0
276544|2020-03-20|sexta-feira|12:25:00|BA|101.0|PRESIDENTE TANCREDO NEVES|Falta de Atenção à Condução|Colisão transversal|Com Vítimas Feridas|Pleno dia|Céu Claro|2|0|1|0
276545|2020-03-20|sexta-feira|13:45:00|SC|101.0|SAO JOSE|Falta de Atenção à Condução|Colisão traseira|Com Vítimas Feridas|Pleno dia|Sol|3|0|1|0
276546|2020-03-20|sexta-feira|13:20:00|MG|153.0|ARAPORA|Velocidade Incompatível|Saída de leito carroçável|Com Vítimas Feridas|Pleno dia|Chuva|1|0|1|0
276547|2020-03-19|quinta-feira|23:00:00|MG|116.0|CAMPANARIO|Velocidade Incompatível|Saída de leito carroçável|Com Vítimas Feridas|Plena Noite|Céu Claro|1|0|0|1
276548|2020-03-20|sexta-feira|12:50:00|BA|116.0|SANTO ESTEVAO|Pista Escorregadia|Saída de leito carroçável|Com Vítimas Feridas|Pleno dia|Chuva|1|0|1|0
276549|2020-03-20|sexta-feira|14:30:00|SC|116.0|MAFRA|Velocidade Incompatível|Tombamento|Com Vítimas Feridas|Pleno dia|Céu Claro|1|0|1|0
276550|2020-03-20|sexta-feira|14:50:00|RS|153.0|ERECHIM|Falta de Atenção do Pedestre|Atropelamento de Pedestre|Com Vítimas Feridas|Pleno dia|Céu Claro|2|0|0|1
276551|2020-03-20|sexta-feira|14:50:00|MG|153.0|FRUTAL|Condutor Dormindo|Saída de leito carroçável|Com Vítimas Feridas|Pleno dia|Chuva|2|0|1|1
276552|2020-03-20|sexta-feira|06:14:00|SE|101.0|NOSSA SENHORA DO SOCORRO|Desobediência às normas de trânsito pelo condutor|Colisão lateral|Sem Vítimas|Pleno dia|Nublado|2|0|0|0
276553|2020-03-20|sexta-feira|14:30:00|MG|381.0|IGARAPE|Avarias e/ou desgaste excessivo no pneu|Tombamento|Com Vítimas Feridas|Pleno dia|Chuva|1|0|1|0
276554|2020-03-20|sexta-feira|13:55:00|RO|364.0|CACOAL|Desobediência às normas de trânsito pelo condutor|Colisão transversal|Com Vítimas Feridas|Pleno dia|Garoa/Chuvisco|2|0|1|0
276555|2020-03-20|sexta-feira|15:05:00|PB|230.0|CABEDELO|Desobediência às normas de trânsito pelo condutor|Colisão transversal|Com Vítimas Feridas|Pleno dia|Sol|2|0|1|0
276556|2020-03-20|sexta-feira|14:20:00|AL|104.0|RIO LARGO|Condutor Dormindo|Colisão com objeto estático|Com Vítimas Feridas|Pleno dia|Céu Claro|2|0|0|2
276557|2020-03-20|sexta-feira|15:00:00|PA|222.0|MARABA|Ultrapassagem Indevida|Colisão transversal|Com Vítimas Feridas|Pleno dia|Céu Claro|3|0|1|0
276558|2020-03-20|sexta-feira|14:40:00|PR|373.0|PONTA GROSSA|Falta de Atenção à Condução|Colisão traseira|Com Vítimas Feridas|Pleno dia|Céu Claro|2|0|1|0
276559|2020-03-14|sábado|19:40:00|MS|163.0|RIO VERDE DE MATO GROSSO|Objeto estático sobre o leito carroçável|Tombamento|Com Vítimas Feridas|Plena Noite|Céu Claro|1|0|0|1
276560|2020-03-20|sexta-feira|11:05:00|RO|364.0|PRESIDENTE MEDICI|Não guardar distância de segurança|Colisão traseira|Com Vítimas Feridas|Pleno dia|Céu Claro|2|0|1|0
276561|2020-03-20|sexta-feira|15:05:00|PA|163.0|SANTAREM|Desobediência às normas de trânsito pelo condutor|Queda de ocupante de veículo|Com Vítimas Feridas|Pleno dia|Nublado|2|0|1|0
276562|2020-03-20|sexta-feira|14:45:00|PR|116.0|CAMPINA GRANDE DO SUL|Falta de Atenção à Condução|Saída de leito carroçável|Com Vítimas Feridas|Pleno dia|Garoa/Chuvisco|1|0|1|0
276563|2020-03-20|sexta-feira|15:30:00|PB|101.0|JOAO PESSOA|Falta de Atenção à Condução|Colisão lateral|Com Vítimas Feridas|Pleno dia|Céu Claro|2|0|1|0
276564|2020-03-20|sexta-feira|14:45:00|RN|304.0|MACAIBA|Não guardar distância de segurança|Colisão traseira|Sem Vítimas|Pleno dia|Sol|2|0|0|0
276565|2020-03-20|sexta-feira|14:30:00|SC|470.0|ASCURRA|Desobediência às normas de trânsito pelo condutor|Colisão lateral|Com Vítimas Feridas|Pleno dia|Céu Claro|2|0|1|0
276566|2020-03-20|sexta-feira|14:45:00|SP|116.0|TABOAO DA SERRA|Não guardar distância de segurança|Colisão lateral|Com Vítimas Feridas|Pleno dia|Sol|2|0|1|0
276567|2020-03-20|sexta-feira|15:00:00|SP|116.0|BARRA DO TURVO|Velocidade Incompatível|Capotamento|Com Vítimas Feridas|Pleno dia|Chuva|4|0|1|0
276569|2020-03-20|sexta-feira|15:15:00|SP|116.0|LORENA|Não guardar distância de segurança|Colisão traseira|Com Vítimas Fatais|Pleno dia|Chuva|7|1|1|1
276570|2020-03-20|sexta-feira|14:30:00|MG|381.0|ESTIVA|Desobediência às normas de trânsito pelo condutor|Colisão lateral|Com Vítimas Feridas|Pleno dia|Chuva|4|0|2|0
276571|2020-03-20|sexta-feira|15:50:00|PI|343.0|PARNAIBA|Desobediência às normas de trânsito pelo condutor|Colisão lateral|Com Vítimas Feridas|Pleno dia|Céu Claro|2|0|1|0
276572|2020-03-20|sexta-feira|15:00:00|SP|116.0|SAO PAULO|Não guardar distância de segurança|Queda de ocupante de veículo|Com Vítimas Feridas|Pleno dia|Nublado|1|0|1|0
276573|2020-03-20|sexta-feira|13:50:00|MA|135.0|BACABEIRA|Falta de Atenção à Condução|Colisão lateral|Com Vítimas Feridas|Pleno dia|Céu Claro|2|0|1|0
276574|2020-03-20|sexta-feira|15:25:00|PR|376.0|TIJUCAS DO SUL|Velocidade Incompatível|Tombamento|Com Vítimas Feridas|Pleno dia|Céu Claro|3|0|3|0
276575|2020-03-20|sexta-feira|16:00:00|MG|365.0|PATROCINIO|Falta de Atenção à Condução|Colisão transversal|Com Vítimas Fatais|Pleno dia|Nublado|2|1|0|0
276576|2020-03-20|sexta-feira|16:30:00|GO|40.0|VALPARAISO DE GOIAS|Falta de Atenção à Condução|Colisão transversal|Sem Vítimas|Pleno dia|Sol|2|0|0|0
276577|2020-03-20|sexta-feira|16:20:00|ES|101.0|VILA VELHA|Defeito Mecânico no Veículo|Tombamento|Com Vítimas Feridas|Pleno dia|Céu Claro|1|0|0|1
276578|2020-03-20|sexta-feira|12:20:00|MG|381.0|SAO SEBASTIAO DA BELA VISTA|Falta de Atenção à Condução|Saída de leito carroçável|Com Vítimas Feridas|Pleno dia|Céu Claro|1|0|1|0
276579|2020-03-20|sexta-feira|16:30:00|SC|101.0|PORTO BELO|Desobediência às normas de trânsito pelo condutor|Colisão traseira|Com Vítimas Feridas|Pleno dia|Céu Claro|2|0|1|0
276580|2020-03-20|sexta-feira|13:00:00|RJ|393.0|BARRA DO PIRAI|Falta de Atenção à Condução|Colisão traseira|Com Vítimas Feridas|Pleno dia|Céu Claro|2|0|0|1
276581|2020-03-20|sexta-feira|16:30:00|SP|381.0|SAO PAULO|Desobediência às normas de trânsito pelo condutor|Colisão traseira|Com Vítimas Feridas|Pleno dia|Céu Claro|2|0|1|0
276582|2020-03-20|sexta-feira|14:35:00|MT|163.0|SORRISO|Não guardar distância de segurança|Colisão frontal|Com Vítimas Feridas|Pleno dia|Chuva|2|0|0|1
276583|2020-03-20|sexta-feira|16:50:00|MG|381.0|IGARAPE|Falta de Atenção do Pedestre|Atropelamento de Pedestre|Com Vítimas Feridas|Pleno dia|Céu Claro|4|0|1|1
276584|2020-03-20|sexta-feira|15:40:00|GO|60.0|ALEXANIA|Ingestão de Álcool|Saída de leito carroçável|Sem Vítimas|Pleno dia|Céu Claro|1|0|0|0
276585|2020-03-20|sexta-feira|11:20:00|MT|70.0|CACERES|Velocidade Incompatível|Saída de leito carroçável|Com Vítimas Feridas|Pleno dia|Chuva|1|0|0|1
276586|2020-03-20|sexta-feira|16:45:00|RJ|101.0|SAO GONCALO|Falta de Atenção à Condução|Colisão lateral|Com Vítimas Feridas|Pleno dia|Nublado|2|0|1|0
276587|2020-03-20|sexta-feira|17:00:00|PR|376.0|APUCARANA|Ultrapassagem Indevida|Colisão transversal|Com Vítimas Feridas|Pleno dia|Céu Claro|3|0|2|0
276588|2020-03-20|sexta-feira|17:10:00|PR|376.0|APUCARANA|Desobediência às normas de trânsito pelo condutor|Colisão frontal|Com Vítimas Feridas|Pleno dia|Céu Claro|2|0|1|0
276589|2020-03-20|sexta-feira|15:50:00|MG|381.0|BRUMADINHO|Desobediência às normas de trânsito pelo condutor|Saída de leito carroçável|Com Vítimas Feridas|Pleno dia|Garoa/Chuvisco|2|0|2|0
276590|2020-03-20|sexta-feira|16:58:00|RN|101.0|PARNAMIRIM|Desobediência às normas de trânsito pelo condutor|Colisão transversal|Sem Vítimas|Pleno dia|Céu Claro|1|0|0|0
276591|2020-03-20|sexta-feira|17:00:00|SP|116.0|GUARULHOS|Falta de Atenção à Condução|Colisão com objeto estático|Com Vítimas Feridas|Pleno dia|Nublado|1|0|1|0
276592|2020-03-20|sexta-feira|17:45:00|ES|101.0|CARIACICA|Carga excessiva e/ou mal acondicionada|Atropelamento de Pedestre|Com Vítimas Feridas|Plena Noite|Céu Claro|2|0|1|0
276593|2020-03-20|sexta-feira|17:03:00|MG|262.0|BOM DESPACHO|Velocidade Incompatível|Colisão frontal|Com Vítimas Fatais|Pleno dia|Chuva|4|3|0|0
276594|2020-03-20|sexta-feira|17:20:00|ES|101.0|SERRA|Falta de Atenção à Condução|Tombamento|Com Vítimas Feridas|Amanhecer|Céu Claro|1|0|1|0
276595|2020-03-16|segunda-feira|08:00:00|RJ|101.0|SAO GONCALO|Avarias e/ou desgaste excessivo no pneu|Queda de ocupante de veículo|Com Vítimas Feridas|Pleno dia|Sol|2|0|1|0
276596|2020-03-20|sexta-feira|16:10:00|RO|364.0|VILHENA|Desobediência às normas de trânsito pelo condutor|Colisão lateral|Com Vítimas Feridas|Pleno dia|Chuva|3|0|2|0
276597|2020-03-20|sexta-feira|18:10:00|PE|232.0|SERRA TALHADA|Ultrapassagem Indevida|Colisão frontal|Com Vítimas Feridas|Plena Noite|Céu Claro|2|0|1|0
276598|2020-03-20|sexta-feira|18:30:00|PE|316.0|OURICURI|Ingestão de Álcool|Tombamento|Com Vítimas Feridas|Plena Noite|Nublado|2|0|0|2
276599|2020-03-20|sexta-feira|17:15:00|MS|163.0|DOURADOS|Falta de Atenção à Condução|Colisão com objeto estático|Com Vítimas Feridas|Pleno dia|Nublado|1|0|1|0
276600|2020-03-20|sexta-feira|18:00:00|SP|116.0|ARUJA|Falta de Atenção à Condução|Colisão lateral|Sem Vítimas|Plena Noite|Nublado|2|0|0|0
276601|2020-03-20|sexta-feira|18:40:00|RJ|101.0|TANGUA|Falta de Atenção à Condução|Colisão lateral|Com Vítimas Feridas|Anoitecer|Garoa/Chuvisco|2|0|0|1
276603|2020-03-20|sexta-feira|18:30:00|MG|262.0|UBERABA|Falta de Atenção à Condução|Colisão lateral|Com Vítimas Feridas|Anoitecer|Nublado|2|0|1|0
276604|2020-02-21|sexta-feira|20:00:00|PR|376.0|TIBAGI|Falta de Atenção à Condução|Colisão traseira|Com Vítimas Feridas|Pleno dia|Céu Claro|3|0|1|0
276605|2020-03-20|sexta-feira|18:00:00|RO|364.0|VILHENA|Desobediência às normas de trânsito pelo condutor|Engavetamento|Com Vítimas Feridas|Anoitecer|Chuva|5|0|1|1
276606|2020-03-20|sexta-feira|19:00:00|RS|448.0|PORTO ALEGRE|Falta de Atenção à Condução|Colisão com objeto estático|Com Vítimas Feridas|Plena Noite|Chuva|2|0|1|0
276607|2020-03-20|sexta-feira|14:20:00|SC|480.0|CHAPECO|Defeito Mecânico no Veículo|Colisão traseira|Com Vítimas Feridas|Pleno dia|Céu Claro|2|0|0|1
276608|2020-03-20|sexta-feira|18:20:00|MT|364.0|VARZEA GRANDE|Desobediência às normas de trânsito pelo condutor|Colisão lateral|Com Vítimas Feridas|Plena Noite|Céu Claro|3|0|1|1
276609|2020-03-20|sexta-feira|16:20:00|MG|40.0|TRES MARIAS|Falta de Atenção à Condução|Saída de leito carroçável|Com Vítimas Feridas|Pleno dia|Céu Claro|1|0|1|0
276610|2020-03-20|sexta-feira|19:00:00|SP|116.0|PINDAMONHANGABA|Defeito Mecânico no Veículo|Tombamento|Com Vítimas Feridas|Plena Noite|Chuva|1|0|1|0
276611|2020-03-20|sexta-feira|18:40:00|SP|116.0|JACAREI|Falta de Atenção do Pedestre|Atropelamento de Pedestre|Com Vítimas Fatais|Plena Noite|Nublado|6|1|4|0
276612|2020-03-20|sexta-feira|15:00:00|MT|70.0|CACERES|Velocidade Incompatível|Saída de leito carroçável|Com Vítimas Feridas|Pleno dia|Nublado|3|0|2|0
276613|2020-03-20|sexta-feira|18:40:00|MS|163.0|CAMPO GRANDE|Falta de Atenção à Condução|Tombamento|Com Vítimas Feridas|Plena Noite|Céu Claro|2|0|0|2
276615|2020-03-20|sexta-feira|18:45:00|MT|163.0|NOVA MUTUM|Falta de Atenção à Condução|Colisão transversal|Com Vítimas Feridas|Plena Noite|Nublado|3|0|1|1
276616|2020-03-20|sexta-feira|18:30:00|MS|267.0|PORTO MURTINHO|Ingestão de Álcool|Saída de leito carroçável|Com Vítimas Fatais|Plena Noite|Céu Claro|7|1|4|1
276617|2020-03-20|sexta-feira|20:13:00|PE|232.0|SERRA TALHADA|Ingestão de álcool e/ou substâncias psicoativas pelo pedestre|Atropelamento de Pedestre|Com Vítimas Feridas|Plena Noite|Céu Claro|2|0|1|0
276618|2020-03-20|sexta-feira|20:00:00|GO|60.0|GUAPO|Defeito Mecânico no Veículo|Incêndio|Sem Vítimas|Plena Noite|Nublado|4|0|0|0
276619|2020-03-20|sexta-feira|18:00:00|BA|101.0|BUERAREMA|Falta de Atenção à Condução|Colisão transversal|Com Vítimas Feridas|Plena Noite|Garoa/Chuvisco|2|0|1|0
276621|2020-03-20|sexta-feira|20:00:00|GO|364.0|JATAI|Defeito Mecânico no Veículo|Incêndio|Sem Vítimas|Plena Noite|Nublado|3|0|0|0
276622|2020-03-20|sexta-feira|18:35:00|MG|116.0|GOVERNADOR VALADARES|Desobediência às normas de trânsito pelo condutor|Colisão frontal|Com Vítimas Feridas|Plena Noite|Céu Claro|4|0|2|0
276624|2020-03-20|sexta-feira|19:20:00|SC|470.0|RIO DO SUL|Falta de Atenção à Condução|Saída de leito carroçável|Com Vítimas Feridas|Plena Noite|Céu Claro|1|0|1|0
276625|2020-03-20|sexta-feira|21:20:00|RS|472.0|SANTA ROSA|Desobediência às normas de trânsito pelo condutor|Colisão traseira|Com Vítimas Feridas|Plena Noite|Céu Claro|2|0|0|1
276626|2020-03-20|sexta-feira|20:20:00|SC|470.0|IBIRAMA|Falta de Atenção à Condução|Capotamento|Com Vítimas Feridas|Plena Noite|Céu Claro|1|0|1|0
276627|2020-03-20|sexta-feira|20:50:00|SP|153.0|SAO JOSE DO RIO PRETO|Desobediência às normas de trânsito pelo condutor|Colisão lateral|Com Vítimas Feridas|Plena Noite|Nublado|3|0|1|0
276628|2020-03-20|sexta-feira|19:20:00|MS|262.0|RIBAS DO RIO PARDO|Defeito Mecânico no Veículo|Incêndio|Sem Vítimas|Plena Noite|Céu Claro|2|0|0|0
276629|2020-03-20|sexta-feira|19:40:00|PR|476.0|ANTONIO OLINTO|Falta de Atenção à Condução|Colisão transversal|Com Vítimas Feridas|Plena Noite|Céu Claro|2|0|0|1
276630|2020-03-20|sexta-feira|21:00:00|SP|116.0|GUARULHOS|Falta de Atenção à Condução|Colisão traseira|Com Vítimas Feridas|Plena Noite|Garoa/Chuvisco|2|0|1|0
276631|2020-03-20|sexta-feira|19:00:00|MS|267.0|BATAGUASSU|Condutor Dormindo|Saída de leito carroçável|Com Vítimas Feridas|Plena Noite|Céu Claro|1|0|1|0
276633|2020-03-20|sexta-feira|21:30:00|RS|293.0|CAPAO DO LEAO|Desobediência às normas de trânsito pelo condutor|Colisão lateral|Com Vítimas Feridas|Plena Noite|Céu Claro|2|0|1|0
276634|2020-03-20|sexta-feira|19:55:00|ES|101.0|LINHARES|Falta de Atenção à Condução|Colisão transversal|Com Vítimas Feridas|Plena Noite|Céu Claro|2|0|1|0
276635|2020-03-20|sexta-feira|17:00:00|AC|317.0|BRASILEIA|Desobediência às normas de trânsito pelo condutor|Colisão lateral|Com Vítimas Feridas|Anoitecer|Nublado|3|0|2|0
276636|2020-03-20|sexta-feira|21:25:00|PI|135.0|CRISTINO CASTRO|Ingestão de Álcool|Atropelamento de Animal|Com Vítimas Feridas|Plena Noite|Nublado|1|0|1|0
276637|2020-03-20|sexta-feira|22:45:00|PR|163.0|SANTO ANTONIO DO SUDOESTE|Ingestão de Álcool|Colisão frontal|Com Vítimas Fatais|Plena Noite|Céu Claro|2|1|0|0
276638|2020-03-20|sexta-feira|22:00:00|MS|262.0|AGUA CLARA|Ingestão de Álcool|Colisão lateral|Sem Vítimas|Plena Noite|Nublado|2|0|0|0
276640|2020-03-20|sexta-feira|18:20:00|ES|101.0|LINHARES|Velocidade Incompatível|Colisão traseira|Com Vítimas Fatais|Anoitecer|Céu Claro|3|1|0|1
276641|2020-03-20|sexta-feira|22:50:00|CE|20.0|MARACANAU|Desobediência às normas de trânsito pelo condutor|Colisão lateral|Com Vítimas Feridas|Plena Noite|Céu Claro|3|0|0|1
276643|2020-03-20|sexta-feira|22:50:00|PE|101.0|RECIFE|Falta de Atenção do Pedestre|Atropelamento de Pedestre|Com Vítimas Fatais|Plena Noite|Céu Claro|2|1|0|0
276645|2020-03-20|sexta-feira|17:20:00|RJ|393.0|VOLTA REDONDA|Desobediência às normas de trânsito pelo condutor|Colisão transversal|Com Vítimas Feridas|Pleno dia|Nublado|2|0|0|2
276646|2020-02-01|sábado|17:45:00|MG|381.0|SABARA|Falta de Atenção à Condução|Colisão com objeto em movimento|Com Vítimas Feridas|Pleno dia|Céu Claro|4|0|1|0
276647|2020-03-19|quinta-feira|14:40:00|MT|174.0|PORTO ESPERIDIAO|Desobediência às normas de trânsito pelo condutor|Colisão frontal|Com Vítimas Fatais|Pleno dia|Céu Claro|4|2|0|1
276648|2020-03-20|sexta-feira|22:45:00|GO|60.0|TEREZOPOLIS DE GOIAS|Falta de Atenção à Condução|Tombamento|Com Vítimas Feridas|Plena Noite|Vento|1|0|1|0
276650|2020-03-20|sexta-feira|23:12:00|PR|369.0|JURANDA|Desobediência às normas de trânsito pelo condutor|Colisão transversal|Com Vítimas Feridas|Plena Noite|Céu Claro|3|0|0|1
276651|2020-03-21|sábado|02:00:00|MG|40.0|FELIXLANDIA|Condutor Dormindo|Colisão traseira|Com Vítimas Feridas|Plena Noite|Chuva|2|0|1|0
276652|2020-03-21|sábado|01:50:00|SP|116.0|REGISTRO|Falta de Atenção à Condução|Saída de leito carroçável|Com Vítimas Feridas|Plena Noite|Chuva|1|0|1|0
276653|2020-03-21|sábado|02:00:00|PB|101.0|SANTA RITA|Desobediência às normas de trânsito pelo condutor|Colisão frontal|Com Vítimas Feridas|Plena Noite|Céu Claro|4|0|3|1
276654|2020-03-20|sexta-feira|19:15:00|MT|174.0|PONTES E LACERDA|Desobediência às normas de trânsito pelo condutor|Colisão traseira|Sem Vítimas|Plena Noite|Garoa/Chuvisco|5|0|0|0
276655|2020-03-20|sexta-feira|14:30:00|MT|174.0|CONQUISTA DOESTE|Falta de Atenção à Condução|Capotamento|Com Vítimas Feridas|Pleno dia|Nublado|1|0|1|0
276656|2020-03-21|sábado|01:55:00|RS|290.0|ELDORADO DO SUL|Animais na Pista|Atropelamento de Animal|Com Vítimas Feridas|Plena Noite|Nublado|1|0|1|0
276657|2020-03-21|sábado|01:15:00|MS|163.0|DOURADOS|Ingestão de álcool e/ou substâncias psicoativas pelo pedestre|Saída de leito carroçável|Sem Vítimas|Plena Noite|Ignorado|2|0|0|0
276658|2020-03-20|sexta-feira|23:15:00|RJ|116.0|BARRA MANSA|Defeito Mecânico no Veículo|Incêndio|Sem Vítimas|Plena Noite|Garoa/Chuvisco|1|0|0|0
276659|2020-03-21|sábado|02:55:00|SP|116.0|REGISTRO|Falta de Atenção à Condução|Colisão traseira|Com Vítimas Feridas|Plena Noite|Garoa/Chuvisco|2|0|1|0
276660|2020-03-12|quinta-feira|13:55:00|DF|20.0|BRASILIA|Fenômenos da Natureza|Colisão traseira|Com Vítimas Feridas|Pleno dia|Chuva|7|0|1|0
276663|2020-03-21|sábado|03:44:00|PE|408.0|NAZARE DA MATA|Condutor Dormindo|Capotamento|Com Vítimas Feridas|Plena Noite|Ignorado|1|0|1|0
276664|2020-03-21|sábado|04:10:00|PI||VALENCA DO PIAUI|Falta de Atenção à Condução|Colisão com objeto estático|Com Vítimas Fatais|Amanhecer|Céu Claro|1|1|0|0
276665|2020-03-21|sábado|04:30:00|PA|155.0|MARABA|Defeito na Via|Colisão lateral|Com Vítimas Feridas|Amanhecer|Chuva|2|0|1|0
276666|2020-03-21|sábado|06:00:00|PR|376.0|SAO JOSE DOS PINHAIS|Desobediência às normas de trânsito pelo condutor|Colisão transversal|Com Vítimas Feridas|Pleno dia|Céu Claro|2|0|1|0
276667|2020-03-21|sábado|06:20:00|RJ|493.0|MAGE|Sinalização da via insuficiente ou inadequada|Colisão frontal|Com Vítimas Fatais|Amanhecer|Chuva|2|1|0|0
276668|2020-03-21|sábado|04:50:00|PR|369.0|ROLANDIA|Falta de Atenção à Condução|Colisão transversal|Com Vítimas Feridas|Amanhecer|Céu Claro|2|0|1|0
276669|2020-03-21|sábado|05:30:00|RJ|101.0|ITABORAI|Falta de Atenção à Condução|Tombamento|Com Vítimas Fatais|Amanhecer|Chuva|1|1|0|0
276671|2020-03-21|sábado|06:15:00|RJ|101.0|CAMPOS DOS GOYTACAZES|Desobediência às normas de trânsito pelo condutor|Colisão traseira|Sem Vítimas|Pleno dia|Chuva|3|0|0|0
276672|2020-03-20|sexta-feira|21:00:00|MA|10.0|ITINGA DO MARANHAO|Falta de Atenção do Pedestre|Atropelamento de Pedestre|Com Vítimas Feridas|Plena Noite|Garoa/Chuvisco|2|0|2|0
276673|2020-03-21|sábado|01:00:00|MG|146.0|POCOS DE CALDAS|Condutor Dormindo|Saída de leito carroçável|Sem Vítimas|Plena Noite|Céu Claro|1|0|0|0
276674|2020-03-21|sábado|06:50:00|RJ|101.0|MACAE|Avarias e/ou desgaste excessivo no pneu|Capotamento|Com Vítimas Feridas|Pleno dia|Chuva|2|0|2|0
276676|2020-03-21|sábado|06:45:00|SP|116.0|JACAREI|Ingestão de Álcool|Colisão com objeto estático|Sem Vítimas|Amanhecer|Chuva|1|0|0|0
276677|2020-03-21|sábado|06:30:00|SP|116.0|TABOAO DA SERRA|Desobediência às normas de trânsito pelo pedestre|Danos eventuais|Com Vítimas Feridas|Amanhecer|Garoa/Chuvisco|2|0|1|0
276678|2020-03-21|sábado|07:20:00|MG|381.0|CARMO DA CACHOEIRA|Falta de Atenção à Condução|Tombamento|Com Vítimas Feridas|Pleno dia|Céu Claro|1|0|1|0
276679|2020-03-21|sábado|07:50:00|RS|386.0|MARQUES DE SOUZA|Condutor Dormindo|Saída de leito carroçável|Sem Vítimas|Pleno dia|Céu Claro|1|0|0|0
276680|2020-03-21|sábado|06:40:00|ES|262.0|DOMINGOS MARTINS|Defeito Mecânico no Veículo|Capotamento|Com Vítimas Feridas|Pleno dia|Chuva|5|0|3|0
276682|2020-03-21|sábado|03:10:00|RO|364.0|JARU|Ingestão de Álcool|Saída de leito carroçável|Com Vítimas Feridas|Plena Noite|Chuva|1|0|1|0
276683|2020-03-19|quinta-feira|06:10:00|SC|470.0|SAO CRISTOVAO DO SUL|Condutor Dormindo|Colisão frontal|Com Vítimas Feridas|Amanhecer|Nublado|3|0|1|0
276684|2020-03-21|sábado|06:00:00|RO|364.0|JI-PARANA|Desobediência às normas de trânsito pelo condutor|Colisão transversal|Com Vítimas Feridas|Amanhecer|Garoa/Chuvisco|4|0|2|0
276685|2020-03-17|terça-feira|18:50:00|PR|277.0|CURITIBA|Carga excessiva e/ou mal acondicionada|Tombamento|Com Vítimas Feridas|Plena Noite|Nublado|1|0|1|0
276686|2020-03-21|sábado|09:10:00|BA|101.0|TEIXEIRA DE FREITAS|Desobediência às normas de trânsito pelo condutor|Colisão lateral|Com Vítimas Feridas|Pleno dia|Céu Claro|2|0|1|0
276687|2020-03-21|sábado|09:30:00|PR|277.0|CURITIBA|Falta de Atenção à Condução|Colisão traseira|Com Vítimas Feridas|Pleno dia|Nublado|3|0|1|0
276688|2020-03-21|sábado|09:50:00|MG|381.0|NOVA ERA|Falta de Atenção à Condução|Colisão transversal|Com Vítimas Feridas|Pleno dia|Chuva|2|0|1|0
276689|2020-03-21|sábado|07:25:00|RJ|101.0|MANGARATIBA|Pista Escorregadia|Colisão frontal|Sem Vítimas|Pleno dia|Chuva|3|0|0|0
276690|2020-03-21|sábado|09:00:00|SP|116.0|SAO LOURENCO DA SERRA|Defeito Mecânico no Veículo|Saída de leito carroçável|Com Vítimas Feridas|Pleno dia|Nublado|1|0|1|0