id|data_inversa|dia_semana|horario|uf|br|municipio|causa_acidente|tipo_acidente|classificacao_acidente|fase_dia|condicao_metereologica|pessoas|mortos|feridos_leves|feridos_graves
276866|2020-03-22|domingo|19:35:00|MG|381.0|BETIM|Falta de Atenção à Condução|Colisão com objeto estático|Com Vítimas Feridas|Plena Noite|Céu Claro|1|0|1|0
276867|2020-03-22|domingo|18:50:00|RS|392.0|RIO GRANDE|Falta de Atenção à Condução|Saída de leito carroçável|Com Vítimas Feridas|Plena Noite|Céu Claro|2|0|1|1
276868|2020-03-22|domingo|19:45:00|CE|20.0|CAUCAIA|Ingestão de Álcool|Queda de ocupante de veículo|Com Vítimas Feridas|Plena Noite|Céu Claro|1|0|1|0
276869|2020-03-22|domingo|16:40:00|RS|116.0|DOIS IRMAOS|Desobediência às normas de trânsito pelo condutor|Queda de ocupante de veículo|Com Vítimas Feridas|Pleno dia|Céu Claro|1|0|1|0
276870|2020-03-22|domingo|19:45:00|SP|116.0|GUARULHOS|Desobediência às normas de trânsito pelo pedestre|Atropelamento de Pedestre|Com Vítimas Fatais|Plena Noite|Nublado|2|1|0|0
276871|2020-03-22|domingo|19:15:00|RJ|116.0|SEROPEDICA|Ingestão de Álcool|Saída de leito carroçável|Com Vítimas Feridas|Plena Noite|Nublado|1|0|1|0
276872|2020-03-22|domingo|17:40:00|RJ|393.0|TRES RIOS|Falta de Atenção à Condução|Queda de ocupante de veículo|Com Vítimas Feridas|Anoitecer|Nublado|2|0|1|1
276873|2020-03-22|domingo|19:35:00|SC|101.0|BIGUACU|Velocidade Incompatível|Saída de leito carroçável|Sem Vítimas|Plena Noite|Céu Claro|1|0|0|0
276874|2020-03-22|domingo|19:00:00|PR|476.0|LAPA|Restrição de Visibilidade|Saída de leito carroçável|Sem Vítimas|Plena Noite|Céu Claro|1|0|0|0
276875|2020-03-22|domingo|20:10:00|RJ|40.0|DUQUE DE CAXIAS|Falta de Atenção do Pedestre|Atropelamento de Pedestre|Com Vítimas Fatais|Plena Noite|Céu Claro|3|1|0|0
276876|2020-03-22|domingo|18:00:00|MG|365.0|PATOS DE MINAS|Velocidade Incompatível|Colisão lateral|Com Vítimas Feridas|Anoitecer|Chuva|5|0|3|1
276877|2020-03-22|domingo|19:50:00|MG|262.0|SAO DOMINGOS DO PRATA|Defeito Mecânico no Veículo|Colisão com objeto estático|Com Vítimas Feridas|Plena Noite|Céu Claro|1|0|1|0
276878|2020-03-22|domingo|20:40:00|MG|40.0|ESMERALDAS|Desobediência às normas de trânsito pelo condutor|Tombamento|Com Vítimas Feridas|Plena Noite|Céu Claro|1|0|1|0
276879|2020-03-22|domingo|19:45:00|SP|153.0|PROMISSAO|Defeito Mecânico no Veículo|Colisão traseira|Com Vítimas Feridas|Plena Noite|Céu Claro|2|0|1|0
276880|2020-03-04|quarta-feira|07:55:00|RS|116.0|PELOTAS|Desobediência às normas de trânsito pelo condutor|Engavetamento|Com Vítimas Feridas|Pleno dia|Céu Claro|3|0|2|0
276881|2020-03-22|domingo|19:50:00|SP|153.0|GETULINA|Objeto estático sobre o leito carroçável|Saída de leito carroçável|Com Vítimas Feridas|Plena Noite|Céu Claro|2|0|1|0
276882|2020-03-22|domingo|19:40:00|RS|290.0|SANTO ANTONIO DA PATRULHA|Condutor Dormindo|Saída de leito carroçável|Com Vítimas Fatais|Plena Noite|Céu Claro|1|1|0|0
276883|2020-03-22|domingo|19:30:00|SC|282.0|BOCAINA DO SUL|Animais na Pista|Saída de leito carroçável|Sem Vítimas|Plena Noite|Céu Claro|2|0|0|0
276884|2020-03-22|domingo|19:53:00|SP|116.0|TAUBATE|Velocidade Incompatível|Colisão traseira|Com Vítimas Feridas|Plena Noite|Céu Claro|2|0|1|0
276885|2020-03-22|domingo|18:45:00|SC|280.0|SAO FRANCISCO DO SUL|Velocidade Incompatível|Colisão com objeto estático|Sem Vítimas|Plena Noite|Céu Claro|1|0|0|0
276886|2020-03-22|domingo|20:30:00|RS|287.0|SAO BORJA|Animais na Pista|Atropelamento de Animal|Com Vítimas Feridas|Plena Noite|Céu Claro|2|0|2|0
276887|2020-03-22|domingo|19:00:00|BA|242.0|BARREIRAS|Não guardar distância de segurança|Colisão lateral|Com Vítimas Feridas|Plena Noite|Céu Claro|2|0|1|0
276888|2020-03-22|domingo|19:00:00|SC|282.0|CATANDUVAS|Falta de Atenção à Condução|Colisão transversal|Com Vítimas Feridas|Plena Noite|Céu Claro|3|0|2|0
276889|2020-03-22|domingo|19:50:00|PE|424.0|GARANHUNS|Falta de Atenção à Condução|Colisão com objeto em movimento|Com Vítimas Feridas|Plena Noite|Nublado|8|0|5|1
276890|2020-03-22|domingo|19:30:00|RJ|493.0|SEROPEDICA|Sinalização da via insuficiente ou inadequada|Saída de leito carroçável|Com Vítimas Feridas|Plena Noite|Céu Claro|2|0|1|0
276891|2020-03-22|domingo|19:45:00|RN|304.0|ACU|Falta de Atenção à Condução|Queda de ocupante de veículo|Com Vítimas Feridas|Plena Noite|Céu Claro|2|0|1|1
276892|2020-03-22|domingo|21:45:00|RN|226.0|SANTA CRUZ|Ingestão de Álcool|Queda de ocupante de veículo|Com Vítimas Feridas|Plena Noite|Céu Claro|2|0|0|2
276893|2020-03-22|domingo|10:20:00|TO|153.0|PUGMIL|Defeito Mecânico no Veículo|Incêndio|Sem Vítimas|Pleno dia|Céu Claro|1|0|0|0
276894|2020-03-22|domingo|18:00:00|MA|135.0|BACABEIRA|Desobediência às normas de trânsito pelo condutor|Colisão transversal|Com Vítimas Feridas|Anoitecer|Nublado|3|0|1|0
276895|2020-03-22|domingo|21:30:00|SE|101.0|MARUIM|Falta de Atenção à Condução|Colisão traseira|Sem Vítimas|Plena Noite|Céu Claro|2|0|0|0
276896|2020-03-22|domingo|18:20:00|ES|482.0|CACHOEIRO DE ITAPEMIRIM|Defeito na Via|Colisão com objeto estático|Com Vítimas Feridas|Pleno dia|Chuva|5|0|4|0
276897|2020-03-22|domingo|21:30:00|RS|290.0|CACHOEIRA DO SUL|Animais na Pista|Saída de leito carroçável|Com Vítimas Feridas|Plena Noite|Céu Claro|2|0|1|0
276898|2020-03-22|domingo|19:35:00|AC|364.0|RIO BRANCO|Velocidade Incompatível|Saída de leito carroçável|Sem Vítimas|Plena Noite|Céu Claro|3|0|0|0
276899|2020-03-22|domingo|19:25:00|RJ|116.0|ITATIAIA|Ingestão de álcool e/ou substâncias psicoativas pelo pedestre|Queda de ocupante de veículo|Com Vítimas Feridas|Plena Noite|Céu Claro|2|0|2|0
276900|2020-03-15|domingo|03:05:00|DF|80.0|BRASILIA|Falta de Atenção à Condução|Atropelamento de Pedestre|Com Vítimas Feridas|Plena Noite|Céu Claro|2|0|1|0
276901|2020-03-22|domingo|22:45:00|TO|153.0|ALVORADA|Ultrapassagem Indevida|Colisão frontal|Com Vítimas Fatais|Plena Noite|Céu Claro|2|1|0|1
276903|2020-03-22|domingo|21:45:00|RR|174.0|BOA VISTA|Ingestão de Álcool|Colisão com objeto estático|Com Vítimas Feridas|Plena Noite|Céu Claro|1|0|0|1
276904|2020-03-22|domingo|18:40:00|AL|316.0|PILAR|Falta de Atenção à Condução|Colisão frontal|Com Vítimas Fatais|Plena Noite|Céu Claro|2|1|0|0
276905|2020-03-22|domingo|19:00:00|MG|116.0|ENGENHEIRO CALDAS|Falta de Atenção à Condução|Colisão frontal|Com Vítimas Feridas|Plena Noite|Chuva|3|0|0|2
276906|2020-03-22|domingo|19:10:00|PE|316.0|PETROLANDIA|Deficiência ou não Acionamento do Sistema de Iluminação/Sinalização do Veículo|Colisão traseira|Com Vítimas Fatais|Plena Noite|Céu Claro|3|1|0|0
276907|2020-03-22|domingo|22:35:00|SC|282.0|SAO JOSE DO CERRITO|Falta de Atenção à Condução|Saída de leito carroçável|Com Vítimas Feridas|Plena Noite|Céu Claro|1|0|1|0
276909|2020-03-23|segunda-feira|00:15:00|PE|428.0|OROCO|Ingestão de Álcool|Atropelamento de Animal|Com Vítimas Fatais|Plena Noite|Céu Claro|2|1|1|0
276910|2020-03-22|domingo|23:50:00|PA|230.0|MARABA|Velocidade Incompatível|Tombamento|Com Vítimas Feridas|Plena Noite|Céu Claro|2|0|1|0
276911|2020-03-22|domingo|23:24:00|MG|262.0|FLORESTAL|Falta de Atenção à Condução|Derramamento de carga|Sem Vítimas|Plena Noite|Céu Claro|1|0|0|0
276912|2020-03-22|domingo|21:48:00|RN|226.0|SANTA CRUZ|Restrição de Visibilidade|Atropelamento de Pedestre|Com Vítimas Fatais|Plena Noite|Céu Claro|2|1|0|0
276913|2020-03-22|domingo|21:10:00|RO|364.0|ARIQUEMES|Ultrapassagem Indevida|Colisão frontal|Com Vítimas Fatais|Plena Noite|Ignorado|2|1|1|0
276915|2020-03-22|domingo|15:30:00|MA|135.0|SAO LUIS|Falta de Atenção à Condução|Colisão transversal|Com Vítimas Feridas|Pleno dia|Céu Claro|2|0|0|1
276916|2020-03-22|domingo|18:20:00|GO|364.0|JATAI|Pista Escorregadia|Colisão frontal|Com Vítimas Feridas|Anoitecer|Chuva|5|0|0|3
276917|2020-03-23|segunda-feira|02:30:00|SP|116.0|SAO JOSE DOS CAMPOS|Falta de Atenção do Pedestre|Atropelamento de Pedestre|Com Vítimas Fatais|Plena Noite|Nublado|2|1|0|0
276918|2020-03-22|domingo|22:30:00|PB|230.0|POCINHOS|Desobediência às normas de trânsito pelo condutor|Saída de leito carroçável|Com Vítimas Feridas|Plena Noite|Céu Claro|2|0|1|0
276919|2020-03-23|segunda-feira|02:00:00|SP|116.0|PINDAMONHANGABA|Desobediência às normas de trânsito pelo condutor|Tombamento|Com Vítimas Feridas|Plena Noite|Nublado|1|0|1|0
276921|2020-03-23|segunda-feira|01:20:00|RJ|101.0|ITABORAI|Pista Escorregadia|Tombamento|Com Vítimas Feridas|Plena Noite|Nublado|1|0|1|0
276922|2020-03-23|segunda-feira|02:30:00|RJ|101.0|CAMPOS DOS GOYTACAZES|Animais na Pista|Atropelamento de Animal|Com Vítimas Feridas|Plena Noite|Nublado|1|0|1|0
276923|2020-03-23|segunda-feira|04:00:00|BA|324.0|CANDEIAS|Animais na Pista|Atropelamento de Animal|Com Vítimas Feridas|Plena Noite|Nublado|4|0|2|0
276924|2020-03-23|segunda-feira|04:00:00|PR|277.0|MATELANDIA|Velocidade Incompatível|Saída de leito carroçável|Com Vítimas Feridas|Plena Noite|Nublado|2|0|2|0
276925|2020-03-23|segunda-feira|03:00:00|CE|222.0|ITAPAJE|Condutor Dormindo|Colisão com objeto estático|Sem Vítimas|Plena Noite|Ignorado|1|0|0|0
276926|2020-03-23|segunda-feira|05:00:00|BA|324.0|SIMOES FILHO|Condutor Dormindo|Colisão traseira|Sem Vítimas|Amanhecer|Céu Claro|2|0|0|0
276927|2020-03-23|segunda-feira|05:30:00|BA|101.0|ITABELA|Condutor Dormindo|Colisão com objeto estático|Com Vítimas Feridas|Amanhecer|Garoa/Chuvisco|5|0|2|0
276929|2020-03-23|segunda-feira|06:10:00|ES|101.0|SERRA|Condutor Dormindo|Colisão frontal|Com Vítimas Feridas|Pleno dia|Garoa/Chuvisco|2|0|1|0
276931|2020-03-23|segunda-feira|05:40:00|PR|277.0|CAMPO LARGO|Falta de Atenção à Condução|Colisão traseira|Com Vítimas Feridas|Amanhecer|Nevoeiro/Neblina|2|0|1|0
276932|2020-03-22|domingo|10:10:00|TO|153.0|CRIXAS DO TOCANTINS|Ultrapassagem Indevida|Tombamento|Com Vítimas Feridas|Pleno dia|Nublado|1|0|1|0
276933|2020-03-23|segunda-feira|05:30:00|RJ|116.0|SAO JOAO DE MERITI|Desobediência às normas de trânsito pelo condutor|Colisão lateral|Com Vítimas Feridas|Amanhecer|Céu Claro|2|0|1|0
276934|2020-03-21|sábado|19:00:00|MA|226.0|GOVERNADOR EUGENIO BARROS|Defeito na Via|Tombamento|Sem Vítimas|Plena Noite|Céu Claro|2|0|0|0
276935|2020-03-23|segunda-feira|03:30:00|BA|116.0|SERRINHA|Falta de Atenção à Condução|Saída de leito carroçável|Sem Vítimas|Plena Noite|Chuva|1|0|0|0
276936|2020-03-23|segunda-feira|06:23:00|SP|116.0|GUARULHOS|Falta de Atenção à Condução|Colisão traseira|Com Vítimas Feridas|Pleno dia|Céu Claro|2|0|1|0
276937|2020-03-23|segunda-feira|07:00:00|RJ|40.0|PETROPOLIS|Defeito Mecânico no Veículo|Saída de leito carroçável|Com Vítimas Feridas|Pleno dia|Céu Claro|2|0|1|1
276938|2020-03-23|segunda-feira|04:00:00|MG|40.0|CONTAGEM|Defeito Mecânico no Veículo|Colisão traseira|Com Vítimas Feridas|Plena Noite|Céu Claro|2|0|1|0
276939|2020-03-22|domingo|19:00:00|MS|158.0|CASSILANDIA|Defeito Mecânico no Veículo|Colisão com objeto estático|Com Vítimas Feridas|Plena Noite|Céu Claro|1|0|0|1
276940|2020-03-23|segunda-feira|06:55:00|PE|101.0|RECIFE|Falta de Atenção à Condução|Colisão transversal|Sem Vítimas|Pleno dia|Céu Claro|2|0|0|0
276941|2020-03-23|segunda-feira|07:00:00|MG|40.0|SETE LAGOAS|Falta de Atenção do Pedestre|Atropelamento de Pedestre|Com Vítimas Fatais|Pleno dia|Céu Claro|4|1|0|0
276942|2020-03-22|domingo|19:00:00|GO|158.0|JATAI|Falta de Atenção à Condução|Colisão lateral|Com Vítimas Feridas|Plena Noite|Garoa/Chuvisco|2|0|1|0
276943|2020-03-23|segunda-feira|08:20:00|MG|459.0|POUSO ALEGRE|Ultrapassagem Indevida|Colisão lateral|Com Vítimas Feridas|Pleno dia|Sol|3|0|1|0
276944|2020-03-23|segunda-feira|07:10:00|PR|277.0|GUARAPUAVA|Falta de Atenção à Condução|Colisão lateral|Sem Vítimas|Pleno dia|Céu Claro|2|0|0|0
276945|2020-03-23|segunda-feira|09:20:00|PE|408.0|PAUDALHO|Falta de Atenção à Condução|Colisão transversal|Com Vítimas Feridas|Pleno dia|Céu Claro|2|0|1|0
276946|2020-03-23|segunda-feira|08:10:00|SP|381.0|GUARULHOS|Falta de Atenção à Condução|Colisão lateral|Com Vítimas Feridas|Pleno dia|Céu Claro|1|0|1|0
276947|2020-03-21|sábado|22:30:00|BA|235.0|CANUDOS|Falta de Atenção à Condução|Colisão lateral|Com Vítimas Fatais|Plena Noite|Nublado|2|1|0|0
276948|2020-03-18|quarta-feira|23:45:00|MT|364.0|VARZEA GRANDE|Falta de Atenção à Condução|Colisão lateral|Com Vítimas Feridas|Plena Noite|Garoa/Chuvisco|2|0|1|0
276949|2020-03-16|segunda-feira|05:50:00|MS|267.0|RIO BRILHANTE|Falta de Atenção à Condução|Colisão lateral|Com Vítimas Feridas|Amanhecer|Céu Claro|2|0|0|1
276950|2020-03-23|segunda-feira|10:30:00|SP|101.0|UBATUBA|Desobediência às normas de trânsito pelo condutor|Colisão lateral|Com Vítimas Feridas|Pleno dia|Céu Claro|2|0|1|0
276951|2020-03-23|segunda-feira|10:25:00|BA|324.0|SIMOES FILHO|Falta de Atenção à Condução|Colisão lateral|Com Vítimas Feridas|Pleno dia|Nublado|2|0|1|0
276952|2020-03-23|segunda-feira|09:45:00|MG|153.0|CENTRALINA|Falta de Atenção à Condução|Saída de leito carroçável|Com Vítimas Feridas|Pleno dia|Céu Claro|1|0|1|0
276953|2020-03-23|segunda-feira|11:00:00|SP|116.0|JACAREI|Condutor Dormindo|Capotamento|Com Vítimas Feridas|Pleno dia|Sol|1|0|1|0
276955|2020-03-14|sábado|13:00:00|PR|376.0|MARINGA|Falta de Atenção à Condução|Tombamento|Com Vítimas Feridas|Pleno dia|Ignorado|1|0|1|0
276956|2020-03-23|segunda-feira|09:55:00|MT|163.0|RONDONOPOLIS|Falta de Atenção à Condução|Colisão lateral|Com Vítimas Feridas|Pleno dia|Sol|2|0|1|0
276957|2020-03-23|segunda-feira|12:15:00|PE|101.0|IGARASSU|Falta de Atenção à Condução|Colisão lateral|Com Vítimas Feridas|Pleno dia|Sol|2|0|0|1
276958|2020-03-23|segunda-feira|11:15:00|RJ|40.0|DUQUE DE CAXIAS|Ultrapassagem Indevida|Colisão transversal|Com Vítimas Feridas|Pleno dia|Céu Claro|3|0|2|0
276959|2020-03-23|segunda-feira|09:10:00|RJ|101.0|ANGRA DOS REIS|Defeito Mecânico no Veículo|Incêndio|Sem Vítimas|Pleno dia|Céu Claro|1|0|0|0
276960|2020-03-23|segunda-feira|10:21:00|PR|277.0|NOVA LARANJEIRAS|Mal Súbito|Saída de leito carroçável|Com Vítimas Feridas|Pleno dia|Sol|1|0|0|1
276964|2020-03-23|segunda-feira|13:30:00|PR|476.0|CURITIBA|Falta de Atenção do Pedestre|Atropelamento de Pedestre|Com Vítimas Feridas|Pleno dia|Céu Claro|2|0|1|0
276965|2020-02-04|terça-feira|23:28:00|SC|470.0|PONTE ALTA|Desobediência às normas de trânsito pelo condutor|Colisão lateral|Com Vítimas Feridas|Plena Noite|Garoa/Chuvisco|3|0|1|0
276966|2020-03-23|segunda-feira|13:30:00|PI|343.0|TERESINA|Falta de Atenção à Condução|Colisão lateral|Com Vítimas Feridas|Pleno dia|Céu Claro|2|0|0|1
276967|2020-03-23|segunda-feira|14:00:00|PA|316.0|SANTA IZABEL DO PARA|Velocidade Incompatível|Capotamento|Com Vítimas Feridas|Pleno dia|Céu Claro|3|0|2|0
276968|2020-03-23|segunda-feira|14:00:00|TO|153.0|CARIRI DO TOCANTINS|Defeito na Via|Saída de leito carroçável|Com Vítimas Fatais|Pleno dia|Céu Claro|4|1|2|1
276969|2020-03-23|segunda-feira|14:00:00|PR|476.0|CURITIBA|Mal Súbito|Colisão com objeto estático|Com Vítimas Feridas|Pleno dia|Céu Claro|1|0|0|1
276971|2020-03-09|segunda-feira|11:00:00|AM|174.0|MANAUS|Condutor Dormindo|Colisão com objeto estático|Sem Vítimas|Pleno dia|Céu Claro|1|0|0|0
276972|2020-01-27|segunda-feira|10:40:00|PE|101.0|RECIFE|Desobediência às normas de trânsito pelo condutor|Colisão traseira|Com Vítimas Feridas|Pleno dia|Sol|3|0|2|0
276973|2020-03-23|segunda-feira|15:40:00|MG|40.0|BARBACENA|Falta de Atenção à Condução|Saída de leito carroçável|Com Vítimas Feridas|Pleno dia|Céu Claro|1|0|1|0
276974|2020-03-23|segunda-feira|11:40:00|MG|459.0|SANTA RITA DE CALDAS|Ultrapassagem Indevida|Colisão frontal|Com Vítimas Feridas|Pleno dia|Céu Claro|4|0|4|0
276975|2020-03-07|sábado|13:45:00|RS|116.0|VACARIA|Velocidade Incompatível|Colisão lateral|Com Vítimas Feridas|Pleno dia|Céu Claro|8|0|3|0
276976|2020-03-23|segunda-feira|16:00:00|MG|40.0|CONSELHEIRO LAFAIETE|Velocidade Incompatível|Colisão traseira|Com Vítimas Feridas|Pleno dia|Céu Claro|2|0|0|1
276977|2020-03-23|segunda-feira|11:15:00|TO|153.0|WANDERLANDIA|Desobediência às normas de trânsito pelo condutor|Saída de leito carroçável|Com Vítimas Feridas|Pleno dia|Céu Claro|5|0|3|0
276978|2020-03-23|segunda-feira|16:10:00|PR||CURITIBA|Falta de Atenção à Condução|Colisão transversal|Com Vítimas Feridas|Pleno dia|Céu Claro|2|0|1|0
276979|2020-03-23|segunda-feira|17:05:00|RS|472.0|URUGUAIANA|Desobediência às normas de trânsito pelo condutor|Colisão transversal|Com Vítimas Feridas|Pleno dia|Céu Claro|3|0|2|0
276980|2020-03-23|segunda-feira|15:50:00|GO|60.0|RIO VERDE|Objeto estático sobre o leito carroçável|Colisão traseira|Com Vítimas Feridas|Pleno dia|Chuva|3|0|1|0
276981|2020-03-23|segunda-feira|12:30:00|PR|376.0|MARINGA|Velocidade Incompatível|Tombamento|Com Vítimas Feridas|Pleno dia|Céu Claro|1|0|1|0
276982|2020-03-23|segunda-feira|18:15:00|RN|101.0|PARNAMIRIM|Falta de Atenção à Condução|Colisão lateral|Com Vítimas Feridas|Plena Noite|Céu Claro|2|0|1|0
276983|2020-03-23|segunda-feira|18:30:00|PR|476.0|COLOMBO|Desobediência às normas de trânsito pelo condutor|Colisão lateral|Com Vítimas Feridas|Plena Noite|Ignorado|2|0|1|0
276985|2020-03-23|segunda-feira|18:50:00|PR|116.0|CURITIBA|Não guardar distância de segurança|Colisão traseira|Com Vítimas Feridas|Plena Noite|Céu Claro|2|0|1|0
276986|2020-03-23|segunda-feira|10:44:00|RO|364.0|JI-PARANA|Desobediência às normas de trânsito pelo condutor|Colisão lateral|Sem Vítimas|Pleno dia|Céu Claro|7|0|0|0
276987|2020-03-23|segunda-feira|19:35:00|TO|153.0|PARAISO DO TOCANTINS|Animais na Pista|Atropelamento de Animal|Com Vítimas Feridas|Plena Noite|Nublado|1|0|1|0
276988|2020-03-23|segunda-feira|11:16:00|MS|163.0|JARAGUARI|Falta de Atenção à Condução|Saída de leito carroçável|Com Vítimas Feridas|Pleno dia|Céu Claro|1|0|1|0
276989|2020-03-23|segunda-feira|19:00:00|BA|324.0|FEIRA DE SANTANA|Velocidade Incompatível|Saída de leito carroçável|Com Vítimas Feridas|Plena Noite|Céu Claro|4|0|1|3
276992|2020-03-23|segunda-feira|17:40:00|SC|280.0|ARAQUARI|Animais na Pista|Atropelamento de Animal|Com Vítimas Feridas|Pleno dia|Céu Claro|1|0|1|0
276993|2020-03-23|segunda-feira|19:20:00|SC|470.0|ILHOTA|Falta de Atenção à Condução|Colisão traseira|Com Vítimas Feridas|Plena Noite|Nublado|2|0|1|0
276994|2020-03-21|sábado|16:30:00|RS|285.0|MONTE ALEGRE DOS CAMPOS|Velocidade Incompatível|Saída de leito carroçável|Com Vítimas Feridas|Pleno dia|Céu Claro|1|0|0|1
276996|2020-03-23|segunda-feira|20:00:00|MG|381.0|SABARA|Falta de Atenção à Condução|Colisão com objeto estático|Sem Vítimas|Plena Noite|Céu Claro|3|0|0|0
276997|2020-03-23|segunda-feira|20:00:00|MS|163.0|DOURADOS|Falta de Atenção à Condução|Colisão com objeto estático|Com Vítimas Feridas|Plena Noite|Céu Claro|2|0|2|0
276998|2020-03-23|segunda-feira|21:30:00|RS|285.0|PASSO FUNDO|Não guardar distância de segurança|Colisão traseira|Com Vítimas Fatais|Plena Noite|Céu Claro|5|1|0|1
276999|2020-03-21|sábado|21:30:00|RS|116.0|VACARIA|Animais na Pista|Atropelamento de Animal|Sem Vítimas|Plena Noite|Céu Claro|1|0|0|0
277000|2020-03-13|sexta-feira|23:20:00|PE|101.0|RECIFE|Ingestão de Álcool|Colisão frontal|Com Vítimas Feridas|Plena Noite|Céu Claro|2|0|1|1
277001|2020-03-23|segunda-feira|20:45:00|SC|163.0|SAO MIGUEL DO OESTE|Falta de Atenção à Condução|Colisão lateral|Com Vítimas Feridas|Plena Noite|Céu Claro|2|0|1|0
277002|2020-03-23|segunda-feira|20:40:00|MG|381.0|ITAGUARA|Falta de Atenção à Condução|Colisão transversal|Com Vítimas Feridas|Plena Noite|Céu Claro|3|0|1|0
277003|2020-03-23|segunda-feira|16:25:00|SC|158.0|PALMITOS|Velocidade Incompatível|Saída de leito carroçável|Com Vítimas Feridas|Pleno dia|Céu Claro|1|0|1|0
277005|2020-03-23|segunda-feira|21:10:00|SP|116.0|SAO JOSE DOS CAMPOS|Falta de Atenção à Condução|Queda de ocupante de veículo|Com Vítimas Feridas|Plena Noite|Céu Claro|2|0|2|0
277006|2020-03-23|segunda-feira|21:40:00|BA|324.0|AMELIA RODRIGUES|Desobediência às normas de trânsito pelo condutor|Colisão transversal|Com Vítimas Feridas|Plena Noite|Chuva|3|0|1|0
277007|2020-03-23|segunda-feira|20:00:00|BA|116.0|JEQUIE|Desobediência às normas de trânsito pelo condutor|Colisão frontal|Com Vítimas Fatais|Plena Noite|Céu Claro|2|1|0|0
277008|2020-03-23|segunda-feira|21:59:00|SP|116.0|CACHOEIRA PAULISTA|Falta de Atenção à Condução|Colisão traseira|Com Vítimas Feridas|Plena Noite|Céu Claro|2|0|1|0
277009|2020-03-24|terça-feira|00:10:00|ES|101.0|SERRA|Falta de Atenção à Condução|Colisão transversal|Com Vítimas Fatais|Plena Noite|Céu Claro|3|1|0|1
277010|2020-03-23|segunda-feira|17:40:00|MT|364.0|JANGADA|Defeito na Via|Tombamento|Com Vítimas Feridas|Anoitecer|Céu Claro|1|0|1|0
277011|2020-03-23|segunda-feira|21:20:00|BA|101.0|PRESIDENTE TANCREDO NEVES|Velocidade Incompatível|Colisão transversal|Com Vítimas Feridas|Plena Noite|Nublado|2|0|0|1
277012|2020-03-23|segunda-feira|22:30:00|SC|282.0|RANCHO QUEIMADO|Velocidade Incompatível|Tombamento|Com Vítimas Feridas|Plena Noite|Céu Claro|1|0|0|1
277013|2020-03-23|segunda-feira|20:00:00|RS|285.0|VACARIA|Animais na Pista|Atropelamento de Animal|Sem Vítimas|Plena Noite|Céu Claro|3|0|0|0
277014|2020-03-24|terça-feira|01:00:00|PR|369.0|CAMBARA|Velocidade Incompatível|Tombamento|Com Vítimas Feridas|Plena Noite|Céu Claro|2|0|2|0
277015|2020-03-24|terça-feira|01:25:00|MG|50.0|UBERABA|Condutor Dormindo|Saída de leito carroçável|Com Vítimas Feridas|Plena Noite|Céu Claro|1|0|1|0
277016|2020-03-24|terça-feira|00:30:00|MG|116.0|MURIAE|Velocidade Incompatível|Capotamento|Com Vítimas Feridas|Plena Noite|Nublado|1|0|1|0
277017|2020-03-24|terça-feira|03:50:00|MG|40.0|NOVA LIMA|Velocidade Incompatível|Saída de leito carroçável|Com Vítimas Feridas|Plena Noite|Céu Claro|1|0|0|1
277018|2020-03-24|terça-feira|04:40:00|MG|251.0|GRAO MOGOL|Velocidade Incompatível|Saída de leito carroçável|Com Vítimas Feridas|Plena Noite|Chuva|2|0|1|1
277019|2020-03-24|terça-feira|04:30:00|SP|116.0|CACAPAVA|Falta de Atenção do Pedestre|Atropelamento de Pedestre|Com Vítimas Fatais|Plena Noite|Nublado|2|1|0|0
277020|2020-03-24|terça-feira|06:00:00|PB|230.0|POCINHOS|Não guardar distância de segurança|Colisão frontal|Com Vítimas Feridas|Amanhecer|Nublado|2|0|2|0
277021|2020-03-24|terça-feira|04:30:00|MT|364.0|SANTO ANTONIO DO LEVERGER|Desobediência às normas de trânsito pelo condutor|Colisão traseira|Com Vítimas Fatais|Plena Noite|Céu Claro|2|1|0|0
277022|2020-03-24|terça-feira|07:00:00|MG|40.0|RIBEIRAO DAS NEVES|Não guardar distância de segurança|Queda de ocupante de veículo|Com Vítimas Feridas|Pleno dia|Céu Claro|1|0|1|0
277023|2020-03-24|terça-feira|05:40:00|GO|40.0|LUZIANIA|Desobediência às normas de trânsito pelo condutor|Colisão transversal|Com Vítimas Feridas|Amanhecer|Nevoeiro/Neblina|2|0|0|1
277024|2020-02-09|domingo|03:10:00|SC|470.0|BLUMENAU|Ingestão de Álcool|Tombamento|Com Vítimas Feridas|Plena Noite|Céu Claro|1|0|1|0
277025|2020-03-24|terça-feira|05:49:00|SP|116.0|LAVRINHAS|Falta de Atenção à Condução|Colisão com objeto estático|Com Vítimas Feridas|Amanhecer|Céu Claro|1|0|1|0
277026|2020-03-24|terça-feira|07:00:00|SC|282.0|FLORIANOPOLIS|Falta de Atenção à Condução|Colisão traseira|Com Vítimas Feridas|Pleno dia|Céu Claro|2|0|0|1
277027|2020-03-24|terça-feira|06:40:00|MG|116.0|MURIAE|Velocidade Incompatível|Tombamento|Com Vítimas Feridas|Pleno dia|Céu Claro|1|0|1|0