id|data_inversa|dia_semana|horario|uf|br|municipio|causa_acidente|tipo_acidente|classificacao_acidente|fase_dia|condicao_metereologica|pessoas|mortos|feridos_leves|feridos_graves
277028|2020-03-24|terça-feira|06:20:00|MG|40.0|RIBEIRAO DAS NEVES|Não guardar distância de segurança|Colisão lateral|Com Vítimas Feridas|Pleno dia|Céu Claro|2|0|1|0
277029|2020-03-23|segunda-feira|21:20:00|SC|163.0|DIONISIO CERQUEIRA|Defeito Mecânico no Veículo|Danos eventuais|Sem Vítimas|Plena Noite|Céu Claro|1|0|0|0
277030|2020-03-24|terça-feira|08:10:00|ES|101.0|SAO MATEUS|Desobediência às normas de trânsito pelo condutor|Colisão lateral|Com Vítimas Feridas|Pleno dia|Céu Claro|2|0|0|1
277031|2020-03-24|terça-feira|07:30:00|MS|163.0|CAMPO GRANDE|Falta de Atenção do Pedestre|Atropelamento de Pedestre|Com Vítimas Feridas|Pleno dia|Céu Claro|2|0|0|1
277032|2020-03-17|terça-feira|07:00:00|SC|470.0|BLUMENAU|Falta de Atenção à Condução|Engavetamento|Com Vítimas Feridas|Pleno dia|Nublado|5|0|1|0
277033|2020-03-24|terça-feira|08:20:00|MG|381.0|ANTONIO DIAS|Mal Súbito|Saída de leito carroçável|Com Vítimas Feridas|Pleno dia|Céu Claro|1|0|1|0
277034|2020-03-24|terça-feira|06:30:00|SP|116.0|BARRA DO TURVO|Desobediência às normas de trânsito pelo condutor|Tombamento|Com Vítimas Feridas|Amanhecer|Sol|1|0|1|0
277035|2020-03-24|terça-feira|07:20:00|SP|381.0|VARGEM|Condutor Dormindo|Colisão traseira|Com Vítimas Feridas|Pleno dia|Céu Claro|3|0|0|2
277036|2020-03-24|terça-feira|07:10:00|MS|163.0|SAO GABRIEL DO OESTE|Desobediência às normas de trânsito pelo condutor|Colisão transversal|Sem Vítimas|Pleno dia|Céu Claro|4|0|0|0
277038|2020-03-24|terça-feira|06:30:00|MT|163.0|SINOP|Desobediência às normas de trânsito pelo condutor|Saída de leito carroçável|Sem Vítimas|Pleno dia|Chuva|1|0|0|0
277039|2020-03-24|terça-feira|07:50:00|RJ|116.0|PIRAI|Carga excessiva e/ou mal acondicionada|Tombamento|Sem Vítimas|Pleno dia|Sol|1|0|0|0
277040|2020-02-29|sábado|20:11:00|CE|222.0|ITAPAJE|Desobediência às normas de trânsito pelo condutor|Colisão transversal|Com Vítimas Feridas|Plena Noite|Céu Claro|2|0|1|0
277041|2020-03-24|terça-feira|08:20:00|RS|470.0|BARRACAO|Defeito Mecânico no Veículo|Capotamento|Sem Vítimas|Pleno dia|Céu Claro|1|0|0|0
277042|2020-03-19|quinta-feira|19:00:00|BA|415.0|ILHEUS|Falta de Atenção à Condução|Colisão frontal|Com Vítimas Feridas|Plena Noite|Nublado|2|0|0|1
277043|2020-03-24|terça-feira|10:45:00|SP|116.0|CACAPAVA|Falta de Atenção à Condução|Colisão com objeto estático|Com Vítimas Feridas|Pleno dia|Céu Claro|1|0|1|0
277044|2020-03-24|terça-feira|09:44:00|SC|101.0|BALNEARIO PICARRAS|Pista Escorregadia|Saída de leito carroçável|Com Vítimas Feridas|Pleno dia|Chuva|1|0|0|1
277045|2020-03-24|terça-feira|11:10:00|PA|222.0|MARABA|Desobediência às normas de trânsito pelo condutor|Colisão transversal|Com Vítimas Feridas|Pleno dia|Céu Claro|2|0|1|0
277046|2020-03-24|terça-feira|11:15:00|ES|101.0|LINHARES|Desobediência às normas de trânsito pelo condutor|Colisão transversal|Com Vítimas Feridas|Pleno dia|Sol|2|0|1|0
277047|2020-03-24|terça-feira|11:32:00|PR|376.0|MARINGA|Desobediência às normas de trânsito pelo condutor|Colisão transversal|Com Vítimas Feridas|Pleno dia|Céu Claro|2|0|1|0
277048|2020-03-24|terça-feira|06:20:00|MA|222.0|MONCAO|Defeito na Via|Colisão frontal|Com Vítimas Feridas|Pleno dia|Sol|2|0|1|0
277049|2020-03-24|terça-feira|12:30:00|GO|50.0|CUMARI|Falta de Atenção à Condução|Colisão transversal|Com Vítimas Feridas|Pleno dia|Céu Claro|2|0|0|1
277050|2020-03-24|terça-feira|11:45:00|MT|163.0|MATUPA|Velocidade Incompatível|Saída de leito carroçável|Com Vítimas Feridas|Pleno dia|Céu Claro|2|0|1|1
277052|2020-03-24|terça-feira|13:20:00|SC|101.0|SAO JOSE|Falta de Atenção à Condução|Colisão lateral|Sem Vítimas|Pleno dia|Céu Claro|4|0|0|0
277053|2020-03-24|terça-feira|13:20:00|MG|50.0|UBERABA|Falta de Atenção à Condução|Colisão traseira|Com Vítimas Feridas|Pleno dia|Céu Claro|2|0|0|1
277054|2020-03-24|terça-feira|12:50:00|BA|324.0|FEIRA DE SANTANA|Mal Súbito|Saída de leito carroçável|Com Vítimas Feridas|Pleno dia|Nublado|1|0|1|0
277055|2020-03-24|terça-feira|12:45:00|RO|364.0|JI-PARANA|Velocidade Incompatível|Colisão traseira|Com Vítimas Feridas|Pleno dia|Céu Claro|3|0|1|0
277056|2020-03-24|terça-feira|13:00:00|ES|101.0|SERRA|Falta de Atenção à Condução|Colisão traseira|Com Vítimas Feridas|Pleno dia|Céu Claro|3|0|2|0
277057|2020-02-01|sábado|06:30:00|PI|316.0|VILA NOVA DO PIAUI|Falta de Atenção à Condução|Tombamento|Sem Vítimas|Pleno dia|Céu Claro|1|0|0|0
277058|2020-03-24|terça-feira|12:50:00|PI|316.0|PICOS|Falta de Atenção à Condução|Queda de ocupante de veículo|Sem Vítimas|Pleno dia|Céu Claro|1|0|0|0
277059|2020-03-24|terça-feira|12:30:00|PI|316.0|VALENCA DO PIAUI|Fenômenos da Natureza|Saída de leito carroçável|Com Vítimas Feridas|Pleno dia|Chuva|1|0|1|0
277060|2020-03-24|terça-feira|11:40:00|MG|262.0|MANHUACU|Falta de Atenção à Condução|Tombamento|Com Vítimas Feridas|Pleno dia|Céu Claro|1|0|1|0
277061|2020-02-21|sexta-feira|10:30:00|ES|101.0|RIO NOVO DO SUL|Velocidade Incompatível|Tombamento|Com Vítimas Feridas|Pleno dia|Sol|1|0|0|1
277062|2020-03-24|terça-feira|14:45:00|MG|381.0|BETIM|Falta de Atenção à Condução|Queda de ocupante de veículo|Com Vítimas Feridas|Pleno dia|Chuva|1|0|1|0
277065|2020-03-05|quinta-feira|09:20:00|PB|230.0|MARIZOPOLIS|Falta de Atenção à Condução|Colisão transversal|Sem Vítimas|Pleno dia|Céu Claro|2|0|0|0
277066|2020-03-24|terça-feira|15:15:00|CE|116.0|FORTALEZA|Não guardar distância de segurança|Colisão traseira|Com Vítimas Feridas|Pleno dia|Sol|2|0|0|1
277067|2020-02-24|segunda-feira|18:50:00|RN|406.0|SAO GONCALO DO AMARANTE|Ingestão de Álcool|Colisão traseira|Com Vítimas Feridas|Plena Noite|Céu Claro|2|0|0|1
277068|2020-03-24|terça-feira|15:00:00|SP|116.0|SAO LOURENCO DA SERRA|Falta de Atenção à Condução|Colisão com objeto estático|Sem Vítimas|Pleno dia|Céu Claro|1|0|0|0
277070|2020-03-24|terça-feira|15:45:00|PB|101.0|SANTA RITA|Desobediência às normas de trânsito pelo condutor|Colisão com objeto estático|Com Vítimas Feridas|Pleno dia|Céu Claro|2|0|0|2
277071|2020-03-24|terça-feira|15:45:00|SP|459.0|LORENA|Desobediência às normas de trânsito pelo condutor|Colisão transversal|Com Vítimas Feridas|Pleno dia|Céu Claro|3|0|0|1
277072|2020-03-24|terça-feira|16:10:00|SC|470.0|RIO DO SUL|Desobediência às normas de trânsito pelo condutor|Colisão lateral|Com Vítimas Feridas|Pleno dia|Céu Claro|2|0|1|0
277073|2020-03-21|sábado|05:30:00|RJ|116.0|MESQUITA|Ingestão de Álcool|Colisão transversal|Sem Vítimas|Amanhecer|Chuva|3|0|0|0
277074|2020-03-24|terça-feira|17:15:00|RN|101.0|SAO GONCALO DO AMARANTE|Não guardar distância de segurança|Colisão traseira|Com Vítimas Feridas|Anoitecer|Céu Claro|2|0|1|0
277075|2020-03-24|terça-feira|17:10:00|ES|101.0|SERRA|Falta de Atenção à Condução|Colisão transversal|Com Vítimas Feridas|Anoitecer|Nublado|2|0|1|0
277077|2020-03-24|terça-feira|14:30:00|MG|50.0|ARAGUARI|Falta de Atenção à Condução|Colisão traseira|Com Vítimas Feridas|Pleno dia|Céu Claro|2|0|0|1
277078|2020-03-24|terça-feira|15:10:00|MG|356.0|MURIAE|Falta de Atenção à Condução|Colisão transversal|Com Vítimas Feridas|Pleno dia|Céu Claro|2|0|1|0
277079|2020-03-24|terça-feira|17:45:00|PR|369.0|ARAPONGAS|Avarias e/ou desgaste excessivo no pneu|Queda de ocupante de veículo|Com Vítimas Feridas|Pleno dia|Céu Claro|2|0|2|0
277080|2020-03-24|terça-feira|17:59:00|SC|101.0|SAO JOSE|Não guardar distância de segurança|Colisão traseira|Com Vítimas Feridas|Anoitecer|Nublado|2|0|2|0
277081|2020-03-24|terça-feira|17:50:00|RS|116.0|PICADA CAFE|Velocidade Incompatível|Saída de leito carroçável|Com Vítimas Feridas|Anoitecer|Céu Claro|3|0|1|2
277082|2020-03-24|terça-feira|17:45:00|PB|230.0|JOAO PESSOA|Não guardar distância de segurança|Colisão lateral|Com Vítimas Feridas|Anoitecer|Céu Claro|2|0|2|0
277084|2020-03-24|terça-feira|17:10:00|RS|285.0|LAGOA VERMELHA|Falta de Atenção à Condução|Colisão transversal|Com Vítimas Feridas|Pleno dia|Céu Claro|2|0|0|1
277085|2020-03-24|terça-feira|18:30:00|GO|60.0|GOIANIA|Falta de Atenção à Condução|Colisão traseira|Com Vítimas Feridas|Anoitecer|Céu Claro|1|0|1|0
277086|2020-03-24|terça-feira|17:15:00|MS|163.0|DOURADOS|Falta de Atenção à Condução|Colisão com objeto estático|Com Vítimas Feridas|Pleno dia|Sol|1|0|0|1
277087|2020-03-24|terça-feira|14:10:00|SC|280.0|MAFRA|Falta de Atenção à Condução|Saída de leito carroçável|Com Vítimas Feridas|Pleno dia|Céu Claro|2|0|0|1
277089|2020-03-24|terça-feira|18:20:00|RJ|116.0|TERESOPOLIS|Desobediência às normas de trânsito pelo condutor|Colisão transversal|Com Vítimas Feridas|Plena Noite|Nublado|2|0|1|0
277090|2020-03-24|terça-feira|18:45:00|BA|324.0|CANDEIAS|Ingestão de álcool e/ou substâncias psicoativas pelo pedestre|Atropelamento de Pedestre|Com Vítimas Feridas|Plena Noite|Garoa/Chuvisco|3|0|0|1
277091|2020-03-24|terça-feira|18:30:00|MG|365.0|MONTE ALEGRE DE MINAS|Desobediência às normas de trânsito pelo condutor|Colisão lateral|Com Vítimas Feridas|Anoitecer|Céu Claro|3|0|1|0
277092|2020-03-24|terça-feira|18:30:00|RS|116.0|SAO LEOPOLDO|Desobediência às normas de trânsito pelo condutor|Colisão lateral|Com Vítimas Feridas|Anoitecer|Céu Claro|2|0|1|0
277093|2020-03-24|terça-feira|18:15:00|RJ|116.0|SAO JOAO DE MERITI|Defeito Mecânico no Veículo|Derramamento de carga|Com Vítimas Feridas|Plena Noite|Céu Claro|3|0|1|0
277094|2020-03-24|terça-feira|17:30:00|MG|365.0|UBERLANDIA|Defeito Mecânico no Veículo|Colisão lateral|Sem Vítimas|Pleno dia|Céu Claro|6|0|0|0
277095|2020-03-24|terça-feira|19:30:00|RS|472.0|URUGUAIANA|Ingestão de Álcool|Tombamento|Com Vítimas Feridas|Plena Noite|Céu Claro|2|0|1|0
277097|2020-03-24|terça-feira|19:40:00|BA|116.0|FEIRA DE SANTANA|Ingestão de Álcool|Colisão traseira|Com Vítimas Feridas|Plena Noite|Céu Claro|2|0|0|1
277098|2020-03-24|terça-feira|18:30:00|MS|163.0|DOURADOS|Falta de Atenção do Pedestre|Atropelamento de Pedestre|Com Vítimas Fatais|Plena Noite|Céu Claro|2|1|0|0
277099|2020-03-24|terça-feira|18:30:00|PE|104.0|CARUARU|Não guardar distância de segurança|Colisão traseira|Com Vítimas Fatais|Plena Noite|Nublado|3|1|0|1
277100|2020-03-24|terça-feira|17:20:00|GO|452.0|RIO VERDE|Falta de Atenção à Condução|Colisão lateral|Sem Vítimas|Pleno dia|Céu Claro|3|0|0|0
277101|2020-03-24|terça-feira|08:08:00|SC|480.0|CHAPECO|Falta de Atenção à Condução|Colisão lateral|Com Vítimas Feridas|Pleno dia|Sol|3|0|2|0
277102|2020-03-24|terça-feira|18:55:00|RO|174.0|VILHENA|Restrição de Visibilidade|Atropelamento de Pedestre|Com Vítimas Feridas|Plena Noite|Céu Claro|3|0|1|2
277103|2020-03-24|terça-feira|19:55:00|PR|369.0|IBIPORA|Falta de Atenção à Condução|Colisão traseira|Com Vítimas Feridas|Plena Noite|Céu Claro|2|0|0|1
277104|2020-03-24|terça-feira|19:50:00|MG|50.0|ARAGUARI|Ingestão de Álcool|Colisão frontal|Com Vítimas Fatais|Plena Noite|Céu Claro|4|1|0|2
277105|2020-03-24|terça-feira|19:00:00|GO|60.0|TEREZOPOLIS DE GOIAS|Pista Escorregadia|Tombamento|Com Vítimas Feridas|Pleno dia|Chuva|1|0|0|1
277106|2020-03-24|terça-feira|18:40:00|SC|116.0|LAGES|Falta de Atenção à Condução|Colisão transversal|Com Vítimas Feridas|Plena Noite|Céu Claro|2|0|1|0
277107|2020-03-24|terça-feira|19:30:00|BA|242.0|CATOLANDIA|Velocidade Incompatível|Colisão traseira|Com Vítimas Feridas|Plena Noite|Chuva|5|0|2|0
277108|2020-03-24|terça-feira|11:30:00|RO|364.0|CACOAL|Ultrapassagem Indevida|Saída de leito carroçável|Com Vítimas Feridas|Pleno dia|Sol|1|0|1|0
277110|2020-03-24|terça-feira|19:46:00|TO|242.0|PEIXE|Falta de Atenção à Condução|Colisão lateral|Com Vítimas Feridas|Plena Noite|Chuva|4|0|1|0
277111|2020-03-24|terça-feira|19:30:00|TO|226.0|DARCINOPOLIS|Defeito na Via|Saída de leito carroçável|Sem Vítimas|Plena Noite|Nublado|1|0|0|0
277112|2020-03-24|terça-feira|19:00:00|RS|153.0|ERECHIM|Desobediência às normas de trânsito pelo condutor|Colisão lateral|Com Vítimas Feridas|Plena Noite|Céu Claro|2|0|1|0
277113|2020-03-24|terça-feira|21:15:00|RJ|101.0|CAMPOS DOS GOYTACAZES|Falta de Atenção à Condução|Queda de ocupante de veículo|Com Vítimas Feridas|Plena Noite|Céu Claro|2|0|1|0
277114|2020-03-24|terça-feira|21:00:00|MG|381.0|SABARA|Velocidade Incompatível|Colisão lateral|Com Vítimas Feridas|Plena Noite|Céu Claro|2|0|1|0
277115|2020-03-24|terça-feira|21:30:00|PR|476.0|ANTONIO OLINTO|Ingestão de Álcool|Colisão transversal|Com Vítimas Fatais|Plena Noite|Céu Claro|5|1|0|2
277116|2020-03-24|terça-feira|19:40:00|PR|476.0|BOCAIUVA DO SUL|Velocidade Incompatível|Colisão frontal|Com Vítimas Feridas|Plena Noite|Céu Claro|5|0|5|0
277117|2020-03-24|terça-feira|19:20:00|RJ|101.0|TANGUA|Falta de Atenção à Condução|Colisão frontal|Com Vítimas Feridas|Plena Noite|Céu Claro|2|0|1|0
277118|2020-03-24|terça-feira|17:45:00|PR|476.0|COLOMBO|Falta de Atenção à Condução|Colisão traseira|Com Vítimas Feridas|Anoitecer|Céu Claro|2|0|1|0
277119|2020-03-24|terça-feira|23:00:00|RJ|116.0|BARRA MANSA|Animais na Pista|Atropelamento de Animal|Sem Vítimas|Plena Noite|Céu Claro|2|0|0|0
277121|2020-03-25|quarta-feira|00:00:00|SP|116.0|TAUBATE|Falta de Atenção à Condução|Colisão com objeto estático|Com Vítimas Feridas|Pleno dia|Céu Claro|1|0|1|0
277122|2020-03-24|terça-feira|20:50:00|AM|319.0|CAREIRO|Avarias e/ou desgaste excessivo no pneu|Saída de leito carroçável|Com Vítimas Feridas|Plena Noite|Céu Claro|2|0|1|1
277123|2020-03-25|quarta-feira|00:55:00|BA|116.0|JEQUIE|Ingestão de Álcool|Capotamento|Com Vítimas Feridas|Plena Noite|Nublado|5|0|4|0
277124|2020-03-25|quarta-feira|01:00:00|MG|40.0|RIBEIRAO DAS NEVES|Falta de Atenção do Pedestre|Atropelamento de Pedestre|Com Vítimas Fatais|Plena Noite|Céu Claro|2|1|0|0
277125|2020-03-25|quarta-feira|02:10:00|RS|116.0|CANOAS|Falta de Atenção à Condução|Colisão com objeto estático|Com Vítimas Feridas|Plena Noite|Céu Claro|1|0|0|1
277126|2020-03-25|quarta-feira|03:20:00|SP|116.0|JUQUIA|Falta de Atenção à Condução|Derramamento de carga|Sem Vítimas|Plena Noite|Nevoeiro/Neblina|1|0|0|0
277127|2020-03-25|quarta-feira|05:30:00|SP|116.0|CACHOEIRA PAULISTA|Falta de Atenção à Condução|Saída de leito carroçável|Com Vítimas Feridas|Amanhecer|Nublado|1|0|1|0
277129|2020-03-25|quarta-feira|04:20:00|GO|70.0|JUSSARA|Defeito Mecânico no Veículo|Incêndio|Sem Vítimas|Amanhecer|Nublado|1|0|0|0
277130|2020-03-25|quarta-feira|05:40:00|PR|369.0|LONDRINA|Desobediência às normas de trânsito pelo condutor|Colisão transversal|Com Vítimas Feridas|Amanhecer|Céu Claro|2|0|1|0
277131|2020-03-25|quarta-feira|06:25:00|SC|470.0|INDAIAL|Falta de Atenção à Condução|Saída de leito carroçável|Com Vítimas Feridas|Amanhecer|Nublado|1|0|1|0
277132|2020-03-25|quarta-feira|06:00:00|SC|101.0|TIJUCAS|Velocidade Incompatível|Colisão com objeto estático|Com Vítimas Fatais|Amanhecer|Nevoeiro/Neblina|1|1|0|0
277133|2020-03-24|terça-feira|11:50:00|BA|116.0|PLANALTO|Desobediência às normas de trânsito pelo condutor|Colisão frontal|Com Vítimas Feridas|Plena Noite|Céu Claro|2|0|1|0
277134|2020-03-25|quarta-feira|06:20:00|PE|101.0|RIBEIRAO|Carga excessiva e/ou mal acondicionada|Capotamento|Sem Vítimas|Pleno dia|Céu Claro|1|0|0|0
277135|2020-03-25|quarta-feira|07:50:00|BA|324.0|SALVADOR|Defeito na Via|Capotamento|Com Vítimas Feridas|Pleno dia|Chuva|1|0|1|0
277136|2020-03-25|quarta-feira|04:45:00|BA|101.0|ITABELA|Animais na Pista|Atropelamento de Animal|Sem Vítimas|Pleno dia|Céu Claro|2|0|0|0
277137|2020-03-25|quarta-feira|07:40:00|BA|116.0|NOVA ITARANA|Velocidade Incompatível|Tombamento|Com Vítimas Fatais|Pleno dia|Céu Claro|5|2|0|1
277138|2020-03-01|domingo|19:45:00|SP|381.0|ATIBAIA|Falta de Atenção à Condução|Colisão lateral|Com Vítimas Feridas|Plena Noite|Nublado|3|0|1|0
277139|2020-03-25|quarta-feira|07:30:00|SP|381.0|SAO PAULO|Defeito Mecânico no Veículo|Colisão traseira|Com Vítimas Feridas|Pleno dia|Céu Claro|2|0|1|0
277140|2020-03-25|quarta-feira|08:45:00|AL|104.0|BRANQUINHA|Falta de Atenção à Condução|Queda de ocupante de veículo|Com Vítimas Feridas|Pleno dia|Nublado|2|0|1|1
277141|2020-03-25|quarta-feira|08:25:00|SP|116.0|GUARULHOS|Defeito Mecânico no Veículo|Queda de ocupante de veículo|Com Vítimas Feridas|Pleno dia|Céu Claro|1|0|1|0
277142|2020-03-25|quarta-feira|07:40:00|DF|20.0|BRASILIA|Falta de Atenção do Pedestre|Atropelamento de Pedestre|Com Vítimas Feridas|Pleno dia|Chuva|2|0|0|1
277143|2020-03-25|quarta-feira|07:45:00|PE|101.0|IGARASSU|Falta de Atenção à Condução|Colisão transversal|Sem Vítimas|Pleno dia|Nublado|5|0|0|0
277144|2020-03-24|terça-feira|20:30:00|SP|116.0|SAO JOSE DOS CAMPOS|Avarias e/ou desgaste excessivo no pneu|Tombamento|Com Vítimas Feridas|Plena Noite|Céu Claro|1|0|1|0
277145|2020-03-25|quarta-feira|10:10:00|SE|101.0|LARANJEIRAS|Velocidade Incompatível|Saída de leito carroçável|Com Vítimas Feridas|Pleno dia|Garoa/Chuvisco|1|0|1|0
277148|2020-03-25|quarta-feira|11:00:00|SP|381.0|ATIBAIA|Não guardar distância de segurança|Colisão traseira|Com Vítimas Fatais|Pleno dia|Céu Claro|2|1|0|0
277149|2020-03-25|quarta-feira|12:00:00|BA|135.0|BARREIRAS|Falta de Atenção à Condução|Tombamento|Com Vítimas Feridas|Pleno dia|Sol|1|0|1|0
277150|2020-03-25|quarta-feira|12:30:00|PE|101.0|RECIFE|Não guardar distância de segurança|Engavetamento|Sem Vítimas|Pleno dia|Céu Claro|5|0|0|0
277151|2020-03-25|quarta-feira|12:45:00|MG|381.0|CAREACU|Falta de Atenção à Condução|Saída de leito carroçável|Com Vítimas Feridas|Pleno dia|Céu Claro|1|0|1|0
277152|2020-03-25|quarta-feira|11:40:00|PE|104.0|CARUARU|Ingestão de Álcool|Colisão traseira|Sem Vítimas|Pleno dia|Nublado|2|0|0|0
277153|2020-03-20|sexta-feira|18:45:00|PE|101.0|ESCADA|Ingestão de Álcool|Colisão traseira|Com Vítimas Feridas|Plena Noite|Céu Claro|2|0|1|0
277154|2020-03-25|quarta-feira|12:00:00|RO|364.0|CACOAL|Desobediência às normas de trânsito pelo condutor|Colisão traseira|Com Vítimas Feridas|Pleno dia|Céu Claro|2|0|1|0
277155|2020-03-25|quarta-feira|14:10:00|PR|277.0|SAO JOSE DOS PINHAIS|Não guardar distância de segurança|Tombamento|Sem Vítimas|Pleno dia|Céu Claro|2|0|0|0
277156|2020-03-21|sábado|10:00:00|MT|163.0|ITAUBA|Velocidade Incompatível|Engavetamento|Com Vítimas Feridas|Pleno dia|Nublado|7|0|3|1
277157|2020-03-25|quarta-feira|14:00:00|RS|101.0|OSORIO|Desobediência às normas de trânsito pelo condutor|Colisão transversal|Sem Vítimas|Pleno dia|Céu Claro|3|0|0|0
277159|2020-03-25|quarta-feira|14:40:00|GO|60.0|GOIANIA|Falta de Atenção à Condução|Colisão traseira|Com Vítimas Feridas|Pleno dia|Céu Claro|4|0|0|2
277160|2020-03-25|quarta-feira|13:05:00|BA|116.0|SANTA BARBARA|Falta de Atenção à Condução|Colisão transversal|Com Vítimas Feridas|Pleno dia|Sol|5|0|3|1
277161|2020-03-25|quarta-feira|13:55:00|PA|230.0|MARABA|Não guardar distância de segurança|Colisão traseira|Com Vítimas Feridas|Pleno dia|Sol|2|0|1|0
277162|2020-03-25|quarta-feira|15:30:00|RJ|116.0|BARRA MANSA|Não guardar distância de segurança|Colisão traseira|Com Vítimas Feridas|Pleno dia|Céu Claro|2|0|1|0
277163|2020-03-25|quarta-feira|15:45:00|GO|153.0|ANAPOLIS|Animais na Pista|Saída de leito carroçável|Com Vítimas Feridas|Pleno dia|Céu Claro|1|0|1|0
277164|2020-03-25|quarta-feira|14:10:00|MG|40.0|CURVELO|Carga excessiva e/ou mal acondicionada|Derramamento de carga|Com Vítimas Feridas|Pleno dia|Sol|1|0|1|0
277165|2020-03-25|quarta-feira|15:15:00|MT|163.0|ITAUBA|Não guardar distância de segurança|Engavetamento|Com Vítimas Feridas|Pleno dia|Sol|7|0|1|0
277167|2020-03-25|quarta-feira|16:00:00|ES|101.0|ICONHA|Desobediência às normas de trânsito pelo condutor|Colisão lateral|Com Vítimas Feridas|Pleno dia|Céu Claro|5|0|1|0
277168|2020-03-25|quarta-feira|15:55:00|CE|222.0|ITAPAJE|Velocidade Incompatível|Colisão transversal|Com Vítimas Fatais|Pleno dia|Chuva|5|1|1|0
277169|2020-03-25|quarta-feira|16:30:00|SC|101.0|TIJUCAS|Ingestão de Álcool|Colisão traseira|Com Vítimas Feridas|Pleno dia|Céu Claro|2|0|1|0
277170|2020-03-24|terça-feira|08:00:00|MT|174.0|NOVA LACERDA|Falta de Atenção à Condução|Saída de leito carroçável|Sem Vítimas|Pleno dia|Nublado|1|0|0|0
277171|2020-03-25|quarta-feira|14:45:00|GO|60.0|TEREZOPOLIS DE GOIAS|Defeito Mecânico no Veículo|Saída de leito carroçável|Sem Vítimas|Pleno dia|Chuva|1|0|0|0
277172|2020-03-25|quarta-feira|16:50:00|RS|468.0|TRES PASSOS|Falta de Atenção à Condução|Colisão transversal|Com Vítimas Feridas|Pleno dia|Sol|4|0|1|0
277174|2020-03-17|terça-feira|19:30:00|MS|60.0|NIOAQUE|Defeito Mecânico no Veículo|Tombamento|Com Vítimas Feridas|Plena Noite|Céu Claro|1|0|1|0
277175|2020-03-25|quarta-feira|17:30:00|SC|470.0|NAVEGANTES|Falta de Atenção à Condução|Colisão lateral|Sem Vítimas|Pleno dia|Céu Claro|2|0|0|0
277176|2020-03-25|quarta-feira|17:25:00|PR|376.0|CURITIBA|Falta de Atenção à Condução|Colisão lateral|Com Vítimas Feridas|Pleno dia|Céu Claro|2|0|1|0
277177|2020-03-25|quarta-feira|17:15:00|MS|163.0|MUNDO NOVO|Desobediência às normas de trânsito pelo condutor|Colisão traseira|Com Vítimas Feridas|Pleno dia|Céu Claro|2|0|0|1
277178|2020-03-25|quarta-feira|18:00:00|PB|104.0|QUEIMADAS|Avarias e/ou desgaste excessivo no pneu|Colisão frontal|Com Vítimas Feridas|Plena Noite|Chuva|3|0|2|0
277180|2020-03-25|quarta-feira|18:10:00|SP|116.0|SAO PAULO|Velocidade Incompatível|Colisão traseira|Com Vítimas Feridas|Plena Noite|Céu Claro|3|0|0|1
277181|2020-03-25|quarta-feira|18:50:00|SE|235.0|ITABAIANA|Ingestão de Álcool|Colisão transversal|Com Vítimas Feridas|Plena Noite|Céu Claro|3|0|2|1
277182|2020-03-25|quarta-feira|18:30:00|BA|116.0|VITORIA DA CONQUISTA|Falta de Atenção à Condução|Queda de ocupante de veículo|Com Vítimas Feridas|Plena Noite|Nublado|1|0|1|0
277183|2020-03-25|quarta-feira|19:15:00|DF|40.0|BRASILIA|Falta de Atenção à Condução|Colisão traseira|Com Vítimas Feridas|Plena Noite|Chuva|2|0|1|0
277184|2020-03-25|quarta-feira|19:20:00|PR|369.0|ANDIRA|Desobediência às normas de trânsito pelo condutor|Colisão transversal|Com Vítimas Feridas|Plena Noite|Céu Claro|2|0|0|1
277185|2020-03-25|quarta-feira|19:00:00|RN|110.0|MOSSORO|Ingestão de álcool e/ou substâncias psicoativas pelo pedestre|Atropelamento de Pedestre|Com Vítimas Feridas|Plena Noite|Céu Claro|2|0|1|0
277186|2020-03-25|quarta-feira|15:30:00|MG|267.0|LIMA DUARTE|Desobediência às normas de trânsito pelo condutor|Colisão transversal|Com Vítimas Feridas|Pleno dia|Céu Claro|3|0|3|0
277187|2020-03-25|quarta-feira|19:50:00|MG|40.0|ITABIRITO|Desobediência às normas de trânsito pelo condutor|Colisão transversal|Com Vítimas Feridas|Plena Noite|Céu Claro|3|0|1|1
277189|2020-03-25|quarta-feira|17:50:00|RJ|116.0|SAO JOAO DE MERITI|Falta de Atenção do Pedestre|Atropelamento de Pedestre|Com Vítimas Feridas|Pleno dia|Céu Claro|2|0|0|1
277190|2020-03-25|quarta-feira|19:20:00|PI|316.0|TERESINA|Falta de Atenção à Condução|Colisão traseira|Com Vítimas Feridas|Plena Noite|Nublado|4|0|0|2
277191|2020-03-25|quarta-feira|19:00:00|RN|405.0|PAU DOS FERROS|Desobediência às normas de trânsito pelo condutor|Queda de ocupante de veículo|Com Vítimas Fatais|Plena Noite|Nublado|2|1|0|0
277192|2020-03-25|quarta-feira|16:00:00|MT|364.0|ROSARIO OESTE|Falta de Atenção à Condução|Saída de leito carroçável|Com Vítimas Feridas|Pleno dia|Nublado|1|0|1|0