id|data_inversa|dia_semana|horario|uf|br|municipio|causa_acidente|tipo_acidente|classificacao_acidente|fase_dia|condicao_metereologica|pessoas|mortos|feridos_leves|feridos_graves
277193|2020-03-25|quarta-feira|18:45:00|RR|174.0|BOA VISTA|Velocidade Incompatível|Saída de leito carroçável|Com Vítimas Feridas|Plena Noite|Céu Claro|6|0|3|2
277194|2020-03-25|quarta-feira|21:10:00|SC|280.0|ARAQUARI|Velocidade Incompatível|Colisão traseira|Com Vítimas Feridas|Plena Noite|Céu Claro|2|0|1|0
277195|2020-03-25|quarta-feira|21:20:00|DF|40.0|BRASILIA|Falta de Atenção à Condução|Colisão transversal|Com Vítimas Feridas|Plena Noite|Chuva|2|0|0|1
277196|2020-02-16|domingo|10:15:00|GO|158.0|BOM JARDIM DE GOIAS|Velocidade Incompatível|Colisão traseira|Com Vítimas Fatais|Pleno dia|Sol|3|1|1|0
277197|2020-03-25|quarta-feira|21:20:00|SC|101.0|SOMBRIO|Falta de Atenção à Condução|Colisão traseira|Com Vítimas Feridas|Plena Noite|Ignorado|2|0|1|0
277198|2020-03-25|quarta-feira|21:00:00|GO|153.0|APARECIDA DE GOIANIA|Desobediência às normas de trânsito pelo condutor|Colisão transversal|Sem Vítimas|Plena Noite|Nublado|2|0|0|0
277199|2020-03-25|quarta-feira|21:40:00|ES|101.0|CARIACICA|Restrição de Visibilidade|Queda de ocupante de veículo|Com Vítimas Feridas|Plena Noite|Céu Claro|1|0|0|1
277201|2020-03-25|quarta-feira|22:00:00|BA|101.0|ITAMARAJU|Falta de Atenção do Pedestre|Atropelamento de Pedestre|Com Vítimas Fatais|Plena Noite|Céu Claro|2|1|0|0
277202|2020-03-25|quarta-feira|17:20:00|MA|135.0|SANTO ANTONIO DOS LOPES|Falta de Atenção à Condução|Colisão transversal|Sem Vítimas|Pleno dia|Chuva|2|0|0|0
277203|2020-03-25|quarta-feira|19:30:00|RJ|116.0|TERESOPOLIS|Pista Escorregadia|Tombamento|Com Vítimas Feridas|Plena Noite|Garoa/Chuvisco|1|0|1|0
277204|2020-03-25|quarta-feira|17:50:00|MT|364.0|SANTO ANTONIO DO LEVERGER|Velocidade Incompatível|Tombamento|Com Vítimas Feridas|Anoitecer|Céu Claro|1|0|1|0
277205|2020-03-25|quarta-feira|23:00:00|DF|70.0|BRASILIA|Desobediência às normas de trânsito pelo condutor|Colisão transversal|Com Vítimas Feridas|Plena Noite|Chuva|2|0|2|0
277206|2020-03-25|quarta-feira|20:55:00|PB|405.0|MARIZOPOLIS|Fenômenos da Natureza|Saída de leito carroçável|Com Vítimas Feridas|Plena Noite|Chuva|2|0|2|0
277207|2020-03-25|quarta-feira|22:00:00|CE|20.0|BOA VIAGEM|Pista Escorregadia|Danos eventuais|Com Vítimas Feridas|Plena Noite|Céu Claro|2|0|2|0
277208|2020-03-25|quarta-feira|23:05:00|GO|40.0|LUZIANIA|Ingestão de Álcool|Colisão transversal|Sem Vítimas|Plena Noite|Garoa/Chuvisco|2|0|0|0
277210|2020-03-26|quinta-feira|00:50:00|ES|101.0|SERRA|Falta de Atenção do Pedestre|Atropelamento de Pedestre|Com Vítimas Feridas|Plena Noite|Céu Claro|2|0|0|1
277211|2020-03-26|quinta-feira|00:30:00|PR|476.0|UNIAO DA VITORIA|Velocidade Incompatível|Saída de leito carroçável|Com Vítimas Feridas|Plena Noite|Céu Claro|3|0|1|0
277212|2020-03-26|quinta-feira|01:30:00|RJ|116.0|PIRAI|Velocidade Incompatível|Saída de leito carroçável|Com Vítimas Feridas|Plena Noite|Céu Claro|1|0|1|0
277213|2020-03-26|quinta-feira|02:25:00|BA|410.0|RIBEIRA DO POMBAL|Condutor Dormindo|Tombamento|Com Vítimas Feridas|Plena Noite|Céu Claro|1|0|1|0
277214|2020-03-26|quinta-feira|03:00:00|MG|40.0|CONTAGEM|Falta de Atenção à Condução|Saída de leito carroçável|Sem Vítimas|Plena Noite|Céu Claro|1|0|0|0
277215|2020-03-26|quinta-feira|03:50:00|PB|101.0|CAAPORA|Falta de Atenção do Pedestre|Atropelamento de Pedestre|Com Vítimas Feridas|Plena Noite|Nublado|2|0|1|0
277216|2020-03-26|quinta-feira|02:00:00|PB|104.0|ESPERANCA|Condutor Dormindo|Colisão com objeto estático|Sem Vítimas|Plena Noite|Céu Claro|1|0|0|0
277217|2020-03-26|quinta-feira|05:00:00|SP|116.0|BARRA DO TURVO|Condutor Dormindo|Tombamento|Com Vítimas Feridas|Amanhecer|Céu Claro|1|0|1|0
277218|2020-03-26|quinta-feira|06:25:00|SE|101.0|JAPARATUBA|Falta de Atenção à Condução|Saída de leito carroçável|Com Vítimas Feridas|Amanhecer|Chuva|2|0|1|0
277219|2020-03-26|quinta-feira|04:40:00|RJ|101.0|MANGARATIBA|Desobediência às normas de trânsito pelo condutor|Colisão frontal|Com Vítimas Fatais|Amanhecer|Ignorado|10|1|0|0
277220|2020-03-26|quinta-feira|05:45:00|BA|116.0|TUCANO|Ultrapassagem Indevida|Colisão frontal|Com Vítimas Fatais|Pleno dia|Nublado|2|1|0|0
277221|2020-03-26|quinta-feira|07:15:00|PE|101.0|RECIFE|Falta de Atenção à Condução|Tombamento|Com Vítimas Feridas|Pleno dia|Céu Claro|1|0|1|0
277222|2020-03-26|quinta-feira|05:00:00|PE|407.0|PETROLINA|Falta de Atenção à Condução|Colisão traseira|Sem Vítimas|Pleno dia|Chuva|2|0|0|0
277223|2020-03-26|quinta-feira|06:40:00|RJ|116.0|MAGE|Defeito Mecânico no Veículo|Tombamento|Com Vítimas Feridas|Pleno dia|Céu Claro|2|0|2|0
277224|2020-03-26|quinta-feira|07:45:00|CE|222.0|SOBRAL|Desobediência às normas de trânsito pelo condutor|Colisão traseira|Com Vítimas Feridas|Pleno dia|Nublado|2|0|1|0
277227|2020-03-26|quinta-feira|08:35:00|ES|101.0|SERRA|Falta de Atenção à Condução|Colisão lateral|Com Vítimas Feridas|Pleno dia|Céu Claro|2|0|1|0
277228|2020-03-26|quinta-feira|07:45:00|MS|163.0|CAMPO GRANDE|Condutor Dormindo|Colisão frontal|Com Vítimas Feridas|Pleno dia|Céu Claro|2|0|0|1
277229|2020-03-26|quinta-feira|09:00:00|PR|376.0|MARINGA|Desobediência às normas de trânsito pelo condutor|Colisão transversal|Com Vítimas Feridas|Pleno dia|Céu Claro|4|0|1|0
277230|2020-03-26|quinta-feira|09:10:00|CE|116.0|FORTALEZA|Falta de Atenção à Condução|Queda de ocupante de veículo|Com Vítimas Feridas|Pleno dia|Céu Claro|1|0|1|0
277231|2020-03-26|quinta-feira|06:40:00|MT|70.0|CACERES|Ultrapassagem Indevida|Queda de ocupante de veículo|Com Vítimas Feridas|Amanhecer|Nublado|3|0|0|1
277233|2020-03-03|terça-feira|19:20:00|MG|40.0|RIBEIRAO DAS NEVES|Fenômenos da Natureza|Colisão traseira|Com Vítimas Fatais|Plena Noite|Chuva|2|1|0|0
277235|2020-03-26|quinta-feira|07:30:00|BA|415.0|ITABUNA|Falta de Atenção à Condução|Colisão transversal|Com Vítimas Feridas|Pleno dia|Céu Claro|2|0|0|1
277236|2020-03-02|segunda-feira|18:57:00|SC|282.0|CAMPOS NOVOS|Falta de Atenção à Condução|Colisão lateral|Sem Vítimas|Anoitecer|Céu Claro|2|0|0|0
277237|2020-03-26|quinta-feira|11:00:00|PR|476.0|SAO MATEUS DO SUL|Não guardar distância de segurança|Colisão traseira|Sem Vítimas|Pleno dia|Céu Claro|2|0|0|0
277238|2020-03-26|quinta-feira|10:40:00|RS|290.0|SANTO ANTONIO DA PATRULHA|Condutor Dormindo|Saída de leito carroçável|Com Vítimas Feridas|Pleno dia|Céu Claro|1|0|1|0
277239|2020-03-26|quinta-feira|11:20:00|SC|470.0|GASPAR|Desobediência às normas de trânsito pelo condutor|Colisão lateral|Com Vítimas Feridas|Pleno dia|Céu Claro|2|0|1|0
277240|2020-03-26|quinta-feira|11:40:00|PE|232.0|FLORES|Defeito na Via|Capotamento|Sem Vítimas|Pleno dia|Chuva|2|0|0|0
277241|2020-03-26|quinta-feira|11:40:00|MG|40.0|SETE LAGOAS|Desobediência às normas de trânsito pelo condutor|Saída de leito carroçável|Com Vítimas Feridas|Pleno dia|Céu Claro|2|0|1|0
277242|2020-03-26|quinta-feira|08:30:00|RJ|495.0|PETROPOLIS|Desobediência às normas de trânsito pelo condutor|Colisão com objeto estático|Com Vítimas Feridas|Pleno dia|Céu Claro|1|0|1|0
277243|2020-03-26|quinta-feira|06:30:00|RO|435.0|CEREJEIRAS|Desobediência às normas de trânsito pelo condutor|Colisão transversal|Com Vítimas Feridas|Amanhecer|Céu Claro|2|0|1|0
277244|2020-03-26|quinta-feira|12:10:00|CE|116.0|HORIZONTE|Desobediência às normas de trânsito pelo condutor|Colisão traseira|Com Vítimas Feridas|Pleno dia|Céu Claro|3|0|2|0
277247|2020-03-26|quinta-feira|12:15:00|PA|163.0|SANTAREM|Falta de Atenção à Condução|Colisão com objeto estático|Sem Vítimas|Pleno dia|Céu Claro|1|0|0|0
277250|2020-03-26|quinta-feira|11:20:00|PI|230.0|FLORIANO|Desobediência às normas de trânsito pelo condutor|Colisão lateral|Com Vítimas Feridas|Pleno dia|Céu Claro|2|0|1|0
277251|2020-03-26|quinta-feira|13:30:00|PA|316.0|SANTA IZABEL DO PARA|Falta de Atenção à Condução|Colisão transversal|Com Vítimas Fatais|Pleno dia|Nublado|2|1|0|0
277253|2020-03-26|quinta-feira|10:50:00|SC|470.0|BRUNOPOLIS|Falta de Atenção à Condução|Colisão traseira|Com Vítimas Feridas|Pleno dia|Céu Claro|5|0|1|0
277255|2020-03-26|quinta-feira|11:00:00|MA|10.0|RIBAMAR FIQUENE|Falta de Atenção à Condução|Colisão lateral|Com Vítimas Feridas|Pleno dia|Céu Claro|2|0|1|0
277256|2020-03-26|quinta-feira|10:40:00|RS|472.0|ITAQUI|Desobediência às normas de trânsito pelo condutor|Colisão traseira|Sem Vítimas|Pleno dia|Sol|3|0|0|0
277257|2020-03-26|quinta-feira|09:30:00|PE|232.0|SERTANIA|Defeito Mecânico no Veículo|Saída de leito carroçável|Sem Vítimas|Pleno dia|Céu Claro|1|0|0|0
277258|2020-03-26|quinta-feira|13:00:00|BA|101.0|ARAMARI|Defeito Mecânico no Veículo|Incêndio|Sem Vítimas|Pleno dia|Nublado|1|0|0|0
277259|2020-03-26|quinta-feira|13:30:00|MS|163.0|DOURADOS|Defeito Mecânico no Veículo|Colisão frontal|Com Vítimas Feridas|Pleno dia|Céu Claro|2|0|0|1
277260|2020-03-26|quinta-feira|16:15:00|CE|116.0|FORTALEZA|Defeito Mecânico no Veículo|Colisão com objeto estático|Sem Vítimas|Pleno dia|Céu Claro|2|0|0|0
277261|2020-03-26|quinta-feira|14:30:00|MS|463.0|DOURADOS|Não guardar distância de segurança|Colisão traseira|Sem Vítimas|Pleno dia|Sol|2|0|0|0
277262|2020-03-26|quinta-feira|16:09:00|MA|135.0|SAO LUIS|Não guardar distância de segurança|Colisão transversal|Sem Vítimas|Pleno dia|Céu Claro|2|0|0|0
277263|2020-03-26|quinta-feira|17:27:00|RJ|101.0|NITEROI|Falta de Atenção à Condução|Colisão traseira|Com Vítimas Feridas|Pleno dia|Sol|2|0|1|0
277264|2020-03-26|quinta-feira|14:50:00|RN|304.0|CAICARA DO RIO DO VENTO|Defeito Mecânico no Veículo|Incêndio|Sem Vítimas|Pleno dia|Céu Claro|1|0|0|0
277265|2020-03-26|quinta-feira|16:35:00|SC|282.0|IRACEMINHA|Velocidade Incompatível|Saída de leito carroçável|Sem Vítimas|Pleno dia|Céu Claro|1|0|0|0
277267|2020-03-26|quinta-feira|18:00:00|ES|262.0|IBATIBA|Falta de Atenção à Condução|Colisão traseira|Com Vítimas Feridas|Plena Noite|Nublado|3|0|3|0
277268|2020-03-26|quinta-feira|17:40:00|PI|316.0|TERESINA|Pista Escorregadia|Tombamento|Com Vítimas Feridas|Pleno dia|Céu Claro|1|0|0|1
277269|2020-03-26|quinta-feira|18:00:00|RJ|101.0|RIO DE JANEIRO|Falta de Atenção à Condução|Colisão traseira|Com Vítimas Feridas|Anoitecer|Céu Claro|2|0|1|0
277270|2020-03-26|quinta-feira|18:30:00|RJ|493.0|MAGE|Falta de Atenção à Condução|Colisão traseira|Com Vítimas Fatais|Plena Noite|Céu Claro|2|1|0|0
277271|2020-03-26|quinta-feira|17:55:00|GO|80.0|PADRE BERNARDO|Defeito Mecânico no Veículo|Tombamento|Sem Vítimas|Plena Noite|Céu Claro|1|0|0|0
277272|2020-03-26|quinta-feira|15:20:00|MS|267.0|MARACAJU|Falta de Atenção à Condução|Tombamento|Com Vítimas Feridas|Pleno dia|Céu Claro|1|0|1|0
277273|2020-03-26|quinta-feira|18:30:00|ES|101.0|LINHARES|Falta de Atenção à Condução|Saída de leito carroçável|Com Vítimas Feridas|Plena Noite|Céu Claro|1|0|1|0
277274|2020-03-26|quinta-feira|18:45:00|MG|381.0|CAETE|Falta de Atenção à Condução|Colisão transversal|Sem Vítimas|Plena Noite|Céu Claro|2|0|0|0
277275|2020-03-26|quinta-feira|19:00:00|MG|50.0|UBERLANDIA|Falta de Atenção à Condução|Colisão traseira|Com Vítimas Feridas|Plena Noite|Céu Claro|2|0|0|1
277276|2020-03-26|quinta-feira|19:10:00|SC|101.0|BALNEARIO CAMBORIU|Defeito Mecânico no Veículo|Tombamento|Com Vítimas Feridas|Plena Noite|Nublado|1|0|1|0
277277|2020-03-26|quinta-feira|19:45:00|PR|369.0|LONDRINA|Falta de Atenção à Condução|Colisão com objeto estático|Com Vítimas Feridas|Plena Noite|Céu Claro|2|0|0|1
277278|2020-03-26|quinta-feira|14:20:00|MG|116.0|GOVERNADOR VALADARES|Velocidade Incompatível|Tombamento|Com Vítimas Feridas|Pleno dia|Céu Claro|1|0|0|1
277279|2020-03-26|quinta-feira|19:40:00|RN|101.0|CANGUARETAMA|Não guardar distância de segurança|Colisão traseira|Sem Vítimas|Plena Noite|Céu Claro|2|0|0|0
277280|2020-03-26|quinta-feira|18:30:00|MG|50.0|ARAGUARI|Falta de Atenção à Condução|Colisão traseira|Com Vítimas Feridas|Plena Noite|Céu Claro|2|0|0|1
277281|2020-03-26|quinta-feira|19:50:00|SC|470.0|ILHOTA|Sinalização da via insuficiente ou inadequada|Tombamento|Com Vítimas Feridas|Plena Noite|Céu Claro|1|0|1|0
277284|2020-03-26|quinta-feira|20:30:00|PR|376.0|MARINGA|Defeito Mecânico no Veículo|Queda de ocupante de veículo|Com Vítimas Feridas|Plena Noite|Céu Claro|2|0|1|0
277286|2020-03-26|quinta-feira|21:00:00|RJ|101.0|ANGRA DOS REIS|Velocidade Incompatível|Colisão com objeto estático|Sem Vítimas|Plena Noite|Chuva|1|0|0|0
277288|2020-03-26|quinta-feira|19:10:00|ES|101.0|SERRA|Ingestão de Álcool|Colisão traseira|Sem Vítimas|Plena Noite|Céu Claro|2|0|0|0
277289|2020-03-26|quinta-feira|17:00:00|BA|242.0|OLIVEIRA DOS BREJINHOS|Pista Escorregadia|Saída de leito carroçável|Com Vítimas Feridas|Anoitecer|Chuva|2|0|1|1
277290|2020-03-26|quinta-feira|22:00:00|SP|116.0|PINDAMONHANGABA|Falta de Atenção à Condução|Colisão lateral|Com Vítimas Feridas|Plena Noite|Céu Claro|2|0|2|0
277291|2020-03-26|quinta-feira|19:30:00|MA|316.0|TIMON|Animais na Pista|Colisão frontal|Com Vítimas Feridas|Plena Noite|Céu Claro|2|0|2|0
277292|2020-03-26|quinta-feira|11:50:00|MS|267.0|RIO BRILHANTE|Velocidade Incompatível|Saída de leito carroçável|Sem Vítimas|Pleno dia|Céu Claro|3|0|0|0
277293|2020-03-26|quinta-feira|17:30:00|PB|427.0|PAULISTA|Falta de Atenção à Condução|Colisão traseira|Com Vítimas Feridas|Anoitecer|Céu Claro|3|0|1|0
277294|2020-03-26|quinta-feira|22:30:00|PI|316.0|TERESINA|Falta de Atenção à Condução|Colisão com objeto estático|Com Vítimas Feridas|Plena Noite|Nublado|1|0|0|1
277296|2020-03-26|quinta-feira|16:00:00|MT|174.0|NOVA LACERDA|Defeito Mecânico no Veículo|Incêndio|Sem Vítimas|Pleno dia|Nublado|1|0|0|0
277297|2020-03-27|sexta-feira|00:30:00|PE|104.0|CUPIRA|Condutor Dormindo|Tombamento|Com Vítimas Feridas|Plena Noite|Céu Claro|1|0|1|0
277298|2020-03-26|quinta-feira|21:05:00|TO|153.0|CARIRI DO TOCANTINS|Defeito na Via|Tombamento|Sem Vítimas|Plena Noite|Nublado|1|0|0|0
277300|2020-03-26|quinta-feira|21:50:00|BA|242.0|ITABERABA|Velocidade Incompatível|Colisão com objeto estático|Sem Vítimas|Plena Noite|Céu Claro|1|0|0|0
277301|2020-03-27|sexta-feira|01:05:00|PR|376.0|MARIALVA|Deficiência ou não Acionamento do Sistema de Iluminação/Sinalização do Veículo|Colisão lateral|Com Vítimas Fatais|Plena Noite|Céu Claro|4|1|0|0
277302|2020-03-27|sexta-feira|01:50:00|RS|392.0|PIRATINI|Falta de Atenção à Condução|Saída de leito carroçável|Com Vítimas Feridas|Plena Noite|Céu Claro|1|0|1|0
277303|2020-03-27|sexta-feira|02:20:00|PI|316.0|ELESBAO VELOSO|Falta de Atenção à Condução|Atropelamento de Animal|Com Vítimas Feridas|Plena Noite|Céu Claro|1|0|1|0
277304|2020-03-27|sexta-feira|03:00:00|SP|116.0|GUARULHOS|Não guardar distância de segurança|Colisão traseira|Sem Vítimas|Plena Noite|Céu Claro|2|0|0|0
277305|2020-03-27|sexta-feira|02:50:00|RS|290.0|GLORINHA|Animais na Pista|Atropelamento de Animal|Com Vítimas Feridas|Plena Noite|Céu Claro|2|0|2|0
277306|2020-03-27|sexta-feira|03:40:00|PR|277.0|MORRETES|Defeito Mecânico no Veículo|Incêndio|Sem Vítimas|Plena Noite|Garoa/Chuvisco|1|0|0|0
277309|2020-03-27|sexta-feira|04:00:00|SP|116.0|MIRACATU|Velocidade Incompatível|Tombamento|Com Vítimas Feridas|Plena Noite|Nublado|1|0|1|0
277310|2020-03-27|sexta-feira|05:30:00|ES|262.0|DOMINGOS MARTINS|Falta de Atenção do Pedestre|Atropelamento de Pedestre|Com Vítimas Feridas|Amanhecer|Nublado|2|0|0|1
277311|2020-03-27|sexta-feira|04:15:00|MG|381.0|TRES CORACOES|Condutor Dormindo|Saída de leito carroçável|Com Vítimas Feridas|Plena Noite|Céu Claro|1|0|1|0
277312|2020-03-27|sexta-feira|05:20:00|MG|381.0|SANTO ANTONIO DO AMPARO|Animais na Pista|Atropelamento de Animal|Sem Vítimas|Amanhecer|Céu Claro|1|0|0|0
277313|2020-03-27|sexta-feira|06:00:00|RS|293.0|BAGE|Animais na Pista|Atropelamento de Animal|Com Vítimas Feridas|Amanhecer|Nublado|1|0|1|0
277314|2020-03-27|sexta-feira|06:40:00|SP|116.0|JUQUITIBA|Condutor Dormindo|Capotamento|Sem Vítimas|Pleno dia|Nevoeiro/Neblina|1|0|0|0
277315|2020-03-27|sexta-feira|06:00:00|GO|153.0|GOIANIA|Falta de Atenção à Condução|Colisão com objeto estático|Com Vítimas Feridas|Pleno dia|Céu Claro|2|0|0|1
277317|2020-02-23|domingo|20:00:00|MT|70.0|VARZEA GRANDE|Desobediência às normas de trânsito pelo condutor|Colisão frontal|Com Vítimas Feridas|Plena Noite|Garoa/Chuvisco|8|0|3|0
277318|2020-02-19|quarta-feira|07:40:00|GO|153.0|GOIANIA|Defeito Mecânico no Veículo|Colisão traseira|Com Vítimas Feridas|Pleno dia|Céu Claro|2|0|1|0
277319|2020-03-26|quinta-feira|21:40:00|MT|364.0|JANGADA|Condutor Dormindo|Colisão lateral|Sem Vítimas|Plena Noite|Céu Claro|3|0|0|0
277320|2020-03-27|sexta-feira|07:45:00|BA|116.0|VITORIA DA CONQUISTA|Falta de Atenção à Condução|Tombamento|Com Vítimas Feridas|Pleno dia|Céu Claro|2|0|2|0
277321|2020-03-27|sexta-feira|08:15:00|MG|381.0|SAO GONCALO DO SAPUCAI|Velocidade Incompatível|Saída de leito carroçável|Com Vítimas Feridas|Pleno dia|Céu Claro|1|0|0|1
277322|2020-03-27|sexta-feira|06:50:00|MG|116.0|GOVERNADOR VALADARES|Condutor Dormindo|Capotamento|Com Vítimas Feridas|Amanhecer|Céu Claro|1|0|1|0
277323|2020-03-27|sexta-feira|07:30:00|PR|116.0|FAZENDA RIO GRANDE|Desobediência às normas de trânsito pelo condutor|Colisão com objeto estático|Com Vítimas Feridas|Pleno dia|Céu Claro|2|0|1|0
277324|2020-03-27|sexta-feira|08:20:00|MG|381.0|ITAPEVA|Velocidade Incompatível|Derramamento de carga|Sem Vítimas|Pleno dia|Sol|1|0|0|0
277325|2020-03-27|sexta-feira|08:45:00|PE|101.0|RECIFE|Não guardar distância de segurança|Engavetamento|Com Vítimas Feridas|Pleno dia|Nublado|4|0|1|0
277326|2020-03-27|sexta-feira|08:10:00|BA|116.0|VITORIA DA CONQUISTA|Ingestão de Álcool|Capotamento|Com Vítimas Feridas|Pleno dia|Céu Claro|1|0|1|0
277327|2020-03-16|segunda-feira|06:30:00|PB|230.0|CAMPINA GRANDE|Pista Escorregadia|Saída de leito carroçável|Com Vítimas Fatais|Pleno dia|Garoa/Chuvisco|3|1|1|0
277328|2020-03-27|sexta-feira|09:00:00|AP|210.0|MACAPA|Defeito Mecânico no Veículo|Tombamento|Com Vítimas Feridas|Pleno dia|Céu Claro|4|0|4|0
277329|2020-03-27|sexta-feira|08:20:00|MG|381.0|ITAPEVA|Restrição de Visibilidade|Colisão traseira|Com Vítimas Feridas|Pleno dia|Céu Claro|2|0|1|0
277330|2020-03-27|sexta-feira|08:00:00|RO|364.0|ARIQUEMES|Falta de Atenção à Condução|Tombamento|Com Vítimas Feridas|Pleno dia|Céu Claro|1|0|1|0
277331|2020-03-27|sexta-feira|08:30:00|PR|116.0|CURITIBA|Velocidade Incompatível|Tombamento|Com Vítimas Feridas|Pleno dia|Céu Claro|1|0|1|0
277332|2020-03-27|sexta-feira|10:15:00|PR|376.0|MARINGA|Falta de Atenção à Condução|Colisão traseira|Com Vítimas Feridas|Pleno dia|Sol|2|0|0|1
277334|2020-03-27|sexta-feira|06:30:00|RS|285.0|SAO LUIZ GONZAGA|Falta de Atenção à Condução|Colisão lateral|Com Vítimas Feridas|Amanhecer|Sol|2|0|1|0
277335|2020-03-27|sexta-feira|10:20:00|ES|262.0|VIANA|Ingestão de Álcool|Colisão lateral|Com Vítimas Feridas|Pleno dia|Céu Claro|2|0|2|0
277336|2020-03-27|sexta-feira|10:25:00|PI|402.0|PARNAIBA|Falta de Atenção à Condução|Colisão transversal|Com Vítimas Feridas|Pleno dia|Céu Claro|2|0|1|0
277337|2020-03-27|sexta-feira|10:50:00|SP|116.0|EMBU DAS ARTES|Velocidade Incompatível|Saída de leito carroçável|Com Vítimas Feridas|Pleno dia|Céu Claro|2|0|0|1
277338|2020-03-27|sexta-feira|10:25:00|MS|163.0|COXIM|Falta de Atenção à Condução|Queda de ocupante de veículo|Com Vítimas Feridas|Pleno dia|Nublado|1|0|1|0
277339|2020-03-27|sexta-feira|11:20:00|PR|476.0|ARAUCARIA|Defeito Mecânico no Veículo|Tombamento|Com Vítimas Feridas|Pleno dia|Céu Claro|1|0|0|1
277340|2020-03-27|sexta-feira|09:30:00|AL|101.0|PILAR|Falta de Atenção à Condução|Tombamento|Com Vítimas Feridas|Pleno dia|Chuva|1|0|1|0
277341|2020-03-20|sexta-feira|06:25:00|RO|364.0|VILHENA|Desobediência às normas de trânsito pelo condutor|Tombamento|Com Vítimas Feridas|Pleno dia|Céu Claro|2|0|1|1
277342|2020-03-27|sexta-feira|11:50:00|BA|116.0|FEIRA DE SANTANA|Falta de Atenção à Condução|Colisão lateral|Sem Vítimas|Pleno dia|Céu Claro|2|0|0|0
277343|2020-03-27|sexta-feira|11:00:00|SC|470.0|SAO CRISTOVAO DO SUL|Velocidade Incompatível|Tombamento|Com Vítimas Feridas|Pleno dia|Céu Claro|1|0|1|0
277344|2020-03-27|sexta-feira|11:30:00|AL|101.0|SAO MIGUEL DOS CAMPOS|Defeito Mecânico no Veículo|Tombamento|Com Vítimas Feridas|Pleno dia|Nublado|1|0|1|0
277345|2020-03-22|domingo|02:20:00|MG|365.0|PIRAPORA|Condutor Dormindo|Colisão frontal|Com Vítimas Fatais|Plena Noite|Chuva|29|11|0|17
277347|2020-03-27|sexta-feira|13:20:00|PB|230.0|CAMPINA GRANDE|Velocidade Incompatível|Colisão com objeto estático|Com Vítimas Feridas|Pleno dia|Nublado|2|0|2|0
277348|2020-03-27|sexta-feira|14:10:00|PR|476.0|LAPA|Velocidade Incompatível|Tombamento|Com Vítimas Feridas|Pleno dia|Céu Claro|1|0|1|0
277349|2020-03-27|sexta-feira|14:40:00|PR|476.0|CONTENDA|Pista Escorregadia|Tombamento|Com Vítimas Feridas|Pleno dia|Céu Claro|1|0|1|0
277350|2020-03-27|sexta-feira|14:45:00|SC|282.0|SANTO AMARO DA IMPERATRIZ|Velocidade Incompatível|Tombamento|Com Vítimas Fatais|Pleno dia|Céu Claro|3|1|0|0
277351|2020-03-27|sexta-feira|08:50:00|MG|262.0|FLORESTAL|Defeito Mecânico no Veículo|Colisão com objeto estático|Com Vítimas Feridas|Pleno dia|Sol|3|0|1|0
277352|2020-03-27|sexta-feira|15:20:00|PE|101.0|GOIANA|Falta de Atenção do Pedestre|Atropelamento de Pedestre|Com Vítimas Feridas|Pleno dia|Céu Claro|2|0|1|0
277354|2020-03-27|sexta-feira|13:45:00|CE|116.0|TABULEIRO DO NORTE|Condutor Dormindo|Saída de leito carroçável|Sem Vítimas|Pleno dia|Céu Claro|1|0|0|0
277357|2020-03-27|sexta-feira|15:10:00|SC|101.0|PAULO LOPES|Desobediência às normas de trânsito pelo condutor|Colisão lateral|Sem Vítimas|Pleno dia|Céu Claro|2|0|0|0
277359|2020-03-27|sexta-feira|15:45:00|RN|101.0|PARNAMIRIM|Falta de Atenção à Condução|Tombamento|Com Vítimas Feridas|Pleno dia|Céu Claro|2|0|2|0
277360|2020-03-27|sexta-feira|16:20:00|RS|116.0|SAO LOURENCO DO SUL|Mal Súbito|Colisão lateral|Com Vítimas Feridas|Pleno dia|Céu Claro|2|0|1|0
277361|2020-03-27|sexta-feira|16:25:00|GO|60.0|ABADIANIA|Velocidade Incompatível|Saída de leito carroçável|Com Vítimas Feridas|Pleno dia|Nublado|1|0|0|1
277362|2020-03-27|sexta-feira|16:40:00|GO|153.0|PROFESSOR JAMIL|Falta de Atenção à Condução|Saída de leito carroçável|Com Vítimas Feridas|Pleno dia|Nublado|1|0|1|0
277363|2020-03-27|sexta-feira|16:30:00|SC|101.0|IMBITUBA|Desobediência às normas de trânsito pelo condutor|Colisão traseira|Com Vítimas Feridas|Pleno dia|Céu Claro|4|0|1|0
277364|2020-03-27|sexta-feira|14:20:00|MT|163.0|SINOP|Desobediência às normas de trânsito pelo condutor|Colisão transversal|Com Vítimas Feridas|Pleno dia|Sol|2|0|1|0
277365|2020-03-07|sábado|03:30:00|SC|101.0|BALNEARIO CAMBORIU|Ingestão de Álcool|Colisão com objeto estático|Com Vítimas Feridas|Plena Noite|Céu Claro|1|0|1|0
277366|2020-03-27|sexta-feira|16:55:00|MS|163.0|CAMPO GRANDE|Falta de Atenção à Condução|Colisão lateral|Com Vítimas Feridas|Pleno dia|Céu Claro|2|0|1|0
277367|2020-03-27|sexta-feira|16:50:00|MG|116.0|SANTA RITA DE MINAS|Desobediência às normas de trânsito pelo condutor|Colisão transversal|Com Vítimas Feridas|Pleno dia|Nublado|2|0|2|0
277368|2020-03-27|sexta-feira|15:10:00|MT|163.0|SINOP|Falta de Atenção à Condução|Colisão traseira|Com Vítimas Feridas|Pleno dia|Céu Claro|4|0|1|0