id|data_inversa|dia_semana|horario|uf|br|municipio|causa_acidente|tipo_acidente|classificacao_acidente|fase_dia|condicao_metereologica|pessoas|mortos|feridos_leves|feridos_graves
277369|2020-03-27|sexta-feira|18:00:00|ES|101.0|SERRA|Desobediência às normas de trânsito pelo condutor|Colisão lateral|Com Vítimas Feridas|Anoitecer|Céu Claro|2|0|0|1
277370|2020-03-27|sexta-feira|18:30:00|PE|232.0|CARUARU|Animais na Pista|Atropelamento de Animal|Com Vítimas Feridas|Plena Noite|Nublado|2|0|1|0
277371|2020-03-27|sexta-feira|16:30:00|PR|277.0|CURITIBA|Falta de Atenção à Condução|Colisão traseira|Com Vítimas Feridas|Pleno dia|Céu Claro|2|0|1|0
277372|2020-03-27|sexta-feira|18:30:00|ES|101.0|CARIACICA|Falta de Atenção à Condução|Queda de ocupante de veículo|Com Vítimas Feridas|Plena Noite|Céu Claro|2|0|1|1
277374|2020-03-27|sexta-feira|16:45:00|RJ|393.0|TRES RIOS|Desobediência às normas de trânsito pelo condutor|Colisão transversal|Com Vítimas Feridas|Pleno dia|Céu Claro|3|0|0|2
277375|2020-03-27|sexta-feira|18:10:00|PR|369.0|URAI|Desobediência às normas de trânsito pelo condutor|Colisão frontal|Com Vítimas Feridas|Pleno dia|Céu Claro|2|0|0|1
277376|2020-03-27|sexta-feira|18:15:00|ES|393.0|CACHOEIRO DE ITAPEMIRIM|Velocidade Incompatível|Atropelamento de Pedestre|Com Vítimas Fatais|Plena Noite|Céu Claro|3|1|1|1
277377|2020-03-27|sexta-feira|18:45:00|RS|101.0|OSORIO|Falta de Atenção à Condução|Colisão lateral|Com Vítimas Feridas|Plena Noite|Céu Claro|3|0|1|0
277378|2020-03-27|sexta-feira|17:00:00|SC|101.0|BARRA VELHA|Ingestão de Álcool|Saída de leito carroçável|Com Vítimas Feridas|Pleno dia|Céu Claro|1|0|1|0
277379|2020-03-27|sexta-feira|19:15:00|GO|153.0|APARECIDA DE GOIANIA|Animais na Pista|Colisão traseira|Com Vítimas Feridas|Plena Noite|Céu Claro|3|0|2|0
277380|2020-03-27|sexta-feira|19:00:00|BA|418.0|NOVA VICOSA|Velocidade Incompatível|Colisão traseira|Com Vítimas Feridas|Plena Noite|Nublado|3|0|1|1
277381|2020-03-27|sexta-feira|19:05:00|GO|60.0|ANAPOLIS|Desobediência às normas de trânsito pelo condutor|Colisão frontal|Com Vítimas Feridas|Plena Noite|Chuva|2|0|1|0
277382|2020-03-27|sexta-feira|16:30:00|MA|135.0|BACABEIRA|Defeito na Via|Tombamento|Sem Vítimas|Pleno dia|Chuva|1|0|0|0
277383|2020-03-27|sexta-feira|18:10:00|ES|101.0|SERRA|Falta de Atenção à Condução|Queda de ocupante de veículo|Com Vítimas Feridas|Plena Noite|Céu Claro|1|0|0|1
277384|2020-03-27|sexta-feira|20:20:00|TO|153.0|PARAISO DO TOCANTINS|Falta de Atenção à Condução|Atropelamento de Pedestre|Com Vítimas Fatais|Plena Noite|Nublado|2|1|0|0
277385|2020-03-27|sexta-feira|18:45:00|RS|153.0|TRES ARROIOS|Ingestão de Álcool|Colisão traseira|Com Vítimas Feridas|Plena Noite|Céu Claro|3|0|1|0
277386|2020-03-27|sexta-feira|18:00:00|BA|324.0|CONCEICAO DO JACUIPE|Ingestão de Álcool|Saída de leito carroçável|Sem Vítimas|Plena Noite|Chuva|1|0|0|0
277387|2020-03-27|sexta-feira|19:30:00|DF|20.0|BRASILIA|Desobediência às normas de trânsito pelo condutor|Colisão traseira|Com Vítimas Feridas|Plena Noite|Nublado|2|0|0|1
277388|2020-01-03|sexta-feira|18:20:00|RN|110.0|AREIA BRANCA|Restrição de Visibilidade|Colisão traseira|Com Vítimas Fatais|Plena Noite|Céu Claro|2|1|0|0
277392|2020-03-27|sexta-feira|21:00:00|PE|101.0|ABREU E LIMA|Desobediência às normas de trânsito pelo condutor|Colisão transversal|Com Vítimas Feridas|Plena Noite|Céu Claro|2|0|0|1
277393|2020-03-27|sexta-feira|18:15:00|RS|392.0|CACAPAVA DO SUL|Velocidade Incompatível|Tombamento|Sem Vítimas|Anoitecer|Nublado|1|0|0|0
277395|2020-03-27|sexta-feira|19:40:00|GO|364.0|SAO SIMAO|Não guardar distância de segurança|Colisão transversal|Com Vítimas Feridas|Plena Noite|Céu Claro|4|0|2|0
277396|2020-03-27|sexta-feira|19:15:00|SC|470.0|ILHOTA|Sinalização da via insuficiente ou inadequada|Colisão com objeto estático|Sem Vítimas|Plena Noite|Céu Claro|1|0|0|0
277397|2020-03-27|sexta-feira|18:40:00|AC|364.0|RIO BRANCO|Defeito na Via|Saída de leito carroçável|Com Vítimas Feridas|Plena Noite|Céu Claro|2|0|1|0
277398|2020-03-27|sexta-feira|22:00:00|PE|101.0|JABOATAO DOS GUARARAPES|Velocidade Incompatível|Colisão traseira|Com Vítimas Feridas|Plena Noite|Nublado|2|0|0|1
277400|2020-03-27|sexta-feira|22:00:00|ES|101.0|SERRA|Desobediência às normas de trânsito pelo condutor|Colisão traseira|Sem Vítimas|Plena Noite|Céu Claro|2|0|0|0
277401|2020-03-27|sexta-feira|22:25:00|RS|116.0|ARROIO GRANDE|Animais na Pista|Atropelamento de Animal|Com Vítimas Feridas|Plena Noite|Nublado|2|0|2|0
277402|2020-03-27|sexta-feira|21:50:00|MS|163.0|RIO BRILHANTE|Ingestão de Álcool|Tombamento|Com Vítimas Feridas|Plena Noite|Céu Claro|1|0|0|1
277404|2020-03-27|sexta-feira|22:35:00|RJ|116.0|RIO DE JANEIRO|Pista Escorregadia|Saída de leito carroçável|Com Vítimas Feridas|Plena Noite|Céu Claro|3|0|3|0
277405|2020-03-27|sexta-feira|20:45:00|MT|163.0|ITAUBA|Ultrapassagem Indevida|Saída de leito carroçável|Com Vítimas Feridas|Plena Noite|Chuva|1|0|1|0
277406|2020-03-27|sexta-feira|23:30:00|SC|101.0|TIJUCAS|Desobediência às normas de trânsito pelo condutor|Colisão transversal|Sem Vítimas|Plena Noite|Nublado|3|0|0|0
277407|2020-03-27|sexta-feira|22:50:00|DF|70.0|BRASILIA|Ingestão de Álcool|Saída de leito carroçável|Sem Vítimas|Plena Noite|Céu Claro|2|0|0|0
277408|2020-03-27|sexta-feira|23:50:00|DF|20.0|BRASILIA|Velocidade Incompatível|Saída de leito carroçável|Com Vítimas Feridas|Plena Noite|Céu Claro|4|0|4|0
277409|2020-03-27|sexta-feira|23:20:00|GO|153.0|APARECIDA DE GOIANIA|Ingestão de Álcool|Colisão transversal|Com Vítimas Feridas|Plena Noite|Chuva|2|0|0|1
277411|2020-03-28|sábado|00:20:00|RJ|101.0|RIO BONITO|Defeito Mecânico no Veículo|Incêndio|Sem Vítimas|Plena Noite|Nublado|1|0|0|0
277412|2020-03-27|sexta-feira|23:00:00|RS|153.0|ERECHIM|Ingestão de Álcool|Colisão traseira|Com Vítimas Feridas|Plena Noite|Céu Claro|2|0|1|0
277413|2020-03-27|sexta-feira|23:00:00|MG|50.0|UBERLANDIA|Falta de Atenção à Condução|Colisão com objeto estático|Sem Vítimas|Plena Noite|Vento|1|0|0|0
277414|2020-03-27|sexta-feira|23:16:00|RN|406.0|MACAU|Não guardar distância de segurança|Colisão traseira|Com Vítimas Feridas|Plena Noite|Nublado|5|0|1|1
277415|2020-03-27|sexta-feira|18:20:00|MT|163.0|DIAMANTINO|Falta de Atenção à Condução|Colisão frontal|Com Vítimas Feridas|Plena Noite|Nublado|3|0|1|0
277416|2020-03-28|sábado|00:45:00|RJ|116.0|TERESOPOLIS|Falta de Atenção à Condução|Atropelamento de Pedestre|Com Vítimas Feridas|Plena Noite|Vento|2|0|1|0
277418|2020-03-28|sábado|01:00:00|RS|290.0|GLORINHA|Falta de Atenção à Condução|Saída de leito carroçável|Com Vítimas Feridas|Plena Noite|Céu Claro|1|0|1|0
277419|2020-03-28|sábado|01:30:00|RJ|116.0|RIO DE JANEIRO|Pista Escorregadia|Colisão com objeto estático|Com Vítimas Feridas|Plena Noite|Céu Claro|1|0|1|0
277420|2020-03-28|sábado|01:10:00|RJ|116.0|MESQUITA|Agressão Externa|Colisão frontal|Com Vítimas Feridas|Plena Noite|Céu Claro|2|0|2|0
277421|2020-03-27|sexta-feira|22:10:00|MG|365.0|PATROCINIO|Condutor Dormindo|Colisão frontal|Com Vítimas Feridas|Plena Noite|Céu Claro|2|0|0|1
277422|2020-03-28|sábado|00:30:00|MG|365.0|JOAO PINHEIRO|Falta de Atenção à Condução|Colisão traseira|Com Vítimas Feridas|Plena Noite|Ignorado|2|0|1|0
277423|2020-03-28|sábado|03:55:00|SC|101.0|ITAJAI|Falta de Atenção do Pedestre|Atropelamento de Pedestre|Com Vítimas Fatais|Plena Noite|Nublado|2|1|0|0
277424|2020-03-28|sábado|03:10:00|TO|153.0|MIRANORTE|Velocidade Incompatível|Saída de leito carroçável|Com Vítimas Fatais|Plena Noite|Ignorado|1|1|0|0
277427|2020-03-28|sábado|02:30:00|PI|135.0|SAO GONCALO DO GURGUEIA|Ingestão de Álcool|Saída de leito carroçável|Com Vítimas Feridas|Plena Noite|Nublado|1|0|0|1
277428|2020-03-28|sábado|05:00:00|GO|60.0|JATAI|Ingestão de Álcool|Tombamento|Sem Vítimas|Amanhecer|Céu Claro|1|0|0|0
277429|2020-03-28|sábado|06:20:00|AL|104.0|BRANQUINHA|Ingestão de Álcool|Colisão com objeto estático|Com Vítimas Feridas|Amanhecer|Garoa/Chuvisco|1|0|1|0
277430|2020-03-27|sexta-feira|22:50:00|GO|153.0|RIALMA|Defeito na Via|Saída de leito carroçável|Com Vítimas Feridas|Plena Noite|Chuva|4|0|2|2
277431|2020-03-28|sábado|07:00:00|BA|324.0|SALVADOR|Avarias e/ou desgaste excessivo no pneu|Queda de ocupante de veículo|Com Vítimas Feridas|Pleno dia|Chuva|2|0|1|0
277432|2020-03-28|sábado|07:50:00|PR|369.0|LONDRINA|Desobediência às normas de trânsito pelo condutor|Colisão frontal|Com Vítimas Feridas|Pleno dia|Sol|2|0|0|1
277433|2020-03-28|sábado|07:00:00|MG|381.0|SANTANA DO PARAISO|Velocidade Incompatível|Capotamento|Com Vítimas Feridas|Amanhecer|Céu Claro|1|0|0|1
277434|2020-03-28|sábado|06:10:00|GO|153.0|URUACU|Desobediência às normas de trânsito pelo condutor|Colisão lateral|Com Vítimas Fatais|Pleno dia|Garoa/Chuvisco|3|1|0|0
277435|2020-01-08|quarta-feira|09:40:00|GO|60.0|GOIANIA|Não guardar distância de segurança|Colisão lateral|Com Vítimas Feridas|Pleno dia|Céu Claro|10|0|4|1
277437|2020-03-27|sexta-feira|22:30:00|GO|153.0|RIALMA|Defeito na Via|Tombamento|Sem Vítimas|Plena Noite|Chuva|1|0|0|0
277438|2020-03-28|sábado|09:10:00|ES|101.0|SAO MATEUS|Falta de Atenção à Condução|Colisão transversal|Com Vítimas Feridas|Pleno dia|Céu Claro|2|0|1|0
277439|2020-03-28|sábado|09:00:00|PE|407.0|PETROLINA|Desobediência às normas de trânsito pelo condutor|Colisão transversal|Com Vítimas Feridas|Pleno dia|Céu Claro|3|0|1|1
277440|2020-03-28|sábado|09:05:00|PR|277.0|CASCAVEL|Desobediência às normas de trânsito pelo condutor|Colisão transversal|Com Vítimas Feridas|Pleno dia|Nublado|3|0|1|0
277441|2020-03-28|sábado|09:30:00|SC|282.0|CATANDUVAS|Falta de Atenção à Condução|Colisão frontal|Com Vítimas Fatais|Pleno dia|Céu Claro|2|1|0|0
277442|2020-03-28|sábado|09:00:00|CE|304.0|ARACATI|Defeito Mecânico no Veículo|Colisão com objeto estático|Sem Vítimas|Pleno dia|Céu Claro|1|0|0|0
277443|2020-03-27|sexta-feira|19:00:00|AL|101.0|RIO LARGO|Falta de Atenção do Pedestre|Atropelamento de Pedestre|Com Vítimas Feridas|Plena Noite|Chuva|2|0|0|1
277444|2020-03-27|sexta-feira|19:00:00|PI|230.0|OEIRAS|Animais na Pista|Atropelamento de Animal|Com Vítimas Feridas|Plena Noite|Céu Claro|2|0|1|0
277445|2020-03-28|sábado|09:30:00|MA|316.0|CAXIAS|Defeito Mecânico no Veículo|Incêndio|Sem Vítimas|Pleno dia|Céu Claro|1|0|0|0
277446|2020-03-28|sábado|10:10:00|RJ|465.0|SEROPEDICA|Falta de Atenção à Condução|Colisão transversal|Com Vítimas Feridas|Pleno dia|Sol|2|0|1|0
277449|2020-03-28|sábado|08:30:00|MG|262.0|CAMPOS ALTOS|Velocidade Incompatível|Saída de leito carroçável|Com Vítimas Feridas|Pleno dia|Ignorado|2|0|2|0
277450|2020-03-28|sábado|05:30:00|RJ|393.0|SAPUCAIA|Velocidade Incompatível|Tombamento|Com Vítimas Feridas|Amanhecer|Céu Claro|1|0|0|1
277451|2020-03-28|sábado|12:00:00|SP|381.0|SAO PAULO|Falta de Atenção à Condução|Colisão lateral|Com Vítimas Feridas|Pleno dia|Céu Claro|2|0|1|0
277452|2020-03-28|sábado|10:40:00|MG|40.0|MATIAS BARBOSA|Falta de Atenção à Condução|Colisão com objeto estático|Com Vítimas Feridas|Pleno dia|Céu Claro|3|0|0|1
277453|2020-03-28|sábado|10:30:00|PR|476.0|PAULA FREITAS|Falta de Atenção à Condução|Saída de leito carroçável|Sem Vítimas|Pleno dia|Céu Claro|1|0|0|0
277454|2020-03-28|sábado|11:00:00|AL|316.0|ATALAIA|Pista Escorregadia|Saída de leito carroçável|Com Vítimas Fatais|Pleno dia|Chuva|3|1|1|0
277455|2020-03-28|sábado|08:30:00|BA|116.0|CANUDOS|Ultrapassagem Indevida|Tombamento|Com Vítimas Feridas|Pleno dia|Céu Claro|3|0|2|0
277456|2020-03-28|sábado|12:25:00|PR|373.0|PONTA GROSSA|Velocidade Incompatível|Colisão traseira|Com Vítimas Feridas|Pleno dia|Céu Claro|2|0|0|1
277457|2020-03-28|sábado|12:30:00|ES|101.0|SAO MATEUS|Desobediência às normas de trânsito pelo pedestre|Colisão transversal|Com Vítimas Feridas|Pleno dia|Céu Claro|2|0|2|0
277458|2020-03-28|sábado|04:45:00|MA|10.0|ESTREITO|Defeito na Via|Colisão frontal|Sem Vítimas|Plena Noite|Céu Claro|2|0|0|0
277459|2020-03-28|sábado|12:40:00|TO|153.0|GUARAI|Falta de Atenção à Condução|Colisão transversal|Com Vítimas Feridas|Pleno dia|Céu Claro|3|0|1|0
277460|2020-03-28|sábado|13:05:00|AL|101.0|SAO SEBASTIAO|Falta de Atenção à Condução|Saída de leito carroçável|Com Vítimas Feridas|Pleno dia|Chuva|1|0|1|0
277461|2020-03-28|sábado|12:20:00|SC|101.0|JOINVILLE|Falta de Atenção à Condução|Colisão lateral|Com Vítimas Feridas|Pleno dia|Nublado|5|0|4|0
277462|2020-03-28|sábado|13:30:00|BA|101.0|ITAMARAJU|Falta de Atenção à Condução|Colisão lateral|Com Vítimas Feridas|Pleno dia|Céu Claro|2|0|0|1
277463|2020-03-28|sábado|13:00:00|MG|381.0|SANTO ANTONIO DO AMPARO|Pista Escorregadia|Saída de leito carroçável|Com Vítimas Feridas|Pleno dia|Garoa/Chuvisco|2|0|1|0
277464|2020-03-28|sábado|13:30:00|PR|376.0|SAO JOSE DOS PINHAIS|Falta de Atenção à Condução|Saída de leito carroçável|Com Vítimas Feridas|Pleno dia|Nublado|1|0|0|1
277465|2020-03-21|sábado|15:30:00|RJ|40.0|DUQUE DE CAXIAS|Defeito na Via|Queda de ocupante de veículo|Com Vítimas Feridas|Pleno dia|Chuva|4|0|1|0
277467|2020-03-28|sábado|13:40:00|GO|20.0|FORMOSA|Avarias e/ou desgaste excessivo no pneu|Colisão frontal|Com Vítimas Fatais|Pleno dia|Garoa/Chuvisco|4|1|0|3
277468|2020-03-16|segunda-feira|10:20:00|SC|282.0|JOACABA|Velocidade Incompatível|Colisão lateral|Com Vítimas Feridas|Pleno dia|Céu Claro|2|0|0|1
277470|2020-03-28|sábado|11:45:00|BA|367.0|PORTO SEGURO|Desobediência às normas de trânsito pelo condutor|Colisão lateral|Com Vítimas Feridas|Pleno dia|Céu Claro|3|0|2|0
277471|2020-03-28|sábado|12:40:00|SC|101.0|PALHOCA|Defeito Mecânico no Veículo|Incêndio|Sem Vítimas|Pleno dia|Céu Claro|1|0|0|0
277472|2020-02-20|quinta-feira|22:30:00|MG|365.0|PIRAPORA|Animais na Pista|Queda de ocupante de veículo|Com Vítimas Feridas|Plena Noite|Ignorado|1|0|1|0
277473|2020-03-28|sábado|12:00:00|SC|116.0|SANTA CECILIA|Desobediência às normas de trânsito pelo condutor|Colisão transversal|Com Vítimas Feridas|Pleno dia|Céu Claro|3|0|0|1
277474|2020-03-28|sábado|13:30:00|CE|116.0|PACAJUS|Carga excessiva e/ou mal acondicionada|Derramamento de carga|Sem Vítimas|Pleno dia|Sol|1|0|0|0
277475|2020-03-28|sábado|16:00:00|PR|158.0|PATO BRANCO|Velocidade Incompatível|Saída de leito carroçável|Com Vítimas Feridas|Pleno dia|Céu Claro|2|0|2|0
277476|2020-03-28|sábado|16:11:00|SP|381.0|MAIRIPORA|Velocidade Incompatível|Colisão traseira|Sem Vítimas|Pleno dia|Céu Claro|2|0|0|0
277477|2020-03-28|sábado|15:50:00|SC|470.0|GASPAR|Velocidade Incompatível|Capotamento|Com Vítimas Feridas|Pleno dia|Sol|1|0|1|0
277478|2020-03-28|sábado|16:00:00|MG|262.0|CAMPO FLORIDO|Falta de Atenção à Condução|Tombamento|Com Vítimas Feridas|Plena Noite|Céu Claro|1|0|1|0
277479|2020-03-28|sábado|16:10:00|GO|60.0|GUAPO|Ingestão de Álcool|Colisão traseira|Com Vítimas Feridas|Pleno dia|Chuva|5|0|2|0
277480|2020-03-28|sábado|15:30:00|ES|101.0|ANCHIETA|Falta de Atenção à Condução|Colisão traseira|Sem Vítimas|Pleno dia|Céu Claro|2|0|0|0
277481|2020-03-28|sábado|15:30:00|RS|116.0|PICADA CAFE|Falta de Atenção à Condução|Colisão frontal|Com Vítimas Feridas|Pleno dia|Céu Claro|4|0|0|2
277482|2020-03-28|sábado|17:00:00|PE|101.0|RECIFE|Ingestão de Álcool|Colisão lateral|Sem Vítimas|Anoitecer|Céu Claro|2|0|0|0
277483|2020-03-28|sábado|17:30:00|SP|153.0|JOSE BONIFACIO|Velocidade Incompatível|Colisão com objeto estático|Com Vítimas Feridas|Pleno dia|Chuva|2|0|1|0
277484|2020-03-28|sábado|10:00:00|SC|282.0|ALFREDO WAGNER|Falta de Atenção à Condução|Saída de leito carroçável|Com Vítimas Feridas|Pleno dia|Céu Claro|1|0|0|1
277485|2020-03-28|sábado|15:00:00|PR|476.0|CURITIBA|Defeito Mecânico no Veículo|Tombamento|Com Vítimas Feridas|Pleno dia|Céu Claro|2|0|1|0
277486|2020-03-28|sábado|15:00:00|RS|116.0|NOVA PETROPOLIS|Velocidade Incompatível|Tombamento|Com Vítimas Feridas|Pleno dia|Céu Claro|2|0|0|1
277487|2020-03-28|sábado|18:15:00|RS|392.0|RIO GRANDE|Velocidade Incompatível|Tombamento|Com Vítimas Feridas|Anoitecer|Céu Claro|1|0|0|1
277488|2020-03-28|sábado|17:00:00|SC|282.0|PONTE SERRADA|Falta de Atenção à Condução|Colisão transversal|Com Vítimas Feridas|Pleno dia|Nublado|3|0|1|1
277489|2020-03-28|sábado|18:50:00|SE|235.0|ITABAIANA|Falta de Atenção à Condução|Colisão traseira|Com Vítimas Feridas|Plena Noite|Chuva|2|0|1|0
277490|2020-03-28|sábado|19:00:00|MS|262.0|CORUMBA|Condutor Dormindo|Saída de leito carroçável|Com Vítimas Feridas|Plena Noite|Céu Claro|1|0|1|0
277491|2020-03-28|sábado|19:10:00|MG|116.0|GOVERNADOR VALADARES|Ingestão de Álcool|Atropelamento de Pedestre|Com Vítimas Feridas|Plena Noite|Céu Claro|2|0|0|1
277492|2020-03-28|sábado|18:45:00|MG|262.0|MANHUACU|Não guardar distância de segurança|Colisão traseira|Com Vítimas Feridas|Plena Noite|Céu Claro|3|0|2|0
277493|2020-03-28|sábado|18:30:00|MG|365.0|UBERLANDIA|Desobediência às normas de trânsito pelo condutor|Colisão traseira|Sem Vítimas|Plena Noite|Céu Claro|2|0|0|0
277494|2020-03-28|sábado|18:45:00|ES|101.0|SERRA|Não guardar distância de segurança|Colisão lateral|Com Vítimas Feridas|Plena Noite|Céu Claro|2|0|0|1
277495|2020-03-28|sábado|16:30:00|PR|277.0|IBEMA|Ingestão de álcool e/ou substâncias psicoativas pelo pedestre|Colisão frontal|Sem Vítimas|Pleno dia|Nublado|2|0|0|0
277496|2020-03-28|sábado|20:30:00|CE|20.0|MARACANAU|Falta de Atenção à Condução|Saída de leito carroçável|Com Vítimas Feridas|Pleno dia|Céu Claro|4|0|1|0
277498|2020-03-28|sábado|19:50:00|GO|50.0|CATALAO|Falta de Atenção à Condução|Colisão transversal|Com Vítimas Feridas|Plena Noite|Céu Claro|4|0|1|0
277500|2020-03-28|sábado|19:20:00|TO|153.0|FORTALEZA DO TABOCAO|Falta de Atenção à Condução|Colisão lateral|Com Vítimas Feridas|Plena Noite|Nublado|3|0|1|1
277501|2020-03-28|sábado|18:30:00|PR|376.0|PALMEIRA|Velocidade Incompatível|Colisão traseira|Sem Vítimas|Anoitecer|Nublado|3|0|0|0
277502|2020-03-28|sábado|20:30:00|RN|304.0|ANGICOS|Defeito na Via|Colisão com objeto estático|Com Vítimas Feridas|Plena Noite|Céu Claro|1|0|1|0
277503|2020-03-28|sábado|20:25:00|PR|369.0|APUCARANA|Ingestão de Álcool|Colisão traseira|Com Vítimas Feridas|Plena Noite|Céu Claro|2|0|1|0
277504|2020-03-28|sábado|20:15:00|PA|316.0|SANTA IZABEL DO PARA|Ingestão de Álcool|Saída de leito carroçável|Sem Vítimas|Plena Noite|Nublado|1|0|0|0
277505|2020-03-28|sábado|19:00:00|PR|277.0|CAMPO LARGO|Avarias e/ou desgaste excessivo no pneu|Saída de leito carroçável|Sem Vítimas|Plena Noite|Céu Claro|1|0|0|0
277506|2020-03-28|sábado|19:45:00|MT|163.0|SORRISO|Pista Escorregadia|Saída de leito carroçável|Sem Vítimas|Anoitecer|Garoa/Chuvisco|1|0|0|0
277507|2020-03-28|sábado|20:00:00|BA|242.0|BARREIRAS|Ultrapassagem Indevida|Colisão frontal|Com Vítimas Feridas|Plena Noite|Garoa/Chuvisco|4|0|3|0
277508|2020-03-28|sábado|20:55:00|PA|163.0|BELTERRA|Falta de Atenção à Condução|Atropelamento de Pedestre|Com Vítimas Feridas|Plena Noite|Céu Claro|2|0|1|0
277510|2020-03-28|sábado|20:15:00|MT|163.0|SORRISO|Velocidade Incompatível|Colisão com objeto estático|Sem Vítimas|Plena Noite|Garoa/Chuvisco|1|0|0|0
277511|2020-03-28|sábado|18:30:00|RN|304.0|MOSSORO|Falta de Atenção do Pedestre|Atropelamento de Pedestre|Com Vítimas Feridas|Plena Noite|Céu Claro|2|0|0|1
277512|2020-03-28|sábado|22:15:00|PR|376.0|MARILANDIA DO SUL|Falta de Atenção à Condução|Capotamento|Sem Vítimas|Plena Noite|Céu Claro|1|0|0|0
277513|2020-03-28|sábado|21:30:00|MA|10.0|IMPERATRIZ|Ingestão de Álcool|Colisão traseira|Com Vítimas Feridas|Plena Noite|Céu Claro|2|0|1|0
277514|2020-03-28|sábado|20:30:00|MG|40.0|CONSELHEIRO LAFAIETE|Falta de Atenção à Condução|Colisão traseira|Com Vítimas Feridas|Plena Noite|Céu Claro|3|0|2|0
277515|2020-03-28|sábado|23:00:00|PR|153.0|REBOUCAS|Velocidade Incompatível|Saída de leito carroçável|Com Vítimas Feridas|Plena Noite|Céu Claro|1|0|0|1
277516|2020-03-28|sábado|21:00:00|SC|280.0|GUARAMIRIM|Desobediência às normas de trânsito pelo condutor|Colisão frontal|Com Vítimas Feridas|Plena Noite|Nublado|2|0|1|0
277517|2020-03-28|sábado|23:05:00|PR|116.0|PIRAQUARA|Falta de Atenção à Condução|Saída de leito carroçável|Com Vítimas Feridas|Plena Noite|Céu Claro|1|0|1|0
277518|2020-03-28|sábado|20:50:00|CE|222.0|IRAUCUBA|Desobediência às normas de trânsito pelo condutor|Colisão frontal|Com Vítimas Feridas|Plena Noite|Céu Claro|3|0|1|1
277519|2020-03-28|sábado|18:05:00|RS|470.0|VILA FLORES|Ingestão de Álcool|Colisão frontal|Com Vítimas Feridas|Pleno dia|Sol|2|0|1|1
277520|2020-03-28|sábado|20:35:00|ES|101.0|SAO MATEUS|Falta de Atenção do Pedestre|Colisão lateral|Com Vítimas Feridas|Plena Noite|Nublado|2|0|0|2
277522|2020-03-28|sábado|17:50:00|SC|101.0|JOINVILLE|Ingestão de Álcool|Colisão lateral|Sem Vítimas|Pleno dia|Céu Claro|2|0|0|0
277524|2020-03-28|sábado|23:30:00|DF|60.0|BRASILIA|Falta de Atenção à Condução|Colisão traseira|Com Vítimas Feridas|Plena Noite|Céu Claro|3|0|1|0
277525|2020-03-29|domingo|00:20:00|PE|232.0|SALGUEIRO|Ingestão de álcool e/ou substâncias psicoativas pelo pedestre|Atropelamento de Pedestre|Com Vítimas Feridas|Plena Noite|Céu Claro|2|0|1|0
277526|2020-03-28|sábado|23:15:00|PR|277.0|CURITIBA|Condutor Dormindo|Colisão lateral|Sem Vítimas|Plena Noite|Nublado|2|0|0|0
277527|2020-03-28|sábado|21:15:00|MG|40.0|TRES MARIAS|Falta de Atenção à Condução|Colisão traseira|Com Vítimas Fatais|Plena Noite|Céu Claro|2|1|0|0
277528|2020-03-29|domingo|00:30:00|MG|40.0|RIBEIRAO DAS NEVES|Falta de Atenção do Pedestre|Atropelamento de Pedestre|Com Vítimas Feridas|Plena Noite|Céu Claro|2|0|0|1
277529|2020-03-28|sábado|22:45:00|MG|50.0|UBERLANDIA|Animais na Pista|Saída de leito carroçável|Com Vítimas Feridas|Plena Noite|Céu Claro|4|0|1|3
277530|2020-03-28|sábado|23:00:00|AM|174.0|MANAUS|Ingestão de Álcool|Colisão lateral|Com Vítimas Feridas|Plena Noite|Céu Claro|2|0|1|0
277531|2020-03-28|sábado|23:35:00|RS|116.0|CAMAQUA|Animais na Pista|Atropelamento de Animal|Com Vítimas Feridas|Plena Noite|Nublado|1|0|1|0
277532|2020-03-28|sábado|23:30:00|DF|20.0|BRASILIA|Ingestão de Álcool|Colisão traseira|Com Vítimas Feridas|Plena Noite|Céu Claro|2|0|1|0
277533|2020-03-29|domingo|00:01:00|PB|101.0|MAMANGUAPE|Ingestão de álcool e/ou substâncias psicoativas pelo pedestre|Colisão com objeto estático|Com Vítimas Feridas|Plena Noite|Céu Claro|2|0|2|0
277534|2020-03-29|domingo|00:20:00|SP|116.0|GUARATINGUETA|Ingestão de Álcool|Colisão com objeto estático|Com Vítimas Feridas|Plena Noite|Nublado|1|0|0|1
277535|2020-03-28|sábado|18:20:00|MA|10.0|IMPERATRIZ|Falta de Atenção à Condução|Colisão traseira|Com Vítimas Feridas|Anoitecer|Céu Claro|2|0|0|1
277536|2020-03-29|domingo|01:00:00|PR|158.0|CORONEL VIVIDA|Pista Escorregadia|Colisão com objeto estático|Sem Vítimas|Pleno dia|Garoa/Chuvisco|1|0|0|0
277537|2020-03-28|sábado|23:00:00|RJ|116.0|BARRA MANSA|Falta de Atenção à Condução|Colisão traseira|Com Vítimas Feridas|Plena Noite|Céu Claro|2|0|1|0
277538|2020-03-28|sábado|23:30:00|MG|381.0|ITATIAIUCU|Velocidade Incompatível|Saída de leito carroçável|Com Vítimas Feridas|Plena Noite|Céu Claro|1|0|1|0
277539|2020-03-29|domingo|01:15:00|RN|101.0|NATAL|Velocidade Incompatível|Saída de leito carroçável|Sem Vítimas|Plena Noite|Chuva|2|0|0|0
277540|2020-03-29|domingo|02:30:00|SE|101.0|CAPELA|Condutor Dormindo|Colisão com objeto estático|Com Vítimas Feridas|Plena Noite|Chuva|1|0|0|1