id|data_inversa|dia_semana|horario|uf|br|municipio|causa_acidente|tipo_acidente|classificacao_acidente|fase_dia|condicao_metereologica|pessoas|mortos|feridos_leves|feridos_graves
277712|2020-03-30|segunda-feira|12:00:00|SP|116.0|ITAPECERICA DA SERRA|Animais na Pista|Queda de ocupante de veículo|Com Vítimas Feridas|Pleno dia|Céu Claro|1|0|1|0
277713|2020-03-30|segunda-feira|11:50:00|BA|242.0|BARREIRAS|Defeito Mecânico no Veículo|Incêndio|Sem Vítimas|Pleno dia|Céu Claro|2|0|0|0
277714|2020-03-30|segunda-feira|12:10:00|MG|381.0|SAO JOAQUIM DE BICAS|Velocidade Incompatível|Saída de leito carroçável|Com Vítimas Feridas|Pleno dia|Sol|4|0|3|1
277715|2020-03-07|sábado|02:30:00|MG|40.0|PARACATU|Desobediência às normas de trânsito pelo condutor|Colisão transversal|Com Vítimas Feridas|Plena Noite|Chuva|2|0|1|0
277718|2020-03-30|segunda-feira|10:00:00|MG|116.0|GOVERNADOR VALADARES|Desobediência às normas de trânsito pelo condutor|Colisão transversal|Com Vítimas Feridas|Pleno dia|Sol|2|0|1|1
277719|2020-03-30|segunda-feira|13:45:00|TO|153.0|GUARAI|Falta de Atenção à Condução|Colisão transversal|Com Vítimas Feridas|Pleno dia|Céu Claro|2|0|1|0
277720|2020-03-03|terça-feira|20:30:00|PA|230.0|MARABA|Sinalização da via insuficiente ou inadequada|Colisão transversal|Com Vítimas Feridas|Plena Noite|Céu Claro|2|0|1|0
277721|2020-03-30|segunda-feira|13:40:00|SP|153.0|JOSE BONIFACIO|Desobediência às normas de trânsito pelo condutor|Colisão transversal|Com Vítimas Feridas|Pleno dia|Céu Claro|6|0|4|0
277722|2020-03-10|terça-feira|08:30:00|PA|316.0|SANTA MARIA DO PARA|Desobediência às normas de trânsito pelo condutor|Colisão transversal|Com Vítimas Feridas|Pleno dia|Chuva|4|0|3|0
277723|2020-03-19|quinta-feira|12:00:00|PA|422.0|NOVO REPARTIMENTO|Pista Escorregadia|Saída de leito carroçável|Com Vítimas Feridas|Pleno dia|Chuva|3|0|3|0
277724|2020-03-13|sexta-feira|17:30:00|PI|135.0|SAO GONCALO DO GURGUEIA|Defeito Mecânico no Veículo|Danos eventuais|Sem Vítimas|Anoitecer|Céu Claro|1|0|0|0
277726|2020-03-30|segunda-feira|15:00:00|GO|153.0|GOIATUBA|Defeito Mecânico no Veículo|Saída de leito carroçável|Com Vítimas Feridas|Pleno dia|Nublado|2|0|1|0
277727|2020-03-24|terça-feira|14:20:00|MS|163.0|CAMPO GRANDE|Ultrapassagem Indevida|Colisão frontal|Com Vítimas Fatais|Pleno dia|Céu Claro|6|1|0|3
277728|2020-03-30|segunda-feira|12:30:00|MG|364.0|FRUTAL|Falta de Atenção à Condução|Saída de leito carroçável|Com Vítimas Feridas|Pleno dia|Céu Claro|2|0|2|0
277729|2020-03-30|segunda-feira|15:20:00|ES|101.0|JOAO NEIVA|Desobediência às normas de trânsito pelo condutor|Colisão transversal|Com Vítimas Feridas|Pleno dia|Sol|3|0|1|0
277732|2020-03-14|sábado|09:30:00|PA|163.0|NOVO PROGRESSO|Desobediência às normas de trânsito pelo condutor|Colisão transversal|Com Vítimas Feridas|Pleno dia|Céu Claro|6|0|0|1
277734|2020-03-30|segunda-feira|13:00:00|MA|226.0|LAJEADO NOVO|Falta de Atenção à Condução|Colisão transversal|Com Vítimas Fatais|Pleno dia|Céu Claro|2|1|0|0
277736|2020-03-30|segunda-feira|16:05:00|MG|381.0|BETIM|Velocidade Incompatível|Colisão traseira|Com Vítimas Feridas|Pleno dia|Sol|2|0|1|0
277737|2020-03-30|segunda-feira|16:01:00|PR|277.0|CURITIBA|Desobediência às normas de trânsito pelo condutor|Colisão traseira|Com Vítimas Feridas|Pleno dia|Céu Claro|2|0|1|0
277738|2020-03-30|segunda-feira|16:50:00|PR|476.0|CURITIBA|Desobediência às normas de trânsito pelo condutor|Colisão traseira|Com Vítimas Feridas|Pleno dia|Céu Claro|2|0|1|0
277739|2020-03-30|segunda-feira|16:55:00|PR|277.0|CURITIBA|Não guardar distância de segurança|Capotamento|Com Vítimas Feridas|Pleno dia|Céu Claro|1|0|1|0
277740|2020-03-30|segunda-feira|17:05:00|MG|262.0|UBERABA|Defeito Mecânico no Veículo|Queda de ocupante de veículo|Com Vítimas Feridas|Pleno dia|Nublado|2|0|1|0
277741|2020-03-30|segunda-feira|13:05:00|GO|153.0|URUACU|Ingestão de Álcool|Saída de leito carroçável|Sem Vítimas|Pleno dia|Céu Claro|1|0|0|0
277742|2020-03-16|segunda-feira|16:15:00|MG|116.0|GOVERNADOR VALADARES|Falta de Atenção à Condução|Colisão lateral|Com Vítimas Feridas|Pleno dia|Ignorado|4|0|1|0
277743|2020-03-30|segunda-feira|13:20:00|MT|70.0|CUIABA|Desobediência às normas de trânsito pelo condutor|Colisão frontal|Com Vítimas Feridas|Pleno dia|Céu Claro|3|0|1|1
277744|2020-03-30|segunda-feira|16:30:00|BA|101.0|NOVA VICOSA|Desobediência às normas de trânsito pelo condutor|Colisão lateral|Com Vítimas Feridas|Pleno dia|Céu Claro|2|0|1|0
277745|2020-03-30|segunda-feira|17:50:00|PR|376.0|SARANDI|Avarias e/ou desgaste excessivo no pneu|Tombamento|Com Vítimas Feridas|Pleno dia|Sol|2|0|2|0
277746|2020-03-30|segunda-feira|15:00:00|MA|222.0|ACAILANDIA|Animais na Pista|Atropelamento de Animal|Sem Vítimas|Pleno dia|Céu Claro|2|0|0|0
277747|2020-03-30|segunda-feira|17:10:00|PE|101.0|ABREU E LIMA|Falta de Atenção do Pedestre|Atropelamento de Pedestre|Com Vítimas Feridas|Anoitecer|Nublado|3|0|3|0
277749|2020-03-03|terça-feira|13:13:00|PA|316.0|SANTA IZABEL DO PARA|Pista Escorregadia|Colisão transversal|Com Vítimas Feridas|Pleno dia|Garoa/Chuvisco|2|0|1|0
277750|2020-03-30|segunda-feira|17:10:00|RS|153.0|ERECHIM|Velocidade Incompatível|Saída de leito carroçável|Com Vítimas Feridas|Pleno dia|Chuva|1|0|1|0
277751|2020-03-30|segunda-feira|18:15:00|RJ|393.0|VOLTA REDONDA|Desobediência às normas de trânsito pelo condutor|Colisão transversal|Com Vítimas Feridas|Anoitecer|Nublado|2|0|0|1
277752|2020-03-25|quarta-feira|14:50:00|MT|364.0|SANTO ANTONIO DO LEVERGER|Velocidade Incompatível|Tombamento|Com Vítimas Feridas|Pleno dia|Sol|1|0|1|0
277753|2020-03-30|segunda-feira|18:10:00|AL|316.0|SANTANA DO IPANEMA|Falta de Atenção à Condução|Atropelamento de Pedestre|Com Vítimas Fatais|Plena Noite|Céu Claro|2|1|1|0
277754|2020-03-30|segunda-feira|17:30:00|PR|476.0|CURITIBA|Falta de Atenção à Condução|Colisão frontal|Com Vítimas Feridas|Anoitecer|Céu Claro|2|0|1|0
277755|2020-03-09|segunda-feira|18:30:00|AC|317.0|SENADOR GUIOMARD|Falta de Atenção do Pedestre|Colisão frontal|Sem Vítimas|Anoitecer|Céu Claro|2|0|0|0
277756|2020-03-30|segunda-feira|17:30:00|MT|163.0|NOVA SANTA HELENA|Velocidade Incompatível|Colisão lateral|Sem Vítimas|Pleno dia|Céu Claro|2|0|0|0
277757|2020-03-30|segunda-feira|15:00:00|MG|116.0|GOVERNADOR VALADARES|Falta de Atenção à Condução|Tombamento|Com Vítimas Feridas|Pleno dia|Céu Claro|1|0|0|1
277758|2020-03-04|quarta-feira|14:50:00|PA|163.0|SANTAREM|Não guardar distância de segurança|Colisão traseira|Com Vítimas Feridas|Pleno dia|Céu Claro|2|0|1|0
277759|2020-03-30|segunda-feira|18:40:00|RJ|116.0|NOVA IGUACU|Desobediência às normas de trânsito pelo condutor|Colisão traseira|Com Vítimas Feridas|Plena Noite|Céu Claro|3|0|1|0
277760|2020-03-30|segunda-feira|18:30:00|RS|287.0|SAO BORJA|Animais na Pista|Atropelamento de Animal|Com Vítimas Feridas|Anoitecer|Céu Claro|1|0|1|0
277761|2020-03-30|segunda-feira|18:30:00|RJ|116.0|TERESOPOLIS|Falta de Atenção à Condução|Queda de ocupante de veículo|Com Vítimas Feridas|Plena Noite|Nublado|1|0|1|0
277763|2020-03-30|segunda-feira|19:10:00|PR|476.0|ARAUCARIA|Falta de Atenção à Condução|Colisão transversal|Com Vítimas Feridas|Plena Noite|Nublado|2|0|2|0
277765|2020-03-30|segunda-feira|19:20:00|PR|277.0|CAMPO LARGO|Falta de Atenção à Condução|Colisão traseira|Com Vítimas Feridas|Plena Noite|Céu Claro|3|0|0|1
277766|2020-03-30|segunda-feira|15:00:00|AL|316.0|CANAPI|Desobediência às normas de trânsito pelo condutor|Colisão frontal|Com Vítimas Feridas|Pleno dia|Sol|2|0|0|1
277768|2020-03-30|segunda-feira|19:20:00|PI|343.0|FLORIANO|Avarias e/ou desgaste excessivo no pneu|Danos eventuais|Com Vítimas Feridas|Plena Noite|Céu Claro|2|0|2|0
277770|2020-03-30|segunda-feira|20:40:00|SC|101.0|ITAPEMA|Avarias e/ou desgaste excessivo no pneu|Queda de ocupante de veículo|Com Vítimas Feridas|Plena Noite|Céu Claro|1|0|1|0
277771|2020-03-30|segunda-feira|19:50:00|PI|343.0|CAMPO MAIOR|Animais na Pista|Colisão lateral|Com Vítimas Feridas|Plena Noite|Céu Claro|5|0|1|0
277772|2020-03-30|segunda-feira|20:30:00|PE|407.0|PETROLINA|Falta de Atenção à Condução|Colisão transversal|Com Vítimas Feridas|Plena Noite|Céu Claro|3|0|2|0
277773|2020-03-30|segunda-feira|21:50:00|SP|116.0|ARUJA|Falta de Atenção à Condução|Tombamento|Com Vítimas Feridas|Plena Noite|Céu Claro|1|0|1|0
277775|2020-03-30|segunda-feira|20:55:00|CE|222.0|FORQUILHA|Animais na Pista|Atropelamento de Animal|Com Vítimas Feridas|Plena Noite|Nublado|1|0|0|1
277776|2020-03-30|segunda-feira|22:15:00|RS|386.0|NOVA SANTA RITA|Ingestão de Álcool|Saída de leito carroçável|Com Vítimas Feridas|Plena Noite|Céu Claro|4|0|1|3
277777|2020-03-30|segunda-feira|18:30:00|PI|135.0|REDENCAO DO GURGUEIA|Defeito na Via|Saída de leito carroçável|Com Vítimas Feridas|Plena Noite|Céu Claro|2|0|2|0
277778|2020-03-30|segunda-feira|20:00:00|RR|174.0|PACARAIMA|Animais na Pista|Atropelamento de Animal|Com Vítimas Fatais|Plena Noite|Chuva|1|1|0|0
277779|2020-01-14|terça-feira|13:00:00|MG|365.0|ITUIUTABA|Defeito Mecânico no Veículo|Queda de ocupante de veículo|Com Vítimas Feridas|Pleno dia|Céu Claro|2|0|2|0
277780|2020-03-30|segunda-feira|21:00:00|RO|364.0|JI-PARANA|Desobediência às normas de trânsito pelo condutor|Colisão lateral|Com Vítimas Feridas|Plena Noite|Nublado|3|0|2|1
277781|2020-03-30|segunda-feira|19:30:00|RS|287.0|UNISTALDA|Falta de Atenção do Pedestre|Atropelamento de Pedestre|Com Vítimas Feridas|Plena Noite|Céu Claro|3|0|0|1
277782|2020-03-30|segunda-feira|21:15:00|PR|476.0|SAO MATEUS DO SUL|Condutor Dormindo|Saída de leito carroçável|Sem Vítimas|Plena Noite|Nevoeiro/Neblina|1|0|0|0
277783|2020-03-30|segunda-feira|22:30:00|ES|101.0|CONCEICAO DA BARRA|Falta de Atenção à Condução|Colisão com objeto estático|Com Vítimas Feridas|Plena Noite|Céu Claro|1|0|1|0
277784|2020-03-30|segunda-feira|20:55:00|AC|364.0|RIO BRANCO|Defeito na Via|Tombamento|Com Vítimas Feridas|Plena Noite|Garoa/Chuvisco|2|0|2|0
277786|2020-03-30|segunda-feira|17:30:00|GO|364.0|SAO SIMAO|Falta de Atenção à Condução|Saída de leito carroçável|Com Vítimas Feridas|Anoitecer|Chuva|1|0|0|1
277787|2020-03-02|segunda-feira|06:50:00|PA|163.0|SANTAREM|Não guardar distância de segurança|Colisão traseira|Com Vítimas Feridas|Pleno dia|Chuva|2|0|0|1
277788|2020-03-30|segunda-feira|19:40:00|MG|262.0|CAMPOS ALTOS|Pista Escorregadia|Colisão lateral|Com Vítimas Feridas|Plena Noite|Chuva|2|0|2|0
277789|2020-03-31|terça-feira|01:50:00|PR|277.0|TEIXEIRA SOARES|Velocidade Incompatível|Tombamento|Com Vítimas Fatais|Plena Noite|Céu Claro|4|2|0|1
277790|2020-03-30|segunda-feira|16:40:00|MA|222.0|ACAILANDIA|Animais na Pista|Saída de leito carroçável|Sem Vítimas|Pleno dia|Nublado|2|0|0|0
277791|2020-03-30|segunda-feira|23:00:00|RS|116.0|PEDRO OSORIO|Defeito Mecânico no Veículo|Tombamento|Sem Vítimas|Plena Noite|Céu Claro|3|0|0|0
277792|2020-03-30|segunda-feira|17:30:00|MT|174.0|CASTANHEIRA|Defeito na Via|Queda de ocupante de veículo|Com Vítimas Feridas|Anoitecer|Céu Claro|1|0|1|0
277793|2020-03-31|terça-feira|04:30:00|MS|163.0|COXIM|Falta de Atenção à Condução|Tombamento|Com Vítimas Feridas|Amanhecer|Céu Claro|1|0|1|0
277794|2020-03-31|terça-feira|04:00:00|BA|101.0|SANTO ANTONIO DE JESUS|Falta de Atenção à Condução|Tombamento|Com Vítimas Feridas|Plena Noite|Céu Claro|1|0|1|0
277795|2020-03-31|terça-feira|05:30:00|SP|116.0|ITAPECERICA DA SERRA|Desobediência às normas de trânsito pelo condutor|Colisão traseira|Com Vítimas Feridas|Amanhecer|Nevoeiro/Neblina|2|0|2|0
277796|2020-03-31|terça-feira|03:05:00|SC|280.0|SAO FRANCISCO DO SUL|Ultrapassagem Indevida|Colisão lateral|Com Vítimas Feridas|Plena Noite|Céu Claro|8|0|1|2
277797|2020-03-31|terça-feira|05:20:00|CE|222.0|CAUCAIA|Pista Escorregadia|Saída de leito carroçável|Sem Vítimas|Amanhecer|Chuva|1|0|0|0
277798|2020-03-31|terça-feira|06:00:00|PB|101.0|ALHANDRA|Velocidade Incompatível|Saída de leito carroçável|Com Vítimas Feridas|Pleno dia|Chuva|1|0|1|0
277800|2020-03-31|terça-feira|07:40:00|SP|116.0|GUARULHOS|Velocidade Incompatível|Tombamento|Com Vítimas Feridas|Pleno dia|Nublado|1|0|1|0
277803|2020-03-31|terça-feira|07:35:00|ES|101.0|SERRA|Falta de Atenção à Condução|Colisão lateral|Com Vítimas Feridas|Pleno dia|Sol|3|0|1|0
277804|2020-03-31|terça-feira|07:35:00|MG|50.0|UBERABA|Falta de Atenção à Condução|Colisão traseira|Com Vítimas Feridas|Pleno dia|Céu Claro|2|0|1|0
277805|2020-03-31|terça-feira|08:30:00|PR|476.0|CURITIBA|Falta de Atenção à Condução|Colisão com objeto estático|Sem Vítimas|Pleno dia|Céu Claro|1|0|0|0
277806|2020-03-31|terça-feira|07:00:00|SP|116.0|EMBU DAS ARTES|Ultrapassagem Indevida|Atropelamento de Pedestre|Com Vítimas Feridas|Pleno dia|Céu Claro|2|0|1|0
277807|2020-03-31|terça-feira|08:30:00|ES|101.0|PEDRO CANARIO|Carga excessiva e/ou mal acondicionada|Tombamento|Com Vítimas Feridas|Pleno dia|Sol|1|0|1|0
277808|2020-03-30|segunda-feira|17:15:00|MA|226.0|TUNTUM|Condutor Dormindo|Saída de leito carroçável|Sem Vítimas|Pleno dia|Nublado|3|0|0|0
277809|2020-03-31|terça-feira|08:20:00|RS|285.0|PASSO FUNDO|Falta de Atenção à Condução|Colisão lateral|Com Vítimas Feridas|Pleno dia|Céu Claro|2|0|1|0
277811|2020-03-31|terça-feira|07:10:00|MT|364.0|RONDONOPOLIS|Desobediência às normas de trânsito pelo condutor|Colisão lateral|Com Vítimas Feridas|Pleno dia|Céu Claro|2|0|2|0
277812|2020-03-31|terça-feira|08:40:00|PB|230.0|CAMPINA GRANDE|Velocidade Incompatível|Colisão com objeto estático|Com Vítimas Feridas|Pleno dia|Nublado|2|0|2|0
277813|2020-03-31|terça-feira|08:45:00|RS|392.0|RIO GRANDE|Desobediência às normas de trânsito pelo condutor|Colisão lateral|Sem Vítimas|Pleno dia|Céu Claro|2|0|0|0
277814|2020-03-31|terça-feira|07:15:00|PR|476.0|COLOMBO|Falta de Atenção à Condução|Colisão traseira|Sem Vítimas|Pleno dia|Céu Claro|3|0|0|0
277815|2020-03-31|terça-feira|08:00:00|RS|386.0|SAO JOSE DO HERVAL|Velocidade Incompatível|Saída de leito carroçável|Com Vítimas Feridas|Pleno dia|Sol|1|0|1|0
277817|2020-03-31|terça-feira|09:55:00|GO|153.0|APARECIDA DE GOIANIA|Defeito na Via|Tombamento|Com Vítimas Feridas|Pleno dia|Céu Claro|3|0|2|0
277818|2020-03-31|terça-feira|10:00:00|MG|365.0|PATOS DE MINAS|Mal Súbito|Saída de leito carroçável|Com Vítimas Feridas|Pleno dia|Céu Claro|1|0|0|1
277819|2020-03-23|segunda-feira|10:00:00|MT|163.0|MATUPA|Falta de Atenção à Condução|Colisão lateral|Com Vítimas Feridas|Pleno dia|Céu Claro|3|0|3|0
277820|2020-03-31|terça-feira|10:35:00|MG|40.0|PARACATU|Falta de Atenção à Condução|Atropelamento de Pedestre|Com Vítimas Feridas|Pleno dia|Sol|2|0|1|0
277821|2020-03-11|quarta-feira|16:00:00|RJ|40.0|RIO DE JANEIRO|Falta de Atenção à Condução|Engavetamento|Com Vítimas Feridas|Pleno dia|Ignorado|3|0|1|0
277822|2020-03-31|terça-feira|11:00:00|GO|40.0|VALPARAISO DE GOIAS|Falta de Atenção à Condução|Colisão lateral|Com Vítimas Feridas|Pleno dia|Céu Claro|3|0|1|0
277823|2020-03-18|quarta-feira|15:00:00|PA|10.0|PARAGOMINAS|Defeito na Via|Colisão lateral|Com Vítimas Fatais|Pleno dia|Céu Claro|3|2|0|0
277824|2020-03-31|terça-feira|08:25:00|RS|116.0|PEDRO OSORIO|Condutor Dormindo|Colisão com objeto estático|Com Vítimas Feridas|Pleno dia|Céu Claro|2|0|2|0
277826|2020-03-31|terça-feira|10:40:00|BA|116.0|POCOES|Mal Súbito|Saída de leito carroçável|Com Vítimas Fatais|Pleno dia|Céu Claro|1|1|0|0
277829|2020-03-31|terça-feira|12:15:00|BA|242.0|BARREIRAS|Falta de Atenção à Condução|Colisão traseira|Sem Vítimas|Pleno dia|Sol|2|0|0|0
277830|2020-03-31|terça-feira|11:15:00|MG|381.0|SABARA|Não guardar distância de segurança|Saída de leito carroçável|Com Vítimas Feridas|Pleno dia|Céu Claro|2|0|1|0
277831|2020-03-31|terça-feira|11:40:00|MG|381.0|SABARA|Velocidade Incompatível|Tombamento|Com Vítimas Feridas|Pleno dia|Sol|1|0|1|0
277832|2020-03-31|terça-feira|13:16:00|BA|116.0|FEIRA DE SANTANA|Falta de Atenção à Condução|Colisão transversal|Com Vítimas Feridas|Pleno dia|Céu Claro|3|0|0|3
277833|2020-03-31|terça-feira|13:54:00|SP|116.0|SAO PAULO|Desobediência às normas de trânsito pelo condutor|Colisão com objeto estático|Com Vítimas Feridas|Pleno dia|Céu Claro|2|0|2|0
277834|2020-02-28|sexta-feira|20:05:00|MG|40.0|JUIZ DE FORA|Desobediência às normas de trânsito pelo condutor|Colisão lateral|Com Vítimas Feridas|Plena Noite|Chuva|2|0|0|1
277836|2020-03-31|terça-feira|13:30:00|SP|116.0|JACAREI|Defeito Mecânico no Veículo|Saída de leito carroçável|Sem Vítimas|Pleno dia|Sol|1|0|0|0
277837|2020-03-31|terça-feira|14:15:00|PB|230.0|JOAO PESSOA|Falta de Atenção à Condução|Queda de ocupante de veículo|Com Vítimas Feridas|Pleno dia|Nublado|1|0|1|0
277838|2020-03-31|terça-feira|13:00:00|PA|230.0|MARABA|Velocidade Incompatível|Colisão com objeto estático|Com Vítimas Feridas|Pleno dia|Sol|1|0|1|0
277839|2020-03-31|terça-feira|14:45:00|GO|452.0|MAURILANDIA|Falta de Atenção à Condução|Colisão frontal|Com Vítimas Feridas|Pleno dia|Sol|4|0|0|4
277840|2020-03-31|terça-feira|14:30:00|DF|20.0|BRASILIA|Velocidade Incompatível|Saída de leito carroçável|Com Vítimas Feridas|Pleno dia|Céu Claro|5|0|5|0
277841|2020-03-31|terça-feira|14:50:00|PR|476.0|CURITIBA|Falta de Atenção à Condução|Colisão lateral|Com Vítimas Feridas|Pleno dia|Céu Claro|3|0|1|0
277842|2020-03-31|terça-feira|14:45:00|PE|101.0|CABO DE SANTO AGOSTINHO|Desobediência às normas de trânsito pelo pedestre|Colisão transversal|Sem Vítimas|Pleno dia|Céu Claro|2|0|0|0
277843|2020-03-31|terça-feira|14:40:00|PI|343.0|FLORIANO|Falta de Atenção à Condução|Colisão com objeto estático|Com Vítimas Fatais|Pleno dia|Céu Claro|2|1|0|0
277844|2020-03-31|terça-feira|14:20:00|MG|365.0|INDIANOPOLIS|Falta de Atenção à Condução|Colisão lateral|Sem Vítimas|Pleno dia|Sol|2|0|0|0
277845|2020-03-31|terça-feira|15:20:00|PR|376.0|ORTIGUEIRA|Falta de Atenção do Pedestre|Atropelamento de Pedestre|Com Vítimas Fatais|Pleno dia|Sol|4|1|0|2
277846|2020-03-31|terça-feira|15:30:00|PI|316.0|TERESINA|Desobediência às normas de trânsito pelo condutor|Colisão transversal|Com Vítimas Feridas|Pleno dia|Sol|4|0|3|0
277847|2020-03-31|terça-feira|15:50:00|SC|470.0|APIUNA|Não guardar distância de segurança|Colisão com objeto em movimento|Com Vítimas Feridas|Pleno dia|Céu Claro|3|0|1|1
277848|2020-03-31|terça-feira|14:30:00|SC|101.0|ITAJAI|Falta de Atenção à Condução|Colisão lateral|Com Vítimas Feridas|Pleno dia|Céu Claro|3|0|2|0
277849|2020-03-31|terça-feira|15:50:00|MG|262.0|LUZ|Velocidade Incompatível|Tombamento|Com Vítimas Feridas|Pleno dia|Garoa/Chuvisco|1|0|1|0
277850|2020-03-03|terça-feira|10:45:00|PA|316.0|CASTANHAL|Falta de Atenção à Condução|Colisão traseira|Com Vítimas Feridas|Pleno dia|Céu Claro|2|0|1|0
277851|2020-03-31|terça-feira|14:50:00|SE|235.0|ARACAJU|Mal Súbito|Saída de leito carroçável|Sem Vítimas|Pleno dia|Céu Claro|2|0|0|0
277852|2020-03-31|terça-feira|12:00:00|SE|235.0|NOSSA SENHORA DO SOCORRO|Não guardar distância de segurança|Colisão traseira|Com Vítimas Feridas|Pleno dia|Céu Claro|2|0|1|0
277853|2020-03-31|terça-feira|16:00:00|RJ|116.0|ITATIAIA|Defeito Mecânico no Veículo|Colisão com objeto estático|Sem Vítimas|Pleno dia|Nublado|1|0|0|0
277854|2020-03-28|sábado|06:00:00|ES|262.0|DOMINGOS MARTINS|Falta de Atenção à Condução|Tombamento|Com Vítimas Feridas|Pleno dia|Céu Claro|1|0|1|0
277855|2020-03-31|terça-feira|16:50:00|PE|104.0|CARUARU|Falta de Atenção à Condução|Capotamento|Com Vítimas Feridas|Anoitecer|Céu Claro|2|0|1|0
277856|2020-03-31|terça-feira|16:10:00|RS|290.0|SAO SEPE|Falta de Atenção à Condução|Colisão traseira|Com Vítimas Fatais|Pleno dia|Céu Claro|3|1|1|0
277858|2020-03-31|terça-feira|16:00:00|PB|116.0|CACHOEIRA DOS INDIOS|Velocidade Incompatível|Saída de leito carroçável|Com Vítimas Feridas|Pleno dia|Chuva|1|0|1|0
277859|2020-03-31|terça-feira|17:20:00|MG|381.0|SABARA|Fenômenos da Natureza|Colisão traseira|Com Vítimas Feridas|Anoitecer|Sol|2|0|0|1
277860|2020-03-31|terça-feira|17:40:00|PA|222.0|MARABA|Defeito na Via|Tombamento|Com Vítimas Fatais|Anoitecer|Nublado|2|1|0|0
277861|2020-03-31|terça-feira|17:30:00|MG|381.0|SABARA|Desobediência às normas de trânsito pelo condutor|Colisão transversal|Com Vítimas Feridas|Pleno dia|Céu Claro|2|0|0|1
277862|2020-03-31|terça-feira|11:00:00|MG|381.0|PATOS DE MINAS|Fenômenos da Natureza|Colisão com objeto em movimento|Sem Vítimas|Pleno dia|Sol|1|0|0|0
277863|2020-03-31|terça-feira|17:55:00|PB|230.0|JOAO PESSOA|Desobediência às normas de trânsito pelo condutor|Colisão lateral|Sem Vítimas|Plena Noite|Céu Claro|3|0|0|0
277864|2020-03-05|quinta-feira|00:25:00|PA|163.0|SANTAREM|Falta de Atenção do Pedestre|Atropelamento de Pedestre|Com Vítimas Fatais|Plena Noite|Céu Claro|2|1|0|0
277866|2020-03-31|terça-feira|17:00:00|MG|381.0|GOVERNADOR VALADARES|Desobediência às normas de trânsito pelo condutor|Colisão transversal|Com Vítimas Feridas|Pleno dia|Nublado|2|0|1|0
277867|2020-03-31|terça-feira|18:45:00|PB|230.0|JOAO PESSOA|Desobediência às normas de trânsito pelo condutor|Colisão transversal|Com Vítimas Feridas|Plena Noite|Nublado|2|0|2|0
277868|2020-03-31|terça-feira|16:45:00|AC|364.0|RIO BRANCO|Falta de Atenção à Condução|Colisão lateral|Com Vítimas Feridas|Pleno dia|Céu Claro|2|0|1|0
277869|2020-03-31|terça-feira|16:30:00|SC|470.0|INDAIAL|Falta de Atenção à Condução|Colisão traseira|Com Vítimas Feridas|Pleno dia|Céu Claro|2|0|1|0
277870|2020-03-31|terça-feira|18:40:00|GO|60.0|SANTO ANTONIO DA BARRA|Condutor Dormindo|Colisão lateral|Com Vítimas Feridas|Anoitecer|Céu Claro|2|0|1|0
277871|2020-03-31|terça-feira|18:00:00|RO|364.0|OURO PRETO DO OESTE|Desobediência às normas de trânsito pelo condutor|Colisão lateral|Com Vítimas Feridas|Anoitecer|Nublado|3|0|1|0
277872|2020-03-31|terça-feira|19:00:00|AL|101.0|MESSIAS|Defeito Mecânico no Veículo|Tombamento|Com Vítimas Feridas|Plena Noite|Nublado|1|0|1|0
277873|2020-02-08|sábado|00:20:00|SP|153.0|SAO JOSE DO RIO PRETO|Ingestão de Álcool|Saída de leito carroçável|Sem Vítimas|Plena Noite|Céu Claro|2|0|0|0
277875|2020-03-31|terça-feira|19:50:00|DF|70.0|BRASILIA|Falta de Atenção à Condução|Colisão com objeto estático|Com Vítimas Feridas|Plena Noite|Céu Claro|1|0|1|0
277876|2020-03-31|terça-feira|19:00:00|MG|381.0|BETIM|Desobediência às normas de trânsito pelo condutor|Colisão lateral|Com Vítimas Feridas|Anoitecer|Céu Claro|2|0|1|0
277877|2020-03-31|terça-feira|18:40:00|PI|407.0|GEMINIANO|Falta de Atenção do Pedestre|Atropelamento de Pedestre|Com Vítimas Fatais|Plena Noite|Céu Claro|2|1|0|0
277878|2020-03-31|terça-feira|17:55:00|SC|282.0|PONTE SERRADA|Falta de Atenção à Condução|Colisão com objeto estático|Com Vítimas Fatais|Anoitecer|Céu Claro|1|1|0|0
277879|2020-03-31|terça-feira|14:15:00|RJ|101.0|ANGRA DOS REIS|Defeito Mecânico no Veículo|Tombamento|Com Vítimas Fatais|Pleno dia|Céu Claro|2|1|0|1
277881|2020-03-31|terça-feira|19:15:00|MT|364.0|JACIARA|Desobediência às normas de trânsito pelo condutor|Colisão lateral|Com Vítimas Feridas|Pleno dia|Céu Claro|2|0|1|0
277882|2020-03-31|terça-feira|18:40:00|PR|277.0|FOZ DO IGUACU|Defeito Mecânico no Veículo|Tombamento|Com Vítimas Feridas|Plena Noite|Céu Claro|1|0|1|0
277883|2020-03-31|terça-feira|11:00:00|MG|262.0|JUATUBA|Defeito Mecânico no Veículo|Tombamento|Com Vítimas Feridas|Pleno dia|Céu Claro|2|0|0|2
277884|2020-03-31|terça-feira|16:40:00|BA|101.0|IBIRAPUA|Falta de Atenção à Condução|Saída de leito carroçável|Com Vítimas Feridas|Pleno dia|Céu Claro|3|0|3|0