id|data_inversa|dia_semana|horario|uf|br|municipio|causa_acidente|tipo_acidente|classificacao_acidente|fase_dia|condicao_metereologica|pessoas|mortos|feridos_leves|feridos_graves
277885|2020-03-31|terça-feira|21:25:00|MG|354.0|POUSO ALTO|Falta de Atenção à Condução|Saída de leito carroçável|Com Vítimas Feridas|Plena Noite|Céu Claro|1|0|1|0
277886|2020-03-31|terça-feira|14:00:00|MG|40.0|RIBEIRAO DAS NEVES|Falta de Atenção à Condução|Colisão lateral|Com Vítimas Feridas|Pleno dia|Céu Claro|2|0|1|0
277887|2020-03-31|terça-feira|20:20:00|PA|155.0|MARABA|Defeito na Via|Tombamento|Com Vítimas Feridas|Plena Noite|Nublado|1|0|1|0
277888|2020-03-31|terça-feira|19:05:00|PR|116.0|PIRAQUARA|Falta de Atenção do Pedestre|Atropelamento de Pedestre|Com Vítimas Fatais|Plena Noite|Céu Claro|4|1|1|0
277889|2020-03-31|terça-feira|20:50:00|MG|262.0|BOM DESPACHO|Mal Súbito|Colisão frontal|Com Vítimas Feridas|Plena Noite|Nublado|6|0|4|1
277890|2020-03-31|terça-feira|21:26:00|PR|467.0|CASCAVEL|Ingestão de Álcool|Saída de leito carroçável|Com Vítimas Feridas|Plena Noite|Céu Claro|2|0|1|1
277891|2020-03-31|terça-feira|15:00:00|SC|470.0|BLUMENAU|Falta de Atenção à Condução|Colisão transversal|Com Vítimas Feridas|Pleno dia|Céu Claro|2|0|1|0
277892|2020-03-31|terça-feira|19:30:00|MG|153.0|MONTE ALEGRE DE MINAS|Defeito Mecânico no Veículo|Colisão traseira|Com Vítimas Feridas|Plena Noite|Céu Claro|2|0|1|0
277893|2020-03-24|terça-feira|01:50:00|PR|476.0|CURITIBA|Velocidade Incompatível|Colisão com objeto estático|Sem Vítimas|Plena Noite|Céu Claro|1|0|0|0
277895|2020-03-31|terça-feira|14:40:00|ES|101.0|SOORETAMA|Avarias e/ou desgaste excessivo no pneu|Saída de leito carroçável|Sem Vítimas|Pleno dia|Sol|1|0|0|0
277896|2020-03-31|terça-feira|20:05:00|MA|222.0|ACAILANDIA|Ingestão de Álcool|Colisão com objeto estático|Com Vítimas Feridas|Plena Noite|Céu Claro|1|0|0|1
277897|2020-03-31|terça-feira|21:00:00|MT|158.0|NOVA XAVANTINA|Condutor Dormindo|Colisão frontal|Com Vítimas Feridas|Plena Noite|Céu Claro|2|0|1|0
277898|2020-03-31|terça-feira|21:50:00|PR|277.0|CASCAVEL|Defeito Mecânico no Veículo|Colisão com objeto em movimento|Com Vítimas Feridas|Plena Noite|Céu Claro|3|0|0|2
277899|2020-03-31|terça-feira|22:00:00|MT|163.0|RONDONOPOLIS|Velocidade Incompatível|Colisão traseira|Com Vítimas Feridas|Plena Noite|Céu Claro|2|0|1|1
277900|2020-03-31|terça-feira|23:15:00|AL|101.0|PILAR|Pista Escorregadia|Saída de leito carroçável|Com Vítimas Feridas|Plena Noite|Chuva|1|0|0|1
277901|2020-03-31|terça-feira|23:30:00|PR|376.0|ORTIGUEIRA|Falta de Atenção à Condução|Atropelamento de Pedestre|Com Vítimas Feridas|Plena Noite|Nublado|2|0|0|1
277902|2020-03-31|terça-feira|21:40:00|RJ|465.0|NOVA IGUACU|Falta de Atenção à Condução|Colisão transversal|Com Vítimas Feridas|Plena Noite|Nublado|2|0|0|1
277903|2020-03-31|terça-feira|23:00:00|SC|280.0|TRES BARRAS|Falta de Atenção à Condução|Saída de leito carroçável|Com Vítimas Feridas|Plena Noite|Céu Claro|3|0|0|1
277927|2020-03-24|terça-feira|18:20:00|RS|290.0|GLORINHA|Falta de Atenção à Condução|Colisão traseira|Com Vítimas Feridas|Anoitecer|Céu Claro|2|0|1|0
277935|2020-03-28|sábado|10:00:00|BA|101.0|IBIRAPITANGA|Pista Escorregadia|Colisão com objeto estático|Com Vítimas Feridas|Pleno dia|Chuva|1|0|1|0
277942|2020-03-12|quinta-feira|17:30:00|CE|116.0|AQUIRAZ|Falta de Atenção à Condução|Colisão transversal|Com Vítimas Feridas|Anoitecer|Céu Claro|2|0|0|1
277960|2020-02-05|quarta-feira|10:35:00|RS|386.0|ESTRELA|Velocidade Incompatível|Colisão lateral|Com Vítimas Feridas|Pleno dia|Céu Claro|3|0|2|0
277971|2020-03-09|segunda-feira|05:00:00|RS|472.0|URUGUAIANA|Ingestão de Álcool|Tombamento|Com Vítimas Feridas|Amanhecer|Céu Claro|3|0|1|1
277989|2020-03-22|domingo|17:10:00|AM|319.0|CAREIRO|Defeito Mecânico no Veículo|Queda de ocupante de veículo|Com Vítimas Feridas|Pleno dia|Sol|2|0|1|1
277996|2020-03-31|terça-feira|16:30:00|SP|262.0|CASTILHO|Defeito Mecânico no Veículo|Incêndio|Sem Vítimas|Anoitecer|Céu Claro|1|0|0|0
278016|2020-03-18|quarta-feira|15:00:00|GO|364.0|JATAI|Falta de Atenção à Condução|Saída de leito carroçável|Sem Vítimas|Pleno dia|Céu Claro|1|0|0|0
278048|2020-02-09|domingo|08:55:00|MG|365.0|UBERLANDIA|Falta de Atenção à Condução|Colisão traseira|Com Vítimas Feridas|Pleno dia|Chuva|2|0|1|0
278051|2020-03-29|domingo|20:00:00|RJ|101.0|MANGARATIBA|Falta de Atenção à Condução|Colisão transversal|Com Vítimas Feridas|Plena Noite|Chuva|3|0|2|0
278052|2020-01-24|sexta-feira|23:15:00|RS|386.0|CANOAS|Restrição de Visibilidade|Atropelamento de Animal|Com Vítimas Feridas|Anoitecer|Ignorado|1|0|1|0
278055|2020-03-29|domingo|17:50:00|SC|116.0|PONTE ALTA|Pista Escorregadia|Saída de leito carroçável|Sem Vítimas|Anoitecer|Chuva|1|0|0|0
278058|2020-01-17|sexta-feira|06:45:00|PR|369.0|IBIPORA|Não guardar distância de segurança|Colisão traseira|Com Vítimas Feridas|Pleno dia|Céu Claro|2|0|0|1
278059|2020-02-12|quarta-feira|16:45:00|MG|267.0|ARGIRITA|Desobediência às normas de trânsito pelo condutor|Colisão frontal|Sem Vítimas|Pleno dia|Chuva|2|0|0|0
278060|2020-03-17|terça-feira|23:40:00|GO|60.0|GOIANIA|Desobediência às normas de trânsito pelo condutor|Colisão transversal|Sem Vítimas|Plena Noite|Céu Claro|4|0|0|0
278068|2020-03-05|quinta-feira|15:20:00|PA|163.0|BELTERRA|Defeito Mecânico no Veículo|Tombamento|Com Vítimas Feridas|Pleno dia|Céu Claro|4|0|1|0
278073|2020-03-31|terça-feira|12:30:00|RO|364.0|ARIQUEMES|Defeito na Via|Colisão traseira|Com Vítimas Feridas|Pleno dia|Céu Claro|3|0|1|0
278074|2020-03-04|quarta-feira|06:30:00|MG|381.0|ANTONIO DIAS|Velocidade Incompatível|Colisão com objeto estático|Com Vítimas Fatais|Amanhecer|Chuva|1|1|0|0
278078|2020-03-07|sábado|07:30:00|SC|101.0|PENHA|Velocidade Incompatível|Colisão com objeto estático|Com Vítimas Feridas|Pleno dia|Céu Claro|1|0|1|0
278083|2020-03-04|quarta-feira|09:00:00|SC|101.0|GARUVA|Defeito Mecânico no Veículo|Incêndio|Sem Vítimas|Pleno dia|Céu Claro|1|0|0|0
278098|2020-03-27|sexta-feira|22:10:00|BA|101.0|ITABUNA|Velocidade Incompatível|Colisão com objeto em movimento|Com Vítimas Feridas|Plena Noite|Céu Claro|1|0|0|1
278110|2020-03-27|sexta-feira|20:30:00|PA|163.0|SANTAREM|Falta de Atenção do Pedestre|Atropelamento de Pedestre|Com Vítimas Feridas|Plena Noite|Ignorado|3|0|1|1
278113|2020-03-07|sábado|18:05:00|PA|163.0|SANTAREM|Desobediência às normas de trânsito pelo condutor|Colisão transversal|Com Vítimas Feridas|Pleno dia|Céu Claro|3|0|1|0
278166|2020-03-11|quarta-feira|20:30:00|GO|364.0|SAO SIMAO|Velocidade Incompatível|Tombamento|Com Vítimas Feridas|Plena Noite|Céu Claro|1|0|1|0
278169|2020-03-05|quinta-feira|09:00:00|PA|230.0|MARABA|Falta de Atenção à Condução|Colisão lateral|Sem Vítimas|Pleno dia|Céu Claro|2|0|0|0
278177|2020-03-07|sábado|11:00:00|PA|230.0|MARABA|Desobediência às normas de trânsito pelo condutor|Colisão transversal|Com Vítimas Feridas|Pleno dia|Céu Claro|3|0|0|1
278184|2020-03-24|terça-feira|16:30:00|GO|60.0|GUAPO|Desobediência às normas de trânsito pelo condutor|Saída de leito carroçável|Com Vítimas Feridas|Pleno dia|Céu Claro|2|0|2|0
278188|2020-03-09|segunda-feira|04:00:00|PA|222.0|MARABA|Falta de Atenção à Condução|Colisão traseira|Sem Vítimas|Amanhecer|Nublado|2|0|0|0
278190|2020-03-04|quarta-feira|17:15:00|PA|222.0|DOM ELISEU|Falta de Atenção à Condução|Colisão com objeto estático|Sem Vítimas|Pleno dia|Céu Claro|2|0|0|0
278199|2020-02-07|sexta-feira|15:45:00|RO|364.0|JARU|Falta de Atenção à Condução|Saída de leito carroçável|Com Vítimas Feridas|Pleno dia|Chuva|2|0|1|0
278207|2020-03-30|segunda-feira|14:53:00|PI|135.0|BOM JESUS|Restrição de Visibilidade|Colisão com objeto estático|Sem Vítimas|Pleno dia|Céu Claro|2|0|0|0
278212|2020-03-08|domingo|14:03:00|PA|222.0|MARABA|Falta de Atenção à Condução|Colisão transversal|Com Vítimas Feridas|Pleno dia|Céu Claro|3|0|0|3
278214|2020-02-26|quarta-feira|17:00:00|DF|70.0|BRASILIA|Ingestão de Álcool|Colisão traseira|Sem Vítimas|Pleno dia|Nublado|2|0|0|0
278216|2020-03-05|quinta-feira|19:20:00|PA|316.0|SANTA IZABEL DO PARA|Desobediência às normas de trânsito pelo pedestre|Atropelamento de Pedestre|Com Vítimas Feridas|Plena Noite|Céu Claro|2|0|1|1
278218|2020-03-17|terça-feira|11:00:00|PA|316.0|CASTANHAL|Falta de Atenção à Condução|Engavetamento|Com Vítimas Feridas|Pleno dia|Céu Claro|6|0|0|1
278224|2020-02-19|quarta-feira|10:40:00|SP|116.0|BARRA DO TURVO|Pista Escorregadia|Colisão com objeto estático|Com Vítimas Feridas|Pleno dia|Chuva|1|0|1|0
278225|2020-02-24|segunda-feira|01:15:00|SC|101.0|PORTO BELO|Falta de Atenção à Condução|Colisão traseira|Com Vítimas Feridas|Plena Noite|Céu Claro|2|0|0|1
278237|2020-03-02|segunda-feira|23:00:00|PA|10.0|IPIXUNA DO PARA|Falta de Atenção à Condução|Tombamento|Com Vítimas Feridas|Plena Noite|Chuva|2|0|2|0
278238|2020-03-09|segunda-feira|11:10:00|PA|155.0|ELDORADO DO CARAJAS|Desobediência às normas de trânsito pelo condutor|Colisão frontal|Com Vítimas Feridas|Pleno dia|Chuva|2|0|1|0
278259|2020-03-03|terça-feira|18:45:00|SE|235.0|AREIA BRANCA|Falta de Atenção do Pedestre|Atropelamento de Pedestre|Com Vítimas Fatais|Plena Noite|Céu Claro|2|1|0|0
278271|2020-03-28|sábado|05:00:00|MS|262.0|CAMPO GRANDE|Ingestão de Álcool|Saída de leito carroçável|Com Vítimas Feridas|Amanhecer|Nublado|3|0|2|0
278326|2020-02-04|terça-feira|17:00:00|PR|476.0|CURITIBA|Não guardar distância de segurança|Queda de ocupante de veículo|Com Vítimas Feridas|Pleno dia|Ignorado|1|0|1|0
278349|2020-03-26|quinta-feira|01:10:00|GO|452.0|RIO VERDE|Condutor Dormindo|Tombamento|Sem Vítimas|Plena Noite|Céu Claro|1|0|0|0
278356|2020-03-05|quinta-feira|18:35:00|PA|316.0|SANTA MARIA DO PARA|Falta de Atenção à Condução|Colisão transversal|Com Vítimas Feridas|Anoitecer|Nublado|2|0|1|0
278385|2020-02-26|quarta-feira|15:30:00|BA|101.0|EUNAPOLIS|Ingestão de Álcool|Colisão transversal|Com Vítimas Feridas|Pleno dia|Céu Claro|2|0|0|1
278406|2020-03-19|quinta-feira|04:30:00|PB|230.0|PATOS|Restrição de Visibilidade|Saída de leito carroçável|Sem Vítimas|Amanhecer|Chuva|1|0|0|0
278418|2020-03-07|sábado|20:15:00|BA|324.0|JACOBINA|Falta de Atenção à Condução|Colisão frontal|Com Vítimas Feridas|Plena Noite|Ignorado|4|0|1|0
278477|2020-02-25|terça-feira|23:30:00|MG|262.0|CAMPOS ALTOS|Pista Escorregadia|Saída de leito carroçável|Com Vítimas Feridas|Plena Noite|Chuva|5|0|3|2
278485|2020-03-20|sexta-feira|21:40:00|SP|153.0|UBARANA|Desobediência às normas de trânsito pelo condutor|Colisão frontal|Com Vítimas Fatais|Plena Noite|Céu Claro|10|1|0|1
278494|2020-02-26|quarta-feira|12:45:00|MG|381.0|CAETE|Condutor Dormindo|Colisão frontal|Com Vítimas Feridas|Pleno dia|Céu Claro|4|0|0|3
278613|2020-03-15|domingo|21:20:00|PR|376.0|PARANAVAI|Ingestão de Álcool|Colisão traseira|Com Vítimas Fatais|Plena Noite|Nublado|3|1|1|1
278621|2020-03-09|segunda-feira|12:15:00|RJ|40.0|PETROPOLIS|Defeito Mecânico no Veículo|Incêndio|Sem Vítimas|Pleno dia|Céu Claro|1|0|0|0
278624|2020-03-29|domingo|19:25:00|MS|163.0|CAMPO GRANDE|Animais na Pista|Atropelamento de Animal|Com Vítimas Feridas|Plena Noite|Nublado|2|0|1|0
278640|2020-03-20|sexta-feira|19:20:00|PB|230.0|SOUSA|Velocidade Incompatível|Colisão lateral|Com Vítimas Feridas|Plena Noite|Nublado|4|0|3|0
278649|2020-03-16|segunda-feira|14:30:00|ES|101.0|LINHARES|Não guardar distância de segurança|Colisão lateral|Com Vítimas Feridas|Pleno dia|Céu Claro|6|0|3|0
278660|2020-02-05|quarta-feira|19:50:00|PR|476.0|LAPA|Falta de Atenção à Condução|Colisão transversal|Com Vítimas Fatais|Plena Noite|Nublado|8|1|0|1
278688|2020-03-13|sexta-feira|07:00:00|BA|116.0|ITATIM|Defeito Mecânico no Veículo|Saída de leito carroçável|Sem Vítimas|Pleno dia|Sol|2|0|0|0
278698|2020-03-29|domingo|06:30:00|MT|163.0|GUARANTA DO NORTE|Falta de Atenção à Condução|Saída de leito carroçável|Com Vítimas Feridas|Amanhecer|Sol|1|0|1|0
278699|2020-02-02|domingo|12:20:00|RJ|40.0|DUQUE DE CAXIAS|Velocidade Incompatível|Colisão traseira|Com Vítimas Feridas|Pleno dia|Céu Claro|2|0|1|0
278715|2020-02-16|domingo|18:10:00|RJ|116.0|SEROPEDICA|Defeito Mecânico no Veículo|Queda de ocupante de veículo|Com Vítimas Fatais|Anoitecer|Chuva|2|1|0|1
278743|2020-03-13|sexta-feira|13:45:00|BA|324.0|FEIRA DE SANTANA|Desobediência às normas de trânsito pelo condutor|Colisão transversal|Com Vítimas Feridas|Pleno dia|Céu Claro|2|0|2|0
278778|2020-01-01|quarta-feira|04:30:00|RN|405.0|JOSE DA PENHA|Ingestão de Álcool|Colisão frontal|Com Vítimas Fatais|Amanhecer|Chuva|3|1|0|0
278781|2020-01-12|domingo|19:40:00|PA|163.0|SANTAREM|Falta de Atenção à Condução|Colisão traseira|Com Vítimas Feridas|Plena Noite|Céu Claro|3|0|3|0
278786|2020-01-03|sexta-feira|05:30:00|SC|470.0|CAMPOS NOVOS|Velocidade Incompatível|Saída de leito carroçável|Com Vítimas Fatais|Amanhecer|Céu Claro|1|1|0|0
278787|2020-03-05|quinta-feira|17:52:00|PR|158.0|PATO BRANCO|Desobediência às normas de trânsito pelo condutor|Colisão transversal|Com Vítimas Feridas|Pleno dia|Sol|2|0|1|0
278800|2020-03-10|terça-feira|13:30:00|PA|230.0|MARABA|Falta de Atenção à Condução|Tombamento|Com Vítimas Feridas|Pleno dia|Céu Claro|2|0|1|0
278809|2020-01-02|quinta-feira|18:40:00|RN|101.0|SAO JOSE DE MIPIBU|Falta de Atenção à Condução|Colisão transversal|Com Vítimas Fatais|Plena Noite|Céu Claro|4|1|0|0
278816|2020-02-22|sábado|15:45:00|PB|230.0|SANTA LUZIA|Ingestão de Álcool|Colisão frontal|Com Vítimas Feridas|Pleno dia|Céu Claro|3|0|0|1
278838|2020-02-13|quinta-feira|00:00:00|MT|174.0|COMODORO|Condutor Dormindo|Saída de leito carroçável|Com Vítimas Feridas|Plena Noite|Nublado|1|0|1|0
278841|2020-02-09|domingo|23:15:00|PB|230.0|CABEDELO|Ingestão de Álcool|Colisão lateral|Sem Vítimas|Plena Noite|Garoa/Chuvisco|5|0|0|0
278900|2020-03-31|terça-feira|10:10:00|MS|163.0|DOURADOS|Objeto estático sobre o leito carroçável|Colisão com objeto estático|Com Vítimas Feridas|Pleno dia|Céu Claro|1|0|0|1
279009|2020-01-11|sábado|21:40:00|CE|116.0|RUSSAS|Falta de Atenção à Condução|Colisão frontal|Com Vítimas Fatais|Plena Noite|Céu Claro|3|1|2|0
279045|2020-03-30|segunda-feira|13:15:00|RS|116.0|SAO MARCOS|Desobediência às normas de trânsito pelo condutor|Colisão transversal|Com Vítimas Feridas|Pleno dia|Céu Claro|2|0|1|0
279061|2020-03-29|domingo|18:30:00|GO|60.0|RIO VERDE|Falta de Atenção à Condução|Saída de leito carroçável|Com Vítimas Feridas|Plena Noite|Garoa/Chuvisco|1|0|1|0
279070|2020-03-10|terça-feira|19:00:00|PA|10.0|SANTA MARIA DO PARA|Ingestão de Álcool|Colisão frontal|Sem Vítimas|Plena Noite|Garoa/Chuvisco|2|0|0|0
279092|2020-03-09|segunda-feira|01:30:00|GO|153.0|NOVA GLORIA|Falta de Atenção à Condução|Colisão frontal|Com Vítimas Fatais|Plena Noite|Ignorado|2|1|0|1
279134|2020-02-16|domingo|00:40:00|SC|101.0|BALNEARIO CAMBORIU|Desobediência às normas de trânsito pelo condutor|Colisão transversal|Com Vítimas Feridas|Plena Noite|Nublado|3|0|1|0
279212|2020-01-17|sexta-feira|23:36:00|SP|153.0|ONDA VERDE|Ingestão de Álcool|Saída de leito carroçável|Com Vítimas Feridas|Plena Noite|Céu Claro|1|0|1|0
279309|2020-03-08|domingo|19:40:00|PA|222.0|DOM ELISEU|Falta de Atenção à Condução|Colisão traseira|Com Vítimas Fatais|Plena Noite|Chuva|2|1|0|0
279311|2020-02-07|sexta-feira|06:20:00|MS|163.0|RIO BRILHANTE|Desobediência às normas de trânsito pelo condutor|Colisão lateral|Sem Vítimas|Amanhecer|Sol|2|0|0|0
279401|2020-03-26|quinta-feira|12:00:00|BA|101.0|CONCEICAO DO ALMEIDA|Falta de Atenção à Condução|Saída de leito carroçável|Com Vítimas Feridas|Pleno dia|Ignorado|3|0|1|0
279536|2020-03-03|terça-feira|07:10:00|AL|101.0|JOAQUIM GOMES|Desobediência às normas de trânsito pelo condutor|Queda de ocupante de veículo|Com Vítimas Fatais|Pleno dia|Céu Claro|2|1|0|1
279661|2020-01-01|quarta-feira|01:30:00|PR|272.0|GOIOERE|Desobediência às normas de trânsito pelo condutor|Queda de ocupante de veículo|Com Vítimas Feridas|Plena Noite|Ignorado|1|0|0|1
279679|2020-02-22|sábado|15:15:00|ES|101.0|CACHOEIRO DE ITAPEMIRIM|Pista Escorregadia|Saída de leito carroçável|Com Vítimas Feridas|Pleno dia|Chuva|5|0|3|1
279683|2020-03-16|segunda-feira|04:50:00|GO|414.0|ABADIANIA|Velocidade Incompatível|Tombamento|Com Vítimas Feridas|Amanhecer|Nublado|1|0|1|0
279779|2020-02-20|quinta-feira|20:30:00|PB|230.0|SOLEDADE|Defeito Mecânico no Veículo|Colisão transversal|Sem Vítimas|Plena Noite|Vento|2|0|0|0
279785|2020-03-15|domingo|15:45:00|PA|10.0|IRITUIA|Desobediência às normas de trânsito pelo condutor|Colisão frontal|Com Vítimas Fatais|Pleno dia|Chuva|3|3|0|0
279805|2020-03-29|domingo|18:35:00|PA|316.0|BENEVIDES|Não guardar distância de segurança|Colisão lateral|Com Vítimas Feridas|Anoitecer|Céu Claro|3|0|1|0
279813|2020-01-10|sexta-feira|03:40:00|PI|343.0|CAMPO MAIOR|Restrição de Visibilidade|Colisão traseira|Com Vítimas Feridas|Plena Noite|Chuva|3|0|0|1
279814|2020-03-10|terça-feira|18:00:00|RS|285.0|ENTRE-IJUIS|Falta de Atenção à Condução|Saída de leito carroçável|Com Vítimas Feridas|Pleno dia|Céu Claro|5|0|3|0
279879|2020-02-23|domingo|05:50:00|BA|367.0|EUNAPOLIS|Ingestão de Álcool|Colisão frontal|Com Vítimas Feridas|Amanhecer|Nublado|5|0|3|2
279903|2020-02-20|quinta-feira|09:40:00|SP|116.0|GUARULHOS|Falta de Atenção à Condução|Colisão traseira|Com Vítimas Feridas|Pleno dia|Sol|4|0|3|0
279906|2020-02-12|quarta-feira|18:50:00|CE|116.0|JAGUARIBE|Falta de Atenção do Pedestre|Atropelamento de Pedestre|Com Vítimas Feridas|Plena Noite|Céu Claro|3|0|0|1
279944|2020-03-13|sexta-feira|16:05:00|RJ|101.0|RIO DE JANEIRO|Falta de Atenção à Condução|Colisão traseira|Com Vítimas Feridas|Pleno dia|Céu Claro|5|0|1|0
279971|2020-03-08|domingo|19:00:00|PA|316.0|NOVA TIMBOTEUA|Deficiência ou não Acionamento do Sistema de Iluminação/Sinalização do Veículo|Colisão traseira|Com Vítimas Fatais|Plena Noite|Chuva|3|1|0|0
280016|2020-03-27|sexta-feira|05:35:00|RJ|101.0|ITABORAI|Animais na Pista|Atropelamento de Animal|Com Vítimas Feridas|Amanhecer|Céu Claro|2|0|2|0
280041|2020-03-31|terça-feira|11:50:00|RJ|393.0|VASSOURAS|Desobediência às normas de trânsito pelo condutor|Colisão frontal|Com Vítimas Feridas|Pleno dia|Céu Claro|2|0|0|1
280082|2020-03-05|quinta-feira|00:45:00|MT|70.0|CACERES|Desobediência às normas de trânsito pelo condutor|Colisão transversal|Com Vítimas Feridas|Plena Noite|Céu Claro|2|0|0|1
280109|2020-03-31|terça-feira|11:20:00|ES|101.0|GUARAPARI|Desobediência às normas de trânsito pelo condutor|Colisão lateral|Sem Vítimas|Pleno dia|Nublado|3|0|0|0
280167|2020-03-13|sexta-feira|14:50:00|MT|158.0|BARRA DO GARCAS|Falta de Atenção à Condução|Colisão traseira|Com Vítimas Fatais|Pleno dia|Céu Claro|2|1|0|0
280202|2020-03-14|sábado|22:50:00|RJ|101.0|CAMPOS DOS GOYTACAZES|Falta de Atenção do Pedestre|Colisão frontal|Com Vítimas Feridas|Plena Noite|Ignorado|2|0|0|2
280220|2020-03-26|quinta-feira|10:15:00|RS|285.0|IJUI|Falta de Atenção à Condução|Colisão transversal|Com Vítimas Feridas|Pleno dia|Sol|3|0|1|1
280260|2020-01-24|sexta-feira|20:04:00|GO|20.0|FORMOSA|Não guardar distância de segurança|Colisão traseira|Com Vítimas Feridas|Plena Noite|Chuva|2|0|1|0
280379|2020-03-06|sexta-feira|18:00:00|PA|316.0|SANTA IZABEL DO PARA|Defeito Mecânico no Veículo|Tombamento|Com Vítimas Feridas|Anoitecer|Garoa/Chuvisco|2|0|2|0
280473|2020-03-22|domingo|23:00:00|PA|316.0|BENEVIDES|Desobediência às normas de trânsito pelo condutor|Colisão com objeto estático|Com Vítimas Fatais|Plena Noite|Céu Claro|1|1|0|0
280508|2020-01-10|sexta-feira|05:40:00|RJ|40.0|DUQUE DE CAXIAS|Defeito Mecânico no Veículo|Colisão lateral|Com Vítimas Feridas|Pleno dia|Céu Claro|2|0|1|0
280804|2020-03-20|sexta-feira|19:00:00|RJ|101.0|ANGRA DOS REIS|Pista Escorregadia|Tombamento|Com Vítimas Feridas|Plena Noite|Chuva|2|0|2|0
280933|2020-03-01|domingo|22:30:00|PB|104.0|CAMPINA GRANDE|Pista Escorregadia|Tombamento|Com Vítimas Feridas|Plena Noite|Chuva|2|0|2|0
280949|2020-02-29|sábado|17:21:00|DF|20.0|BRASILIA|Desobediência às normas de trânsito pelo condutor|Colisão traseira|Com Vítimas Feridas|Pleno dia|Chuva|7|0|5|0
280960|2020-03-13|sexta-feira|09:15:00|MT|70.0|CUIABA|Avarias e/ou desgaste excessivo no pneu|Queda de ocupante de veículo|Com Vítimas Feridas|Pleno dia|Céu Claro|2|0|1|1
280976|2020-03-09|segunda-feira|22:30:00|PE|101.0|IGARASSU|Falta de Atenção à Condução|Colisão traseira|Com Vítimas Feridas|Plena Noite|Vento|3|0|1|0
281036|2020-02-27|quinta-feira|04:40:00|PI|343.0|CAMPO MAIOR|Desobediência às normas de trânsito pelo condutor|Colisão frontal|Com Vítimas Fatais|Plena Noite|Nublado|5|3|0|1
281049|2020-03-29|domingo|17:50:00|PB|104.0|QUEIMADAS|Defeito Mecânico no Veículo|Colisão frontal|Com Vítimas Feridas|Anoitecer|Chuva|7|0|0|5
281075|2020-03-29|domingo|20:58:00|SC|470.0|APIUNA|Ultrapassagem Indevida|Colisão frontal|Com Vítimas Feridas|Plena Noite|Céu Claro|3|0|1|0
281080|2020-01-27|segunda-feira|16:00:00|PR|116.0|MANDIRITUBA|Falta de Atenção à Condução|Colisão transversal|Com Vítimas Feridas|Pleno dia|Nublado|4|0|3|0
281095|2020-01-18|sábado|13:35:00|MG|381.0|SAO JOAQUIM DE BICAS|Falta de Atenção à Condução|Colisão traseira|Com Vítimas Feridas|Pleno dia|Nublado|3|0|2|0
281132|2020-03-24|terça-feira|20:00:00|BA|101.0|URUCUCA|Objeto estático sobre o leito carroçável|Capotamento|Com Vítimas Feridas|Plena Noite|Céu Claro|2|0|2|0
281159|2020-03-16|segunda-feira|14:15:00|PB|230.0|CAMPINA GRANDE|Ultrapassagem Indevida|Colisão frontal|Com Vítimas Feridas|Pleno dia|Nublado|7|0|2|0
281183|2020-03-15|domingo|06:20:00|PA|153.0|SAO JOAO DO ARAGUAIA|Desobediência às normas de trânsito pelo condutor|Colisão frontal|Com Vítimas Fatais|Amanhecer|Chuva|4|1|1|0
281184|2020-03-12|quinta-feira|15:40:00|GO|50.0|CUMARI|Falta de Atenção à Condução|Colisão traseira|Sem Vítimas|Pleno dia|Céu Claro|4|0|0|0
281230|2020-03-13|sexta-feira|05:30:00|PA|155.0|ELDORADO DO CARAJAS|Defeito na Via|Colisão traseira|Com Vítimas Feridas|Pleno dia|Céu Claro|2|0|1|0
281263|2020-03-26|quinta-feira|21:50:00|CE|116.0|FORTALEZA|Falta de Atenção à Condução|Queda de ocupante de veículo|Com Vítimas Feridas|Plena Noite|Nublado|1|0|0|1
281267|2020-03-31|terça-feira|18:40:00|MA|316.0|BOA VISTA DO GURUPI|Desobediência às normas de trânsito pelo condutor|Colisão frontal|Com Vítimas Feridas|Plena Noite|Céu Claro|2|0|0|1
281371|2020-03-16|segunda-feira|06:50:00|DF|80.0|BRASILIA|Não guardar distância de segurança|Colisão traseira|Com Vítimas Feridas|Pleno dia|Céu Claro|3|0|1|0
281385|2020-03-16|segunda-feira|06:48:00|MT|364.0|RONDONOPOLIS|Falta de Atenção à Condução|Colisão lateral|Com Vítimas Feridas|Pleno dia|Ignorado|1|0|0|1
281424|2020-02-09|domingo|20:15:00|RJ|116.0|DUQUE DE CAXIAS|Falta de Atenção à Condução|Atropelamento de Pedestre|Com Vítimas Feridas|Plena Noite|Céu Claro|2|0|0|1
281526|2020-03-29|domingo|23:00:00|BA|235.0|PEDRO ALEXANDRE|Ingestão de Álcool|Colisão frontal|Com Vítimas Fatais|Plena Noite|Chuva|5|3|1|0
281548|2020-03-27|sexta-feira|15:20:00|SP|116.0|BARRA DO TURVO|Velocidade Incompatível|Tombamento|Com Vítimas Fatais|Pleno dia|Céu Claro|1|1|0|0
281571|2020-03-14|sábado|00:30:00|RJ|101.0|ANGRA DOS REIS|Falta de Atenção à Condução|Colisão frontal|Com Vítimas Feridas|Plena Noite|Céu Claro|5|0|5|0